{"type":"FeatureCollection","name":"Região do Alto Solimões","features":[{"type":"Feature","properties":{"CD_MUN":"1303700","NM_MUN":"Santo Antônio do Içá","SIGLA_UF":"AM","CodigoIBGE":"1303700","SubRegiaoNumero":1,"CalhaSubRegiao":"Região do Alto Solimões"},"geometry":{"type":"Polygon","coordinates":[[[-68.0447084,-2.974289],[-67.7549845,-2.971805700000047],[-67.7661544,-2.997178600000028],[-67.7892108,-3.111303900000034],[-67.7917945,-3.145124900000047],[-67.8055447,-3.1726785],[-67.81001820000002,-3.197912300000046],[-67.8251023,-3.231680500000014],[-67.8312433,-3.2565997],[-67.8340705,-3.301238899999968],[-67.8279056,-3.3265612],[-67.834039,-3.334378],[-67.9428496,-3.329587],[-67.9243206,-3.271925900000047],[-67.9217951,-3.2354869],[-67.9512169,-3.167478800000041],[-67.9661256,-3.146974500000039],[-67.9727185,-3.145615],[-67.9754757,-3.136436300000041],[-67.9864356,-3.136231100000046],[-68.0356919,-3.162107099999972],[-68.0513269,-3.154596500000014],[-68.0610977,-3.128049399999986],[-68.0739632,-3.112497],[-68.079383,-3.11329429999997],[-68.08054,-3.120505499999978],[-68.0720834,-3.1214132],[-68.0722423,-3.126186800000032],[-68.0783498,-3.127781599999982],[-68.083241,-3.122366200000055],[-68.0981498,-3.141879199999944],[-68.1012004,-3.125792900000039],[-68.1125369,-3.112409799999979],[-68.1299014,-3.117474799999953],[-68.1290999,-3.132839399999975],[-68.1340546,-3.134791699999957],[-68.1439998,-3.129566699999962],[-68.159916,-3.109882299999974],[-68.17702049999998,-3.114038499999982],[-68.1801268,-3.0867424],[-68.1712201,-3.085937600000036],[-68.1786629,-3.080419900000053],[-68.173745,-3.070982],[-68.177479,-3.064840399999951],[-68.1938873,-3.0780017],[-68.2018752,-3.075259],[-68.209542,-3.0816965],[-68.2141183,-3.077800799999969],[-68.207224,-3.072806500000026],[-68.2109308,-3.068786699999946],[-68.2421013,-3.087125900000062],[-68.2409467,-3.099173400000036],[-68.2311304,-3.105159300000041],[-68.2298147,-3.113794100000013],[-68.2348736,-3.123118500000052],[-68.2486268,-3.127340500000015],[-68.2593013,-3.121613100000033],[-68.2646913,-3.112872],[-68.2767755,-3.113259599999986],[-68.27792060000002,-3.10549260000005],[-68.2853965,-3.103124099999989],[-68.2892351,-3.088557699999937],[-68.2780296,-3.084601700000012],[-68.2845645,-3.0776147],[-68.3124692,-3.097454900000054],[-68.3373531,-3.091525499999975],[-68.3455978,-3.097148600000051],[-68.3538952,-3.087899699999973],[-68.35176470000002,-3.1016647],[-68.3548307,-3.103724800000041],[-68.3645571,-3.093141800000014],[-68.3738174,-3.09233079999997],[-68.3760986,-3.086718499999974],[-68.38132769999999,-3.086185199999958],[-68.3746563,-3.096961500000029],[-68.3816194,-3.10612270000005],[-68.3944068,-3.083898100000054],[-68.4025471,-3.080695500000045],[-68.4197845,-3.0938975],[-68.4194876,-3.1304399],[-68.4093835,-3.138478600000037],[-68.41874230000002,-3.137304600000017],[-68.4209937,-3.1412194],[-68.4161104,-3.165757799999976],[-68.4224996,-3.163217599999964],[-68.428315,-3.1485148],[-68.4320304,-3.158167499999975],[-68.452365,-3.161075599999946],[-68.4579813,-3.158416699999972],[-68.4616848,-3.182004600000045],[-68.4908238,-3.173117699999957],[-68.5104701,-3.175237600000033],[-68.5231691,-3.193705899999957],[-68.5371761,-3.197799],[-68.5471628,-3.190005900000047],[-68.5554851,-3.2007247],[-68.5665722,-3.178483500000048],[-68.59338830000002,-3.182682900000045],[-68.613157,-3.201597300000024],[-68.6111053,-3.20728349999996],[-68.6044167,-3.205306500000039],[-68.5941635,-3.210253600000056],[-68.5979565,-3.21387860000001],[-68.6092877,-3.211462599999967],[-68.6154228,-3.216246700000053],[-68.6152737,-3.224703599999954],[-68.6111448,-3.221176300000026],[-68.601264,-3.222149700000019],[-68.5990286,-3.232590900000015],[-68.60496680000001,-3.237274700000027],[-68.6330678,-3.229806599999961],[-68.6273131,-3.221888],[-68.630959,-3.218509599999988],[-68.6464093,-3.22306040000001],[-68.6489424,-3.233161600000036],[-68.6642725,-3.2315193],[-68.6740397,-3.241358100000048],[-68.67758560000001,-3.230248],[-68.7046773,-3.231622],[-68.7055896,-3.201589],[-68.726832,-3.172428],[-68.7419698,-3.167248100000024],[-68.7709413,-3.182305899999957],[-68.7766786,-3.181543300000047],[-68.7772904,-3.190289099999956],[-68.7818329,-3.193465700000012],[-68.7950425,-3.194731199999982],[-68.7990327,-3.191723],[-68.7911909,-3.1888924],[-68.79033219999998,-3.18379],[-68.801106,-3.172594800000048],[-68.8118162,-3.17794609999995],[-68.8136338,-3.1862167],[-68.8284872,-3.188593899999945],[-68.8355509,-3.19862870000004],[-68.839383,-3.196200300000025],[-68.8333826,-3.182694899999987],[-68.8421031,-3.18394439999997],[-68.8426942,-3.188071399999971],[-68.8523667,-3.185857200000017],[-68.8549314,-3.193169500000014],[-68.85143669999998,-3.20112459999997],[-68.8605024,-3.206521399999951],[-68.8780308,-3.205137799999984],[-68.8721378,-3.21014],[-68.8726713,-3.217445500000042],[-68.9103665,-3.207357199999989],[-68.9290679,-3.214532],[-68.9341668,-3.223445899999965],[-68.9616495,-3.225468399999952],[-68.9810035,-3.234152400000053],[-68.983632,-3.23949279999996],[-68.9965326,-3.2288237],[-69.0020908,-3.230908900000023],[-69.006367,-3.240928],[-69.0149834,-3.236229900000047],[-69.0229844,-3.25648880000002],[-69.03392,-3.259944699999952],[-69.0323782,-3.278634200000047],[-69.042107,-3.2812868],[-69.0511508,-3.292919399999981],[-69.0617251,-3.295458399999946],[-69.0687975,-3.308762400000021],[-69.0817903,-3.308322099999988],[-69.0838353,-3.3126202],[-69.09599380000002,-3.296987],[-69.1162256,-3.2904198],[-69.1723719,-3.28889940000003],[-69.1822444,-3.2963526],[-69.1883385,-3.326169400000049],[-69.1855906,-3.333215900000045],[-69.1971407,-3.34107849999997],[-69.2047316,-3.352614200000013],[-69.2061026,-3.35744],[-69.2021016,-3.3598054],[-69.2215026,-3.360652900000022],[-69.23169,-3.3665005],[-69.24190750000001,-3.384046200000022],[-69.2444345,-3.403258899999968],[-69.250468,-3.400336299999983],[-69.2552248,-3.40752329999996],[-69.2746668,-3.408508],[-69.2837702,-3.403858500000033],[-69.2888648,-3.408379499999958],[-69.291924,-3.406366699999975],[-69.2935096,-3.4130581],[-69.2995566,-3.408329300000021],[-69.3029229,-3.4133619],[-69.31857260000001,-3.404282700000016],[-69.3189234,-3.393864500000014],[-69.3274316,-3.394120500000031],[-69.33723539999998,-3.409544],[-69.3384584,-3.404033100000025],[-69.3421944,-3.405930500000037],[-69.3473103,-3.431885300000021],[-69.3566216,-3.4387586],[-69.359815,-3.454849300000024],[-69.3662165,-3.450043],[-69.3702462,-3.456312800000041],[-69.3698081,-3.453454499999977],[-69.3793612,-3.452934900000039],[-69.383485,-3.467361299999985],[-69.3936965,-3.464602200000016],[-69.393125,-3.46728919999995],[-69.4013264,-3.468113500000045],[-69.39998040000002,-3.4765221],[-69.4087902,-3.479087900000046],[-69.4078281,-3.486468599999969],[-69.4120862,-3.48525639999997],[-69.41227360000002,-3.488509900000033],[-69.4136426,-3.485329],[-69.4189419,-3.492551200000028],[-69.4319233,-3.490098400000016],[-69.4404851,-3.49729089999997],[-69.4397931,-3.500874600000026],[-69.4480308,-3.501601699999966],[-69.4489244,-3.497823400000019],[-69.457922,-3.500142099999974],[-69.4626201,-3.509908299999965],[-69.4692782,-3.512578700000044],[-69.4726037,-3.513455900000024],[-69.474021,-3.5088241],[-69.47958279999999,-3.513252],[-69.484427,-3.506385699999965],[-69.4939934,-3.5050425],[-69.5031676,-3.521817299999963],[-69.5009055,-3.527935900000033],[-69.512793,-3.532964899999949],[-69.5151947,-3.540910900000012],[-69.524742,-3.5437381],[-69.5208861,-3.550037899999948],[-69.5130419,-3.549242799999957],[-69.5066306,-3.553947],[-69.49725750000002,-3.583663099999953],[-69.5011418,-3.583133399999974],[-69.5064807,-3.591715499999953],[-69.5123555,-3.591906399999981],[-69.51259190000002,-3.595335600000024],[-69.5181591,-3.601005],[-69.5289542,-3.59519949999997],[-69.5362127,-3.599590900000021],[-69.5560796,-3.5857927],[-69.5639882,-3.5859875],[-69.5695286,-3.592617799999949],[-69.5895722,-3.5912827],[-69.6007055,-3.609525],[-69.5994991,-3.617892300000039],[-69.6053199,-3.632681300000021],[-69.6186775,-3.652932900000025],[-69.626522,-3.657778699999952],[-69.6272688,-3.684717],[-69.6662378,-3.698713199999966],[-69.6947361,-3.726431899999974],[-69.7078755,-3.727599200000016],[-69.7156069,-3.719979400000017],[-69.73339960000001,-3.71570610000003],[-69.7390512,-3.7179658],[-69.7963822,-3.710217],[-69.8118886,-3.6950226],[-69.8375503,-3.686631700000048],[-69.6136248,-2.44019890000001],[-69.50677080000001,-2.449427500000022],[-69.4870746,-2.457570600000012],[-69.4704946,-2.474385],[-69.4378317,-2.483856900000051],[-69.4317167,-2.491456899999938],[-69.4418526,-2.531151099999937],[-69.4264391,-2.534094400000015],[-69.4140778,-2.5299183],[-69.3755711,-2.531415899999954],[-69.3563821,-2.5417719],[-69.3170731,-2.588893299999977],[-69.3165773,-2.6017857],[-69.3087695,-2.61558629999996],[-69.2392155,-2.593490500000029],[-69.2290176,-2.605881199999986],[-69.2158275,-2.602445099999938],[-69.2045799,-2.6070597],[-69.183465,-2.642872299999956],[-69.1828828,-2.6810489],[-69.1719674,-2.706055799999934],[-69.1766868,-2.726362900000049],[-69.1734624,-2.735813300000037],[-69.1515725,-2.728226100000045],[-69.1402141,-2.734552199999972],[-69.1275463,-2.74752730000001],[-69.1169884,-2.774117900000044],[-69.0890202,-2.793727199999968],[-69.0666057,-2.838125500000015],[-69.0568021,-2.84096879999998],[-69.0459368,-2.834959200000059],[-69.0376563,-2.825692399999949],[-69.0227441,-2.793242599999955],[-69.0004898,-2.781356],[-68.9868011,-2.789692600000052],[-68.9730205,-2.8111555],[-68.9652657,-2.81594010000002],[-68.9570481,-2.816077600000013],[-68.9262171,-2.799722400000024],[-68.90763,-2.801474200000034],[-68.8793556,-2.793379099999945],[-68.840327,-2.805848299999951],[-68.8056857,-2.778330400000019],[-68.77563060000001,-2.7819783],[-68.7635186,-2.7779263],[-68.7366057,-2.7514651],[-68.7029903,-2.733824300000046],[-68.6949065,-2.741985700000055],[-68.6895176,-2.76836810000002],[-68.6824956,-2.775641],[-68.6375436,-2.788620099999974],[-68.62904539999998,-2.805083699999944],[-68.5952954,-2.845084500000012],[-68.57843809999999,-2.85061769999997],[-68.5522968,-2.843370599999938],[-68.5270707,-2.848645800000017],[-68.4981328,-2.840720099999935],[-68.4883836,-2.841594500000054],[-68.4821592,-2.8499945],[-68.4717365,-2.852348900000036],[-68.4248532,-2.847917199999946],[-68.383933,-2.851983399999962],[-68.37802230000001,-2.8568667],[-68.37845870000001,-2.876993899999952],[-68.3500406,-2.882498],[-68.3159019,-2.90117349999997],[-68.2784651,-2.894278499999939],[-68.2531553,-2.898806199999961],[-68.2458464,-2.908290499999989],[-68.2424355,-2.942319],[-68.2360711,-2.948221200000057],[-68.2161829,-2.9400485],[-68.2074636,-2.941876300000017],[-68.2000162,-2.962017400000051],[-68.1943494,-2.969739],[-68.1851282,-2.9731623],[-68.1594335,-2.961821600000044],[-68.1532443,-2.966541799999982],[-68.144075,-2.965022],[-68.1344032,-2.949679],[-68.12399160000001,-2.948],[-68.1103236,-2.959536],[-68.0928192,-2.962571499999961],[-68.088574,-2.970856800000018],[-68.0604353,-2.979249500000053],[-68.0447084,-2.974289]]]}},{"type":"Feature","properties":{"CD_MUN":"1304237","NM_MUN":"Tonantins","SIGLA_UF":"AM","CodigoIBGE":"1304237","SubRegiaoNumero":1,"CalhaSubRegiao":"Região do Alto Solimões"},"geometry":{"type":"Polygon","coordinates":[[[-67.7549845,-2.971805700000047],[-68.0447084,-2.974289],[-68.0604353,-2.979249500000053],[-68.088574,-2.970856800000018],[-68.0928192,-2.962571499999961],[-68.1103236,-2.959536],[-68.12399160000001,-2.948],[-68.1344032,-2.949679],[-68.144075,-2.965022],[-68.1532443,-2.966541799999982],[-68.1594335,-2.961821600000044],[-68.1851282,-2.9731623],[-68.1943494,-2.969739],[-68.2000162,-2.962017400000051],[-68.2074636,-2.941876300000017],[-68.2161829,-2.9400485],[-68.2360711,-2.948221200000057],[-68.2424355,-2.942319],[-68.2458464,-2.908290499999989],[-68.2531553,-2.898806199999961],[-68.2784651,-2.894278499999939],[-68.3159019,-2.90117349999997],[-68.3500406,-2.882498],[-68.37845870000001,-2.876993899999952],[-68.37802230000001,-2.8568667],[-68.383933,-2.851983399999962],[-68.4248532,-2.847917199999946],[-68.4717365,-2.852348900000036],[-68.4821592,-2.8499945],[-68.4883836,-2.841594500000054],[-68.4981328,-2.840720099999935],[-68.5270707,-2.848645800000017],[-68.5522968,-2.843370599999938],[-68.57843809999999,-2.85061769999997],[-68.5952954,-2.845084500000012],[-68.62904539999998,-2.805083699999944],[-68.6375436,-2.788620099999974],[-68.6824956,-2.775641],[-68.6895176,-2.76836810000002],[-68.6949065,-2.741985700000055],[-68.7029903,-2.733824300000046],[-68.6958519,-2.729058299999986],[-68.677493,-2.727350099999962],[-68.6533504,-2.711873800000038],[-68.6349929,-2.6755785],[-68.6126304,-2.646716699999956],[-68.5859596,-2.652340799999964],[-68.5706044,-2.661730200000036],[-68.5627118,-2.656022799999988],[-68.5523279,-2.619198],[-68.5394634,-2.604203099999944],[-68.508434,-2.602352],[-68.491988,-2.593264499999931],[-68.4834862,-2.593736100000056],[-68.4770742,-2.59845190000001],[-68.4674042,-2.598077800000025],[-68.4535219,-2.608435599999967],[-68.4374851,-2.608246800000036],[-68.4026544,-2.619610499999939],[-68.3848808,-2.614767799999978],[-68.3574062,-2.61625],[-68.3381794,-2.596111299999953],[-68.335824,-2.580415700000023],[-68.32021,-2.546034900000034],[-68.30826870000001,-2.530081200000019],[-68.29874179999999,-2.528113],[-68.2447914,-2.542007500000021],[-68.2386299,-2.552453600000013],[-68.2140176,-2.571668399999982],[-68.1902077,-2.572628700000033],[-68.1831263,-2.569072099999933],[-68.1739573,-2.554237400000048],[-68.1663242,-2.551082600000048],[-68.1461024,-2.552027],[-68.1094019,-2.543033599999961],[-68.0896827,-2.560881099999978],[-68.0749354,-2.553656],[-68.0586536,-2.553909700000046],[-68.0512599,-2.571616499999939],[-68.0585725,-2.597394400000032],[-68.055961,-2.609018500000011],[-68.0072923,-2.670400600000019],[-67.9980461,-2.66962519999997],[-67.9925977,-2.677624699999959],[-67.96904350000001,-2.6891795],[-67.9512637,-2.6681857],[-67.9437963,-2.6694979],[-67.9275682,-2.687896],[-67.888402,-2.6934153],[-67.8684383,-2.702863799999985],[-67.8566556,-2.716827],[-67.8238739,-2.733045799999954],[-67.8118465,-2.718048600000049],[-67.7965144,-2.708209099999966],[-67.7627631,-2.714558900000049],[-67.7567876,-2.709635500000048],[-67.7532658,-2.685614499999955],[-67.7354029,-2.666988800000027],[-67.7434819,-2.63308450000004],[-67.7251802,-2.618546599999956],[-67.6978818,-2.605667499999976],[-67.6944544,-2.59008890000004],[-67.6686262,-2.585885],[-67.64648970000002,-2.569656400000028],[-67.641119,-2.561217800000046],[-67.6394527,-2.530666500000067],[-67.6312904,-2.493558100000046],[-67.6216543,-2.488642900000029],[-67.6044837,-2.488103700000046],[-67.5920416,-2.47628410000004],[-67.5717312,-2.47479],[-67.565015,-2.457342800000021],[-67.5647311,-2.428774400000018],[-67.5550115,-2.41014],[-67.5589908,-2.392737099999948],[-67.5564556,-2.385485099999959],[-67.5420095,-2.372303700000071],[-67.5208728,-2.369558600000034],[-67.4897049,-2.345368499999947],[-67.4745131,-2.337370399999978],[-67.465149,-2.337837500000027],[-67.4510966,-2.325807399999976],[-67.4199265,-2.309264299999932],[-67.3930393,-2.30480679999992],[-67.3738962,-2.2759666],[-67.3425952,-2.263890399999947],[-67.3380682,-2.248839099999948],[-67.346232,-2.233384799999975],[-67.3450079,-2.225189599999956],[-67.3093494,-2.173120499999981],[-67.2777392,-2.218077499999942],[-67.2762125,-2.225964600000064],[-67.2593252,-2.236201600000025],[-67.2445233,-2.2374203],[-67.2409004,-2.242800599999967],[-67.2419196,-2.265226700000052],[-67.2536884,-2.28103509999994],[-67.2636286,-2.283080599999967],[-67.2719926,-2.292983799999974],[-67.2735706,-2.305380599999981],[-67.2664028,-2.308760499999935],[-67.2622932,-2.304109800000028],[-67.2525301,-2.302993],[-67.2162393,-2.318974700000034],[-67.2025601,-2.335764099999946],[-67.2014146,-2.346622399999946],[-67.1853916,-2.362271499999928],[-67.1783835,-2.3836605],[-67.1699378,-2.393324600000017],[-67.1754971,-2.422398399999941],[-67.1825671,-2.417601800000023],[-67.1803433,-2.409237600000019],[-67.19297290000002,-2.4076772],[-67.1984891,-2.422569500000039],[-67.1970529,-2.430273599999964],[-67.2087579,-2.426746],[-67.2164392,-2.440301399999921],[-67.2150639,-2.44865319999997],[-67.2281144,-2.450510499999966],[-67.2302967,-2.463612],[-67.2331274,-2.456473299999964],[-67.23636120000002,-2.457446599999982],[-67.2463656,-2.477091799999954],[-67.2150865,-2.520495],[-67.2084883,-2.586487],[-67.2009329,-2.59794],[-67.173302,-2.605102099999943],[-67.1451914,-2.620529400000019],[-67.1305706,-2.6236963],[-67.14678770000002,-2.659197799999962],[-67.1626201,-2.6802562],[-67.1913817,-2.689834600000045],[-67.2112312,-2.686129399999952],[-67.2234358,-2.670791900000047],[-67.2361049,-2.642111699999986],[-67.2435831,-2.589664899999967],[-67.2553189,-2.5580867],[-67.271909,-2.54372590000006],[-67.2910968,-2.542334],[-67.2909569,-2.883378499999978],[-67.3060366,-2.8838578],[-67.3407047,-2.859502200000011],[-67.3513499,-2.871301799999988],[-67.3512641,-2.87917539999998],[-67.3682342,-2.883417],[-67.38342930000002,-2.878400699999985],[-67.423594,-2.89218],[-67.4400396,-2.891559300000027],[-67.442879,-2.88303269999997],[-67.4519033,-2.881037299999965],[-67.46193159999999,-2.868960200000036],[-67.4689921,-2.8726031],[-67.4817517,-2.870195199999951],[-67.4844121,-2.876136900000056],[-67.4906424,-2.877941499999979],[-67.5029429,-2.872503100000044],[-67.5072171,-2.879422700000012],[-67.5166154,-2.877528],[-67.519551,-2.881832],[-67.5272833,-2.881270799999978],[-67.5393278,-2.891942499999982],[-67.550715,-2.889501600000016],[-67.5544893,-2.898167900000062],[-67.5616692,-2.890381199999975],[-67.5690998,-2.8954734],[-67.5752334,-2.8929464],[-67.5754311,-2.9185792],[-67.5812482,-2.9191423],[-67.5884174,-2.933340300000029],[-67.6063806,-2.94250270000005],[-67.6261249,-2.928642899999943],[-67.6550136,-2.8990166],[-67.6713755,-2.893827700000047],[-67.6894563,-2.895330900000029],[-67.7107985,-2.9038528],[-67.7368754,-2.926374200000036],[-67.74626430000002,-2.94143450000004],[-67.7549845,-2.971805700000047]]]}},{"type":"Feature","properties":{"CD_MUN":"1304062","NM_MUN":"Tabatinga","SIGLA_UF":"AM","CodigoIBGE":"1304062","SubRegiaoNumero":1,"CalhaSubRegiao":"Região do Alto Solimões"},"geometry":{"type":"Polygon","coordinates":[[[-69.92642950000001,-4.292902699999954],[-69.9388644,-4.285925499999983],[-69.95052519799981,-4.260941329998765],[-69.94825634665222,-4.225779552206612],[-69.9332226,-4.219717200000032],[-69.8375503,-3.686631700000048],[-69.8118886,-3.6950226],[-69.7963822,-3.710217],[-69.72547360000002,-3.717055200000041],[-69.7077375,-3.727635800000016],[-69.6947361,-3.726431899999974],[-69.6570911,-3.693140100000039],[-69.6382144,-3.6894819],[-69.6499363,-3.715767699999962],[-69.6529705,-3.743626500000037],[-69.6656936,-3.75453880000003],[-69.6804354,-3.784056100000051],[-69.6760532,-3.799278],[-69.6832127,-3.802306300000029],[-69.6845533,-3.8120044],[-69.6657127,-3.805508099999981],[-69.66082980000002,-3.795628],[-69.6450259,-3.7915967],[-69.6184444,-3.769929699999957],[-69.6006379,-3.7709991],[-69.5767409,-3.761135699999966],[-69.5596653,-3.759904100000028],[-69.5552505,-3.7512569],[-69.5331859,-3.739590199999963],[-69.5313566,-3.731952799999988],[-69.4956644,-3.740294300000023],[-69.4788598,-3.733058299999954],[-69.4658821,-3.732710299999987],[-69.4656466,-3.717410300000012],[-69.4573636,-3.72198550000003],[-69.4395727,-3.717031499999961],[-69.4143561,-3.758018400000021],[-69.4246594,-3.7945532],[-69.4188768,-3.804414],[-69.3975423,-3.8197974],[-69.3935143,-3.831055799999969],[-69.3963327,-3.915486100000035],[-69.4122494,-3.975291800000041],[-69.4231882,-3.9964912],[-69.5206581,-4.046853200000016],[-69.528321,-4.0535271],[-69.5372456,-4.088113],[-69.5327488,-4.110770800000012],[-69.5246262,-4.1257674],[-69.5169837,-4.1300587],[-69.4933669,-4.131393],[-69.4584033,-4.121343399999961],[-69.4386388,-4.133001799999962],[-69.4272256,-4.130843],[-69.4080716,-4.152993700000021],[-69.4007244,-4.155692300000018],[-69.4026158,-4.165259],[-69.4658068,-4.195019500000011],[-69.5062781,-4.261002899999976],[-69.5199387,-4.272885399999961],[-69.5297994,-4.2759157],[-69.5347456,-4.284671900000014],[-69.56497429999999,-4.307147299999966],[-69.6481479,-4.314165299999982],[-69.7095793,-4.35067959999997],[-69.7809752,-4.3722133],[-69.7905326,-4.371620600000021],[-69.8513119,-4.339618900000028],[-69.9128145,-4.29330369999997],[-69.92642950000001,-4.292902699999954]]]}},{"type":"Feature","properties":{"CD_MUN":"1300201","NM_MUN":"Atalaia do Norte","SIGLA_UF":"AM","CodigoIBGE":"1300201","SubRegiaoNumero":1,"CalhaSubRegiao":"Região do Alto Solimões"},"geometry":{"type":"Polygon","coordinates":[[[-71.4015063,-4.444530800000026],[-71.3969145,-4.4325228],[-71.3857964,-4.4250992],[-71.37774549999999,-4.425238599999989],[-71.3624103,-4.434648900000027],[-71.34609920000001,-4.426667600000015],[-71.3398955,-4.442142199999988],[-71.3147667,-4.443640899999978],[-71.3091205,-4.4629841],[-71.3020803,-4.445627500000018],[-71.3199946,-4.427608600000035],[-71.3194718,-4.417327100000031],[-71.3073779,-4.41659519999997],[-71.2939596,-4.4383084],[-71.2803322,-4.442002800000029],[-71.2620694,-4.425378],[-71.2693536,-4.409589799999972],[-71.2614072,-4.396659400000027],[-71.2678201,-4.393313600000023],[-71.2799488,-4.3997962],[-71.2769863,-4.388225099999982],[-71.265485,-4.384914099999978],[-71.2464205,-4.39181490000004],[-71.2322703,-4.3840428],[-71.2261363,-4.392233100000041],[-71.2285063,-4.404919499999978],[-71.2231389,-4.40770769999997],[-71.2186429,-4.403699700000025],[-71.2182596,-4.382822900000035],[-71.2132756,-4.377664700000015],[-71.1990557,-4.3831366],[-71.2073855,-4.40108570000002],[-71.1961978,-4.424367300000015],[-71.1880423,-4.418895399999982],[-71.1873452,-4.399168799999964],[-71.1825704,-4.3940803],[-71.16029949999998,-4.392372499999975],[-71.1577204,-4.403943600000019],[-71.1506453,-4.404327],[-71.1477526,-4.3971474],[-71.1523183,-4.385855099999965],[-71.1471949,-4.381463699999976],[-71.13273109999999,-4.388399300000016],[-71.12116,-4.40659240000002],[-71.113806,-4.4096595],[-71.10756739999998,-4.401957],[-71.1073932,-4.377908699999969],[-71.0799989,-4.374144600000011],[-71.0768971,-4.3815334],[-71.0837979,-4.393731800000022],[-71.0760257,-4.396798799999974],[-71.0588782,-4.3888873],[-71.0552187,-4.37146090000003],[-71.049468,-4.368812100000024],[-71.043543,-4.377595],[-71.0464358,-4.396171499999988],[-71.0373741,-4.401364499999986],[-71.0184839,-4.383276],[-71.0018592,-4.388434199999963],[-70.9893779,-4.381757600000024],[-70.9891549,-4.361816299999989],[-70.9992618,-4.3487367],[-70.9944066,-4.3449219],[-70.9757038,-4.357580300000037],[-70.97008059999999,-4.378438199999974],[-70.962327,-4.3806181],[-70.9471171,-4.37692709999997],[-70.9366881,-4.3837146],[-70.9333192,-4.3797016],[-70.9361184,-4.3702635],[-70.9327509,-4.356265699999987],[-70.9269409,-4.354598699999953],[-70.9147327,-4.3605312],[-70.9007349,-4.326676699999968],[-70.8762939,-4.322264100000027],[-70.8774216,-4.292454399999988],[-70.8456017,-4.278775300000015],[-70.8462636,-4.272082799999957],[-70.8616587,-4.262031900000011],[-70.8635218,-4.250044300000027],[-70.8527354,-4.246955400000021],[-70.8341044,-4.254407899999963],[-70.8160617,-4.227981199999959],[-70.8179003,-4.221656400000014],[-70.824802,-4.218999],[-70.8445884,-4.231191199999977],[-70.8477625,-4.2255549],[-70.845063,-4.218465],[-70.8251876,-4.2119388],[-70.8183647,-4.197996299999981],[-70.803918,-4.1926567],[-70.8011295,-4.1819774],[-70.7862378,-4.1855075],[-70.7705154,-4.165246399999986],[-70.7588275,-4.158660799999956],[-70.7476224,-4.161178199999968],[-70.7225969,-4.18702],[-70.6911813,-4.1877801],[-70.6820474,-4.2070813],[-70.6727333,-4.195925300000042],[-70.6671027,-4.1711666],[-70.6702864,-4.144566],[-70.6602618,-4.144697599999966],[-70.65039520000002,-4.162615500000014],[-70.6508161,-4.1391986],[-70.6449488,-4.127253300000034],[-70.6171379,-4.129305600000028],[-70.6351084,-4.1746133],[-70.6233736,-4.191794499999985],[-70.616217,-4.193399499999985],[-70.5886693,-4.1862692],[-70.5725932,-4.173902899999958],[-70.5635948,-4.174744899999988],[-70.5623318,-4.185164100000049],[-70.5754611,-4.204160700000027],[-70.5724353,-4.2113963],[-70.56338430000001,-4.210133300000012],[-70.5554646,-4.202976700000034],[-70.5524749,-4.187025500000019],[-70.5581619,-4.1676248],[-70.5408084,-4.155568399999976],[-70.5420433,-4.1478666],[-70.5524424,-4.140749700000026],[-70.55085,-4.137045],[-70.5343415,-4.1460142],[-70.5229026,-4.1375],[-70.50811640000002,-4.1510838],[-70.5029819,-4.167494800000018],[-70.5139659,-4.1914451],[-70.5052242,-4.20015430000003],[-70.4930053,-4.192875],[-70.4852385,-4.16112540000002],[-70.4757168,-4.161677799999963],[-70.46473279999998,-4.176139],[-70.4583309,-4.171946900000035],[-70.45303389999998,-4.158525599999969],[-70.4388977,-4.164245099999956],[-70.4338606,-4.162327800000018],[-70.4325282,-4.1531636],[-70.4424073,-4.1399373],[-70.4345106,-4.131813],[-70.3999012,-4.1375],[-70.3781282,-4.134575299999988],[-70.3651943,-4.144909299999978],[-70.3547303,-4.167397299999963],[-70.3391317,-4.1791937],[-70.3279852,-4.170094600000015],[-70.3285701,-4.145201800000021],[-70.3195035,-4.143609499999975],[-70.308422,-4.156413300000025],[-70.2931159,-4.159988],[-70.28684389999998,-4.168144699999964],[-70.2878188,-4.20028430000003],[-70.2785897,-4.228134300000014],[-70.2823593,-4.236031099999983],[-70.3075446,-4.2457802],[-70.3083895,-4.256861699999967],[-70.2846666,-4.2717454],[-70.2870714,-4.287896400000031],[-70.2579865,-4.271387899999982],[-70.2480099,-4.272980199999978],[-70.2451177,-4.28038960000004],[-70.2481724,-4.287376400000017],[-70.2684181,-4.2950133],[-70.258084,-4.309312],[-70.2244964,-4.316683099999953],[-70.2186513,-4.311472599999965],[-70.2180167,-4.298980900000034],[-70.2135744,-4.2982461],[-70.2120714,-4.314378499999988],[-70.2038883,-4.32583480000002],[-70.20111,-4.355654900000029],[-70.1968839,-4.360803900000014],[-70.1813882,-4.356529199999986],[-70.1743933,-4.333747100000018],[-70.156906,-4.332581300000011],[-70.1521941,-4.328841],[-70.153117,-4.318882899999965],[-70.171673,-4.304747399999975],[-70.157926,-4.2757961],[-70.1464136,-4.271667200000013],[-70.1328195,-4.281944300000028],[-70.1401578,-4.299258499999986],[-70.1363213,-4.329471800000038],[-70.1453355,-4.364737199999965],[-70.136749,-4.381489099999974],[-70.1336111,-4.487119],[-70.1241154,-4.501113200000013],[-70.259725,-4.65126],[-70.2544797,-4.648737599999968],[-70.2502114,-4.654217699999986],[-70.2415582,-4.648892099999963],[-70.2394079,-4.656881099999985],[-70.2261265,-4.660221900000029],[-70.2262999,-4.665505600000036],[-70.2347945,-4.663346399999987],[-70.2355549,-4.6697252],[-70.2428512,-4.67523539999998],[-70.2333238,-4.6814051],[-70.2319815,-4.671951799999969],[-70.2177471,-4.6806351],[-70.2272794,-4.684805900000012],[-70.2281245,-4.697169100000024],[-70.2231239,-4.699411299999984],[-70.222949,-4.690895199999966],[-70.2114949,-4.694165899999984],[-70.2134498,-4.705042800000029],[-70.2192704,-4.7084142],[-70.218516,-4.718983],[-70.2085707,-4.73412439999997],[-70.2047197,-4.727769699999984],[-70.1946904,-4.730592899999959],[-70.2009904,-4.738358],[-70.1911541,-4.745139300000011],[-70.1983718,-4.751808500000017],[-70.1980808,-4.76522970000002],[-70.1866967,-4.7707],[-70.1829877,-4.76182140000002],[-70.1870524,-4.760203400000011],[-70.1948243,-4.765197699999986],[-70.1945541,-4.75716490000003],[-70.1905478,-4.754289800000014],[-70.1769948,-4.757013500000017],[-70.1797906,-4.769757500000024],[-70.1680128,-4.766485900000016],[-70.1615991,-4.779014300000018],[-70.1706459,-4.778236199999967],[-70.1693227,-4.7869932],[-70.1474683,-4.790833500000023],[-70.1560846,-4.803104600000011],[-70.1488974,-4.810582599999973],[-70.1435259,-4.8067124],[-70.1374082,-4.808076599999964],[-70.1494986,-4.8170096],[-70.1478693,-4.82004590000002],[-70.1383497,-4.8168123],[-70.137746,-4.832634700000012],[-70.1432691,-4.83364189999998],[-70.1473945,-4.8231621],[-70.1549207,-4.8254169],[-70.1410526,-4.839759900000028],[-70.1564776,-4.8427329],[-70.1503966,-4.849102],[-70.1428205,-4.8485966],[-70.1394215,-4.8579554],[-70.1278226,-4.857322],[-70.125318,-4.8622897],[-70.127217,-4.8678891],[-70.1443609,-4.876227199999963],[-70.1403273,-4.8828526],[-70.1436903,-4.8905737],[-70.1472163,-4.889944600000041],[-70.1458247,-4.880391],[-70.1492325,-4.8779949],[-70.1541928,-4.893084799999969],[-70.1614414,-4.894630499999969],[-70.1648202,-4.913417399999976],[-70.1566366,-4.918697299999964],[-70.1601237,-4.9278013],[-70.1550037,-4.941549200000021],[-70.14987650000002,-4.9421354],[-70.1466819,-4.9322494],[-70.1431076,-4.934088300000026],[-70.1474204,-4.9508323],[-70.15672,-4.959951699999984],[-70.150843,-4.972527699999981],[-70.1558736,-4.98783640000002],[-70.1525703,-5.0029238],[-70.1630679,-5.005983500000019],[-70.1650331,-5.003001899999981],[-70.1597571,-4.998147300000023],[-70.1703525,-4.998513200000037],[-70.1749054,-5.009752699999982],[-70.165833,-5.014522700000039],[-70.1697904,-5.0203462],[-70.16776480000001,-5.030533499999963],[-70.1797131,-5.033911399999988],[-70.178474,-5.0392008],[-70.1679496,-5.042801799999975],[-70.1795903,-5.050634500000027],[-70.1772137,-5.059278],[-70.1730177,-5.059032299999974],[-70.1728566,-5.050187],[-70.16244,-5.060477399999963],[-70.1713174,-5.069346200000011],[-70.1701423,-5.075064400000031],[-70.1764946,-5.075789],[-70.1760726,-5.080554700000015],[-70.1870869,-5.086955099999962],[-70.1953978,-5.082900799999979],[-70.2006706,-5.084998099999974],[-70.2006654,-5.08916680000001],[-70.1923453,-5.094108200000011],[-70.1947024,-5.099967199999971],[-70.2037386,-5.091693699999983],[-70.208187,-5.093503900000019],[-70.2071809,-5.108371399999989],[-70.19758219999999,-5.112958899999983],[-70.19824619999999,-5.118730699999983],[-70.2090526,-5.122044899999985],[-70.2116543,-5.113399299999984],[-70.2184733,-5.115951899999977],[-70.2263682,-5.110383799999973],[-70.2216821,-5.119447],[-70.2285772,-5.116153800000034],[-70.2363306,-5.1221865],[-70.2388053,-5.130448900000023],[-70.2486302,-5.1294891],[-70.2442363,-5.135117099999983],[-70.2493906,-5.1439599],[-70.2379032,-5.1540815],[-70.2381295,-5.1584373],[-70.24404170000001,-5.158817899999973],[-70.2500012,-5.151609100000021],[-70.2594425,-5.1525298],[-70.2494848,-5.1631685],[-70.2575473,-5.173636],[-70.270903,-5.178225199999966],[-70.2670443,-5.184632200000024],[-70.2701386,-5.1976475],[-70.2756437,-5.196041900000026],[-70.2705244,-5.1853688],[-70.2732145,-5.183122900000027],[-70.2826975,-5.187735800000032],[-70.2794153,-5.196834],[-70.28985360000001,-5.200140900000013],[-70.2872254,-5.2102012],[-70.2944156,-5.207788800000011],[-70.301738,-5.2134413],[-70.3014791,-5.21708190000003],[-70.292683,-5.2182904],[-70.3018851,-5.2236391],[-70.2939494,-5.225303599999986],[-70.2914952,-5.237885800000011],[-70.2997654,-5.2328288],[-70.3096517,-5.2353624],[-70.30432709999998,-5.242052],[-70.3046366,-5.2495406],[-70.3287147,-5.264410200000023],[-70.3194889,-5.2736072],[-70.3256632,-5.273804899999962],[-70.3306731,-5.281689099999988],[-70.3350499,-5.308683299999982],[-70.342516,-5.3076301],[-70.3457133,-5.314898200000028],[-70.3376288,-5.316523],[-70.3383822,-5.324375600000025],[-70.3323966,-5.332278899999981],[-70.3475058,-5.3403341],[-70.3520263,-5.36431690000002],[-70.3675923,-5.3647919],[-70.3669599,-5.3701698],[-70.3563072,-5.371967100000025],[-70.3529421,-5.3795597],[-70.3609071,-5.3811658],[-70.370561,-5.3771143],[-70.365764,-5.381709],[-70.3698407,-5.390542300000028],[-70.3634276,-5.405276799999975],[-70.37455140000002,-5.4003962],[-70.3702443,-5.4119606],[-70.3865607,-5.409778900000024],[-70.3897321,-5.412322899999986],[-70.3825555,-5.4205586],[-70.389824,-5.416519699999979],[-70.3966631,-5.419206700000022],[-70.4021839,-5.432611899999984],[-70.3862306,-5.428628799999987],[-70.388234,-5.44031940000001],[-70.3928007,-5.434649200000012],[-70.3973844,-5.438162800000017],[-70.394824,-5.448471799999989],[-70.4042943,-5.450870599999972],[-70.3973653,-5.451994200000013],[-70.3966276,-5.462775],[-70.4084121,-5.469464500000014],[-70.4148574,-5.48844419999997],[-70.4277324,-5.4840823],[-70.42803390000002,-5.492672900000014],[-70.4458647,-5.498431799999989],[-70.4441756,-5.5032758],[-70.4354443,-5.5037608],[-70.4361286,-5.508309799999989],[-70.44491869999999,-5.505833199999964],[-70.4482848,-5.5141391],[-70.4547838,-5.515106499999988],[-70.453737,-5.519159600000032],[-70.4489784,-5.517414],[-70.4516777,-5.5270951],[-70.443868,-5.539526200000022],[-70.4457503,-5.5526547],[-70.4514337,-5.559484900000019],[-70.4492869,-5.5669775],[-70.45860420000001,-5.5663939],[-70.4550082,-5.571330900000028],[-70.4590075,-5.58266460000001],[-70.4516488,-5.587233],[-70.4607833,-5.6004507],[-70.4542783,-5.600372299999971],[-70.4478365,-5.6098641],[-70.45518120000001,-5.617086699999977],[-70.4485433,-5.627209],[-70.4493636,-5.63258970000002],[-70.4544417,-5.631348900000014],[-70.4530217,-5.636086400000027],[-70.4601496,-5.637540299999971],[-70.4536673,-5.653339800000026],[-70.4639355,-5.660476300000032],[-70.4544975,-5.663196],[-70.452563,-5.667673600000012],[-70.4544613,-5.6704903],[-70.4552775,-5.66618140000002],[-70.4641577,-5.667892899999972],[-70.4648553,-5.675417],[-70.45911560000002,-5.681097100000017],[-70.4636695,-5.678109899999977],[-70.4701583,-5.682735499999986],[-70.4631257,-5.692295600000024],[-70.4713057,-5.693408800000012],[-70.4723062,-5.698935700000026],[-70.4651661,-5.69860859999998],[-70.47307429999998,-5.7077481],[-70.4665274,-5.7064401],[-70.4654529,-5.712533399999982],[-70.472248,-5.7099525],[-70.47325,-5.7162628],[-70.490296,-5.731570399999976],[-70.4878409,-5.735867],[-70.4841994,-5.7318555],[-70.4795615,-5.738572],[-70.483842,-5.748401899999975],[-70.4792798,-5.752190899999979],[-70.4888295,-5.77089930000002],[-70.4943779,-5.770220299999985],[-70.50066560000002,-5.778510199999978],[-70.4988172,-5.781799499999963],[-70.4935934,-5.7781297],[-70.4904609,-5.786638299999971],[-70.4974396,-5.783341899999967],[-70.4993714,-5.785884300000021],[-70.4925371,-5.791355799999974],[-70.49072810000001,-5.799201300000011],[-70.4940323,-5.795715600000021],[-70.501133,-5.798637699999983],[-70.5002127,-5.808333600000029],[-70.5051674,-5.804418],[-70.5031988,-5.7994357],[-70.5106092,-5.801790600000027],[-70.5133309,-5.8114973],[-70.519972,-5.8139459],[-70.5164758,-5.81692],[-70.5184753,-5.8227201],[-70.5106798,-5.820877299999967],[-70.5138372,-5.825749099999974],[-70.5108084,-5.8298992],[-70.5153681,-5.831698599999979],[-70.5149437,-5.8410436],[-70.520264,-5.839657499999979],[-70.5339756,-5.846240200000019],[-70.5367282,-5.852325099999977],[-70.53248519999998,-5.860226599999987],[-70.54059350000001,-5.855984300000024],[-70.5428101,-5.864933099999968],[-70.5554447,-5.862102600000033],[-70.549923,-5.8665467],[-70.5497388,-5.8727857],[-70.5545562,-5.867079800000011],[-70.5616594,-5.8700713],[-70.56589159999999,-5.878494200000028],[-70.5600925,-5.8760151],[-70.5622002,-5.881830600000028],[-70.5573758,-5.8842053],[-70.5643091,-5.889862799999979],[-70.5643863,-5.8964509],[-70.569129,-5.895718499999969],[-70.5715163,-5.907571900000015],[-70.57977560000002,-5.907150899999985],[-70.5730043,-5.9126372],[-70.5791131,-5.91749539999998],[-70.57395550000001,-5.9182113],[-70.5782705,-5.9342886],[-70.5887454,-5.928226099999985],[-70.5830171,-5.938944400000028],[-70.5914763,-5.937315300000011],[-70.59765290000001,-5.946199300000021],[-70.6039341,-5.945639400000014],[-70.599604,-5.952685800000017],[-70.6072659,-5.95218469999998],[-70.6089091,-5.9480446],[-70.6179764,-5.951085800000026],[-70.6168691,-5.958286800000013],[-70.6136821,-5.9522184],[-70.6139729,-5.957296500000012],[-70.60800070000002,-5.959625900000024],[-70.61213119999998,-5.963553900000026],[-70.6068305,-5.968868],[-70.6212974,-5.977051],[-70.623812,-5.9824988],[-70.6156712,-5.989003499999976],[-70.6173279,-5.994538],[-70.6101619,-6.004815700000028],[-70.6207609,-6.013193700000025],[-70.6302672,-6.012880299999983],[-70.6323901,-6.0204432],[-70.630048,-6.024579600000014],[-70.6234343,-6.0244829],[-70.6264468,-6.027704399999988],[-70.6236171,-6.0357314],[-70.6191272,-6.035619900000017],[-70.6210691,-6.04001],[-70.6098525,-6.0439467],[-70.613931,-6.0478832],[-70.6097905,-6.05091190000003],[-70.6142024,-6.053915100000011],[-70.6080779,-6.0564608],[-70.6119,-6.061854600000018],[-70.6073694,-6.063496],[-70.6114739,-6.067818699999981],[-70.6114211,-6.075122799999983],[-70.6063215,-6.073434900000025],[-70.6085788,-6.079570099999983],[-70.6027328,-6.078872800000021],[-70.5985567,-6.085147600000025],[-70.5927557,-6.0808701],[-70.591723,-6.08770589999998],[-70.5956059,-6.085770899999988],[-70.5966997,-6.0950616],[-70.5916642,-6.0952459],[-70.5938608,-6.107144800000013],[-70.58648709999999,-6.1146255],[-70.5976622,-6.120189500000013],[-70.5925826,-6.1251245],[-70.598523,-6.12887],[-70.5979575,-6.133923699999984],[-70.5945644,-6.133877599999982],[-70.5967382,-6.13896850000001],[-70.5927869,-6.14382520000001],[-70.5897872,-6.141611699999985],[-70.5913451,-6.147093499999983],[-70.5852858,-6.149446900000034],[-70.5858013,-6.153725900000016],[-70.57833,-6.154562500000021],[-70.5907212,-6.168075600000016],[-70.5889039,-6.182744599999975],[-70.59165440000001,-6.1816215],[-70.5948113,-6.1887205],[-70.5848604,-6.199577399999981],[-70.589036,-6.2039361],[-70.5849417,-6.21176139999997],[-70.5974117,-6.216978],[-70.5965075,-6.229861599999972],[-70.6015179,-6.2342114],[-70.5988746,-6.232547099999987],[-70.5985233,-6.236208399999983],[-70.6050875,-6.244377700000021],[-70.6074368,-6.242383599999978],[-70.6153989,-6.248648899999987],[-70.614452,-6.255351799999983],[-70.6171546,-6.253401199999971],[-70.6235841,-6.2596654],[-70.6279556,-6.269084800000011],[-70.6319835,-6.268381499999984],[-70.632958,-6.27724970000001],[-70.6426499,-6.282467],[-70.6446484,-6.278829],[-70.6451872,-6.2842836],[-70.6537035,-6.286288700000028],[-70.6552449,-6.291485499999986],[-70.6586389,-6.28882630000001],[-70.6654414,-6.303584400000021],[-70.6687003,-6.30086770000001],[-70.6743808,-6.3057314],[-70.6801894,-6.302558900000028],[-70.6859768,-6.313197],[-70.6968613,-6.311738299999979],[-70.6983093,-6.3274657],[-70.705981,-6.330569900000023],[-70.7046995,-6.334988899999978],[-70.7128153,-6.3370213],[-70.7109797,-6.342360799999982],[-70.7213467,-6.346337199999986],[-70.7201269,-6.354730200000011],[-70.73017790000002,-6.360838499999987],[-70.7269894,-6.3629998],[-70.7329769,-6.3652464],[-70.73282610000001,-6.371778200000018],[-70.7462778,-6.377804400000024],[-70.756806,-6.376216699999974],[-70.7611987,-6.3863484],[-70.7758094,-6.3929198],[-70.773424,-6.405972800000029],[-70.7785773,-6.409070600000011],[-70.7792635,-6.406250100000019],[-70.7828016,-6.405606200000014],[-70.78359650000002,-6.409735800000014],[-70.7858333,-6.405379400000016],[-70.7915691,-6.414631600000012],[-70.7987109,-6.417138199999989],[-70.7981502,-6.4255534],[-70.8037333,-6.42609850000002],[-70.8036817,-6.431727399999982],[-70.8058024,-6.42960270000002],[-70.8080316,-6.4329417],[-70.8049669,-6.439981899999986],[-70.8135551,-6.443062],[-70.8177071,-6.4612266],[-70.823032,-6.4642032],[-70.8274165,-6.461839600000022],[-70.8275151,-6.468075500000021],[-70.8346266,-6.470167800000014],[-70.8363064,-6.4771613],[-70.8533587,-6.490025300000016],[-70.853392,-6.493847],[-70.86831419999999,-6.497375800000022],[-70.8695849,-6.493455599999979],[-70.8804256,-6.492548900000013],[-70.8817236,-6.487890699999971],[-70.9018584,-6.4924136],[-70.9091456,-6.5008793],[-70.9057155,-6.503696599999973],[-70.9080477,-6.509165],[-70.9125973,-6.5090812],[-70.9142093,-6.5152545],[-70.916871,-6.5137672],[-70.9363981,-6.529187199999987],[-70.9398422,-6.5255465],[-70.9421033,-6.52823],[-70.9425756,-6.523598299999984],[-70.951911,-6.5247123],[-70.9514625,-6.5176513],[-70.9603938,-6.516322799999973],[-70.9783363,-6.52042960000001],[-70.9890404,-6.534447099999987],[-71.005209,-6.5328249],[-71.01152,-6.5371618],[-71.0113316,-6.532983099999981],[-71.0163655,-6.531541399999977],[-71.0228256,-6.539925],[-71.0278816,-6.537720199999987],[-71.0265182,-6.540376100000023],[-71.040408,-6.544283100000028],[-71.0450795,-6.541948200000024],[-71.0592409,-6.5673655],[-71.0645385,-6.569333499999982],[-71.0661557,-6.57994220000002],[-71.0793565,-6.590376599999987],[-71.08654,-6.608038599999975],[-71.0970848,-6.603840700000011],[-71.1118281,-6.612850899999987],[-71.1228941,-6.609857799999978],[-71.12626880000002,-6.614921099999983],[-71.136789,-6.6146658],[-71.141138,-6.6190727],[-71.148607,-6.6150938],[-71.172622,-6.622473500000019],[-71.18352659999998,-6.6167143],[-71.19233,-6.625347699999985],[-71.205667,-6.619766500000019],[-71.2180878,-6.622034099999969],[-71.2316727,-6.61571689999997],[-71.2433222,-6.620341700000022],[-71.2439888,-6.626462299999979],[-71.2572698,-6.634481799999967],[-71.2803662,-6.6638033],[-71.3022392,-6.678104700000021],[-71.334316,-6.6685454],[-71.34139879999998,-6.6715353],[-71.3433284,-6.681320700000025],[-71.3786357,-6.734993399999975],[-71.3867409,-6.761018],[-71.4039414,-6.7692094],[-71.4109983,-6.7873205],[-71.4434433,-6.8053648],[-71.45,-6.836693300000017],[-71.4616993,-6.8546317],[-71.4778051,-6.8633905],[-71.4882837,-6.8490389],[-71.4952962,-6.847730700000016],[-71.504174,-6.85081850000002],[-71.5189422,-6.868485],[-71.52965610000001,-6.863138],[-71.5363049,-6.864384899999978],[-71.5487953,-6.949147700000021],[-71.5554615,-6.950776400000023],[-71.5700493,-6.9430129],[-71.5855282,-6.927723499999987],[-71.5944001,-6.926772800000015],[-71.59961070000001,-6.9346454],[-71.5995095,-6.957233700000023],[-71.6178468,-6.9605754],[-71.6305694,-6.9730356],[-71.6384005,-6.9744311],[-71.646069,-6.970838900000015],[-71.65006070000001,-6.9619612],[-71.6481117,-6.9512144],[-71.6340556,-6.930270799999983],[-71.6341864,-6.913373699999989],[-71.653557,-6.9105554],[-71.6757766,-6.890313499999984],[-71.6915673,-6.883802499999982],[-71.7010689,-6.883759599999977],[-71.72080819999998,-6.91767140000001],[-71.728306,-6.9136968],[-71.7448514,-6.918341],[-71.7539816,-6.901751599999988],[-71.7594938,-6.902189099999989],[-71.7719415,-6.9142912],[-71.7870754,-6.9089174],[-71.8005961,-6.920871399999983],[-71.7946812,-6.934421],[-71.7979203,-6.953861499999989],[-71.7932058,-6.9770705],[-71.7968434,-6.981844199999989],[-71.8563353,-6.9989543],[-71.8872199,-6.997042099999986],[-71.9097845,-6.9868644],[-71.91943110000001,-6.986834200000017],[-71.9334907,-6.9955281],[-71.9321381,-7.007877],[-71.94278530000001,-7.012013599999977],[-71.9716231,-7.0037212],[-71.981264,-7.005870800000025],[-71.9865105,-7.0124223],[-71.9882226,-7.028022200000017],[-71.9779911,-7.046519700000015],[-71.9770782,-7.058054699999989],[-71.9884353,-7.096193199999988],[-72.0069752,-7.094187200000023],[-72.0212549,-7.1057349],[-72.0465273,-7.0991106],[-72.0819242,-7.122684600000018],[-72.1061837,-7.1300998],[-72.1589314,-7.129442799999988],[-72.183488,-7.1332262],[-72.195611,-7.1455603],[-72.2155142,-7.1809093],[-72.2402722,-7.1913285],[-72.2673553,-7.1862948],[-72.2828493,-7.1770291],[-72.315574,-7.2054023],[-72.3329901,-7.207583600000023],[-72.3584889,-7.2030247],[-72.37902529999998,-7.215922],[-72.3875738,-7.2139164],[-72.3872843,-7.204522600000023],[-72.3710097,-7.182991899999985],[-72.40521850000002,-7.1546652],[-72.421074,-7.123114700000011],[-72.4328219,-7.1124777],[-72.4752741,-7.1173404],[-72.4870151,-7.127188200000016],[-72.5332115,-7.132174],[-72.55535,-7.1240238],[-72.5694922,-7.113765100000015],[-72.5842102,-7.114802699999973],[-72.5995498,-7.1076818],[-72.61495909999998,-7.111722],[-72.6219346,-7.108736400000011],[-72.6448306,-7.074749900000016],[-72.6677353,-7.050037300000026],[-72.6838869,-7.018520500000033],[-72.6985491,-7.0098721],[-72.7000633,-6.969100599999989],[-72.6970421,-6.960911],[-72.6780063,-6.9592745],[-72.663576,-6.9504622],[-72.6726126,-6.9159954],[-72.6782028,-6.908293900000023],[-72.693989,-6.9033041],[-72.7245172,-6.908422],[-72.7621565,-6.937978299999974],[-72.784912,-6.9722852],[-72.8201876,-6.979712499999986],[-72.8510832,-7.000031500000016],[-72.8789136,-6.9946115],[-72.9017669,-6.996202199999977],[-72.9571308,-7.020194400000021],[-73.0101086,-7.028294599999986],[-73.0821113,-6.996382400000019],[-73.1069153,-6.9814383],[-73.1221959,-6.977610499999988],[-73.1470791,-6.940586400000014],[-73.1784025,-6.9297958],[-73.193191,-6.918298400000026],[-73.221021,-6.924211199999989],[-73.2601621,-6.920586699999986],[-73.2983091,-6.942980899999972],[-73.3174106,-6.940696500000012],[-73.3676695,-6.950026500000011],[-73.4013861,-6.943792],[-73.437785,-6.952033299999989],[-73.4535533,-6.9290397],[-73.4889715,-6.934036],[-73.4986252,-6.932855800000013],[-73.5063882,-6.9266374],[-73.515555,-6.926824900000018],[-73.5356551,-6.942153299999983],[-73.5681335,-6.930201300000022],[-73.6118086,-6.9387143],[-73.6279182,-6.9365761],[-73.6560245,-6.9504049],[-73.6804641,-6.953947499999987],[-73.6857525,-6.969792300000012],[-73.6836651,-6.980651300000019],[-73.6662243,-7.0007151],[-73.7087976,-7.0411515],[-73.7382002,-7.1346838],[-73.798141,-7.11305730000001],[-73.7840961,-7.104649500000026],[-73.7871906,-7.0918781],[-73.7579054,-7.0599965],[-73.7560458,-7.044800500000026],[-73.7630248,-7.0360527],[-73.7556803,-7.014996900000011],[-73.7562157,-7.0107424],[-73.7629115,-7.008674700000027],[-73.7573864,-7.001864700000011],[-73.7616266,-6.9782883],[-73.746047,-6.968728799999985],[-73.7446372,-6.962108],[-73.7495722,-6.9529594],[-73.7578194,-6.9486621],[-73.76235670000001,-6.9375292],[-73.7482656,-6.920482699999986],[-73.74798,-6.907341],[-73.7219551,-6.8846117],[-73.7247128,-6.8820443],[-73.7197261,-6.8781352],[-73.7201627,-6.866834],[-73.71389,-6.8613035],[-73.7168153,-6.858079799999985],[-73.712078,-6.853742699999986],[-73.7108773,-6.840112900000017],[-73.7010897,-6.837296700000021],[-73.7002014,-6.8404478],[-73.6983409,-6.8377978],[-73.6972183,-6.840731400000018],[-73.6953918,-6.840287499999982],[-73.6828082,-6.813836399999984],[-73.66648210000001,-6.8060823],[-73.6666258,-6.799405300000022],[-73.6529741,-6.786546800000016],[-73.6511767,-6.7770504],[-73.64379780000002,-6.775507599999981],[-73.6444964,-6.76368250000001],[-73.638391,-6.7536548],[-73.6225563,-6.751333400000012],[-73.6247685,-6.747673100000024],[-73.61777,-6.744671100000015],[-73.6184059,-6.7416372],[-73.6111386,-6.740941800000015],[-73.6020971,-6.7311974],[-73.593179,-6.7311761],[-73.594042,-6.727024199999984],[-73.5895918,-6.727857800000028],[-73.587277,-6.723304800000012],[-73.5825255,-6.7267007],[-73.5676658,-6.721243],[-73.5622299,-6.7229895],[-73.5538468,-6.7038073],[-73.5388561,-6.694645500000016],[-73.5397897,-6.6860203],[-73.5292174,-6.684880899999984],[-73.5214406,-6.6762694],[-73.5152932,-6.680579100000021],[-73.5052352,-6.67248180000002],[-73.4846629,-6.67444],[-73.4807047,-6.666672900000015],[-73.4728451,-6.6673085],[-73.4719784,-6.663663300000025],[-73.4693375,-6.667730599999985],[-73.4580863,-6.6673776],[-73.4396817,-6.651225700000015],[-73.43320629999998,-6.6496609],[-73.4247238,-6.654632],[-73.4144683,-6.6422846],[-73.4038591,-6.64395660000003],[-73.4026876,-6.639293100000023],[-73.3905171,-6.6416902],[-73.3866198,-6.6340235],[-73.3800255,-6.6360243],[-73.3828285,-6.6212596],[-73.3730773,-6.607746199999985],[-73.3687912,-6.613720700000018],[-73.36637519999998,-6.6062254],[-73.3572236,-6.603592600000018],[-73.3528944,-6.593066699999977],[-73.3455047,-6.5979805],[-73.3432489,-6.5912857],[-73.3331629,-6.593687099999979],[-73.32871669999999,-6.6008258],[-73.3275498,-6.5949526],[-73.3160329,-6.595280700000022],[-73.315538,-6.5903688],[-73.3129984,-6.5942037],[-73.3039603,-6.591787800000024],[-73.2968143,-6.5971655],[-73.2931321,-6.5882439],[-73.2859861,-6.5855004],[-73.2823549,-6.5882657],[-73.2816606,-6.583425800000028],[-73.2795096,-6.587225100000011],[-73.2703218,-6.58641580000002],[-73.268469,-6.59364780000003],[-73.268568,-6.587943899999977],[-73.2562227,-6.5862802],[-73.2556022,-6.581084700000019],[-73.25327169999998,-6.5846496],[-73.2517137,-6.580629099999987],[-73.2458646,-6.5833689],[-73.2402795,-6.5923869],[-73.2370314,-6.5904856],[-73.2429611,-6.586584],[-73.2418243,-6.583236800000025],[-73.2276503,-6.588122099999976],[-73.2262045,-6.584517600000027],[-73.2313925,-6.579536899999987],[-73.2296639,-6.570865099999985],[-73.218632,-6.563304700000013],[-73.2123388,-6.576295800000021],[-73.2067318,-6.576407200000022],[-73.1965322,-6.563037800000017],[-73.2035817,-6.5591623],[-73.2033712,-6.5528445],[-73.1974768,-6.555433799999979],[-73.1935355,-6.5527417],[-73.1999636,-6.545639099999984],[-73.19585209999998,-6.54783260000001],[-73.194122,-6.541686099999988],[-73.1916997,-6.548642],[-73.1887319,-6.5441003],[-73.1817467,-6.545257900000014],[-73.1876176,-6.539662599999982],[-73.1805033,-6.540172899999983],[-73.1760048,-6.534243300000012],[-73.1798992,-6.529304900000017],[-73.18788739999998,-6.528630499999969],[-73.1882423,-6.5222624],[-73.1731944,-6.5272872],[-73.1709349,-6.517148100000027],[-73.1638876,-6.527387300000015],[-73.1594738,-6.5245273],[-73.1524581,-6.527123900000011],[-73.1448209,-6.507309299999978],[-73.1405134,-6.504327400000016],[-73.1414026,-6.514351400000022],[-73.135572,-6.5109963],[-73.1364306,-6.49818159999998],[-73.1319641,-6.4969228],[-73.1363094,-6.493799399999982],[-73.1394591,-6.496043200000029],[-73.1378421,-6.48984389999998],[-73.1417397,-6.4937994],[-73.1432935,-6.491123799999984],[-73.128372,-6.4771556],[-73.1321695,-6.4748908],[-73.12984680000001,-6.4630189],[-73.1235579,-6.466669],[-73.1169952,-6.462012899999982],[-73.1158154,-6.4536541],[-73.1116334,-6.4539912],[-73.1139878,-6.4395648],[-73.1213932,-6.431221899999984],[-73.1148937,-6.424516900000012],[-73.11644219999998,-6.421335599999981],[-73.1063927,-6.419576499999973],[-73.1041326,-6.410248599999981],[-73.1190476,-6.38846],[-73.1254329,-6.389272500000025],[-73.127963,-6.393888499999989],[-73.1302831,-6.374979200000028],[-73.1362371,-6.380029900000029],[-73.132716,-6.372176700000018],[-73.1383313,-6.368563200000026],[-73.1324655,-6.3618782],[-73.1379515,-6.355957100000016],[-73.1416539,-6.3584512],[-73.1439876,-6.334235],[-73.1515226,-6.3385671],[-73.14783719999998,-6.322788900000017],[-73.1522925,-6.329225399999979],[-73.157528,-6.325540100000011],[-73.1601046,-6.3045572],[-73.1569531,-6.299106099999974],[-73.1645086,-6.290164800000029],[-73.157877,-6.291417199999972],[-73.160002,-6.282763299999989],[-73.1633896,-6.28534],[-73.160854,-6.276891400000033],[-73.1723618,-6.270280299999985],[-73.1723823,-6.264747199999981],[-73.176622,-6.264973],[-73.1754312,-6.260753899999985],[-73.1811491,-6.261657199999977],[-73.1813852,-6.2570788],[-73.1880476,-6.2622013],[-73.19050110000002,-6.256380700000026],[-73.1875857,-6.253403700000032],[-73.1928314,-6.254440499999969],[-73.1944533,-6.242132],[-73.2040517,-6.230028899999986],[-73.208199,-6.231045200000019],[-73.2087739,-6.2202868],[-73.2142454,-6.2203998],[-73.2131983,-6.226600200000026],[-73.2207886,-6.219642900000014],[-73.2121512,-6.2017677],[-73.2175099,-6.1968813],[-73.2229609,-6.199694],[-73.2215949,-6.195497399999982],[-73.225038,-6.194298800000013],[-73.2157955,-6.1918101],[-73.2174175,-6.182909800000024],[-73.2327525,-6.16281360000003],[-73.2456809,-6.1532983],[-73.2466745,-6.13319350000002],[-73.2499906,-6.131058199999987],[-73.2462026,-6.119268499999989],[-73.2485998,-6.1136537],[-73.2445424,-6.1113737],[-73.2485223,-6.1079093],[-73.2429891,-6.108330200000013],[-73.2450525,-6.103484800000013],[-73.239817,-6.1025301],[-73.240474,-6.098567599999982],[-73.236183,-6.100415399999977],[-73.2375278,-6.090077899999976],[-73.2318304,-6.0908889],[-73.2403257,-6.076843],[-73.22820669999999,-6.076773699999984],[-73.2356063,-6.0634082],[-73.2293564,-6.05344],[-73.236636,-6.0510031],[-73.2341201,-6.047028500000024],[-73.23060809999998,-6.04955670000001],[-73.2284428,-6.043164100000011],[-73.23921530000001,-6.045955900000018],[-73.2342631,-6.037604099999988],[-73.2379241,-6.0361986],[-73.2288532,-6.0377186],[-73.2283956,-6.0296283],[-73.218295,-6.027209400000029],[-73.22395,-6.025493299999988],[-73.2224887,-6.021431799999983],[-73.2160727,-6.025240400000018],[-73.20961629999998,-6.0220447],[-73.2193083,-6.02009969999998],[-73.2090443,-6.0130882],[-73.2097171,-6.0083191],[-73.2035343,-6.0110861],[-73.1986822,-6.006027600000011],[-73.1945756,-6.0101668],[-73.1924666,-6.002136399999988],[-73.1908533,-6.006056899999971],[-73.1872907,-6.005092400000013],[-73.19172829999998,-5.994305],[-73.1887873,-5.991525599999976],[-73.1946272,-5.989985],[-73.1897453,-5.9842838],[-73.1870483,-5.988602400000011],[-73.1868495,-5.9802111],[-73.1824405,-5.979887499999985],[-73.1769611,-5.970876199999976],[-73.18293649999998,-5.967496900000032],[-73.1781381,-5.962486100000011],[-73.1853028,-5.961226],[-73.18055119999998,-5.9526584],[-73.1861266,-5.9508276],[-73.1871999,-5.944521399999983],[-73.1835281,-5.9389158],[-73.1800616,-5.939759199999979],[-73.180084,-5.926469499999974],[-73.17469,-5.926486599999965],[-73.17570370000001,-5.9317336],[-73.1714639,-5.9283301],[-73.1693643,-5.923140899999973],[-73.1726588,-5.920887800000024],[-73.1660694,-5.914166400000012],[-73.1683402,-5.9030672],[-73.1636307,-5.898489399999967],[-73.167576,-5.896790099999977],[-73.153558,-5.886902500000023],[-73.15669759999999,-5.880422599999974],[-73.1616163,-5.886472099999974],[-73.1526608,-5.8686289],[-73.1460459,-5.872043700000021],[-73.14427060000001,-5.866469100000023],[-73.1351003,-5.86959],[-73.1387074,-5.8648522],[-73.1361745,-5.863382199999989],[-73.1282819,-5.8705851],[-73.1293561,-5.863043],[-73.1224811,-5.857705799999987],[-73.1172571,-5.864207599999979],[-73.1122931,-5.857807599999973],[-73.1147187,-5.833403300000011],[-73.1008655,-5.8256258],[-73.0893993,-5.830459200000022],[-73.0921884,-5.823410300000033],[-73.0877445,-5.8196901],[-73.0963382,-5.8219177],[-73.0870322,-5.814160699999976],[-73.0764031,-5.816467500000027],[-73.0758945,-5.809773700000029],[-73.0803042,-5.8134936],[-73.0851664,-5.811254699999972],[-73.0798972,-5.8002865],[-73.074237,-5.805567099999984],[-73.0705083,-5.795908],[-73.0678597,-5.802588900000018],[-73.0610137,-5.796871600000018],[-73.06234790000002,-5.793275800000033],[-73.05460229999998,-5.796577599999988],[-73.0548511,-5.788232700000015],[-73.0487483,-5.781603799999984],[-73.055893,-5.778486399999978],[-73.05470409999998,-5.774810699999978],[-73.04271019999999,-5.775455099999978],[-73.0486991,-5.770222400000023],[-73.0447625,-5.764425600000018],[-73.0469529,-5.75909669999998],[-73.0179971,-5.739387699999977],[-73.02673760000002,-5.732794],[-73.0044467,-5.732107],[-73.0040133,-5.7277557],[-73.01016,-5.72729580000003],[-73.0069054,-5.7231567],[-72.9994193,-5.727833500000014],[-73.0023983,-5.718685],[-72.9979633,-5.7202473],[-72.9952463,-5.7163038],[-72.9999014,-5.712378599999981],[-72.99834509999998,-5.708439600000012],[-73.0036124,-5.707793499999988],[-72.99872470000001,-5.6999098],[-72.99194850000002,-5.700405600000011],[-72.9934911,-5.7060248],[-72.9905437,-5.706327799999981],[-72.9883677,-5.70028170000001],[-72.9932707,-5.695736699999981],[-72.983988,-5.693422900000027],[-72.98660639999999,-5.682541],[-72.9803295,-5.6777836],[-72.9898279,-5.674177200000019],[-72.9895996,-5.6668219],[-72.985028,-5.660725900000016],[-72.9742456,-5.660611499999985],[-72.9701358,-5.655903],[-72.9635507,-5.661499400000026],[-72.9588759,-5.65629319999997],[-72.9677547,-5.644037700000037],[-72.9636112,-5.6388786],[-72.9679859,-5.633749400000033],[-72.9665103,-5.62117470000001],[-72.9747803,-5.623153700000014],[-72.9702078,-5.6177364],[-72.9740725,-5.613019799999974],[-72.962127,-5.595796],[-72.9638283,-5.5907433],[-72.9583751,-5.590782799999972],[-72.9556887,-5.5832132],[-72.9511231,-5.5830892],[-72.9609699,-5.579355700000014],[-72.9523147,-5.577126399999989],[-72.9610988,-5.573367299999973],[-72.9507581,-5.561150599999972],[-72.9575239,-5.558527],[-72.9497561,-5.5475158],[-72.9383628,-5.541247099999973],[-72.9484269,-5.539661599999984],[-72.9487986,-5.544846500000014],[-72.9530876,-5.544875100000026],[-72.9510193,-5.536335300000026],[-72.9548754,-5.5230933],[-72.960635,-5.5223339],[-72.958167,-5.511689600000015],[-72.9623563,-5.505541],[-72.9583874,-5.498509199999987],[-72.9618571,-5.495553699999986],[-72.9491418,-5.48018070000002],[-72.9540353,-5.47800180000003],[-72.9586078,-5.4817067],[-72.9545173,-5.46697],[-72.9588278,-5.465924899999988],[-72.9458543,-5.453417799999983],[-72.9456439,-5.446348199999989],[-72.9520933,-5.44412129999998],[-72.9369022,-5.434976300000021],[-72.9387121,-5.417654900000014],[-72.9236682,-5.4067859],[-72.9269102,-5.397433],[-72.92091590000001,-5.395823700000014],[-72.9207993,-5.3860743],[-72.9162278,-5.384278300000028],[-72.920776,-5.376558100000017],[-72.9065017,-5.3690711],[-72.9049857,-5.363846599999981],[-72.9104668,-5.362610400000026],[-72.9034929,-5.352184600000021],[-72.8899481,-5.35127540000001],[-72.8979586,-5.340060699999972],[-72.8956623,-5.33183650000002],[-72.9003084,-5.332263699999982],[-72.9037529,-5.340354400000011],[-72.9044739,-5.333945899999984],[-72.8993738,-5.3268166],[-72.89000149999998,-5.3254281],[-72.8879721,-5.3216631],[-72.8918439,-5.31653629999998],[-72.8858894,-5.31893950000001],[-72.8872779,-5.312157199999982],[-72.8823113,-5.310528399999977],[-72.8861297,-5.307698],[-72.8897611,-5.3101012],[-72.8872512,-5.304093300000011],[-72.8816705,-5.3074043],[-72.879561,-5.301690099999984],[-72.8745945,-5.3032121],[-72.8763034,-5.2963231],[-72.8704824,-5.293466],[-72.8773181,-5.289273800000018],[-72.8677321,-5.2901282],[-72.8696814,-5.283452800000028],[-72.8649284,-5.276804],[-72.86869339999998,-5.274027],[-72.86076289999998,-5.270208699999968],[-72.8677588,-5.26273210000003],[-72.8721913,-5.2632662],[-72.86797239999999,-5.26014209999998],[-72.8685352,-5.248733099999988],[-72.8623059,-5.246782],[-72.8738008,-5.249438300000021],[-72.8637002,-5.233199900000019],[-72.8702421,-5.2176861],[-72.8655426,-5.206685],[-72.8764102,-5.203400700000012],[-72.86986829999998,-5.201424699999986],[-72.8694677,-5.195924100000019],[-72.8773982,-5.191331399999977],[-72.8694282,-5.178380899999987],[-72.8786709,-5.172577199999979],[-72.8846274,-5.175285899999987],[-72.8872334,-5.161845199999965],[-72.8749571,-5.1517183],[-72.8667199,-5.1514168],[-72.8689739,-5.144167199999986],[-72.8622698,-5.14516359999997],[-72.8603624,-5.139449800000033],[-72.8507465,-5.135865900000017],[-72.8503624,-5.146576100000027],[-72.8372511,-5.143846500000033],[-72.8337592,-5.138040599999989],[-72.8245244,-5.1443514],[-72.8234536,-5.131468],[-72.815976,-5.139484499999964],[-72.8136134,-5.134142700000038],[-72.818307,-5.1238292],[-72.8184939,-5.102574500000012],[-72.8024461,-5.111332699999982],[-72.7906172,-5.1056719],[-72.7866654,-5.1137359],[-72.7800281,-5.1019446],[-72.7846894,-5.0931221],[-72.7791354,-5.0927482],[-72.7693092,-5.0999577],[-72.76119180000002,-5.0925613],[-72.7640489,-5.085378500000011],[-72.7569729,-5.0825481],[-72.7566213,-5.076629200000014],[-72.74045780000002,-5.088876500000036],[-72.7385389,-5.074812099999974],[-72.7306756,-5.075403400000027],[-72.7316996,-5.069223900000033],[-72.7385353,-5.066874199999975],[-72.7382505,-5.0604301],[-72.7261456,-5.0613107],[-72.7289049,-5.051653],[-72.7174733,-5.05796009999996],[-72.7102965,-5.0478892],[-72.6925239,-5.06097909999998],[-72.6844603,-5.050818200000032],[-72.6727486,-5.051873200000013],[-72.6702666,-5.047193300000033],[-72.6664439,-5.059572199999989],[-72.658023,-5.054151100000031],[-72.6611573,-5.061280499999977],[-72.6575791,-5.0634328],[-72.6533552,-5.0603793],[-72.6528172,-5.0500886],[-72.6423092,-5.044642600000021],[-72.6390987,-5.053706300000026],[-72.6424087,-5.062601899999963],[-72.6289865,-5.0498562],[-72.6297342,-5.037644600000037],[-72.6214388,-5.0508531],[-72.6168817,-5.0335503],[-72.6068418,-5.02863710000001],[-72.6129654,-5.014752199999972],[-72.6022491,-5.011191900000017],[-72.5993465,-5.000346700000017],[-72.6089851,-4.999143399999989],[-72.6105386,-4.995556199999966],[-72.5983082,-4.994737],[-72.5988731,-4.9837212],[-72.5903994,-4.985528900000017],[-72.5908513,-4.9950195],[-72.5852022,-4.998380699999968],[-72.5839506,-4.981791699999967],[-72.5679511,-4.983761800000027],[-72.5667707,-4.97364],[-72.5523171,-4.963806200000022],[-72.55203109999998,-4.955655499999984],[-72.5376999,-4.95336760000001],[-72.538542,-4.964251100000021],[-72.52684819999999,-4.953208700000018],[-72.5217799,-4.959818199999964],[-72.5210808,-4.9328082],[-72.5040327,-4.938416799999979],[-72.506988,-4.9456142],[-72.4969943,-4.950269400000038],[-72.4919418,-4.935525099999977],[-72.487366,-4.933793300000016],[-72.4835846,-4.940927100000026],[-72.48709589999999,-4.9512386],[-72.4810107,-4.951461],[-72.47409930000002,-4.942659],[-72.4771181,-4.931092299999971],[-72.4730348,-4.92426040000003],[-72.457941,-4.924514600000015],[-72.4562727,-4.917047100000027],[-72.4506801,-4.9151246],[-72.4622785,-4.910056300000019],[-72.4628822,-4.902970100000026],[-72.4692057,-4.9058936],[-72.4667272,-4.897933599999967],[-72.4703179,-4.891483],[-72.45349229999998,-4.891864300000029],[-72.4544932,-4.900920599999986],[-72.4417032,-4.8985691],[-72.4390022,-4.908467500000041],[-72.43431520000001,-4.911104899999988],[-72.4293263,-4.909754399999971],[-72.4284365,-4.9015561],[-72.4145502,-4.900475700000025],[-72.4183316,-4.8925475],[-72.4152493,-4.886907100000037],[-72.4231458,-4.881536899999978],[-72.4230981,-4.876849899999978],[-72.4122623,-4.876405],[-72.4097838,-4.8867006],[-72.4051444,-4.889226800000015],[-72.4012359,-4.886081],[-72.4006321,-4.874593800000034],[-72.38997110000001,-4.868540299999986],[-72.3859196,-4.87454610000004],[-72.3823289,-4.873545099999989],[-72.3815027,-4.869112300000021],[-72.3897805,-4.862121499999972],[-72.38031110000001,-4.8585149],[-72.3841084,-4.851206299999986],[-72.3752904,-4.837923699999965],[-72.3897964,-4.833888100000038],[-72.3719539,-4.832775900000032],[-72.382599,-4.826341200000035],[-72.3756241,-4.8221467],[-72.3630882,-4.826420599999972],[-72.3589255,-4.824069199999986],[-72.3718109,-4.808498700000021],[-72.3705557,-4.804685500000023],[-72.3447691,-4.806623900000011],[-72.3427354,-4.795740499999988],[-72.338382,-4.7929283],[-72.33611,-4.797631199999988],[-72.339526,-4.804479],[-72.3245434,-4.801968700000021],[-72.3264976,-4.81228009999997],[-72.323463,-4.8128362],[-72.3202559,-4.7881794],[-72.3291155,-4.785875199999987],[-72.3259718,-4.778909],[-72.310128,-4.774693499999975],[-72.3085383,-4.779641300000027],[-72.3136647,-4.78633960000002],[-72.3065377,-4.7904301],[-72.3017864,-4.775265099999978],[-72.283049,-4.78298150000003],[-72.2785477,-4.770228],[-72.2771723,-4.789233300000014],[-72.2843351,-4.795913800000036],[-72.2717244,-4.798235799999963],[-72.2653119,-4.785625100000042],[-72.2544874,-4.790965899999987],[-72.2622396,-4.7797842],[-72.256738,-4.765208699999974],[-72.2506828,-4.76545880000003],[-72.2438416,-4.780981],[-72.2370004,-4.774997200000019],[-72.2294625,-4.774782800000014],[-72.2283015,-4.767334300000034],[-72.2227999,-4.771942700000011],[-72.2160838,-4.767566500000026],[-72.2123149,-4.758992699999987],[-72.22276420000001,-4.755188],[-72.2112431,-4.7523837],[-72.2079744,-4.746935700000031],[-72.1992398,-4.757420799999966],[-72.1923271,-4.755456],[-72.1958638,-4.760600300000029],[-72.19323809999999,-4.762261399999989],[-72.1875222,-4.749829399999983],[-72.1921842,-4.7452388],[-72.1726073,-4.7339142],[-72.1587998,-4.735343199999988],[-72.1619436,-4.728091099999974],[-72.1460284,-4.723161200000026],[-72.1405012,-4.710677800000042],[-72.127138,-4.7224032],[-72.1337895,-4.733194099999988],[-72.124174,-4.732882699999972],[-72.1207278,-4.726271399999987],[-72.1251587,-4.715540699999988],[-72.1128506,-4.711491599999985],[-72.1135237,-4.7053024],[-72.10184859999998,-4.705433],[-72.0992965,-4.696711799999964],[-72.09089680000001,-4.689899600000026],[-72.0896208,-4.680625800000032],[-72.0825374,-4.68408210000003],[-72.0776643,-4.68107790000002],[-72.0812111,-4.668850200000013],[-72.0703196,-4.662892],[-72.0659992,-4.675853300000019],[-72.060443,-4.674175300000027],[-72.0601114,-4.6679961],[-72.0690045,-4.6595049],[-72.0581265,-4.649341399999969],[-72.0469091,-4.654521399999986],[-72.0461588,-4.643482600000044],[-72.0379958,-4.643268199999973],[-72.0428642,-4.623261100000016],[-72.0156681,-4.631765],[-72.0062369,-4.64587609999997],[-72.0023787,-4.6290678],[-71.9819563,-4.626869800000025],[-71.9869418,-4.613296],[-71.9957054,-4.613958100000024],[-71.99405,-4.60895320000001],[-71.9846243,-4.6038313],[-71.9779445,-4.612010699999985],[-71.9707389,-4.609031100000033],[-71.965656,-4.611348499999973],[-71.9605342,-4.605408800000012],[-71.9543802,-4.610063200000016],[-71.9474667,-4.608719500000019],[-71.9515564,-4.5998196],[-71.9435133,-4.594697700000021],[-71.9508942,-4.581182300000022],[-71.9343797,-4.577969],[-71.9281673,-4.5694781],[-71.9331333,-4.565388400000029],[-71.93155590000002,-4.5619219],[-71.9200464,-4.5644731],[-71.9226365,-4.5516977],[-71.9281284,-4.5475496],[-71.9196959,-4.540168699999959],[-71.92250019999999,-4.5352027],[-71.9193843,-4.5295161],[-71.8986243,-4.529944599999975],[-71.8903281,-4.54020770000003],[-71.8853231,-4.537033300000028],[-71.8948267,-4.52307],[-71.90805,-4.521005700000035],[-71.9064531,-4.5153775],[-71.8930351,-4.515397],[-71.8860242,-4.522563700000038],[-71.8855179,-4.516429199999982],[-71.8805129,-4.5158255],[-71.8660627,-4.5273544],[-71.8579223,-4.512436900000036],[-71.8398693,-4.5053286],[-71.8352149,-4.5160786],[-71.8300152,-4.514520699999988],[-71.8279314,-4.507568200000031],[-71.83465010000002,-4.500752100000025],[-71.8327027,-4.496701400000027],[-71.8077751,-4.505289700000017],[-71.8114364,-4.493760699999981],[-71.794474,-4.484802400000029],[-71.7937339,-4.4959419],[-71.7845419,-4.4974998],[-71.7898585,-4.486243499999982],[-71.7857688,-4.4835365],[-71.77225339999998,-4.4897294],[-71.7689622,-4.504530200000031],[-71.7509092,-4.49422810000001],[-71.7491565,-4.48044],[-71.7544925,-4.471325900000014],[-71.7511818,-4.468346299999959],[-71.7422819,-4.4786289],[-71.7384454,-4.496526099999982],[-71.72442370000002,-4.498765700000024],[-71.707656,-4.510839900000038],[-71.6895251,-4.49804510000003],[-71.6763798,-4.50133629999997],[-71.6730886,-4.5064971],[-71.65982630000002,-4.5023101],[-71.6551329,-4.4890284],[-71.661618,-4.474987100000019],[-71.6545682,-4.472202300000011],[-71.6476742,-4.4807516],[-71.6504785,-4.503751200000011],[-71.6259794,-4.48986579999998],[-71.6281216,-4.476253],[-71.6170211,-4.467820500000035],[-71.6116461,-4.472611199999989],[-71.613613,-4.483867600000039],[-71.6217534,-4.502719],[-71.63419769999999,-4.509009299999986],[-71.6344119,-4.512534199999977],[-71.6214041,-4.526866100000029],[-71.6029799,-4.529418699999971],[-71.5934568,-4.5266923],[-71.56821759999998,-4.507042399999963],[-71.56031090000002,-4.491501600000021],[-71.55178110000001,-4.486633],[-71.5590061,-4.4783173],[-71.5503789,-4.476778800000041],[-71.536474,-4.482114899999981],[-71.5405247,-4.4690084],[-71.537253,-4.463769800000024],[-71.5255098,-4.465873],[-71.5175057,-4.4627571],[-71.51688249999998,-4.4729034],[-71.4946425,-4.486224],[-71.4949346,-4.471540100000027],[-71.5076321,-4.457167900000033],[-71.5080021,-4.4386475],[-71.4832303,-4.457635199999965],[-71.4778943,-4.4521823],[-71.47855639999999,-4.434596799999983],[-71.4615551,-4.4399523],[-71.4516035,-4.432493500000018],[-71.451214,-4.447489],[-71.4380102,-4.4498454],[-71.4333948,-4.444100400000019],[-71.4393345,-4.431617099999972],[-71.4333363,-4.428501199999962],[-71.4238132,-4.437946399999971],[-71.4117584,-4.4375179],[-71.4321854,-4.448589899999969],[-71.4335098,-4.4589412],[-71.4245875,-4.469222699999965],[-71.4088689,-4.4482763],[-71.4015063,-4.444530800000026]]]}},{"type":"Feature","properties":{"CD_MUN":"1303908","NM_MUN":"São Paulo de Olivença","SIGLA_UF":"AM","CodigoIBGE":"1303908","SubRegiaoNumero":1,"CalhaSubRegiao":"Região do Alto Solimões"},"geometry":{"type":"Polygon","coordinates":[[[-68.63349969999999,-3.228437],[-68.6246616,-3.6921494],[-68.6675527,-3.707753099999969],[-68.6944388,-3.701566399999973],[-68.7450761,-3.69973340000003],[-68.7601596,-3.705730900000023],[-68.7711914,-3.747097500000045],[-68.7971313,-3.750330600000045],[-68.8089962,-3.735599399999979],[-68.8185735,-3.735983399999962],[-68.8249669,-3.743905],[-68.8276322,-3.76016320000002],[-68.8188581,-3.79670780000004],[-68.8223777,-3.811596100000043],[-68.8326334,-3.826976500000027],[-68.832572,-3.836839699999957],[-68.8229081,-3.849429799999971],[-68.8207858,-3.859255700000032],[-68.839217,-3.887475700000037],[-68.8404325,-3.896572200000034],[-68.8354055,-3.911964100000011],[-68.8148315,-3.92811530000004],[-68.8124353,-3.9370578],[-68.8281633,-3.984342400000046],[-68.8287647,-4.0004873],[-68.8376276,-4.025360800000015],[-68.8579103,-4.060755900000031],[-68.88024320000001,-4.070490600000031],[-68.8898777,-4.093747499999964],[-68.9105454,-4.1063404],[-68.9207107,-4.1471684],[-68.9356116,-4.169185499999971],[-68.9507716,-4.208653900000018],[-68.9512991,-4.233311499999982],[-68.9361901,-4.274358199999972],[-68.9425778,-4.326399399999983],[-68.958876,-4.326499099999982],[-68.9619928,-4.333498700000024],[-68.9879946,-4.3365072],[-69.0121007,-4.344629399999958],[-69.0175537,-4.352361899999986],[-69.0234117,-4.367446899999972],[-69.0287754,-4.412035799999982],[-69.0279125,-4.524638],[-69.0398598,-4.5783591],[-69.065552,-4.596958700000029],[-69.0836304,-4.620698900000026],[-69.0913837,-4.665895700000012],[-69.1219405,-4.723423900000014],[-69.1373536,-4.7159775],[-69.1490462,-4.719199899999984],[-69.1621866,-4.7365079],[-69.1656624,-4.772048100000031],[-69.1814647,-4.7947735],[-69.2301315,-4.807645],[-69.2827525,-4.852026600000032],[-69.2905479,-4.880348],[-69.3002786,-4.895465],[-69.3159676,-4.906184799999975],[-69.3314146,-4.931921],[-69.34410490000002,-4.9648488],[-69.3598285,-4.9817423],[-69.3872413,-4.989462799999975],[-69.3995848,-4.9842945],[-69.4170572,-4.96358450000002],[-69.4298333,-4.964927899999976],[-69.4341785,-4.979403900000026],[-69.4233615,-5.000561799999969],[-69.4220225,-5.016926100000021],[-69.4271041,-5.0388093],[-69.45188939999998,-5.072189199999976],[-69.4715865,-5.12280239999998],[-69.5201392,-5.149978499999974],[-69.5313606,-5.177471199999987],[-69.5318072,-5.2079146],[-69.5383369,-5.236379199999975],[-69.547779,-5.2443642],[-69.5666115,-5.246835700000018],[-69.5760272,-5.2385468],[-69.5668328,-5.2185953],[-69.5672236,-5.210088599999979],[-69.5941112,-5.206882899999989],[-69.6061613,-5.2106685],[-69.6466939,-5.237275700000017],[-69.6912761,-5.2407865],[-69.7007468,-5.258302299999987],[-69.7426991,-5.26527770000002],[-69.7560563,-5.2786898],[-69.7829405,-5.286992],[-69.7798847,-5.298617200000038],[-69.7884479,-5.311358100000025],[-69.7843919,-5.3464109],[-69.7940805,-5.350021899999987],[-69.8014173,-5.343782800000024],[-69.8097443,-5.3475065],[-69.8509188,-5.342403300000023],[-69.8814758,-5.354312400000018],[-69.906752,-5.35591080000003],[-69.9298603,-5.369652499999986],[-69.9328913,-5.3851235],[-69.9256398,-5.394775],[-69.9013645,-5.403384699999972],[-69.8944726,-5.410247199999978],[-69.8840282,-5.4401506],[-69.8585824,-5.475007500000022],[-69.8502775,-5.493726399999967],[-69.854528,-5.5059122],[-69.8715293,-5.511331099999974],[-69.8943658,-5.5412301],[-69.8939125,-5.557960600000016],[-69.8801678,-5.6039115],[-69.8831119,-5.616946599999974],[-69.90558129999998,-5.620366100000011],[-69.9164757,-5.624713599999977],[-69.9206166,-5.631732899999983],[-69.92016340000002,-5.6433033],[-69.9046632,-5.666346100000013],[-69.9043909,-5.706377199999986],[-69.9225045,-5.7568043],[-69.9279458,-5.7629201],[-69.9399998,-5.7650004],[-69.9479716,-5.7608398],[-69.957278,-5.7638298],[-69.975976,-5.780804],[-69.989608,-5.81372],[-70.0008946,-5.866028900000021],[-70.01439,-5.8838667],[-70.0137564,-5.917879800000027],[-70.001194,-5.922331099999989],[-69.9972845,-5.93339490000002],[-69.9991131,-5.941784099999973],[-70.0181368,-5.968387499999986],[-70.0265338,-5.98969579999998],[-70.0538388,-6.0089001],[-70.0658972,-6.023995399999966],[-70.0752258,-6.0259159],[-70.079444,-6.0344927],[-70.1112512,-6.049631],[-70.1204772,-6.04874],[-70.12006,-6.05757049999998],[-70.1127795,-6.0615476],[-70.11124950000001,-6.069171700000028],[-70.1271386,-6.101435399999983],[-70.1166711,-6.124630099999979],[-70.1202001,-6.143755799999982],[-70.1401448,-6.164378699999966],[-70.1671489,-6.215163499999987],[-70.1875014,-6.221916300000014],[-70.2055364,-6.241736799999982],[-70.2295901,-6.244172799999982],[-70.2617555,-6.267200399999973],[-70.2877863,-6.274958500000023],[-70.296399,-6.289475400000025],[-70.3232251,-6.296883099999988],[-70.3377834,-6.3067398],[-70.3451428,-6.3025278],[-70.3530607,-6.263533399999972],[-70.3683652,-6.256598600000019],[-70.3723682,-6.2475318],[-70.3667246,-6.229903],[-70.3807847,-6.21712930000001],[-70.3920273,-6.19175780000001],[-70.3989492,-6.186795699999982],[-70.4078692,-6.18986189999998],[-70.4111991,-6.196777600000024],[-70.4180082,-6.19313920000002],[-70.4360326,-6.193987499999981],[-70.4454496,-6.177680599999981],[-70.444978,-6.1656476],[-70.442698,-6.157865699999983],[-70.4338705,-6.155381400000026],[-70.4303944,-6.148114900000017],[-70.4255645,-6.1209743],[-70.3943712,-6.0882033],[-70.3586175,-6.032470899999988],[-70.3413391,-6.021536199999979],[-70.3139749,-6.018549600000015],[-70.3076951,-6.011808900000013],[-70.310197,-5.9607413],[-70.3231992,-5.944614600000015],[-70.32348029999999,-5.934520199999973],[-70.3035373,-5.905596600000012],[-70.2982583,-5.855669],[-70.269528,-5.829943099999984],[-70.2678094,-5.8185532],[-70.2741734,-5.795694300000023],[-70.2589787,-5.752128199999987],[-70.2643677,-5.711694499999973],[-70.2536974,-5.69244670000002],[-70.2581446,-5.680020299999973],[-70.2811176,-5.666527],[-70.2883383,-5.6516599],[-70.2864158,-5.6283602],[-70.2729223,-5.6165472],[-70.2538673,-5.618686200000012],[-70.24858550000002,-5.612006899999966],[-70.2356682,-5.5799491],[-70.2415564,-5.57200040000003],[-70.2371705,-5.563104799999977],[-70.2109963,-5.542195100000022],[-70.1977556,-5.509684899999983],[-70.1948074,-5.4697148],[-70.1803082,-5.410390100000035],[-70.1879172,-5.3569063],[-70.1764458,-5.330061900000029],[-70.1504222,-5.290371399999979],[-70.1561388,-5.245912200000014],[-70.1508575,-5.222620100000028],[-70.1066685,-5.17751659999998],[-70.0920831,-5.1336071],[-70.0438874,-5.09303920000001],[-70.0212252,-5.06020110000003],[-69.9988907,-5.016745699999978],[-69.973669,-5.003981600000011],[-69.9576084,-5.011431300000028],[-69.9483869,-5.0007438],[-69.9503575,-4.9717663],[-69.9718059,-4.929625],[-69.9727779,-4.906299600000021],[-69.9566055,-4.878778099999973],[-69.9336089,-4.856006399999974],[-69.900387,-4.797797200000026],[-69.8853314,-4.733595],[-69.8696613,-4.721186199999969],[-69.8321943,-4.707720899999975],[-69.79494090000001,-4.673650799999966],[-69.7640253,-4.653744400000037],[-69.7098335,-4.588131500000021],[-69.6824674,-4.5772545],[-69.6232223,-4.580955700000015],[-69.6146656,-4.573981900000015],[-69.6198595,-4.5337036],[-69.6103334,-4.514399400000032],[-69.5898591,-4.506711600000036],[-69.5484448,-4.502649099999981],[-69.5240555,-4.445729899999981],[-69.5034943,-4.4294882],[-69.4701878,-4.418100299999979],[-69.4478599,-4.423725299999967],[-69.4380279,-4.399176699999964],[-69.4371851,-4.384486],[-69.4490721,-4.356565899999979],[-69.490414,-4.341010200000023],[-69.5160855,-4.3193757],[-69.5331002,-4.27907520000003],[-69.5062781,-4.261002899999976],[-69.4658068,-4.195019500000011],[-69.4066116,-4.1696263],[-69.4007244,-4.155692300000018],[-69.4080716,-4.152993700000021],[-69.4272256,-4.130843],[-69.4386388,-4.133001799999962],[-69.4584033,-4.121343399999961],[-69.4887996,-4.130850200000038],[-69.5169837,-4.1300587],[-69.5298717,-4.1183832],[-69.5372456,-4.088113],[-69.528321,-4.0535271],[-69.5206581,-4.046853200000016],[-69.4337795,-4.004067599999981],[-69.4182108,-3.9883368],[-69.3940357,-3.9040885],[-69.3935143,-3.831055799999969],[-69.3975423,-3.8197974],[-69.4188768,-3.804414],[-69.4246594,-3.7945532],[-69.4143561,-3.758018400000021],[-69.4399946,-3.716946200000045],[-69.4573636,-3.72198550000003],[-69.4656466,-3.717410300000012],[-69.4658821,-3.732710299999987],[-69.4788598,-3.733058299999954],[-69.4956644,-3.740294300000023],[-69.5313566,-3.731952799999988],[-69.5331859,-3.739590199999963],[-69.5552505,-3.7512569],[-69.5596653,-3.759904100000028],[-69.5767409,-3.761135699999966],[-69.6006379,-3.7709991],[-69.6184444,-3.769929699999957],[-69.6450259,-3.7915967],[-69.66082980000002,-3.795628],[-69.6657127,-3.805508099999981],[-69.6845533,-3.8120044],[-69.6832127,-3.802306300000029],[-69.6760532,-3.799278],[-69.6804354,-3.784056100000051],[-69.6771908,-3.7761091],[-69.6656936,-3.75453880000003],[-69.6529705,-3.743626500000037],[-69.6499363,-3.715767699999962],[-69.6436055,-3.698691200000016],[-69.6374569,-3.6888025],[-69.6268045,-3.6840591],[-69.626522,-3.657778699999952],[-69.6186775,-3.652932900000025],[-69.6053199,-3.632681300000021],[-69.5962194,-3.5996983],[-69.5873342,-3.59010020000002],[-69.5695286,-3.592617799999949],[-69.5639882,-3.5859875],[-69.5573296,-3.585630100000014],[-69.5358193,-3.59974],[-69.5289542,-3.59519949999997],[-69.5167111,-3.6007774],[-69.5123555,-3.591906399999981],[-69.5064807,-3.591715499999953],[-69.4970752,-3.58283119999997],[-69.502551,-3.574897400000022],[-69.4999451,-3.568148799999967],[-69.5042191,-3.566457600000017],[-69.5066306,-3.553947],[-69.5130419,-3.549242799999957],[-69.5208861,-3.550037899999948],[-69.524742,-3.5437381],[-69.5151947,-3.540910900000012],[-69.512793,-3.532964899999949],[-69.5009055,-3.527935900000033],[-69.5031676,-3.521817299999963],[-69.4942484,-3.50526960000002],[-69.484427,-3.506385699999965],[-69.4794453,-3.51327720000005],[-69.474021,-3.5088241],[-69.4724892,-3.513502],[-69.4640602,-3.510628200000056],[-69.457922,-3.500142099999974],[-69.4489244,-3.497823400000019],[-69.4480308,-3.501601699999966],[-69.4397931,-3.500874600000026],[-69.4404851,-3.49729089999997],[-69.4319233,-3.490098400000016],[-69.4189419,-3.492551200000028],[-69.4136426,-3.485329],[-69.41227360000002,-3.488509900000033],[-69.4120862,-3.48525639999997],[-69.4078281,-3.486468599999969],[-69.4087902,-3.479087900000046],[-69.39998040000002,-3.4765221],[-69.4013264,-3.468113500000045],[-69.393125,-3.46728919999995],[-69.3936965,-3.464602200000016],[-69.383485,-3.467361299999985],[-69.3793612,-3.452934900000039],[-69.3698081,-3.453454499999977],[-69.3702462,-3.456312800000041],[-69.3662165,-3.450043],[-69.359815,-3.454849300000024],[-69.3566216,-3.4387586],[-69.3473103,-3.431885300000021],[-69.3421944,-3.405930500000037],[-69.3384584,-3.404033100000025],[-69.33723539999998,-3.409544],[-69.3274316,-3.394120500000031],[-69.3189234,-3.393864500000014],[-69.31857260000001,-3.404282700000016],[-69.3029229,-3.4133619],[-69.2995566,-3.408329300000021],[-69.2935096,-3.4130581],[-69.291924,-3.406366699999975],[-69.2888648,-3.408379499999958],[-69.2837702,-3.403858500000033],[-69.2746668,-3.408508],[-69.2552248,-3.40752329999996],[-69.250468,-3.400336299999983],[-69.2444345,-3.403258899999968],[-69.24190750000001,-3.384046200000022],[-69.23169,-3.3665005],[-69.2215026,-3.360652900000022],[-69.2022872,-3.359988800000047],[-69.2061026,-3.35744],[-69.2047316,-3.352614200000013],[-69.1971407,-3.34107849999997],[-69.1859313,-3.334072399999961],[-69.1883385,-3.326169400000049],[-69.1830316,-3.29837910000003],[-69.1735607,-3.28950569999998],[-69.1162256,-3.2904198],[-69.09599380000002,-3.296987],[-69.0838353,-3.3126202],[-69.0817903,-3.308322099999988],[-69.0687975,-3.308762400000021],[-69.0617251,-3.295458399999946],[-69.0511508,-3.292919399999981],[-69.042107,-3.2812868],[-69.0323782,-3.278634200000047],[-69.03392,-3.259944699999952],[-69.0229844,-3.25648880000002],[-69.0149834,-3.236229900000047],[-69.006367,-3.240928],[-69.0020908,-3.230908900000023],[-68.9965326,-3.2288237],[-68.983632,-3.23949279999996],[-68.9810035,-3.234152400000053],[-68.9616495,-3.225468399999952],[-68.9341668,-3.223445899999965],[-68.9290679,-3.214532],[-68.9103665,-3.207357199999989],[-68.8726713,-3.217445500000042],[-68.8721378,-3.21014],[-68.8780308,-3.205137799999984],[-68.8605024,-3.206521399999951],[-68.85143669999998,-3.20112459999997],[-68.8549314,-3.193169500000014],[-68.8525142,-3.185952],[-68.8426942,-3.188071399999971],[-68.8421031,-3.18394439999997],[-68.8333826,-3.182694899999987],[-68.839383,-3.196200300000025],[-68.8355509,-3.19862870000004],[-68.8281701,-3.188396699999988],[-68.813019,-3.185804100000041],[-68.8122322,-3.17841980000002],[-68.8041484,-3.173047899999974],[-68.7987124,-3.17324720000004],[-68.7905777,-3.18317],[-68.7907216,-3.188440700000012],[-68.7990327,-3.191723],[-68.7950425,-3.194731199999982],[-68.7818329,-3.193465700000012],[-68.7772904,-3.190289099999956],[-68.7766786,-3.181543300000047],[-68.7709413,-3.182305899999957],[-68.7419698,-3.167248100000024],[-68.7278956,-3.17184479999995],[-68.7055896,-3.201589],[-68.7060826,-3.230376599999961],[-68.6886003,-3.233385600000052],[-68.67758560000001,-3.230248],[-68.6744227,-3.24133230000001],[-68.6642725,-3.2315193],[-68.6489424,-3.233161600000036],[-68.645661,-3.222496399999971],[-68.6277752,-3.220156599999964],[-68.63349969999999,-3.228437]]]}},{"type":"Feature","properties":{"CD_MUN":"1300060","NM_MUN":"Amaturá","SIGLA_UF":"AM","CodigoIBGE":"1300060","SubRegiaoNumero":1,"CalhaSubRegiao":"Região do Alto Solimões"},"geometry":{"type":"Polygon","coordinates":[[[-67.9428496,-3.329587],[-67.834039,-3.334378],[-67.851317,-3.349518499999963],[-67.8540713,-3.366465899999966],[-67.8454322,-3.381462799999961],[-67.8590972,-3.4015438],[-67.8674629,-3.40625979999997],[-67.891461,-3.4065042],[-67.9123494,-3.4224248],[-67.9478484,-3.430600699999954],[-67.9641581,-3.4314323],[-67.9940369,-3.419774100000014],[-68.055766,-3.412898599999976],[-68.0699112,-3.4193777],[-68.0720992,-3.428450900000025],[-68.0682954,-3.436625],[-68.029541,-3.46493620000002],[-68.0264381,-3.474000199999969],[-68.029825,-3.4909315],[-68.0457942,-3.522923600000018],[-68.0440444,-3.54329490000004],[-68.031408,-3.553271600000043],[-68.0127899,-3.558263400000019],[-68.0047388,-3.571554599999987],[-68.0099892,-3.589075799999969],[-68.0247639,-3.597407400000016],[-68.0347653,-3.622037299999977],[-68.0374068,-3.639488400000022],[-68.0343503,-3.6857142],[-68.0404591,-3.7112075],[-68.0356014,-3.734805199999955],[-68.0396538,-3.743793699999979],[-68.0901302,-3.752821799999971],[-68.1057101,-3.764593099999965],[-68.1819871,-3.770532],[-68.1964926,-3.761255199999953],[-68.2109908,-3.7208197],[-68.2560746,-3.6937421],[-68.2715457,-3.69571080000003],[-68.2844051,-3.706972599999973],[-68.306492,-3.707065800000039],[-68.3354635,-3.726113700000027],[-68.3678798,-3.72046080000001],[-68.3837449,-3.723217399999969],[-68.4085197,-3.7678958],[-68.4471851,-3.775039],[-68.4645203,-3.749549100000017],[-68.5148544,-3.716578100000037],[-68.5348262,-3.688097100000044],[-68.5563798,-3.674025100000019],[-68.5695477,-3.652588799999949],[-68.5783285,-3.649025100000031],[-68.5938845,-3.655008800000029],[-68.6013512,-3.6612159],[-68.609991,-3.683764099999952],[-68.6246616,-3.6921494],[-68.632525,-3.230180499999971],[-68.6085064,-3.237740599999965],[-68.6000548,-3.23440770000005],[-68.6030175,-3.2200931],[-68.6150791,-3.22476190000001],[-68.6172331,-3.221587800000039],[-68.6102522,-3.211811899999972],[-68.5945571,-3.211837700000045],[-68.5986159,-3.206415],[-68.6113867,-3.207154500000038],[-68.6133043,-3.202492799999957],[-68.5929762,-3.182560099999945],[-68.5665722,-3.178483500000048],[-68.5554851,-3.2007247],[-68.5471628,-3.190005900000047],[-68.5371761,-3.197799],[-68.5231691,-3.193705899999957],[-68.5104701,-3.175237600000033],[-68.4908238,-3.173117699999957],[-68.4616848,-3.182004600000045],[-68.4579813,-3.158416699999972],[-68.452365,-3.161075599999946],[-68.4320304,-3.158167499999975],[-68.428315,-3.1485148],[-68.4224996,-3.163217599999964],[-68.4161104,-3.165757799999976],[-68.4209937,-3.1412194],[-68.41874230000002,-3.137304600000017],[-68.4093835,-3.138478600000037],[-68.411712,-3.133630799999982],[-68.4187487,-3.132365900000043],[-68.4214724,-3.120066199999972],[-68.4197845,-3.0938975],[-68.4121282,-3.084706800000016],[-68.3968605,-3.08194170000001],[-68.3816194,-3.10612270000005],[-68.3746563,-3.096961500000029],[-68.38132769999999,-3.086185199999958],[-68.3760986,-3.086718499999974],[-68.3738174,-3.09233079999997],[-68.3645571,-3.093141800000014],[-68.3548307,-3.103724800000041],[-68.35176470000002,-3.1016647],[-68.3538952,-3.087899699999973],[-68.3455978,-3.097148600000051],[-68.3373531,-3.091525499999975],[-68.3124692,-3.097454900000054],[-68.2850985,-3.077468099999968],[-68.2780194,-3.083864],[-68.2892351,-3.088557699999937],[-68.2853965,-3.103124099999989],[-68.27792060000002,-3.10549260000005],[-68.2767755,-3.113259599999986],[-68.2646913,-3.112872],[-68.2593013,-3.121613100000033],[-68.2475976,-3.127263099999966],[-68.2348736,-3.123118500000052],[-68.2298147,-3.113794100000013],[-68.2311304,-3.105159300000041],[-68.2409467,-3.099173400000036],[-68.2421013,-3.087125900000062],[-68.2109308,-3.068786699999946],[-68.207224,-3.072806500000026],[-68.2141183,-3.077800799999969],[-68.209542,-3.0816965],[-68.2018752,-3.075259],[-68.1938873,-3.0780017],[-68.177479,-3.064840399999951],[-68.173745,-3.070982],[-68.1786629,-3.080419900000053],[-68.1712201,-3.085937600000036],[-68.1801268,-3.0867424],[-68.17702049999998,-3.114038499999982],[-68.159916,-3.109882299999974],[-68.1439998,-3.129566699999962],[-68.1340546,-3.134791699999957],[-68.1290999,-3.132839399999975],[-68.1299014,-3.117474799999953],[-68.1125369,-3.112409799999979],[-68.1012004,-3.125792900000039],[-68.0981498,-3.141879199999944],[-68.083241,-3.122366200000055],[-68.0783498,-3.127781599999982],[-68.0722423,-3.126186800000032],[-68.0720834,-3.1214132],[-68.08054,-3.120505499999978],[-68.079383,-3.11329429999997],[-68.0739632,-3.112497],[-68.0610977,-3.128049399999986],[-68.0513269,-3.154596500000014],[-68.0356919,-3.162107099999972],[-67.9864356,-3.136231100000046],[-67.9754757,-3.136436300000041],[-67.9727185,-3.145615],[-67.9661256,-3.146974500000039],[-67.9512169,-3.167478800000041],[-67.9217951,-3.2354869],[-67.9243206,-3.271925900000047],[-67.9428496,-3.329587]]]}},{"type":"Feature","properties":{"CD_MUN":"1300607","NM_MUN":"Benjamin Constant","SIGLA_UF":"AM","CodigoIBGE":"1300607","SubRegiaoNumero":1,"CalhaSubRegiao":"Região do Alto Solimões"},"geometry":{"type":"Polygon","coordinates":[[[-70.03575320901494,-4.355842855811126],[-70.01185486883861,-4.331386094158673],[-69.99856119385333,-4.328004131579006],[-69.9950313785613,-4.322453389364659],[-69.98436342639388,-4.324025959509742],[-69.98388702503195,-4.333587752546075],[-69.99057440706633,-4.342990998547193],[-69.98100011599985,-4.344288226999948],[-69.94969219147697,-4.31816431145853],[-69.93808346747642,-4.295097626116342],[-69.94676670023057,-4.272294321147931],[-69.9316523,-4.291831],[-69.9128145,-4.29330369999997],[-69.8513119,-4.339618900000028],[-69.7856618,-4.372292499999955],[-69.7095793,-4.35067959999997],[-69.6481479,-4.314165299999982],[-69.56497429999999,-4.307147299999966],[-69.5347456,-4.284671900000014],[-69.5331002,-4.27907520000003],[-69.5160855,-4.3193757],[-69.490414,-4.341010200000023],[-69.4490721,-4.356565899999979],[-69.4371851,-4.384486],[-69.4380279,-4.399176699999964],[-69.4478599,-4.423725299999967],[-69.4701878,-4.418100299999979],[-69.5034943,-4.4294882],[-69.5240555,-4.445729899999981],[-69.5484448,-4.502649099999981],[-69.5898591,-4.506711600000036],[-69.6103334,-4.514399400000032],[-69.6198595,-4.5337036],[-69.6146656,-4.573981900000015],[-69.6232223,-4.580955700000015],[-69.6824674,-4.5772545],[-69.7098335,-4.588131500000021],[-69.7640253,-4.653744400000037],[-69.79494090000001,-4.673650799999966],[-69.8321943,-4.707720899999975],[-69.8696613,-4.721186199999969],[-69.8853314,-4.733595],[-69.900387,-4.797797200000026],[-69.9336089,-4.856006399999974],[-69.9566055,-4.878778099999973],[-69.9727779,-4.906299600000021],[-69.9718059,-4.929625],[-69.9503575,-4.9717663],[-69.9483869,-5.0007438],[-69.9576084,-5.011431300000028],[-69.973669,-5.003981600000011],[-69.9988907,-5.016745699999978],[-70.0212252,-5.06020110000003],[-70.0438874,-5.09303920000001],[-70.0920831,-5.1336071],[-70.1066685,-5.17751659999998],[-70.1508575,-5.222620100000028],[-70.1561388,-5.245912200000014],[-70.1504222,-5.290371399999979],[-70.1764458,-5.330061900000029],[-70.1879172,-5.3569063],[-70.1803082,-5.410390100000035],[-70.1948074,-5.4697148],[-70.1977556,-5.509684899999983],[-70.2109963,-5.542195100000022],[-70.2371705,-5.563104799999977],[-70.2415564,-5.57200040000003],[-70.2356682,-5.5799491],[-70.24858550000002,-5.612006899999966],[-70.2538673,-5.618686200000012],[-70.2729223,-5.6165472],[-70.2864158,-5.6283602],[-70.2883383,-5.6516599],[-70.2811176,-5.666527],[-70.2581446,-5.680020299999973],[-70.2536974,-5.69244670000002],[-70.2643677,-5.711694499999973],[-70.2589787,-5.752128199999987],[-70.2741734,-5.795694300000023],[-70.2678094,-5.8185532],[-70.269528,-5.829943099999984],[-70.2982583,-5.855669],[-70.3035373,-5.905596600000012],[-70.32348029999999,-5.934520199999973],[-70.3231992,-5.944614600000015],[-70.310197,-5.9607413],[-70.3076951,-6.011808900000013],[-70.3139749,-6.018549600000015],[-70.3413391,-6.021536199999979],[-70.3586175,-6.032470899999988],[-70.3943712,-6.0882033],[-70.4255645,-6.1209743],[-70.4303944,-6.148114900000017],[-70.4338705,-6.155381400000026],[-70.442698,-6.157865699999983],[-70.444978,-6.1656476],[-70.4454496,-6.177680599999981],[-70.4360326,-6.193987499999981],[-70.4180082,-6.19313920000002],[-70.4111991,-6.196777600000024],[-70.4078692,-6.18986189999998],[-70.3989492,-6.186795699999982],[-70.3920273,-6.19175780000001],[-70.3807847,-6.21712930000001],[-70.3667246,-6.229903],[-70.3723682,-6.2475318],[-70.3683652,-6.256598600000019],[-70.3530607,-6.263533399999972],[-70.3475293,-6.280568900000022],[-70.3489565,-6.2903087],[-70.3652811,-6.293344800000023],[-70.38015669999999,-6.30419059999997],[-70.3853289,-6.3136685],[-70.3854912,-6.33428540000001],[-70.40225850000002,-6.3577105],[-70.4044208,-6.375465700000024],[-70.4217105,-6.371560900000016],[-70.45471569999998,-6.380429500000032],[-70.4625081,-6.385327399999969],[-70.4702292,-6.4013825],[-70.5005102,-6.409399399999972],[-70.5088081,-6.416105200000027],[-70.5257878,-6.4494541],[-70.56475,-6.48473],[-70.5718696,-6.5049845],[-70.5718988,-6.534523],[-70.5867657,-6.5597184],[-70.600008,-6.6015255],[-70.6173384,-6.606946],[-70.65359689999998,-6.59509939999997],[-70.6809798,-6.6092463],[-70.7019817,-6.6365333],[-70.7177919,-6.642782399999986],[-70.730842,-6.654107099999981],[-70.7569542,-6.6484445],[-70.7656238,-6.65119590000001],[-70.77690339999998,-6.664183799999988],[-70.7823112,-6.7016222],[-70.7904324,-6.7072229],[-70.81686989999999,-6.711759899999977],[-70.834758,-6.719379300000015],[-70.854244,-6.7156734],[-70.8642023,-6.7263799],[-70.9007262,-6.705715100000011],[-70.9064578,-6.721522099999986],[-70.9152868,-6.720873299999978],[-70.9299872,-6.697012899999987],[-70.9315349,-6.671897],[-70.949651,-6.677372800000013],[-70.9754849,-6.65098],[-70.9934701,-6.646794899999983],[-71.0071492,-6.6563013],[-71.02426350000002,-6.6533081],[-71.0907638,-6.6605219],[-71.1042898,-6.675731],[-71.1032093,-6.7025671],[-71.1066227,-6.7096888],[-71.1290923,-6.6939465],[-71.1371371,-6.696600899999979],[-71.1434888,-6.706274799999978],[-71.1714831,-6.705379099999988],[-71.1804814,-6.708983799999984],[-71.1895121,-6.726939799999985],[-71.2353409,-6.720659],[-71.2472561,-6.731947200000021],[-71.27259510000002,-6.725224699999979],[-71.2932319,-6.7065338],[-71.3000903,-6.69080710000003],[-71.3433284,-6.681320700000025],[-71.34139879999998,-6.6715353],[-71.334316,-6.6685454],[-71.3022392,-6.678104700000021],[-71.2803662,-6.6638033],[-71.2572698,-6.634481799999967],[-71.2439888,-6.626462299999979],[-71.2433222,-6.620341700000022],[-71.2316727,-6.61571689999997],[-71.2180878,-6.622034099999969],[-71.205667,-6.619766500000019],[-71.19233,-6.625347699999985],[-71.18352659999998,-6.6167143],[-71.172622,-6.622473500000019],[-71.148607,-6.6150938],[-71.141138,-6.6190727],[-71.136789,-6.6146658],[-71.12626880000002,-6.614921099999983],[-71.1228941,-6.609857799999978],[-71.1118281,-6.612850899999987],[-71.0970848,-6.603840700000011],[-71.08654,-6.608038599999975],[-71.0793565,-6.590376599999987],[-71.0661557,-6.57994220000002],[-71.0645385,-6.569333499999982],[-71.0592409,-6.5673655],[-71.0450795,-6.541948200000024],[-71.040408,-6.544283100000028],[-71.0265182,-6.540376100000023],[-71.0278816,-6.537720199999987],[-71.0228256,-6.539925],[-71.0163655,-6.531541399999977],[-71.0113316,-6.532983099999981],[-71.01152,-6.5371618],[-71.005209,-6.5328249],[-70.9890404,-6.534447099999987],[-70.9783363,-6.52042960000001],[-70.9603938,-6.516322799999973],[-70.9514625,-6.5176513],[-70.951911,-6.5247123],[-70.9425756,-6.523598299999984],[-70.9421033,-6.52823],[-70.9398422,-6.5255465],[-70.9363981,-6.529187199999987],[-70.916871,-6.5137672],[-70.9142093,-6.5152545],[-70.9125973,-6.5090812],[-70.9080477,-6.509165],[-70.9057155,-6.503696599999973],[-70.9091456,-6.5008793],[-70.9018584,-6.4924136],[-70.8817236,-6.487890699999971],[-70.8804256,-6.492548900000013],[-70.8695849,-6.493455599999979],[-70.86831419999999,-6.497375800000022],[-70.853392,-6.493847],[-70.8533587,-6.490025300000016],[-70.8363064,-6.4771613],[-70.8346266,-6.470167800000014],[-70.8275151,-6.468075500000021],[-70.8274165,-6.461839600000022],[-70.823032,-6.4642032],[-70.8177071,-6.4612266],[-70.8135551,-6.443062],[-70.8049669,-6.439981899999986],[-70.8080316,-6.4329417],[-70.8058024,-6.42960270000002],[-70.8036817,-6.431727399999982],[-70.8037333,-6.42609850000002],[-70.7981502,-6.4255534],[-70.7987109,-6.417138199999989],[-70.7915691,-6.414631600000012],[-70.7858333,-6.405379400000016],[-70.78359650000002,-6.409735800000014],[-70.7828016,-6.405606200000014],[-70.7785773,-6.409070600000011],[-70.773424,-6.405972800000029],[-70.7758094,-6.3929198],[-70.7611987,-6.3863484],[-70.756806,-6.376216699999974],[-70.7462778,-6.377804400000024],[-70.73282610000001,-6.371778200000018],[-70.7329769,-6.3652464],[-70.7269894,-6.3629998],[-70.73017790000002,-6.360838499999987],[-70.7201269,-6.354730200000011],[-70.7213467,-6.346337199999986],[-70.7109797,-6.342360799999982],[-70.7128153,-6.3370213],[-70.7046995,-6.334988899999978],[-70.705981,-6.330569900000023],[-70.6983093,-6.3274657],[-70.6968613,-6.311738299999979],[-70.6859768,-6.313197],[-70.6801894,-6.302558900000028],[-70.6743808,-6.3057314],[-70.6687003,-6.30086770000001],[-70.6654414,-6.303584400000021],[-70.6586389,-6.28882630000001],[-70.6552449,-6.291485499999986],[-70.6537035,-6.286288700000028],[-70.6451872,-6.2842836],[-70.6446484,-6.278829],[-70.6426499,-6.282467],[-70.6329878,-6.277278800000015],[-70.6319835,-6.268381499999984],[-70.6279556,-6.269084800000011],[-70.6235841,-6.2596654],[-70.6171546,-6.253401199999971],[-70.614452,-6.255351799999983],[-70.6153989,-6.248648899999987],[-70.6074368,-6.242383599999978],[-70.6050875,-6.244377700000021],[-70.5985233,-6.236208399999983],[-70.5988746,-6.232547099999987],[-70.6015179,-6.2342114],[-70.5965075,-6.229861599999972],[-70.5974117,-6.216978],[-70.5849417,-6.21176139999997],[-70.589036,-6.2039361],[-70.5848604,-6.199577399999981],[-70.5948113,-6.1887205],[-70.59165440000001,-6.1816215],[-70.5889039,-6.182744599999975],[-70.5907212,-6.168075600000016],[-70.5783281,-6.154440500000012],[-70.5858013,-6.153725900000016],[-70.5852858,-6.149446900000034],[-70.5913451,-6.147093499999983],[-70.5897872,-6.141611699999985],[-70.5927869,-6.14382520000001],[-70.5967382,-6.13896850000001],[-70.5945644,-6.133877599999982],[-70.5979575,-6.133923699999984],[-70.598523,-6.12887],[-70.5925826,-6.1251245],[-70.5976622,-6.120189500000013],[-70.58648709999999,-6.1146255],[-70.5938608,-6.107144800000013],[-70.5916642,-6.0952459],[-70.5966997,-6.0950616],[-70.5956059,-6.085770899999988],[-70.591723,-6.08770589999998],[-70.5927557,-6.0808701],[-70.5985567,-6.085147600000025],[-70.6027328,-6.078872800000021],[-70.6085788,-6.079570099999983],[-70.6063215,-6.073434900000025],[-70.6114211,-6.075122799999983],[-70.6114739,-6.067818699999981],[-70.6073694,-6.063496],[-70.6119,-6.061854600000018],[-70.6080779,-6.0564608],[-70.6142024,-6.053915100000011],[-70.6097905,-6.05091190000003],[-70.613931,-6.0478832],[-70.6098525,-6.0439467],[-70.6210691,-6.04001],[-70.6191272,-6.035619900000017],[-70.6236171,-6.0357314],[-70.6264468,-6.027704399999988],[-70.6234343,-6.0244829],[-70.630048,-6.024579600000014],[-70.6323901,-6.0204432],[-70.6302672,-6.012880299999983],[-70.6207609,-6.013193700000025],[-70.6101619,-6.004815700000028],[-70.6173279,-5.994538],[-70.6156712,-5.989003499999976],[-70.623812,-5.9824988],[-70.6212974,-5.977051],[-70.6068305,-5.968868],[-70.61213119999998,-5.963553900000026],[-70.60800070000002,-5.959625900000024],[-70.6139729,-5.957296500000012],[-70.6136821,-5.9522184],[-70.6168691,-5.958286800000013],[-70.6179463,-5.9509659],[-70.6089091,-5.9480446],[-70.6072659,-5.95218469999998],[-70.599604,-5.952685800000017],[-70.6039341,-5.945639400000014],[-70.59765290000001,-5.946199300000021],[-70.5914763,-5.937315300000011],[-70.5830171,-5.938944400000028],[-70.5887454,-5.928226099999985],[-70.5782705,-5.9342886],[-70.57395550000001,-5.9182113],[-70.5791131,-5.91749539999998],[-70.5730043,-5.9126372],[-70.57977560000002,-5.907150899999985],[-70.5715163,-5.907571900000015],[-70.569129,-5.895718499999969],[-70.5643863,-5.8964509],[-70.5643091,-5.889862799999979],[-70.5573758,-5.8842053],[-70.5622002,-5.881830600000028],[-70.5600925,-5.8760151],[-70.56589159999999,-5.878494200000028],[-70.5616594,-5.8700713],[-70.5545562,-5.867079800000011],[-70.5497388,-5.8727857],[-70.549923,-5.8665467],[-70.5554447,-5.862102600000033],[-70.5428101,-5.864933099999968],[-70.54059350000001,-5.855984300000024],[-70.53248519999998,-5.860226599999987],[-70.5367282,-5.852325099999977],[-70.5339756,-5.846240200000019],[-70.520264,-5.839657499999979],[-70.5149437,-5.8410436],[-70.5153681,-5.831698599999979],[-70.5108084,-5.8298992],[-70.5138372,-5.825749099999974],[-70.5106798,-5.820877299999967],[-70.5184753,-5.8227201],[-70.5164758,-5.81692],[-70.519972,-5.8139459],[-70.5133309,-5.8114973],[-70.5106092,-5.801790600000027],[-70.5031988,-5.7994357],[-70.5051674,-5.804418],[-70.5002127,-5.808333600000029],[-70.501133,-5.798637699999983],[-70.4940323,-5.795715600000021],[-70.49072810000001,-5.799201300000011],[-70.4925371,-5.791355799999974],[-70.4993714,-5.785884300000021],[-70.4974396,-5.783341899999967],[-70.4904609,-5.786638299999971],[-70.4935934,-5.7781297],[-70.4988172,-5.781799499999963],[-70.50066560000002,-5.778510199999978],[-70.4943779,-5.770220299999985],[-70.4888295,-5.77089930000002],[-70.4792798,-5.752190899999979],[-70.483842,-5.748401899999975],[-70.4795615,-5.738572],[-70.4841994,-5.7318555],[-70.4878409,-5.735867],[-70.490296,-5.731570399999976],[-70.47325,-5.7162628],[-70.472248,-5.7099525],[-70.4654529,-5.712533399999982],[-70.4665274,-5.7064401],[-70.47307429999998,-5.7077481],[-70.4651661,-5.69860859999998],[-70.4723062,-5.698935700000026],[-70.4713057,-5.693408800000012],[-70.4631257,-5.692295600000024],[-70.4701583,-5.682735499999986],[-70.4636695,-5.678109899999977],[-70.45911560000002,-5.681097100000017],[-70.4648553,-5.675417],[-70.4641577,-5.667892899999972],[-70.4552775,-5.66618140000002],[-70.4544613,-5.6704903],[-70.452563,-5.667673600000012],[-70.4544975,-5.663196],[-70.4639355,-5.660476300000032],[-70.4536673,-5.653339800000026],[-70.4601496,-5.637540299999971],[-70.4530217,-5.636086400000027],[-70.4544417,-5.631348900000014],[-70.4493636,-5.63258970000002],[-70.4485433,-5.627209],[-70.45518120000001,-5.617086699999977],[-70.4478365,-5.6098641],[-70.4542783,-5.600372299999971],[-70.4607833,-5.6004507],[-70.4516488,-5.587233],[-70.4590075,-5.58266460000001],[-70.4550082,-5.571330900000028],[-70.45860420000001,-5.5663939],[-70.4492869,-5.5669775],[-70.4514337,-5.559484900000019],[-70.4457503,-5.5526547],[-70.443868,-5.539526200000022],[-70.4516777,-5.5270951],[-70.4489784,-5.517414],[-70.453737,-5.519159600000032],[-70.4549995,-5.515739399999987],[-70.4481933,-5.5140497],[-70.44491869999999,-5.505833199999964],[-70.4361286,-5.508309799999989],[-70.4354443,-5.5037608],[-70.4441756,-5.5032758],[-70.4458647,-5.498431799999989],[-70.42803390000002,-5.492672900000014],[-70.4277324,-5.4840823],[-70.4148574,-5.48844419999997],[-70.4084121,-5.469464500000014],[-70.3966276,-5.462775],[-70.3973653,-5.451994200000013],[-70.4042943,-5.450870599999972],[-70.394824,-5.448471799999989],[-70.3973844,-5.438162800000017],[-70.3928007,-5.434649200000012],[-70.388234,-5.44031940000001],[-70.3862306,-5.428628799999987],[-70.4021839,-5.432611899999984],[-70.3966631,-5.419206700000022],[-70.389824,-5.416519699999979],[-70.3825555,-5.4205586],[-70.3897321,-5.412322899999986],[-70.3865607,-5.409778900000024],[-70.3702443,-5.4119606],[-70.37455140000002,-5.4003962],[-70.3634276,-5.405276799999975],[-70.3698407,-5.390542300000028],[-70.365764,-5.381709],[-70.370561,-5.3771143],[-70.3609071,-5.3811658],[-70.3529421,-5.3795597],[-70.3563072,-5.371967100000025],[-70.3669599,-5.3701698],[-70.3675923,-5.3647919],[-70.3520263,-5.36431690000002],[-70.3475058,-5.3403341],[-70.3323966,-5.332278899999981],[-70.3383822,-5.324375600000025],[-70.3376288,-5.316523],[-70.3457133,-5.314898200000028],[-70.342516,-5.3076301],[-70.3350499,-5.308683299999982],[-70.3306731,-5.281689099999988],[-70.3256632,-5.273804899999962],[-70.3194889,-5.2736072],[-70.3287147,-5.264410200000023],[-70.3046366,-5.2495406],[-70.30432709999998,-5.242052],[-70.3096517,-5.2353624],[-70.2997654,-5.2328288],[-70.2914952,-5.237885800000011],[-70.2939494,-5.225303599999986],[-70.3018851,-5.2236391],[-70.292683,-5.2182904],[-70.3014791,-5.21708190000003],[-70.301738,-5.2134413],[-70.2944156,-5.207788800000011],[-70.2872254,-5.2102012],[-70.28985360000001,-5.200140900000013],[-70.2794153,-5.196834],[-70.2826975,-5.187735800000032],[-70.2732145,-5.183122900000027],[-70.2705244,-5.1853688],[-70.2756437,-5.196041900000026],[-70.2701386,-5.1976475],[-70.2670443,-5.184632200000024],[-70.270903,-5.178225199999966],[-70.2575473,-5.173636],[-70.2494848,-5.1631685],[-70.2594425,-5.1525298],[-70.2500012,-5.151609100000021],[-70.24404170000001,-5.158817899999973],[-70.2381295,-5.1584373],[-70.2379032,-5.1540815],[-70.2493906,-5.1439599],[-70.2442363,-5.135117099999983],[-70.2486302,-5.1294891],[-70.2388053,-5.130448900000023],[-70.2363306,-5.1221865],[-70.2285772,-5.116153800000034],[-70.2216821,-5.119447],[-70.2263682,-5.110383799999973],[-70.2184733,-5.115951899999977],[-70.2116543,-5.113399299999984],[-70.2090526,-5.122044899999985],[-70.19824619999999,-5.118730699999983],[-70.19758219999999,-5.112958899999983],[-70.2071809,-5.108371399999989],[-70.208187,-5.093503900000019],[-70.2037386,-5.091693699999983],[-70.1947024,-5.099967199999971],[-70.1923453,-5.094108200000011],[-70.2006654,-5.08916680000001],[-70.2006706,-5.084998099999974],[-70.1953978,-5.082900799999979],[-70.1870869,-5.086955099999962],[-70.1760726,-5.080554700000015],[-70.1764946,-5.075789],[-70.1701423,-5.075064400000031],[-70.1713174,-5.069346200000011],[-70.16244,-5.060477399999963],[-70.1728566,-5.050187],[-70.1730177,-5.059032299999974],[-70.1772137,-5.059278],[-70.1795903,-5.050634500000027],[-70.1679496,-5.042801799999975],[-70.178474,-5.0392008],[-70.1797131,-5.033911399999988],[-70.16776480000001,-5.030533499999963],[-70.1697904,-5.0203462],[-70.165833,-5.014522700000039],[-70.1749054,-5.009752699999982],[-70.1703525,-4.998513200000037],[-70.1597571,-4.998147300000023],[-70.1650331,-5.003001899999981],[-70.1630679,-5.005983500000019],[-70.1525703,-5.0029238],[-70.1558736,-4.98783640000002],[-70.150843,-4.972527699999981],[-70.15672,-4.959951699999984],[-70.1474204,-4.9508323],[-70.1431076,-4.934088300000026],[-70.1466819,-4.9322494],[-70.14987650000002,-4.9421354],[-70.1550037,-4.941549200000021],[-70.1601237,-4.9278013],[-70.1566366,-4.918697299999964],[-70.1648202,-4.913417399999976],[-70.1614414,-4.894630499999969],[-70.1541928,-4.893084799999969],[-70.1492325,-4.8779949],[-70.1458247,-4.880391],[-70.1472163,-4.889944600000041],[-70.1436903,-4.8905737],[-70.1403273,-4.8828526],[-70.1443609,-4.876227199999963],[-70.127217,-4.8678891],[-70.125318,-4.8622897],[-70.1278226,-4.857322],[-70.1394215,-4.8579554],[-70.1428205,-4.8485966],[-70.1503966,-4.849102],[-70.1564776,-4.8427329],[-70.1410526,-4.839759900000028],[-70.1549207,-4.8254169],[-70.1473945,-4.8231621],[-70.1432691,-4.83364189999998],[-70.137746,-4.832634700000012],[-70.1383497,-4.8168123],[-70.1478693,-4.82004590000002],[-70.1494986,-4.8170096],[-70.1374082,-4.808076599999964],[-70.1435259,-4.8067124],[-70.1488974,-4.810582599999973],[-70.1560846,-4.803104600000011],[-70.1474683,-4.790833500000023],[-70.1693227,-4.7869932],[-70.1706459,-4.778236199999967],[-70.1615991,-4.779014300000018],[-70.1680128,-4.766485900000016],[-70.1797906,-4.769757500000024],[-70.1769948,-4.757013500000017],[-70.1905478,-4.754289800000014],[-70.1945541,-4.75716490000003],[-70.1948243,-4.765197699999986],[-70.1870524,-4.760203400000011],[-70.1829877,-4.76182140000002],[-70.1866967,-4.7707],[-70.1980808,-4.76522970000002],[-70.1983718,-4.751808500000017],[-70.1911541,-4.745139300000011],[-70.2009904,-4.738358],[-70.1946904,-4.730592899999959],[-70.2047197,-4.727769699999984],[-70.2085707,-4.73412439999997],[-70.218516,-4.718983],[-70.2192704,-4.7084142],[-70.2134498,-4.705042800000029],[-70.2114949,-4.694165899999984],[-70.222949,-4.690895199999966],[-70.2231239,-4.699411299999984],[-70.2281245,-4.697169100000024],[-70.2272794,-4.684805900000012],[-70.2177471,-4.6806351],[-70.2319815,-4.671951799999969],[-70.2333238,-4.6814051],[-70.2428512,-4.67523539999998],[-70.2355549,-4.6697252],[-70.2347945,-4.663346399999987],[-70.2262999,-4.665505600000036],[-70.2261265,-4.660221900000029],[-70.2394079,-4.656881099999985],[-70.2415582,-4.648892099999963],[-70.25087439999999,-4.654268],[-70.2534887,-4.649185100000016],[-70.2594296,-4.650240199999972],[-70.1241154,-4.501113200000013],[-70.1336111,-4.487119],[-70.136749,-4.381489099999974],[-70.1453355,-4.364737199999965],[-70.1363213,-4.329471800000038],[-70.1401578,-4.299258499999986],[-70.1328195,-4.281944300000028],[-70.1235343,-4.286337099999985],[-70.1153736,-4.281188100000023],[-70.1130905,-4.256462900000034],[-70.1069214,-4.255928600000016],[-70.1012866,-4.262389199999962],[-70.0996836,-4.283908300000028],[-70.0958461,-4.2887173],[-70.0752014,-4.285657],[-70.0592685,-4.294983600000018],[-70.040081,-4.29401210000001],[-70.0466873,-4.304844500000037],[-70.0732583,-4.304115899999979],[-70.0796703,-4.313879599999962],[-70.0743756,-4.321554599999962],[-70.0507677,-4.325635],[-70.0420726,-4.332775600000017],[-70.0394477,-4.3482589],[-70.05132209999998,-4.362315100000028],[-70.048285,-4.3704816],[-70.04057637139022,-4.375360170477694],[-70.02688824615495,-4.370501454682415],[-70.03575320901494,-4.355842855811126]]]}}]}