{"type":"FeatureCollection","name":"Região do Triângulo Jutaí/Solimões/Juruá","features":[{"type":"Feature","properties":{"CD_MUN":"1304203","NM_MUN":"Tefé","SIGLA_UF":"AM","CodigoIBGE":"1304203","SubRegiaoNumero":2,"CalhaSubRegiao":"Região do Triângulo Jutaí/Solimões/Juruá"},"geometry":{"type":"Polygon","coordinates":[[[-64.5220188,-3.32699859999997],[-64.5088633,-3.351246599999974],[-64.4628827,-3.413914100000027],[-64.4381328,-3.473988100000044],[-64.3870631,-3.5034261],[-64.3549691,-3.536764300000036],[-64.2915463,-3.570549599999947],[-64.2157973,-3.624588600000043],[-64.1773806,-3.662553],[-64.1296407,-3.6877362],[-64.071599,-3.7043105],[-64.076496,-3.767406],[-64.08393970000002,-3.768792100000044],[-64.0927759,-3.752874],[-64.1109975,-3.759818499999972],[-64.1598902,-3.811649299999989],[-64.1579685,-3.829354399999987],[-64.1665576,-3.865547100000044],[-64.1900803,-3.871902099999962],[-64.2369965,-3.89362349999996],[-64.2519456,-3.888030800000042],[-64.2578953,-3.893460200000048],[-64.2605474,-3.9053984],[-64.2696261,-3.907394199999989],[-64.2689003,-3.92037270000001],[-64.2741006,-3.926799700000025],[-64.2780349,-3.925636700000034],[-64.2819053,-3.93925040000005],[-64.2887928,-3.938842799999974],[-64.2861192,-3.944404700000042],[-64.2934184,-3.947908599999984],[-64.2925988,-3.951228],[-64.3030135,-3.947793700000035],[-64.3169334,-3.951698700000034],[-64.3217745,-3.9630255],[-64.33626450000001,-3.971872299999982],[-64.35547320000002,-3.976164499999985],[-64.3655082,-3.968954399999979],[-64.3770889,-3.9700183],[-64.382406,-3.9658494],[-64.414173,-3.9808824],[-64.4236615,-3.9782489],[-64.4392213,-3.987597399999968],[-64.4483883,-3.988178200000049],[-64.4841652,-3.9675772],[-64.5258648,-3.9594445],[-64.5420565,-3.964532899999972],[-64.5648355,-3.990126499999959],[-64.5670596,-4.0004048],[-64.5619979,-4.006622799999982],[-64.5631134,-4.0164438],[-64.5671437,-4.033245499999979],[-64.5767813,-4.048523399999987],[-64.6190866,-4.0711589],[-64.6360757,-4.104077799999967],[-64.653165,-4.125027199999983],[-64.670028,-4.128416299999985],[-64.6961081,-4.11667250000004],[-64.7037006,-4.119310699999988],[-64.7180044,-4.1425721],[-64.7248333,-4.188620200000021],[-64.7315004,-4.195898399999962],[-64.7690818,-4.203824],[-64.7856652,-4.214270099999976],[-64.8092009,-4.259474],[-64.8211721,-4.273365200000015],[-64.8639758,-4.2893063],[-64.8903333,-4.2829222],[-64.934613,-4.2990727],[-64.9793965,-4.283455100000027],[-64.9942868,-4.294479500000035],[-65.0092784,-4.3298689],[-65.0154697,-4.361809300000041],[-65.0162812,-4.4053188],[-65.0221992,-4.421842200000013],[-65.0391653,-4.44036829999998],[-65.0921382,-4.45510619999997],[-65.0990282,-4.46073810000002],[-65.1088091,-4.4734036],[-65.1232,-4.516875499999988],[-65.1658052,-4.551659700000022],[-65.21836660000001,-4.586396400000027],[-65.2408094,-4.60852030000003],[-65.267614,-4.623765],[-65.3188649,-4.62284109999998],[-65.3442302,-4.6082568],[-65.353594,-4.605954700000018],[-65.3640029,-4.609960399999973],[-65.3682271,-4.627536800000012],[-65.3818222,-4.6537041],[-65.4050938,-4.666377699999972],[-65.4315089,-4.667722],[-65.4397062,-4.672877],[-65.4466441,-4.6802588],[-65.4571783,-4.73989989999997],[-65.4669804,-4.771317800000022],[-65.516426,-4.8157579],[-65.5420028,-4.85512],[-65.5699215,-4.87817679999997],[-65.578285,-4.891465499999981],[-65.5709758,-4.944197499999972],[-65.5769555,-4.960617],[-65.5971806,-4.981285399999972],[-65.6229827,-5.0237795],[-65.6483431,-5.031782299999967],[-65.6669516,-5.03229869999998],[-65.6808955,-5.037351600000032],[-65.68626140000002,-5.044789400000023],[-65.6970071,-5.078172399999957],[-65.6978388,-5.105404],[-65.6928401,-5.112191600000014],[-65.6852876,-5.1129901],[-65.6599254,-5.1067442],[-65.6449262,-5.118691599999972],[-65.6500611,-5.135020499999961],[-65.6904227,-5.173162699999971],[-65.7022845,-5.196693899999985],[-65.6964506,-5.222407599999983],[-65.6784802,-5.2612273],[-65.674823,-5.2881625],[-65.6817874,-5.307574500000027],[-65.6908435,-5.310760399999974],[-65.7000655,-5.308316699999986],[-65.7273975,-5.2857919],[-65.7429006,-5.290607400000011],[-65.7533119,-5.3028426],[-65.7613488,-5.305988300000021],[-65.8038777,-5.299283200000024],[-65.8301197,-5.307609799999971],[-65.866119,-5.3377416],[-65.8854565,-5.370387],[-65.90412030000002,-5.443798],[-65.9409854,-5.4070238],[-65.9563999,-5.399273],[-65.9648746,-5.3983945],[-65.997871,-5.417025600000013],[-66.0577925,-5.422237899999982],[-66.0897279,-5.409991400000022],[-66.094064,-5.402578],[-66.08454240000002,-5.37912169999998],[-66.0916525,-5.3727548],[-66.1160552,-5.370059100000019],[-66.1276249,-5.382717399999985],[-66.14407,-5.3904562],[-66.1512626,-5.386068700000016],[-66.1577604,-5.369859],[-66.1661509,-5.367554899999986],[-66.2685954,-5.356576599999983],[-66.2943161,-5.360185399999982],[-66.3368763,-5.385914899999984],[-66.3521549,-5.3819958],[-66.3671274,-5.39083009999997],[-66.3758985,-5.404375699999969],[-66.3890439,-5.4141915],[-66.4285382,-5.4320824],[-66.4707394,-5.433794900000012],[-66.4789473,-5.438339600000025],[-66.4949033,-5.433509199999974],[-66.5178208,-5.4447883],[-66.5324909,-5.438950599999982],[-66.5377394,-5.421158799999985],[-66.5519341,-5.4120274],[-66.5441,-5.395129100000013],[-66.5552671,-5.3710879],[-66.5620985,-5.366702099999979],[-66.5758784,-5.372368700000028],[-66.57646,-5.380352199999969],[-66.5647885,-5.393581300000033],[-66.572129,-5.409298399999967],[-66.57358920000001,-5.435265],[-66.5816554,-5.449805],[-66.5840392,-5.466938800000011],[-66.6305392,-5.487171900000022],[-66.6393184,-5.502647399999988],[-66.6421005,-5.520294900000015],[-66.6487418,-5.523954],[-66.6565686,-5.520170099999966],[-66.6642102,-5.5233674],[-66.6742703,-5.547377099999974],[-66.6852906,-5.559376599999958],[-66.7055132,-5.55980750000002],[-66.7150401,-5.545809799999976],[-66.7226535,-5.544810499999969],[-66.7804018,-5.553905899999982],[-66.7856524,-5.547158900000016],[-66.7831272,-5.531156100000021],[-66.788483,-5.525078199999966],[-66.7961827,-5.522999500000028],[-66.8097629,-5.530648500000019],[-66.8537925,-5.5279547],[-66.8576258,-5.520028899999978],[-66.8776846,-5.5048793],[-66.8857951,-5.502617400000022],[-66.891935,-5.507189299999987],[-66.8988997,-5.5033106],[-66.9032367,-5.496911400000027],[-66.9034052,-5.452479600000014],[-66.9075465,-5.44409],[-66.9227612,-5.440729599999971],[-66.9413505,-5.4251422],[-66.9581868,-5.419878800000011],[-66.9630987,-5.404182099999986],[-66.9736028,-5.3924875],[-66.9717915,-5.376243700000038],[-66.9572949,-5.3567593],[-66.9541274,-5.3331158],[-66.9333763,-5.3197198],[-66.9316531,-5.303136099999983],[-66.9384026,-5.277549699999978],[-66.9333798,-5.261349600000023],[-66.9259554,-5.258837599999974],[-66.9095746,-5.263746],[-66.9010145,-5.2596052],[-66.9004639,-5.2514025],[-66.8817474,-5.215056599999969],[-66.8724443,-5.2147907],[-66.8684225,-5.205233199999976],[-66.8597146,-5.1987117],[-66.839083,-5.193598299999975],[-66.8229632,-5.1798471],[-66.8155998,-5.162148800000018],[-66.7909325,-5.152202599999976],[-66.7802052,-5.130294400000034],[-66.7739038,-5.093374099999957],[-66.7637102,-5.0784269],[-66.7238913,-5.058254],[-66.7088984,-5.055830100000024],[-66.6571258,-5.0690565],[-66.6340129,-5.084413100000019],[-66.6183166,-5.082567300000016],[-66.5931497,-5.0609509],[-66.5799565,-5.0283072],[-66.5646253,-5.010763200000026],[-66.5631757,-5.000746],[-66.5482646,-4.989302699999984],[-66.5241545,-4.944972800000022],[-66.4916798,-4.9215832],[-66.4725986,-4.91497029999998],[-66.460707,-4.8921235],[-66.4086221,-4.8543223],[-66.3874847,-4.824333099999981],[-66.36318,-4.828001],[-66.3545146,-4.82502519999997],[-66.3398157,-4.804752899999967],[-66.3193746,-4.7907461],[-66.3047014,-4.784542699999975],[-66.2697902,-4.7803885],[-66.2547629,-4.768537400000023],[-66.2438125,-4.7177125],[-66.2456533,-4.683784700000032],[-66.242265,-4.6751592],[-66.2385085,-4.66818459999998],[-66.2109544,-4.652264099999977],[-66.1996514,-4.638915599999971],[-66.1959783,-4.594975899999969],[-66.2062935,-4.571082700000028],[-66.2012237,-4.55388360000001],[-66.20162089999998,-4.535068899999959],[-66.2139543,-4.509349199999964],[-66.2137045,-4.5009874],[-66.2105417,-4.4924258],[-66.1880531,-4.481653699999987],[-66.1670088,-4.453367799999977],[-66.1532952,-4.444160500000025],[-66.1507945,-4.424917200000018],[-66.145622,-4.4189127],[-66.1250686,-4.4036737],[-66.100516,-4.3954738],[-66.0831174,-4.4011028],[-66.0594244,-4.4008684],[-65.9501758,-4.294642299999969],[-65.9403988,-4.302630599999972],[-65.9209404,-4.3045918],[-65.914063,-4.3013041],[-65.90400570000001,-4.28323770000003],[-65.8960947,-4.279268100000027],[-65.8726996,-4.2526008],[-65.8459243,-4.249160799999977],[-65.8091414,-4.2173085],[-65.7964283,-4.221786500000015],[-65.7640126,-4.213884500000029],[-65.7422069,-4.1926985],[-65.7342538,-4.195753099999969],[-65.7296824,-4.189796699999977],[-65.72692710000001,-4.1915408],[-65.7244934,-4.182853],[-65.7153792,-4.182599599999978],[-65.7009565,-4.1692382],[-65.6934212,-4.167385199999969],[-65.6936276,-4.163355600000018],[-65.6760815,-4.1627597],[-65.6670397,-4.154209499999963],[-65.6664176,-4.139403899999965],[-65.657126,-4.128572099999983],[-65.6311199,-4.127293],[-65.6282312,-4.1213533],[-65.6214028,-4.122882400000029],[-65.6147178,-4.1162511],[-65.5999281,-4.114763399999986],[-65.596489,-4.110222899999961],[-65.5837677,-4.114617499999973],[-65.57242249999999,-4.107818600000017],[-65.5721713,-4.101637],[-65.5661653,-4.1052745],[-65.5492862,-4.0995124],[-65.5489907,-4.093841],[-65.5418651,-4.0942525],[-65.5379472,-4.087705699999966],[-65.5334084,-4.0927745],[-65.51565220000002,-4.087858100000029],[-65.5024785,-4.0745357],[-65.502905,-4.070079099999971],[-65.4941334,-4.06425250000003],[-65.4870651,-4.065467300000018],[-65.4800289,-4.050561500000032],[-65.4657218,-4.048126899999977],[-65.4655362,-4.044383100000015],[-65.4562895,-4.039879099999974],[-65.4445079,-4.043025],[-65.4434856,-4.0385717],[-65.4391878,-4.039309499999984],[-65.4395135,-4.035402299999969],[-65.4254612,-4.02678],[-65.4106259,-4.0326764],[-65.4055063,-4.031123],[-65.4025105,-4.023119500000019],[-65.3978036,-4.0277268],[-65.3967672,-4.0185588],[-65.3879108,-4.012358],[-65.3910512,-4.005831400000013],[-65.3720985,-4.000946],[-65.372634,-3.993745300000016],[-65.3697758,-3.9973439],[-65.356974,-3.991049400000027],[-65.3534955,-3.994974800000016],[-65.3518738,-3.986038700000028],[-65.3454052,-3.982934100000023],[-65.3415887,-3.985702299999985],[-65.3415096,-3.981306299999979],[-65.3347889,-3.980297200000035],[-65.3360164,-3.970840699999977],[-65.3308701,-3.975548900000034],[-65.3189639,-3.971444700000015],[-65.3159312,-3.975129800000039],[-65.3126418,-3.972532400000013],[-65.3150694,-3.968104900000026],[-65.3049621,-3.962583499999973],[-65.2854203,-3.964044399999985],[-65.2772501,-3.949837400000037],[-65.2541,-3.954224600000024],[-65.2507089,-3.9458675],[-65.2446046,-3.946693500000036],[-65.2474885,-3.943354399999959],[-65.2388093,-3.946270499999967],[-65.2352668,-3.936366],[-65.2338419,-3.940724],[-65.2252072,-3.933278900000024],[-65.2161926,-3.9358425],[-65.2081906,-3.933050499999954],[-65.199532,-3.916884699999979],[-65.1861662,-3.910952400000043],[-65.1857103,-3.907065],[-65.1804631,-3.912216899999965],[-65.170886,-3.909343400000036],[-65.1666772,-3.9030289],[-65.1711992,-3.899175],[-65.1676387,-3.89646530000002],[-65.1576418,-3.905473600000013],[-65.1571479,-3.8877661],[-65.1501807,-3.8867838],[-65.1445669,-3.891695699999965],[-65.1398726,-3.8888298],[-65.1450285,-3.884388499999967],[-65.1443453,-3.878089599999976],[-65.1357913,-3.874946300000014],[-65.128975,-3.879018500000017],[-65.1235172,-3.8688709],[-65.1187111,-3.870179500000014],[-65.1210305,-3.860183799999981],[-65.123896,-3.862691799999957],[-65.122193,-3.858330899999958],[-65.1284815,-3.855565800000047],[-65.120564,-3.8449581],[-65.1210387,-3.839178500000033],[-65.1175306,-3.840509200000023],[-65.1154427,-3.836379099999989],[-65.1186499,-3.8326023],[-65.1020363,-3.821984900000026],[-65.0993225,-3.815066799999987],[-65.1030379,-3.811912599999988],[-65.0944207,-3.810211600000032],[-65.0943716,-3.800886699999954],[-65.0905669,-3.8005388],[-65.0934384,-3.7976472],[-65.0834647,-3.7991392],[-65.076055,-3.787943400000036],[-65.0529886,-3.79505870000004],[-65.0442855,-3.786415299999968],[-65.03399,-3.789452699999975],[-65.0300651,-3.784379299999967],[-65.026611,-3.790282899999966],[-65.0194945,-3.783605599999977],[-65.0218585,-3.755907900000049],[-65.0271909,-3.747981899999972],[-65.0244335,-3.744884499999974],[-65.0300709,-3.727251],[-65.026366,-3.7157847],[-65.0152042,-3.71733],[-65.0186027,-3.70960590000001],[-65.0258654,-3.70614810000001],[-65.0147609,-3.70171359999998],[-65.0133785,-3.687085900000021],[-65.0264214,-3.682384600000042],[-65.0269255,-3.668546699999987],[-65.0356189,-3.6701937],[-65.037811,-3.66439629999997],[-65.0141887,-3.655947300000039],[-65.0034803,-3.648479600000035],[-64.996528,-3.636610699999959],[-64.9721068,-3.626211100000038],[-64.97623649999998,-3.615980099999945],[-64.9736456,-3.607094099999951],[-64.9798831,-3.613278],[-64.9831389,-3.611620600000036],[-64.9846523,-3.5954634],[-64.991262,-3.58848310000002],[-64.9853985,-3.580388],[-64.9899163,-3.578549400000053],[-64.9924294,-3.569716600000043],[-64.9830833,-3.5684515],[-64.9824654,-3.556042],[-64.9758281,-3.554066200000011],[-64.9719956,-3.543411400000029],[-64.9609636,-3.534516],[-64.9661331,-3.521701100000013],[-64.980382,-3.51043739999996],[-64.9749733,-3.4904191],[-64.9570836,-3.493329699999973],[-64.9456877,-3.487632399999971],[-64.9224489,-3.452911199999959],[-64.8955969,-3.431071099999969],[-64.8858776,-3.39267449999995],[-64.8498842,-3.381634099999962],[-64.81243310000002,-3.34130349999995],[-64.7988963,-3.3375803],[-64.78880320000002,-3.31656460000005],[-64.7727449,-3.30781789999995],[-64.7257982,-3.295043],[-64.7223431,-3.293145],[-64.7218964,-3.278165799999972],[-64.7087768,-3.273009599999974],[-64.69214460000002,-3.279319],[-64.67603380000001,-3.2790007],[-64.6712787,-3.273828500000052],[-64.6745704,-3.263723099999979],[-64.6206099,-3.288716800000049],[-64.5438736,-3.311768399999955],[-64.5220188,-3.32699859999997]]]}},{"type":"Feature","properties":{"CD_MUN":"1304260","NM_MUN":"Uarini","SIGLA_UF":"AM","CodigoIBGE":"1304260","SubRegiaoNumero":2,"CalhaSubRegiao":"Região do Triângulo Jutaí/Solimões/Juruá"},"geometry":{"type":"Polygon","coordinates":[[[-64.9742298,-3.081019199999964],[-64.9794201,-3.100843599999981],[-65.0356685,-3.1713714],[-65.0477551,-3.194194699999977],[-65.0458675,-3.2108741],[-65.0522801,-3.247784300000025],[-65.0677234,-3.302094400000017],[-65.1252503,-3.3824958],[-65.1320894,-3.387213300000029],[-65.1574467,-3.389365699999979],[-65.1647553,-3.404079],[-65.1665624,-3.426920199999952],[-65.1772862,-3.4388221],[-65.2173126,-3.4650623],[-65.2500057,-3.465452300000036],[-65.2851425,-3.481931800000037],[-65.36064220000002,-3.497218],[-65.37556,-3.507108800000035],[-65.4046998,-3.537442500000019],[-65.4261117,-3.575660800000025],[-65.4745004,-3.6004141],[-65.4845358,-3.600387200000011],[-65.4882846,-3.592132300000028],[-65.5026187,-3.581059],[-65.5420638,-3.6249359],[-65.5826168,-3.627023200000014],[-65.6295642,-3.620299199999981],[-65.6395894,-3.6214052],[-65.6527,-3.631499799999982],[-65.6586689,-3.692641900000028],[-65.6746416,-3.702989500000046],[-65.7073672,-3.738055799999946],[-65.7169789,-3.762538599999963],[-65.7199573,-3.7994476],[-65.72406590000001,-3.8075459],[-65.784008,-3.8378385],[-65.7970898,-3.860919],[-65.7973717,-3.8816481],[-65.8026986,-3.8909605],[-65.8404757,-3.9304948],[-65.8554764,-3.957867700000048],[-65.8626724,-3.977212799999986],[-65.8633928,-3.99764670000003],[-65.8557005,-4.030801900000015],[-65.8422243,-4.053248299999963],[-65.8406204,-4.068979799999969],[-65.8458702,-4.08534990000002],[-65.8619225,-4.106589600000023],[-65.8633676,-4.127784],[-65.8701993,-4.13289879999996],[-65.8792856,-4.124389],[-65.8892873,-4.0957948],[-65.9063665,-4.069464599999975],[-65.9209248,-4.034586],[-65.949647,-4.010838299999955],[-65.9551151,-3.998765599999983],[-65.9482849,-3.957782200000036],[-65.9634267,-3.924429199999987],[-65.9809781,-3.902726700000025],[-65.9842589,-3.885997299999985],[-65.9866708,-3.858269],[-65.9829767,-3.7934614],[-65.9743144,-3.778544899999986],[-65.9533703,-3.760911],[-65.9495074,-3.751801900000028],[-65.953987,-3.735614300000037],[-65.9615043,-3.731070700000034],[-65.9915048,-3.728058],[-65.9946162,-3.720582599999966],[-65.9852058,-3.684705300000017],[-65.9925362,-3.642294],[-65.9845901,-3.566574599999952],[-65.983064,-3.496172],[-65.9781163,-3.487337899999965],[-65.956922,-3.4762205],[-65.9425092,-3.461758900000025],[-65.9214525,-3.417775],[-65.9145619,-3.381961200000012],[-65.8745851,-3.350261],[-65.8690043,-3.30424070000002],[-65.8394827,-3.267451],[-65.8321476,-3.2407748],[-65.8023389,-3.183766899999976],[-65.785395,-3.174330200000032],[-65.7637023,-3.170968499999979],[-65.7523417,-3.156347700000031],[-65.7347841,-3.102560399999972],[-65.7319459,-3.076310900000029],[-65.7022842,-3.043595299999947],[-65.6574764,-2.954078799999946],[-65.6409268,-2.937201400000046],[-65.6147795,-2.9288198],[-65.6076988,-2.921776399999975],[-65.6043678,-2.89023510000005],[-65.5974772,-2.873447799999944],[-65.5892275,-2.871633799999966],[-65.5598163,-2.888545700000042],[-65.546478,-2.886907500000011],[-65.5315619,-2.883935600000026],[-65.4971977,-2.8589063],[-65.4689081,-2.867630400000024],[-65.458333,-2.855210699999971],[-65.449258,-2.85527320000004],[-65.4267276,-2.873406],[-65.3811731,-2.8540584],[-65.3461158,-2.819853],[-65.3364317,-2.780401899999955],[-65.37695150000002,-2.71775],[-65.3852864,-2.679901400000066],[-65.379435,-2.666500199999988],[-65.3600187,-2.648130200000046],[-65.3130824,-2.638469799999978],[-65.2679051,-2.61211409999996],[-65.2585546,-2.601228200000014],[-65.2541132,-2.581822100000041],[-65.2564813,-2.563988500000052],[-65.2764656,-2.536324600000058],[-65.283105,-2.5338],[-65.314561,-2.476669099999989],[-65.3401684,-2.473841799999946],[-65.3383151,-2.460432],[-65.3285877,-2.446725800000065],[-65.3095609,-2.431467700000022],[-65.3078092,-2.412289399999978],[-65.3249004,-2.401219600000044],[-65.3471223,-2.394892700000012],[-65.3876783,-2.4006161],[-65.3891395,-2.3933908],[-65.3849163,-2.3827132],[-65.3701246,-2.369025900000054],[-65.3560812,-2.363552300000018],[-65.326256,-2.361370300000026],[-65.2478814,-2.386499300000057],[-65.2294875,-2.3880113],[-65.2215207,-2.384221600000049],[-65.216029,-2.380429],[-65.2122503,-2.364891800000015],[-65.2195454,-2.290588200000014],[-65.2129306,-2.279587299999982],[-65.1922577,-2.28470229999993],[-65.1863582,-2.3189926],[-65.1757495,-2.3256194],[-65.151295,-2.3258036],[-65.1390395,-2.337397599999922],[-65.1163551,-2.394968799999941],[-65.0979417,-2.421992200000039],[-65.0558362,-2.507017400000021],[-64.998094,-2.560305499999979],[-64.9863581,-2.5771996],[-64.98077540000001,-2.597929300000032],[-64.9936496,-2.640176499999973],[-65.0036087,-2.703221800000035],[-65.00129290000001,-2.71339840000004],[-64.9855433,-2.721832599999964],[-64.9726635,-2.72278879999993],[-64.9061661,-2.710282200000013],[-64.8831156,-2.71411949999997],[-64.8723548,-2.723328900000026],[-64.8663941,-2.7354179],[-64.866296,-2.746992299999987],[-64.8771006,-2.812536700000026],[-64.8918039,-2.843984500000023],[-64.8958824,-2.865214899999971],[-64.8924568,-2.875001099999947],[-64.8572584,-2.907663700000022],[-64.816752,-2.936838800000023],[-64.8106116,-2.947243200000044],[-64.8038294,-3.014575400000016],[-64.7921713,-3.035587199999952],[-64.7580327,-3.075279399999944],[-64.7349958,-3.084638699999948],[-64.7137192,-3.110397600000051],[-64.7260286,-3.123341599999952],[-64.751308,-3.127015699999949],[-64.7825422,-3.138426699999943],[-64.7874329,-3.149008900000017],[-64.7849892,-3.158776400000026],[-64.8033806,-3.149391900000014],[-64.8260113,-3.112222900000043],[-64.8718507,-3.095717800000032],[-64.8919206,-3.100184500000021],[-64.9147991,-3.077125299999974],[-64.9398905,-3.062503900000036],[-64.974134,-3.0577287],[-64.9742298,-3.081019199999964]]]}},{"type":"Feature","properties":{"CD_MUN":"1302108","NM_MUN":"Japurá","SIGLA_UF":"AM","CodigoIBGE":"1302108","SubRegiaoNumero":2,"CalhaSubRegiao":"Região do Triângulo Jutaí/Solimões/Juruá"},"geometry":{"type":"Polygon","coordinates":[[[-68.6922853,-0.586118],[-68.6735782,-0.606657000000183],[-68.6716767,-0.619714899999949],[-68.6578355,-0.624556899999741],[-68.6423881,-0.640220599999841],[-68.637243,-0.656573600000026],[-68.6250252,-0.663250799999836],[-68.622868,-0.675170700000158],[-68.6262965,-0.678713900000079],[-68.6195372,-0.682096399999793],[-68.6219593,-0.696851199999807],[-68.6180093,-0.697711400000025],[-68.6137998,-0.708463999999892],[-68.5991741,-0.715062499999979],[-68.5941011,-0.724811099999774],[-68.5897609,-0.72444620000012],[-68.5908451,-0.71934029999982],[-68.5777915,-0.730711499999905],[-68.5762569,-0.726772699999875],[-68.5669691,-0.735212199999845],[-68.5687809,-0.73906680000008],[-68.5619782,-0.73363330000021],[-68.5541304,-0.747117200000213],[-68.54724,-0.744671100000034],[-68.5441506,-0.748942199999823],[-68.5390045,-0.744107400000015],[-68.538652,-0.748587799999845],[-68.524409,-0.75240789999997],[-68.5235385,-0.756098799999941],[-68.5181135,-0.746163700000202],[-68.5135972,-0.752670699999913],[-68.5159586,-0.758250400000213],[-68.5108272,-0.751256299999828],[-68.5039113,-0.757327899999795],[-68.4972393,-0.757067599999846],[-68.4938217,-0.749231799999903],[-68.487299,-0.7510097],[-68.4885148,-0.75468320000021],[-68.480206,-0.751311899999767],[-68.4803892,-0.757008],[-68.4766719,-0.753028900000027],[-68.4641771,-0.755157899999807],[-68.4640945,-0.750661099999842],[-68.4624428,-0.755607599999914],[-68.4592756,-0.750880900000064],[-68.4581875,-0.75547980000003],[-68.455119,-0.751895300000083],[-68.4502938,-0.756779799999897],[-68.44788480000001,-0.7508178],[-68.4463551,-0.754358699999966],[-68.4429412,-0.751946200000074],[-68.4426851,-0.755967400000166],[-68.4395385,-0.7525222],[-68.4369944,-0.756941400000176],[-68.429018,-0.75557119999982],[-68.4302413,-0.759375300000109],[-68.4254274,-0.761027399999825],[-68.424129,-0.75229030000017],[-68.41630189999998,-0.746288799999946],[-68.4143261,-0.750283699999769],[-68.4099361,-0.741247],[-68.404969,-0.741516800000138],[-68.4046211,-0.735023100000231],[-68.3886299,-0.733813799999956],[-68.38959290000001,-0.739359400000224],[-68.3858696,-0.732985600000137],[-68.3821577,-0.736806299999963],[-68.3744912,-0.731267799999986],[-68.3717003,-0.73480719999997],[-68.3692884,-0.72987],[-68.3680381,-0.733655200000045],[-68.3609697,-0.73317889999991],[-68.3571169,-0.728391099999847],[-68.35841580000002,-0.721969],[-68.3537837,-0.72322339999987],[-68.3524658,-0.717959800000174],[-68.3486518,-0.721806099999961],[-68.3473769,-0.71714930000013],[-68.34418930000001,-0.721167099999951],[-68.3418112,-0.7164106],[-68.3364099,-0.717301200000123],[-68.3327908,-0.70922199999984],[-68.3257865,-0.709794700000036],[-68.3222618,-0.69999339999986],[-68.3157061,-0.70190900000024],[-68.3117626,-0.694639000000239],[-68.29922469999998,-0.698678599999808],[-68.2979952,-0.690960099999881],[-68.303876,-0.685658699999734],[-68.2939488,-0.692095900000231],[-68.2884129,-0.688925599999888],[-68.2901303,-0.680794499999753],[-68.2771057,-0.678440300000238],[-68.2761696,-0.674670100000133],[-68.2679456,-0.683681899999919],[-68.2644371,-0.679103700000077],[-68.2676913,-0.675059699999912],[-68.262224,-0.67089289999996],[-68.2655998,-0.665949599999971],[-68.25300640000002,-0.668118900000218],[-68.2568571,-0.672333499999813],[-68.2495739,-0.676206200000172],[-68.2419658,-0.667297699999794],[-68.2386886,-0.671080199999882],[-68.2329832,-0.665993600000186],[-68.2299626,-0.668472699999915],[-68.2243015,-0.660999499999751],[-68.2147039,-0.66454339999993],[-68.2131308,-0.659122400000216],[-68.21100370000002,-0.66680559999995],[-68.1956732,-0.664991200000231],[-68.1927395,-0.668584900000098],[-68.1883548,-0.665342900000109],[-68.1854817,-0.672373199999957],[-68.181072,-0.671856300000212],[-68.1820855,-0.663034799999982],[-68.1760163,-0.670933299999734],[-68.1673189,-0.665571099999884],[-68.1611162,-0.999070499999852],[-68.160696,-1.483431900000051],[-68.1271932,-1.499739499999963],[-68.08885629999999,-1.4987713],[-68.0611377,-1.482657800000121],[-68.0268262,-1.474387100000107],[-67.9735259,-1.485256200000097],[-67.9341246,-1.5126039],[-67.9175872,-1.518182100000083],[-67.8780706,-1.508563499999925],[-67.8538694,-1.489525000000105],[-67.8317202,-1.48192380000011],[-67.8004763,-1.486721499999949],[-67.74477220000001,-1.522007900000093],[-67.72174309999998,-1.527665299999893],[-67.6956855,-1.525247700000074],[-67.6495041,-1.512070200000041],[-67.6199306,-1.558218399999961],[-67.6167315,-1.566592099999907],[-67.6191734,-1.595994],[-67.6085981,-1.612210599999982],[-67.5900374,-1.616976499999911],[-67.5546774,-1.639955700000023],[-67.5266503,-1.650927599999964],[-67.4892099,-1.652198],[-67.4388766,-1.640700700000074],[-67.3939297,-1.665310200000072],[-67.3857625,-1.664316200000023],[-67.3693741,-1.6318248],[-67.3532911,-1.6201523],[-67.3304273,-1.619851600000045],[-67.3097859,-1.612092600000028],[-67.2862877,-1.609603],[-67.2436556,-1.62076910000003],[-67.2148455,-1.608903],[-67.1514513,-1.604343299999977],[-67.1100676,-1.582107099999983],[-67.0759566,-1.579840799999934],[-67.0497633,-1.581738599999945],[-67.0061804,-1.594612800000094],[-66.9731754,-1.590912199999935],[-66.9185689,-1.610244800000028],[-66.8821495,-1.605009799999968],[-66.8526805,-1.60779820000003],[-66.8184563,-1.5989185],[-66.7922585,-1.59871710000001],[-66.775256,-1.601654100000047],[-66.7379506,-1.624092299999893],[-66.7051739,-1.623879999999899],[-66.657457,-1.601407799999976],[-66.6302032,-1.571308600000073],[-66.5518105,-1.536378600000015],[-66.5223378,-1.530807900000029],[-66.4866718,-1.514298799999934],[-66.4531741,-1.478709199999981],[-66.4406977,-1.475067500000083],[-66.4068384,-1.478098299999886],[-66.3870379,-1.469431900000073],[-66.3682345,-1.475102300000039],[-66.3637881,-1.485014899999893],[-66.3721428,-1.533281],[-66.3688696,-1.543514800000092],[-66.3457292,-1.563338499999883],[-66.316846,-1.569223699999956],[-66.2881206,-1.5485353],[-66.2585312,-1.507119200000111],[-66.2415072,-1.491952300000061],[-66.1928365,-1.472383899999987],[-66.1485039,-1.441825200000124],[-66.09747890000001,-1.423083800000015],[-66.0015598,-1.413727699999927],[-66.0013638,-2.144831299999939],[-66.0182263,-2.141549600000054],[-66.0255391,-2.12088270000005],[-66.03879440000001,-2.114590799999961],[-66.0353905,-2.100718],[-66.0395159,-2.087230500000053],[-66.0564824,-2.073932599999917],[-66.0726909,-2.072151300000051],[-66.090108,-2.078346199999982],[-66.1209587,-2.07182419999996],[-66.1361714,-2.075042400000023],[-66.1386701,-2.064124599999957],[-66.1452302,-2.062616599999974],[-66.151759,-2.070437899999984],[-66.1624973,-2.060977100000015],[-66.1731154,-2.064022599999932],[-66.1801354,-2.043130199999931],[-66.1784825,-2.034792900000011],[-66.1728342,-2.031821599999923],[-66.1522923,-2.033498600000077],[-66.1623451,-2.020988699999974],[-66.1640152,-1.985442],[-66.1876769,-1.990149],[-66.2206218,-2.0099148],[-66.2435734,-2.0162149],[-66.256043,-2.025011499999964],[-66.2587249,-2.033214499999978],[-66.2622315,-2.025028499999958],[-66.2679015,-2.0233273],[-66.30522,-2.029785],[-66.3174467,-2.0405941],[-66.3111258,-2.05706240000008],[-66.3246053,-2.0572873],[-66.3360142,-2.067924500000021],[-66.3355192,-2.077700500000087],[-66.3493212,-2.08392769999994],[-66.3503295,-2.067083],[-66.3373667,-2.056392699999964],[-66.34100849999999,-2.0497288],[-66.3574772,-2.043913699999966],[-66.4050379,-1.995862200000037],[-66.4101477,-1.971580700000062],[-66.422953,-1.957809300000048],[-66.4261749,-1.94023],[-66.4318712,-1.932732399999935],[-66.4517638,-1.931792399999945],[-66.5098427,-1.9718724],[-66.5302307,-1.993271600000022],[-66.53868,-2.024463099999911],[-66.5280396,-2.055785699999953],[-66.529177,-2.06430730000002],[-66.5466501,-2.0841663],[-66.5584825,-2.10789250000005],[-66.5741692,-2.1157145],[-66.5998146,-2.117804899999927],[-66.6130654,-2.147163599999932],[-66.6407871,-2.1531899],[-66.6661779,-2.146114699999935],[-66.7141517,-2.1658471],[-66.7527355,-2.151012400000084],[-66.7719249,-2.149504100000035],[-66.7788462,-2.153656799999963],[-66.7857583,-2.195671900000068],[-66.791068,-2.202447399999975],[-66.8175116,-2.197796800000058],[-66.848263,-2.216846799999986],[-66.8949805,-2.228672299999937],[-66.9217869,-2.2295011],[-66.9530955,-2.248030100000066],[-67.0327657,-2.2538063],[-67.07087,-2.273947],[-67.0873769,-2.2723032],[-67.1049011,-2.268162599999968],[-67.1232319,-2.249460299999987],[-67.1427369,-2.248009900000043],[-67.1765931,-2.252752],[-67.2040938,-2.2458645],[-67.2094065,-2.221964699999929],[-67.231514,-2.205183099999927],[-67.2637058,-2.196077399999978],[-67.2923676,-2.172130099999986],[-67.3093494,-2.173120499999981],[-67.3450079,-2.225189599999956],[-67.346232,-2.233384799999975],[-67.3380682,-2.248839099999948],[-67.3425952,-2.263890399999947],[-67.3738962,-2.2759666],[-67.3930393,-2.30480679999992],[-67.4199265,-2.309264299999932],[-67.4510966,-2.325807399999976],[-67.465149,-2.337837500000027],[-67.4745131,-2.337370399999978],[-67.4897049,-2.345368499999947],[-67.5208728,-2.369558600000034],[-67.5420095,-2.372303700000071],[-67.5564556,-2.385485099999959],[-67.5589908,-2.392737099999948],[-67.5550115,-2.41014],[-67.5647311,-2.428774400000018],[-67.565015,-2.457342800000021],[-67.5717312,-2.47479],[-67.5920416,-2.47628410000004],[-67.6044837,-2.488103700000046],[-67.6216543,-2.488642900000029],[-67.6312904,-2.493558100000046],[-67.6394527,-2.530666500000067],[-67.641119,-2.561217800000046],[-67.64648970000002,-2.569656400000028],[-67.6686262,-2.585885],[-67.6944544,-2.59008890000004],[-67.6978818,-2.605667499999976],[-67.7251802,-2.618546599999956],[-67.7434819,-2.63308450000004],[-67.7354029,-2.666988800000027],[-67.7532658,-2.685614499999955],[-67.7567876,-2.709635500000048],[-67.7627631,-2.714558900000049],[-67.7965144,-2.708209099999966],[-67.8118465,-2.718048600000049],[-67.8238739,-2.733045799999954],[-67.8566556,-2.716827],[-67.8684383,-2.702863799999985],[-67.888402,-2.6934153],[-67.9275682,-2.687896],[-67.9437963,-2.6694979],[-67.9512637,-2.6681857],[-67.96904350000001,-2.6891795],[-67.9925977,-2.677624699999959],[-67.9980461,-2.66962519999997],[-68.0072923,-2.670400600000019],[-68.055961,-2.609018500000011],[-68.0585725,-2.597394400000032],[-68.0512599,-2.571616499999939],[-68.0586536,-2.553909700000046],[-68.0749354,-2.553656],[-68.0896827,-2.560881099999978],[-68.1094019,-2.543033599999961],[-68.1461024,-2.552027],[-68.1663242,-2.551082600000048],[-68.1739573,-2.554237400000048],[-68.1831263,-2.569072099999933],[-68.1902077,-2.572628700000033],[-68.2140176,-2.571668399999982],[-68.2386299,-2.552453600000013],[-68.2447914,-2.542007500000021],[-68.29874179999999,-2.528113],[-68.30826870000001,-2.530081200000019],[-68.32021,-2.546034900000034],[-68.335824,-2.580415700000023],[-68.3381794,-2.596111299999953],[-68.3574062,-2.61625],[-68.3848808,-2.614767799999978],[-68.4026544,-2.619610499999939],[-68.4374851,-2.608246800000036],[-68.4535219,-2.608435599999967],[-68.4674042,-2.598077800000025],[-68.4770742,-2.59845190000001],[-68.4834862,-2.593736100000056],[-68.491988,-2.593264499999931],[-68.508434,-2.602352],[-68.5394634,-2.604203099999944],[-68.5523279,-2.619198],[-68.5627118,-2.656022799999988],[-68.5706044,-2.661730200000036],[-68.5859596,-2.652340799999964],[-68.6126304,-2.646716699999956],[-68.6349929,-2.6755785],[-68.6533504,-2.711873800000038],[-68.677493,-2.727350099999962],[-68.6958519,-2.729058299999986],[-68.7097169,-2.739452100000034],[-68.7271839,-2.744680300000045],[-68.7635186,-2.7779263],[-68.77563060000001,-2.7819783],[-68.8056857,-2.778330400000019],[-68.840327,-2.805848299999951],[-68.8793556,-2.793379099999945],[-68.90763,-2.801474200000034],[-68.9175461,-2.799007500000021],[-68.9347745,-2.802081899999984],[-68.9402426,-2.809036899999945],[-68.9570481,-2.816077600000013],[-68.9730205,-2.8111555],[-68.9868011,-2.789692600000052],[-69.0004898,-2.781356],[-69.0227441,-2.793242599999955],[-69.0376563,-2.825692399999949],[-69.0459368,-2.834959200000059],[-69.0568021,-2.84096879999998],[-69.0666057,-2.838125500000015],[-69.0890202,-2.793727199999968],[-69.1169884,-2.774117900000044],[-69.1275463,-2.74752730000001],[-69.1402141,-2.734552199999972],[-69.1515725,-2.728226100000045],[-69.1734624,-2.735813300000037],[-69.1766868,-2.726362900000049],[-69.1719674,-2.706055799999934],[-69.1828828,-2.6810489],[-69.183465,-2.642872299999956],[-69.2045799,-2.6070597],[-69.2158275,-2.602445099999938],[-69.2290176,-2.605881199999986],[-69.2392155,-2.593490500000029],[-69.3087695,-2.61558629999996],[-69.3165773,-2.6017857],[-69.3170731,-2.588893299999977],[-69.3563821,-2.5417719],[-69.3755711,-2.531415899999954],[-69.4140778,-2.5299183],[-69.4264391,-2.534094400000015],[-69.4418526,-2.531151099999937],[-69.4317167,-2.491456899999938],[-69.4378317,-2.483856900000051],[-69.4704946,-2.474385],[-69.4870746,-2.457570600000012],[-69.50677080000001,-2.449427500000022],[-69.6136248,-2.44019890000001],[-69.4517125,-1.5389494],[-69.4570142,-1.491589500000016],[-69.4338433,-1.457544100000076],[-69.43421890000002,-1.398243700000122],[-69.4231648,-1.379827500000079],[-69.4000761,-1.366986200000021],[-69.3971222,-1.360296699999923],[-69.4086769,-1.326935899999932],[-69.4085031,-1.284192300000098],[-69.4266605,-1.2470089],[-69.43091739999998,-1.226940299999921],[-69.41658270000002,-1.186455500000124],[-69.4131076,-1.154658499999928],[-69.3969485,-1.1398894],[-69.3951241,-1.123990900000086],[-69.4046806,-1.103835399999882],[-69.4331533,-1.070936299999838],[-69.4312332,-1.0664011],[-69.4248415,-1.0719569],[-69.419808,-1.069464599999965],[-69.4305939,-1.061004300000087],[-69.4256002,-1.060796799999831],[-69.4185732,-1.043976200000013],[-69.4243,-1.046410700000154],[-69.4284221,-1.043422799999903],[-69.4292244,-1.034874200000061],[-69.4332913,-1.041098899999853],[-69.4316452,-1.036257500000123],[-69.4427529,-1.033739899999899],[-69.4449799,-1.02394629999985],[-69.437436,-1.028883100000116],[-69.4384232,-1.02333770000003],[-69.4313962,-1.020031700000115],[-69.4345174,-1.014292199999985],[-69.4203991,-1.0122438],[-69.4325394,-1.007944800000102],[-69.4291276,-1.00386119999992],[-69.4200256,-1.006765999999858],[-69.4188278,-0.997943199999951],[-69.4337947,-1.003854800000114],[-69.4382134,-0.990765400000111],[-69.4490707,-0.996868],[-69.4560334,-0.99081089999993],[-69.4590547,-0.993619],[-69.4592324,-0.988571599999983],[-69.4673367,-0.982102400000039],[-69.4635114,-0.979518300000038],[-69.462,-0.967677600000145],[-69.4685489,-0.965182200000121],[-69.4708879,-0.957709300000013],[-69.4750277,-0.959666899999963],[-69.4853525,-0.947891900000071],[-69.4918034,-0.952667900000037],[-69.4922426,-0.944311399999962],[-69.4995804,-0.94928989999985],[-69.4965756,-0.943720999999846],[-69.5084842,-0.939108599999966],[-69.510192,-0.927304600000049],[-69.5161308,-0.932343],[-69.5185687,-0.924702200000054],[-69.5280956,-0.924806699999922],[-69.5235825,-0.920903200000043],[-69.5291323,-0.91786220000018],[-69.5265884,-0.908610800000125],[-69.5347828,-0.9048789],[-69.5317565,-0.900428000000136],[-69.5226262,-0.902172299999905],[-69.5204082,-0.899200599999949],[-69.5309311,-0.894766199999852],[-69.5215972,-0.892645200000095],[-69.5251544,-0.890395599999883],[-69.5223355,-0.885666700000142],[-69.5301738,-0.878714400000135],[-69.5234014,-0.874781400000159],[-69.5319078,-0.872879899999835],[-69.5261796,-0.873441799999912],[-69.5257548,-0.868001300000139],[-69.53111480000001,-0.867270099999919],[-69.5337848,-0.858419399999832],[-69.5358358,-0.866877200000037],[-69.5391052,-0.858179900000039],[-69.5450088,-0.861629000000165],[-69.5488942,-0.850921400000046],[-69.55534149999998,-0.851844400000116],[-69.5570134,-0.844348399999949],[-69.5647866,-0.846499900000093],[-69.5730707,-0.83846999999983],[-69.5727669,-0.831680200000122],[-69.5680133,-0.831896999999817],[-69.5581426,-0.818148900000062],[-69.5642451,-0.806660699999939],[-69.569481,-0.8038640000002],[-69.56921850000002,-0.808657999999873],[-69.5745769,-0.809476199999819],[-69.574548,-0.798498100000176],[-69.57844,-0.8025352000002],[-69.578935,-0.798549300000069],[-69.5836208,-0.799667399999845],[-69.5890321,-0.788896099999905],[-69.584633,-0.787299199999848],[-69.586348,-0.781312800000051],[-69.601106,-0.784104300000172],[-69.5967563,-0.778107700000022],[-69.6015127,-0.777801799999959],[-69.6031216,-0.767205999999832],[-69.6066487,-0.769695499999956],[-69.6122217,-0.764579099999868],[-69.6067125,-0.754094699999939],[-69.6186787,-0.756818499999808],[-69.6153391,-0.745405700000166],[-69.6188139,-0.742690299999979],[-69.6253532,-0.745788499999921],[-69.6164752,-0.736474099999919],[-69.6234408,-0.736460400000224],[-69.6238823,-0.728642900000106],[-69.619,-0.731915000000178],[-69.6161567,-0.726656399999927],[-69.6081921,-0.725607900000148],[-69.6159175,-0.718016799999756],[-69.6058744,-0.7203656000002],[-69.6033176,-0.714920900000211],[-69.6083024,-0.710543099999933],[-69.601789,-0.711745200000171],[-69.6021772,-0.701382799999829],[-69.5981991,-0.698495399999803],[-69.6025435,-0.695910000000161],[-69.5958345,-0.693417099999873],[-69.5991431,-0.687562699999801],[-69.592669,-0.690958500000126],[-69.595007,-0.685195500000169],[-69.5827162,-0.680358300000153],[-69.5850707,-0.671381999999872],[-69.5791899,-0.671924600000031],[-69.5758578,-0.666131299999935],[-69.5803119,-0.66605030000019],[-69.5816752,-0.660637799999832],[-69.5735786,-0.661300899999743],[-69.5776874,-0.659008],[-69.5741997,-0.6566115],[-69.5754432,-0.6500082999998],[-69.5622153,-0.636124100000046],[-69.5672142,-0.630566],[-69.5738672,-0.631256300000089],[-69.5755074,-0.627903300000192],[-69.569641,-0.621693200000123],[-69.57758430000001,-0.614139500000193],[-69.5824035,-0.618922],[-69.5863583,-0.617431999999863],[-69.5828082,-0.614746500000267],[-69.5903866,-0.606156400000026],[-69.5886943,-0.602256900000283],[-69.60326249999999,-0.595267099999718],[-69.60371550000002,-0.589438600000044],[-69.5950632,-0.579483299999954],[-69.5965009,-0.565502699999761],[-69.5914679,-0.56057159999995],[-69.5965906,-0.5572681],[-69.5944797,-0.550866900000136],[-69.5973457,-0.55381859999991],[-69.5984635,-0.547790999999869],[-69.603055,-0.547183700000287],[-69.5989656,-0.54438179999968],[-69.6141112,-0.533994199999824],[-69.614661,-0.519590100000079],[-69.6079044,-0.514877799999722],[-69.6105949,-0.511710099999683],[-69.6072497,-0.504882800000238],[-69.6115533,-0.502109100000062],[-69.6082854,-0.500370599999804],[-69.6201546,-0.495776400000288],[-69.6243987,-0.4999785],[-69.6255436,-0.494300799999744],[-69.6319387,-0.491415199999692],[-69.6341236,-0.495772],[-69.6358097,-0.49108070000019],[-69.6409677,-0.493363099999889],[-69.64239950000001,-0.479892199999793],[-69.6530356,-0.47588],[-69.662047,-0.46644010000017],[-69.664039,-0.47000829999993],[-69.6660022,-0.464374000000347],[-69.6792771,-0.466723499999948],[-69.6809013,-0.460310799999853],[-69.6855659,-0.463092199999893],[-69.6837353,-0.460768800000027],[-69.6916351,-0.455277300000311],[-69.6944503,-0.459218999999824],[-69.6929762,-0.453475599999665],[-69.69727829999998,-0.454705500000125],[-69.69664219999999,-0.450453100000353],[-69.7044088,-0.45434680000005],[-69.7058284,-0.450106399999972],[-69.708987,-0.453904100000077],[-69.7112115,-0.447972600000345],[-69.72010889999999,-0.448745799999982],[-69.7193323,-0.443090399999806],[-69.7215146,-0.447121400000308],[-69.7221162,-0.441837899999951],[-69.7234015,-0.445425899999843],[-69.7266655,-0.44536780000033],[-69.7309092,-0.437371999999837],[-69.7384826,-0.437345299999718],[-69.7415212,-0.421483699999654],[-69.7441349,-0.424815099999977],[-69.7444381,-0.419710600000104],[-69.7493815,-0.42014809999993],[-69.7487098,-0.414509999999647],[-69.75225229999998,-0.410982900000269],[-69.7549543,-0.413592699999744],[-69.7534344,-0.408185000000386],[-69.7654667,-0.403383600000319],[-69.7749926,-0.394291299999957],[-69.7740221,-0.390911799999671],[-69.779976,-0.395348500000305],[-69.7901499,-0.392365399999718],[-69.79391309999998,-0.3873494],[-69.7919038,-0.383557800000351],[-69.801534,-0.381321600000203],[-69.81150930000001,-0.3724289000003],[-69.8287982,-0.375419300000105],[-69.8325424,-0.353695900000229],[-69.844795,-0.337082699999489],[-69.8682061,-0.340058799999622],[-69.8824443,-0.333754200000519],[-69.8897845,-0.341851999999574],[-69.9208415,-0.325626100000505],[-69.9352279,-0.304526400000284],[-69.9356986,-0.293913999999778],[-69.94553610000001,-0.293294500000307],[-69.9519388,-0.284419000000427],[-69.9503904,-0.279334800000542],[-69.9708955,-0.267538300000031],[-69.9826516,-0.246009599999783],[-69.9937663,-0.241639700000222],[-69.9935616,-0.232315699999611],[-70.0001545,-0.221881599999534],[-70.027784,-0.206205100000663],[-70.040904,-0.1920729000003],[-70.05457789999998,-0.188291500000784],[-70.0650244,-0.16390390000049],[-70.048524,-0.141769699999129],[-70.0465964,-0.1276956000003],[-70.04711995691349,0.068338832419749],[-70.013214,0.065327899998568],[-69.9921909,0.053748799999194],[-69.9855758,0.038552000003991],[-69.9892453,0.006258700025584],[-69.984548,-0.005742199980001],[-69.9613259,-0.010959000009505],[-69.951861,-0.020585299996363],[-69.9464372,-0.074990499999342],[-69.9418779,-0.085352200001333],[-69.9211894,-0.102422999999198],[-69.9062966,-0.108419000000328],[-69.8988839,-0.116817299998786],[-69.89499120000002,-0.131037900000789],[-69.8834965,-0.143353100000668],[-69.8666565,-0.143212899999275],[-69.8481273,-0.123228300000389],[-69.8126094,-0.118388600000354],[-69.8048514,-0.106737899998613],[-69.7979937,-0.08134010000058],[-69.7896555,-0.074043599999842],[-69.7745983,-0.077664000001371],[-69.75765880000002,-0.098589399998681],[-69.7554358,-0.106605599998477],[-69.760434,-0.132723200001207],[-69.7563592,-0.148424799999203],[-69.7479327,-0.159991999999834],[-69.7188002,-0.1711723],[-69.6768682,-0.167602599999815],[-69.6601633,-0.175405900000027],[-69.647136,-0.194631099999122],[-69.6041821,-0.220874899999688],[-69.6057625,-0.298332499999845],[-69.603876,-0.310548500000439],[-69.5917701,-0.325764299999663],[-69.5751268,-0.334299400000387],[-69.5432128,-0.338238799999686],[-69.5017686,-0.360981999999648],[-69.4876931,-0.371474500000117],[-69.48579580000002,-0.401024300000413],[-69.4769175,-0.408925599999679],[-69.4574661,-0.402163299999893],[-69.4347431,-0.405191600000282],[-69.4212047,-0.4007971000004],[-69.4089407,-0.40693209999992],[-69.3966936,-0.424119900000015],[-69.3743529,-0.438651400000036],[-69.3540147,-0.477168699999921],[-69.3452701,-0.483412899999957],[-69.3094066,-0.489454999999662],[-69.2864039,-0.516834599999733],[-69.2582842,-0.521440899999725],[-69.2189668,-0.511509799999753],[-69.1810177,-0.523718900000153],[-69.1586389,-0.53853609999968],[-69.1379501,-0.533331799999828],[-69.1175419,-0.53398520000018],[-69.1046949,-0.5158486],[-69.0824947,-0.510548000000291],[-69.0634753,-0.499727900000215],[-69.032632,-0.503118999999658],[-69.0304696,-0.49301150000032],[-69.0193003,-0.491400399999964],[-69.0140852,-0.484985900000132],[-68.9833374,-0.488558899999731],[-68.9610569,-0.47728300000021],[-68.9440662,-0.484867399999884],[-68.9200635,-0.484566799999778],[-68.9071698,-0.496488299999939],[-68.8628582,-0.511390299999739],[-68.8499524,-0.525782699999835],[-68.8155112,-0.529593399999966],[-68.7820178,-0.550399],[-68.7650755,-0.549690100000155],[-68.75038890000002,-0.559862800000295],[-68.7189191,-0.562777],[-68.6989524,-0.569573300000156],[-68.6972962,-0.578239399999759],[-68.6913767,-0.580657199999945],[-68.6922853,-0.586118]]]}},{"type":"Feature","properties":{"CD_MUN":"1302207","NM_MUN":"Juruá","SIGLA_UF":"AM","CodigoIBGE":"1302207","SubRegiaoNumero":2,"CalhaSubRegiao":"Região do Triângulo Jutaí/Solimões/Juruá"},"geometry":{"type":"Polygon","coordinates":[[[-65.9501758,-4.294642299999969],[-66.9320944,-4.2956378],[-66.9343735,-4.276846300000019],[-66.929482,-4.266719],[-66.9326415,-4.257644],[-66.9203856,-4.242506200000014],[-66.9183563,-4.231683499999972],[-66.9147602,-4.2315759],[-66.918319,-4.224997399999973],[-66.9231539,-4.22462549999997],[-66.9226267,-4.219563900000024],[-66.9271382,-4.2213188],[-66.9252567,-4.218493800000013],[-66.9306626,-4.217475899999977],[-66.9356184,-4.208343399999979],[-66.9403652,-4.211611900000012],[-66.944671,-4.2068481],[-66.9539295,-4.20623020000003],[-66.9577252,-4.2006506],[-66.9630126,-4.203558900000032],[-66.9764513,-4.1872024],[-66.9804449,-4.189942199999966],[-66.9814619,-4.1860232],[-66.9869479,-4.186299399999982],[-66.9879662,-4.190630299999948],[-66.99522320000001,-4.185811099999977],[-66.9998125,-4.1884614],[-67.0063353,-4.178431799999974],[-67.0040949,-4.175077499999983],[-67.012575,-4.1683375],[-67.0147659,-4.171703599999987],[-67.023878,-4.16157690000002],[-67.0235535,-4.153630099999986],[-67.0253498,-4.1581763],[-67.0290527,-4.154249400000033],[-67.0328172,-4.1559027],[-67.0372674,-4.142878],[-67.0470696,-4.142457599999949],[-67.0470693,-4.1294936],[-67.0512004,-4.13127770000003],[-67.05282929999998,-4.125462599999982],[-67.0558073,-4.129433400000019],[-67.0596768,-4.127836899999969],[-67.064394,-4.120729299999972],[-67.060984,-4.121069199999963],[-67.0637105,-4.112934899999988],[-67.0592758,-4.110469199999958],[-67.064695,-4.10560020000001],[-67.0684896,-4.10757889999997],[-67.0736948,-4.1008445],[-67.0645832,-4.08672060000003],[-67.0710197,-4.089140299999988],[-67.0688271,-4.083297100000038],[-67.0757923,-4.0835279],[-67.0769182,-4.0783036],[-67.0734442,-4.081578499999982],[-67.071529,-4.0786079],[-67.0730622,-4.06728],[-67.0773289,-4.064315599999985],[-67.0756842,-4.058435099999953],[-67.0829323,-4.0564378],[-67.0882148,-4.0422178],[-67.0894171,-4.045741399999973],[-67.09650679999999,-4.044227399999957],[-67.1076341,-4.033853200000016],[-67.1157792,-4.039099299999967],[-67.1207252,-4.034105699999982],[-67.1206827,-4.0387442],[-67.1275671,-4.034246400000013],[-67.1275985,-4.0297115],[-67.1329349,-4.031556700000021],[-67.1438276,-4.0110052],[-67.1556238,-4.00826729999997],[-67.1508068,-4.0030873],[-67.1577129,-4.00573009999997],[-67.1552865,-4.002824099999978],[-67.1658842,-3.990314],[-67.1644234,-3.984410599999975],[-67.1717348,-3.9819451],[-67.1706156,-3.9640607],[-67.1759999,-3.965070200000046],[-67.1733906,-3.959990099999962],[-67.1794648,-3.956878],[-67.1817064,-3.9479122],[-67.1773665,-3.948241899999973],[-67.177266,-3.9434673],[-67.1808992,-3.9450645],[-67.1835396,-3.933837700000037],[-67.1891332,-3.934594],[-67.1880417,-3.931020100000021],[-67.1979321,-3.920444800000017],[-67.2032124,-3.9196474],[-67.1957572,-3.918655200000036],[-67.1970494,-3.906228800000011],[-67.1886511,-3.90194],[-67.1885205,-3.895097500000018],[-67.1945149,-3.894283799999978],[-67.1859861,-3.877291800000024],[-67.1833608,-3.883219200000032],[-67.1730825,-3.884141099999972],[-67.1697113,-3.893322800000021],[-67.1649703,-3.893319],[-67.1611462,-3.902352500000025],[-67.1474811,-3.912865200000014],[-67.1347854,-3.933239899999986],[-67.1245784,-3.933645899999988],[-67.1025026,-3.946919],[-67.0831436,-3.948465900000034],[-67.0704107,-3.959191],[-67.0630743,-3.9577637],[-67.0430629,-3.9646488],[-67.018449,-3.983046799999961],[-67.0058019,-3.987140500000021],[-66.9959051,-3.986660899999987],[-66.9854357,-3.975817299999957],[-66.9792922,-3.9491788],[-66.984446,-3.9303738],[-67.0093287,-3.9025769],[-67.0120695,-3.891962499999973],[-67.0102655,-3.878547199999989],[-66.999562,-3.869350299999972],[-66.9961958,-3.858794],[-66.988539,-3.855303599999986],[-66.9710418,-3.861039599999964],[-66.9695902,-3.852860599999955],[-66.9727032,-3.7913594],[-66.9797324,-3.775718],[-66.976681,-3.747643199999973],[-66.987293,-3.725726599999954],[-66.9892924,-3.707745100000011],[-66.9740424,-3.682144099999953],[-66.9415133,-3.655434599999976],[-66.935732,-3.637964700000042],[-66.9234553,-3.625039300000015],[-66.9103804,-3.57756709999995],[-66.9467308,-3.553757599999981],[-66.9982603,-3.54864],[-67.0281547,-3.529043699999974],[-67.0335398,-3.5113997],[-67.0269872,-3.483832499999957],[-67.0347862,-3.423566200000036],[-67.0326197,-3.40826669999996],[-67.0236812,-3.393635399999952],[-66.9926796,-3.373066700000021],[-66.9965378,-3.348945099999967],[-66.9905398,-3.334475200000038],[-66.9674283,-3.327506899999989],[-66.94171,-3.303744700000048],[-66.9347111,-3.27838149999996],[-66.9377624,-3.245358800000045],[-66.9251589,-3.225885],[-66.923297,-3.2098494],[-66.9072187,-3.176803899999958],[-66.9068733,-3.165799299999963],[-66.8857513,-3.150741699999986],[-66.8839275,-3.145254],[-66.8630626,-3.136149699999939],[-66.8471498,-3.135385799999951],[-66.830312,-3.142970300000021],[-66.8203383,-3.1402855],[-66.8123649,-3.144644499999977],[-66.8014652,-3.141429099999975],[-66.7870021,-3.149959400000036],[-66.7727012,-3.1684945],[-66.7625408,-3.158778099999969],[-66.7571121,-3.1649508],[-66.7506394,-3.1637992],[-66.7363323,-3.152732499999987],[-66.7297393,-3.1559199],[-66.7306584,-3.158893399999968],[-66.7272513,-3.155291399999952],[-66.7233613,-3.157050699999967],[-66.724405,-3.1540693],[-66.7200138,-3.1553351],[-66.7209966,-3.158485200000035],[-66.7108837,-3.1566912],[-66.7086504,-3.162162499999962],[-66.6997122,-3.163372100000034],[-66.7002711,-3.158842500000014],[-66.6990641,-3.162255300000014],[-66.6891719,-3.16059580000003],[-66.687647,-3.155448399999958],[-66.6733049,-3.14773789999998],[-66.6694686,-3.151390399999932],[-66.6601433,-3.147964200000039],[-66.6555376,-3.151838900000035],[-66.6521461,-3.144363900000038],[-66.6468648,-3.146714100000036],[-66.6275234,-3.133772],[-66.6241847,-3.144019700000031],[-66.6212121,-3.1408824],[-66.6149361,-3.144736699999974],[-66.6116062,-3.140330399999943],[-66.6098459,-3.144497800000019],[-66.6031402,-3.137618600000022],[-66.6047723,-3.141950900000016],[-66.593529,-3.140726700000014],[-66.5883112,-3.146399199999962],[-66.5579289,-3.143979800000015],[-66.5603535,-3.1513719],[-66.5432178,-3.147568],[-66.539861,-3.153928],[-66.5347067,-3.14047810000004],[-66.5318735,-3.144995600000012],[-66.5370538,-3.148923700000021],[-66.5295592,-3.15476009999995],[-66.5252398,-3.144176299999949],[-66.5162556,-3.144877800000046],[-66.5131052,-3.149238499999952],[-66.5107878,-3.145325400000027],[-66.5152009,-3.1393201],[-66.503696,-3.141453599999958],[-66.5047119,-3.148222099999963],[-66.4952961,-3.140335],[-66.4877206,-3.146728],[-66.4801719,-3.1445175],[-66.4773764,-3.1539234],[-66.4725059,-3.149069200000025],[-66.4690966,-3.132661600000038],[-66.4637463,-3.138214],[-66.4581687,-3.1301143],[-66.4563517,-3.137234700000011],[-66.4494109,-3.1348107],[-66.4498904,-3.142240300000029],[-66.4420313,-3.134864900000047],[-66.4385931,-3.141411299999989],[-66.4337486,-3.13473149999995],[-66.4296543,-3.135756699999968],[-66.4343908,-3.141716299999948],[-66.4257386,-3.146898099999989],[-66.4228074,-3.136948400000031],[-66.411106,-3.1304192],[-66.3971051,-3.137202099999955],[-66.390237,-3.13280539999998],[-66.3916015,-3.137868399999986],[-66.3852,-3.144845],[-66.380145,-3.140929799999935],[-66.3813016,-3.146841700000045],[-66.3763816,-3.139653600000021],[-66.3639435,-3.135982],[-66.3633045,-3.1424599],[-66.3558007,-3.147383099999938],[-66.3477345,-3.143179899999948],[-66.3487516,-3.1496082],[-66.3420853,-3.144468199999968],[-66.3426599,-3.15264619999998],[-66.3382364,-3.153794899999935],[-66.3354213,-3.16145270000002],[-66.32873,-3.157486399999966],[-66.3302478,-3.1535848],[-66.3272038,-3.1585803],[-66.3045884,-3.1563335],[-66.3059416,-3.142729199999949],[-66.2965228,-3.139035200000019],[-66.2926168,-3.1285258],[-66.2802348,-3.134985099999962],[-66.2820961,-3.129659100000019],[-66.2600474,-3.1240676],[-66.2586389,-3.128049299999974],[-66.2544356,-3.125733200000048],[-66.2504877,-3.133465300000021],[-66.2468693,-3.123726800000013],[-66.2518809,-3.120197699999943],[-66.2493236,-3.109861300000022],[-66.2397272,-3.1096257],[-66.2435421,-3.099526199999945],[-66.236625,-3.10004],[-66.241343,-3.091584400000051],[-66.2317366,-3.08866],[-66.2287479,-3.0924464],[-66.2281296,-3.0797858],[-66.20948459999998,-3.068194300000016],[-66.214376,-3.066842899999974],[-66.2115278,-3.061839399999962],[-66.21817,-3.061667],[-66.21934990000001,-3.054183500000036],[-66.2068687,-3.038191799999967],[-66.2065552,-3.029076599999934],[-66.2108186,-3.027653],[-66.21243560000002,-3.018484],[-66.2055394,-3.014937499999974],[-66.2031572,-3.018099500000052],[-66.1982216,-3.011280399999986],[-66.2010095,-3.0072078],[-66.196379,-3.007463700000025],[-66.2067778,-3.000191500000033],[-66.2066071,-2.991014299999966],[-66.2026879,-2.992100499999958],[-66.1984103,-2.984389500000042],[-66.1974042,-2.989250400000045],[-66.191824,-2.9856139],[-66.1988841,-2.96756409999997],[-66.1930495,-2.965476100000036],[-66.1876729,-2.950306500000033],[-66.1813512,-2.957635199999979],[-66.1701652,-2.952763599999968],[-66.172566,-2.943157599999939],[-66.16742660000001,-2.940755299999987],[-66.1672558,-2.926246400000029],[-66.1585618,-2.92107069999997],[-66.1540831,-2.922952100000058],[-66.1481802,-2.903138],[-66.1417423,-2.906123],[-66.1362046,-2.898270399999934],[-66.1257993,-2.896628300000054],[-66.1221379,-2.882475599999979],[-66.1042639,-2.878171300000027],[-66.1159716,-2.850053600000059],[-66.1009958,-2.842927600000011],[-66.0929323,-2.823662899999951],[-66.0876808,-2.827122099999944],[-66.0824753,-2.824608500000017],[-66.0908845,-2.814997099999963],[-66.0797818,-2.797803099999987],[-66.0715461,-2.79264919999996],[-66.0766022,-2.783447800000016],[-66.0640125,-2.774416],[-66.069454,-2.765253700000011],[-66.066103,-2.755818399999989],[-66.0537955,-2.737038600000041],[-66.0456647,-2.733181],[-66.0533286,-2.731563300000039],[-66.0551621,-2.7272738],[-66.039379,-2.722465],[-66.0299052,-2.729449800000044],[-66.0333846,-2.71875039999996],[-66.0209932,-2.710915300000024],[-66.0177568,-2.692998500000015],[-66.0052991,-2.696465],[-66.0002174,-2.705765200000035],[-66.0032344,-2.693555900000059],[-65.998692,-2.6874465],[-65.9990769,-2.677023299999942],[-65.9848852,-2.674038],[-65.9840793,-2.668072400000058],[-65.9897249,-2.661959500000011],[-65.9795745,-2.65726380000005],[-65.9826945,-2.642988499999974],[-65.969496,-2.637162799999951],[-65.9663071,-2.625841599999961],[-65.9535301,-2.631443800000052],[-65.9483781,-2.629605500000043],[-65.9494847,-2.623058100000052],[-65.9594937,-2.6166424],[-65.9546551,-2.608683199999937],[-65.946581,-2.607298100000063],[-65.9349776,-2.61682889999994],[-65.923637,-2.603913599999987],[-65.918663,-2.612840499999988],[-65.9127124,-2.605267],[-65.9091325,-2.613534],[-65.8987551,-2.610477599999987],[-65.90102680000001,-2.602504],[-65.8953305,-2.599749900000053],[-65.8985589,-2.59286689999994],[-65.8958599,-2.590053100000065],[-65.8791152,-2.597591799999976],[-65.8793772,-2.607180200000036],[-65.8869975,-2.607373399999948],[-65.8852566,-2.613909099999951],[-65.8676015,-2.614458600000022],[-65.8552823,-2.610235100000063],[-65.8458711,-2.595010800000011],[-65.837931,-2.597477800000053],[-65.8349148,-2.589430499999965],[-65.8350969,-2.602821500000036],[-65.8314543,-2.606028800000016],[-65.8115146,-2.589833299999957],[-65.8049039,-2.588898400000032],[-65.79865260000001,-2.592004399999959],[-65.7974866,-2.612686799999963],[-65.777304,-2.631379400000061],[-65.7534654,-2.630186299999985],[-65.7746184,-2.591118699999954],[-65.8006419,-2.564115899999978],[-65.8187938,-2.519966900000046],[-65.8153472,-2.497624],[-65.7850933,-2.480171],[-65.7708542,-2.482725699999973],[-65.7539751,-2.50036],[-65.7272522,-2.518575599999936],[-65.7215061,-2.527377899999937],[-65.7146665,-2.559521299999947],[-65.7136353,-2.618206700000036],[-65.6790072,-2.653187900000024],[-65.6637878,-2.6622251],[-65.6528642,-2.663495399999936],[-65.5971732,-2.6599275],[-65.5583417,-2.635103400000022],[-65.5239767,-2.601823599999978],[-65.5056976,-2.562761],[-65.4872487,-2.545219399999958],[-65.4884181,-2.539262899999962],[-65.4424804,-2.510072499999946],[-65.4246187,-2.488219900000036],[-65.3992041,-2.470088800000045],[-65.397731,-2.450511900000071],[-65.3911706,-2.4455566],[-65.3723955,-2.461251800000043],[-65.3486453,-2.4723167],[-65.3157428,-2.475983699999987],[-65.2911554,-2.513814899999955],[-65.283105,-2.5338],[-65.2764656,-2.536324600000058],[-65.2564813,-2.563988500000052],[-65.25435820000001,-2.58778530000003],[-65.2585546,-2.601228200000014],[-65.2679051,-2.61211409999996],[-65.3130824,-2.638469799999978],[-65.3600187,-2.648130200000046],[-65.379435,-2.666500199999988],[-65.3852864,-2.679901400000066],[-65.37695150000002,-2.71775],[-65.3364317,-2.780401899999955],[-65.3461158,-2.819853],[-65.3811731,-2.8540584],[-65.4267276,-2.873406],[-65.449258,-2.85527320000004],[-65.458333,-2.855210699999971],[-65.4689081,-2.867630400000024],[-65.4971977,-2.8589063],[-65.5315619,-2.883935600000026],[-65.546478,-2.886907500000011],[-65.5598163,-2.888545700000042],[-65.5892275,-2.871633799999966],[-65.5974772,-2.873447799999944],[-65.6043678,-2.89023510000005],[-65.6076988,-2.921776399999975],[-65.6147795,-2.9288198],[-65.6409268,-2.937201400000046],[-65.6574764,-2.954078799999946],[-65.7022842,-3.043595299999947],[-65.7319459,-3.076310900000029],[-65.7347841,-3.102560399999972],[-65.7523417,-3.156347700000031],[-65.7637023,-3.170968499999979],[-65.785395,-3.174330200000032],[-65.8023389,-3.183766899999976],[-65.8321476,-3.2407748],[-65.8394827,-3.267451],[-65.8690043,-3.30424070000002],[-65.8745851,-3.350261],[-65.9145619,-3.381961200000012],[-65.9214525,-3.417775],[-65.9425092,-3.461758900000025],[-65.956922,-3.4762205],[-65.9781163,-3.487337899999965],[-65.983064,-3.496172],[-65.9845901,-3.566574599999952],[-65.9925362,-3.642294],[-65.9852058,-3.684705300000017],[-65.9946162,-3.720582599999966],[-65.9915048,-3.728058],[-65.9615043,-3.731070700000034],[-65.953987,-3.735614300000037],[-65.9495074,-3.751801900000028],[-65.9533703,-3.760911],[-65.9743144,-3.778544899999986],[-65.9829767,-3.7934614],[-65.9866708,-3.858269],[-65.9842589,-3.885997299999985],[-65.9809781,-3.902726700000025],[-65.9634267,-3.924429199999987],[-65.9482849,-3.957782200000036],[-65.9551151,-3.998765599999983],[-65.949647,-4.010838299999955],[-65.9155883,-4.042788500000039],[-65.8792856,-4.124389],[-65.8627618,-4.146200699999957],[-65.8659301,-4.169796299999985],[-65.8779819,-4.18273909999997],[-65.9028179,-4.195721699999957],[-65.9160139,-4.217285],[-65.9254582,-4.260910500000016],[-65.9088738,-4.292671499999961],[-65.9209404,-4.3045918],[-65.9403988,-4.302630599999972],[-65.9501758,-4.294642299999969]]]}},{"type":"Feature","properties":{"CD_MUN":"1301605","NM_MUN":"Fonte Boa","SIGLA_UF":"AM","CodigoIBGE":"1301605","SubRegiaoNumero":2,"CalhaSubRegiao":"Região do Triângulo Jutaí/Solimões/Juruá"},"geometry":{"type":"Polygon","coordinates":[[[-65.5239767,-2.601823599999978],[-65.5893681,-2.657367799999967],[-65.6148416,-2.662527700000012],[-65.6637878,-2.6622251],[-65.6790072,-2.653187900000024],[-65.71471,-2.615293800000019],[-65.7146665,-2.559521299999947],[-65.7215061,-2.527377899999937],[-65.7333927,-2.51249649999997],[-65.7539751,-2.50036],[-65.7708542,-2.482725699999973],[-65.7850933,-2.480171],[-65.8153472,-2.497624],[-65.8187938,-2.519966900000046],[-65.8006419,-2.564115899999978],[-65.7746184,-2.591118699999954],[-65.7534654,-2.630186299999985],[-65.777304,-2.631379400000061],[-65.7974866,-2.612686799999963],[-65.79865260000001,-2.592004399999959],[-65.8049039,-2.588898400000032],[-65.8115146,-2.589833299999957],[-65.8314543,-2.606028800000016],[-65.8350969,-2.602821500000036],[-65.8349148,-2.589430499999965],[-65.837931,-2.597477800000053],[-65.8458711,-2.595010800000011],[-65.8552823,-2.610235100000063],[-65.8676015,-2.614458600000022],[-65.8852566,-2.613909099999951],[-65.8869975,-2.607373399999948],[-65.8793772,-2.607180200000036],[-65.8791152,-2.597591799999976],[-65.8958599,-2.590053100000065],[-65.8985589,-2.59286689999994],[-65.8953305,-2.599749900000053],[-65.90102680000001,-2.602504],[-65.8987551,-2.610477599999987],[-65.9091325,-2.613534],[-65.9127124,-2.605267],[-65.918663,-2.612840499999988],[-65.923637,-2.603913599999987],[-65.9349776,-2.61682889999994],[-65.946581,-2.607298100000063],[-65.9546551,-2.608683199999937],[-65.9594937,-2.6166424],[-65.9494847,-2.623058100000052],[-65.9483781,-2.629605500000043],[-65.9535301,-2.631443800000052],[-65.9663071,-2.625841599999961],[-65.969496,-2.637162799999951],[-65.9826945,-2.642988499999974],[-65.9795745,-2.65726380000005],[-65.9897249,-2.661959500000011],[-65.9840793,-2.668072400000058],[-65.9848852,-2.674038],[-65.9990769,-2.677023299999942],[-65.998692,-2.6874465],[-66.0032344,-2.693555900000059],[-66.0002174,-2.705765200000035],[-66.0052991,-2.696465],[-66.0177568,-2.692998500000015],[-66.0209932,-2.710915300000024],[-66.0333846,-2.71875039999996],[-66.0299052,-2.729449800000044],[-66.039379,-2.722465],[-66.0551621,-2.7272738],[-66.0533286,-2.731563300000039],[-66.0456647,-2.733181],[-66.0537955,-2.737038600000041],[-66.066103,-2.755818399999989],[-66.069454,-2.765253700000011],[-66.0640125,-2.774416],[-66.0766022,-2.783447800000016],[-66.0715461,-2.79264919999996],[-66.0797818,-2.797803099999987],[-66.0908845,-2.814997099999963],[-66.0824753,-2.824608500000017],[-66.0876808,-2.827122099999944],[-66.0929323,-2.823662899999951],[-66.1009958,-2.842927600000011],[-66.1159716,-2.850053600000059],[-66.1042639,-2.878171300000027],[-66.1221379,-2.882475599999979],[-66.1257993,-2.896628300000054],[-66.1362046,-2.898270399999934],[-66.1417423,-2.906123],[-66.1481802,-2.903138],[-66.1540831,-2.922952100000058],[-66.1585618,-2.92107069999997],[-66.1672558,-2.926246400000029],[-66.16742660000001,-2.940755299999987],[-66.172566,-2.943157599999939],[-66.1701652,-2.952763599999968],[-66.1813512,-2.957635199999979],[-66.1876729,-2.950306500000033],[-66.1930495,-2.965476100000036],[-66.1988841,-2.96756409999997],[-66.191824,-2.9856139],[-66.1974042,-2.989250400000045],[-66.1984103,-2.984389500000042],[-66.2026879,-2.992100499999958],[-66.2066071,-2.991014299999966],[-66.2067778,-3.000191500000033],[-66.196379,-3.007463700000025],[-66.2010095,-3.0072078],[-66.1982216,-3.011280399999986],[-66.2031572,-3.018099500000052],[-66.2055394,-3.014937499999974],[-66.21243560000002,-3.018484],[-66.2108186,-3.027653],[-66.2065552,-3.029076599999934],[-66.2068687,-3.038191799999967],[-66.21934990000001,-3.054183500000036],[-66.21817,-3.061667],[-66.2115278,-3.061839399999962],[-66.214376,-3.066842899999974],[-66.20948459999998,-3.068194300000016],[-66.2281296,-3.0797858],[-66.2287479,-3.0924464],[-66.2317366,-3.08866],[-66.241343,-3.091584400000051],[-66.236625,-3.10004],[-66.2435421,-3.099526199999945],[-66.2397272,-3.1096257],[-66.2493236,-3.109861300000022],[-66.2518809,-3.120197699999943],[-66.2468693,-3.123726800000013],[-66.2504877,-3.133465300000021],[-66.2544356,-3.125733200000048],[-66.2586389,-3.128049299999974],[-66.2600474,-3.1240676],[-66.2820961,-3.129659100000019],[-66.2802348,-3.134985099999962],[-66.2926168,-3.1285258],[-66.2965228,-3.139035200000019],[-66.3059416,-3.142729199999949],[-66.3045884,-3.1563335],[-66.3272038,-3.1585803],[-66.3302478,-3.1535848],[-66.32873,-3.157486399999966],[-66.3348485,-3.16143119999998],[-66.3426599,-3.15264619999998],[-66.3420853,-3.144468199999968],[-66.3487516,-3.1496082],[-66.3477345,-3.143179899999948],[-66.3558007,-3.147383099999938],[-66.3633045,-3.1424599],[-66.3639435,-3.135982],[-66.3763816,-3.139653600000021],[-66.3813016,-3.146841700000045],[-66.380145,-3.140929799999935],[-66.3852,-3.144845],[-66.3916015,-3.137868399999986],[-66.390237,-3.13280539999998],[-66.3971051,-3.137202099999955],[-66.411106,-3.1304192],[-66.4228074,-3.136948400000031],[-66.4257386,-3.146898099999989],[-66.4343162,-3.141909800000025],[-66.4291423,-3.137684300000013],[-66.4327086,-3.1346031],[-66.4375716,-3.141271700000046],[-66.4408623,-3.134613499999979],[-66.4496247,-3.14227670000004],[-66.4494109,-3.1348107],[-66.4563517,-3.137234700000011],[-66.4576093,-3.130167199999973],[-66.4637463,-3.138214],[-66.4690966,-3.132661600000038],[-66.4725059,-3.149069200000025],[-66.4773764,-3.1539234],[-66.4793081,-3.144948299999971],[-66.4877206,-3.146728],[-66.4947364,-3.140363100000029],[-66.5047119,-3.148222099999963],[-66.503696,-3.141453599999958],[-66.5154764,-3.1393662],[-66.5107878,-3.145325400000027],[-66.5131052,-3.149238499999952],[-66.5162556,-3.144877800000046],[-66.5252398,-3.144176299999949],[-66.5295592,-3.15476009999995],[-66.5370538,-3.148923700000021],[-66.5318735,-3.144995600000012],[-66.5347067,-3.14047810000004],[-66.5388721,-3.153976699999955],[-66.5433403,-3.147537400000016],[-66.5607468,-3.151191399999936],[-66.5579289,-3.143979800000015],[-66.5883112,-3.146399199999962],[-66.5994641,-3.139372899999953],[-66.5933787,-3.128667],[-66.5960157,-3.097717099999983],[-66.6106679,-3.083373],[-66.6186123,-3.057792300000045],[-66.6111945,-3.03091890000004],[-66.5966112,-3.0173835],[-66.5890033,-3.000805299999954],[-66.5961203,-2.97835479999998],[-66.6195656,-2.955835500000047],[-66.6216681,-2.941886099999957],[-66.600062,-2.898599099999981],[-66.5700344,-2.886538],[-66.5645354,-2.879813800000026],[-66.5565925,-2.85208],[-66.5622019,-2.833845200000033],[-66.5936477,-2.802604899999982],[-66.59145530000002,-2.785197],[-66.5617581,-2.7703622],[-66.543452,-2.769235700000013],[-66.5216506,-2.7548006],[-66.4894534,-2.742146499999942],[-66.4788442,-2.7288714],[-66.4677018,-2.697834699999945],[-66.4543661,-2.686579599999946],[-66.412316,-2.690403299999984],[-66.4066512,-2.7053554],[-66.3930313,-2.715541699999984],[-66.3778949,-2.704982799999981],[-66.3687333,-2.705269900000017],[-66.35931080000002,-2.717842700000036],[-66.3499762,-2.720446400000028],[-66.3317572,-2.711058300000024],[-66.2985645,-2.70333459999996],[-66.2858736,-2.69184610000003],[-66.2835331,-2.684459699999956],[-66.2900356,-2.678269600000033],[-66.299157,-2.6800878],[-66.3107952,-2.675912899999976],[-66.3207836,-2.680724700000029],[-66.3362686,-2.678654500000054],[-66.3740233,-2.646941899999934],[-66.3748111,-2.635023599999954],[-66.3705312,-2.629210699999976],[-66.3616756,-2.620511100000052],[-66.351098,-2.619527300000013],[-66.3480889,-2.606510500000049],[-66.338203,-2.603491399999954],[-66.3332313,-2.562472300000038],[-66.3720869,-2.55605580000002],[-66.39667770000001,-2.526872899999968],[-66.4047375,-2.496047899999965],[-66.4022688,-2.427124399999933],[-66.4134981,-2.403066600000071],[-66.4516914,-2.389547799999946],[-66.5194699,-2.400095799999962],[-66.561349,-2.398842200000025],[-66.5967549,-2.37777919999992],[-66.6114181,-2.375533600000019],[-66.6230966,-2.3773543],[-66.6410975,-2.388715599999955],[-66.64821490000001,-2.4219691],[-66.63505,-2.467212400000046],[-66.6144891,-2.513953799999942],[-66.6206014,-2.546884299999957],[-66.5987524,-2.588383800000015],[-66.5982785,-2.6084223],[-66.6030989,-2.630591600000054],[-66.6180319,-2.652001299999953],[-66.6830998,-2.694021499999948],[-66.7305397,-2.718184],[-66.7549267,-2.721103100000034],[-66.7971474,-2.686204899999926],[-66.8298068,-2.677382800000029],[-66.8622688,-2.657202700000039],[-66.8825551,-2.662479500000021],[-66.8981118,-2.671910899999985],[-66.912078,-2.689420800000038],[-66.9223748,-2.715915800000045],[-66.9414489,-2.727531400000011],[-66.9757986,-2.7282064],[-67.0121069,-2.7191667],[-67.0324928,-2.711330499999951],[-67.0480274,-2.697713700000041],[-67.0516112,-2.680638300000024],[-67.0416995,-2.645027599999965],[-67.0475609,-2.628920700000046],[-67.0610352,-2.613625600000037],[-67.0814701,-2.607129200000022],[-67.0953273,-2.608101799999938],[-67.1262721,-2.6225693],[-67.138051,-2.623562400000047],[-67.173302,-2.605102099999943],[-67.2009329,-2.59794],[-67.2064568,-2.590418900000043],[-67.2126214,-2.5685547],[-67.2150865,-2.520495],[-67.2463656,-2.477091799999954],[-67.23636120000002,-2.457446599999982],[-67.2331274,-2.456473299999964],[-67.2302967,-2.463612],[-67.2281144,-2.450510499999966],[-67.2150639,-2.44865319999997],[-67.2164392,-2.440301399999921],[-67.2087579,-2.426746],[-67.1970529,-2.430273599999964],[-67.1984891,-2.422569500000039],[-67.19297290000002,-2.4076772],[-67.1803433,-2.409237600000019],[-67.1825671,-2.417601800000023],[-67.1754971,-2.422398399999941],[-67.1699378,-2.393324600000017],[-67.1783835,-2.3836605],[-67.1853916,-2.362271499999928],[-67.2014146,-2.346622399999946],[-67.2025601,-2.335764099999946],[-67.2162393,-2.318974700000034],[-67.2525301,-2.302993],[-67.2622932,-2.304109800000028],[-67.2664028,-2.308760499999935],[-67.2735706,-2.305380599999981],[-67.2719926,-2.292983799999974],[-67.2636286,-2.283080599999967],[-67.2536884,-2.28103509999994],[-67.2419196,-2.265226700000052],[-67.2409004,-2.242800599999967],[-67.2445233,-2.2374203],[-67.2593252,-2.236201600000025],[-67.2762125,-2.225964600000064],[-67.2777392,-2.218077499999942],[-67.3093494,-2.173120499999981],[-67.2923676,-2.172130099999986],[-67.2637058,-2.196077399999978],[-67.231514,-2.205183099999927],[-67.2094065,-2.221964699999929],[-67.2040938,-2.2458645],[-67.1683155,-2.2530358],[-67.1326447,-2.247464400000073],[-67.1159597,-2.25352489999997],[-67.1049011,-2.268162599999968],[-67.07087,-2.273947],[-67.0327657,-2.2538063],[-66.9611774,-2.250076800000023],[-66.9459593,-2.245359600000028],[-66.9217869,-2.2295011],[-66.8949805,-2.228672299999937],[-66.8575431,-2.220172600000033],[-66.8175116,-2.197796800000058],[-66.791068,-2.202447399999975],[-66.7857583,-2.195671900000068],[-66.7788462,-2.153656799999963],[-66.7719249,-2.149504100000035],[-66.7527355,-2.151012400000084],[-66.7141517,-2.1658471],[-66.6661779,-2.146114699999935],[-66.6407871,-2.1531899],[-66.6130654,-2.147163599999932],[-66.5998146,-2.117804899999927],[-66.5741692,-2.1157145],[-66.5584825,-2.10789250000005],[-66.5466501,-2.0841663],[-66.529177,-2.06430730000002],[-66.5280396,-2.055785699999953],[-66.53868,-2.024463099999911],[-66.5302307,-1.993271600000022],[-66.5098427,-1.9718724],[-66.4600613,-1.934374800000055],[-66.4438094,-1.930622500000069],[-66.4318712,-1.932732399999935],[-66.4261749,-1.94023],[-66.422953,-1.957809300000048],[-66.4101477,-1.971580700000062],[-66.4050379,-1.995862200000037],[-66.3574772,-2.043913699999966],[-66.34100849999999,-2.0497288],[-66.3373667,-2.056392699999964],[-66.3503295,-2.067083],[-66.3493212,-2.08392769999994],[-66.3355192,-2.077700500000087],[-66.3360142,-2.067924500000021],[-66.3246053,-2.0572873],[-66.3111258,-2.05706240000008],[-66.3174467,-2.0405941],[-66.30522,-2.029785],[-66.2679015,-2.0233273],[-66.2622315,-2.025028499999958],[-66.2587249,-2.033214499999978],[-66.256043,-2.025011499999964],[-66.2435734,-2.0162149],[-66.2206218,-2.0099148],[-66.1876769,-1.990149],[-66.1640152,-1.985442],[-66.1623451,-2.020988699999974],[-66.1522923,-2.033498600000077],[-66.1728342,-2.031821599999923],[-66.1784825,-2.034792900000011],[-66.1801354,-2.043130199999931],[-66.1734109,-2.055135399999916],[-66.1740106,-2.063122700000064],[-66.1624973,-2.060977100000015],[-66.151759,-2.070437899999984],[-66.1452302,-2.062616599999974],[-66.1386701,-2.064124599999957],[-66.1361714,-2.075042400000023],[-66.1209587,-2.07182419999996],[-66.090108,-2.078346199999982],[-66.0666329,-2.071709900000032],[-66.0459864,-2.08066490000006],[-66.0353905,-2.100718],[-66.03879440000001,-2.114590799999961],[-66.0255391,-2.12088270000005],[-66.0182263,-2.141549600000054],[-65.9910815,-2.144587299999953],[-65.9721504,-2.150615599999969],[-65.9600143,-2.159698599999917],[-65.9432985,-2.246665099999977],[-65.9339112,-2.257798899999971],[-65.9012952,-2.260533200000014],[-65.9034455,-2.292389600000064],[-65.8972734,-2.305208799999935],[-65.8659731,-2.292718600000016],[-65.8586869,-2.277678900000041],[-65.8550012,-2.252723699999963],[-65.8501357,-2.24783810000007],[-65.8282429,-2.251778399999979],[-65.81140630000002,-2.267819400000026],[-65.7999782,-2.25250049999993],[-65.763447,-2.255906599999943],[-65.7374689,-2.264301700000043],[-65.7153761,-2.255759599999981],[-65.7075762,-2.2625118],[-65.7054819,-2.256654500000043],[-65.6983312,-2.26005269999994],[-65.6900161,-2.269464500000042],[-65.69032,-2.275703399999963],[-65.6849754,-2.278377299999927],[-65.6603039,-2.27340030000003],[-65.6501997,-2.249600600000079],[-65.6077041,-2.2375479],[-65.5903202,-2.247253199999947],[-65.5848987,-2.257796700000067],[-65.6043443,-2.283559],[-65.6250228,-2.286396900000045],[-65.6283165,-2.290758800000028],[-65.6204758,-2.305757599999975],[-65.5947762,-2.31642],[-65.60313,-2.32701610000005],[-65.6056548,-2.3410045],[-65.6158475,-2.359514400000067],[-65.6088964,-2.383157599999973],[-65.5995176,-2.38760609999997],[-65.5910836,-2.386359099999955],[-65.5605146,-2.360604300000036],[-65.5445547,-2.356908200000017],[-65.5234914,-2.384558700000053],[-65.5007626,-2.387622799999974],[-65.486402,-2.3596845],[-65.4859327,-2.350978100000067],[-65.4956518,-2.345115599999979],[-65.5155676,-2.348011],[-65.5193496,-2.328239899999927],[-65.5140845,-2.320806],[-65.4886961,-2.319871199999976],[-65.4596084,-2.328148699999975],[-65.4549192,-2.334782499999926],[-65.4554428,-2.345609799999985],[-65.4717746,-2.359913200000067],[-65.4778426,-2.380281700000053],[-65.4721036,-2.400848],[-65.4603392,-2.406419300000025],[-65.4508417,-2.3980758],[-65.4267564,-2.3924979],[-65.4226213,-2.381266499999973],[-65.4300898,-2.364875],[-65.4158022,-2.351477700000078],[-65.3954897,-2.349120100000052],[-65.3783576,-2.358932899999964],[-65.3701682,-2.350269500000019],[-65.3702325,-2.32775230000006],[-65.3542841,-2.34333090000001],[-65.3494755,-2.329968],[-65.3416321,-2.3282483],[-65.3468387,-2.336231400000043],[-65.3447274,-2.341866500000018],[-65.3278987,-2.351318700000017],[-65.3091616,-2.336014],[-65.3028813,-2.311737600000046],[-65.291449,-2.308006100000012],[-65.2834722,-2.311762400000034],[-65.2731865,-2.369501],[-65.2553897,-2.382599599999951],[-65.2760484,-2.38008249999997],[-65.3200283,-2.361515499999975],[-65.3560812,-2.363552300000018],[-65.3741865,-2.3714608],[-65.3856486,-2.383992499999958],[-65.3891423,-2.399791199999963],[-65.3651776,-2.39972420000003],[-65.3499578,-2.394250199999953],[-65.3249004,-2.401219600000044],[-65.3069871,-2.413842900000072],[-65.3095609,-2.431467700000022],[-65.3285877,-2.446725800000065],[-65.3383151,-2.460432],[-65.3401684,-2.473841799999946],[-65.3723955,-2.461251800000043],[-65.3911706,-2.4455566],[-65.397731,-2.450511900000071],[-65.3992041,-2.470088800000045],[-65.4246187,-2.488219900000036],[-65.4424804,-2.510072499999946],[-65.4884181,-2.539262899999962],[-65.4872487,-2.545219399999958],[-65.5056976,-2.562761],[-65.5239767,-2.601823599999978]]]}},{"type":"Feature","properties":{"CD_MUN":"1300029","NM_MUN":"Alvarães","SIGLA_UF":"AM","CodigoIBGE":"1300029","SubRegiaoNumero":2,"CalhaSubRegiao":"Região do Triângulo Jutaí/Solimões/Juruá"},"geometry":{"type":"Polygon","coordinates":[[[-64.9271669,-3.0696479],[-64.8919206,-3.100184500000021],[-64.8718507,-3.095717800000032],[-64.8260113,-3.112222900000043],[-64.8033806,-3.149391900000014],[-64.7849892,-3.158776400000026],[-64.7790076,-3.1685425],[-64.7545393,-3.183178399999963],[-64.7282812,-3.207685899999942],[-64.7031678,-3.2218687],[-64.6712787,-3.273828500000052],[-64.6811131,-3.27990340000003],[-64.7087768,-3.273009599999974],[-64.7218964,-3.278165799999972],[-64.7223431,-3.293145],[-64.7257982,-3.295043],[-64.7727449,-3.30781789999995],[-64.78880320000002,-3.31656460000005],[-64.7988963,-3.3375803],[-64.81243310000002,-3.34130349999995],[-64.8498842,-3.381634099999962],[-64.8858776,-3.39267449999995],[-64.8955969,-3.431071099999969],[-64.9224489,-3.452911199999959],[-64.9456877,-3.487632399999971],[-64.9570836,-3.493329699999973],[-64.9749733,-3.4904191],[-64.980382,-3.51043739999996],[-64.9661331,-3.521701100000013],[-64.9609636,-3.534516],[-64.9719956,-3.543411400000029],[-64.9758281,-3.554066200000011],[-64.9824654,-3.556042],[-64.9830833,-3.5684515],[-64.9924294,-3.569716600000043],[-64.9899163,-3.578549400000053],[-64.9853985,-3.580388],[-64.991262,-3.58848310000002],[-64.9846523,-3.5954634],[-64.9831389,-3.611620600000036],[-64.9798831,-3.613278],[-64.9736456,-3.607094099999951],[-64.97623649999998,-3.615980099999945],[-64.9721068,-3.626211100000038],[-64.996528,-3.636610699999959],[-65.0034803,-3.648479600000035],[-65.0141887,-3.655947300000039],[-65.037811,-3.66439629999997],[-65.0356189,-3.6701937],[-65.0269255,-3.668546699999987],[-65.0264214,-3.682384600000042],[-65.0133785,-3.687085900000021],[-65.0147609,-3.70171359999998],[-65.0258654,-3.70614810000001],[-65.0186027,-3.70960590000001],[-65.0152042,-3.71733],[-65.026366,-3.7157847],[-65.0300709,-3.727251],[-65.0244335,-3.744884499999974],[-65.0271909,-3.747981899999972],[-65.0218585,-3.755907900000049],[-65.0202515,-3.7851111],[-65.0264854,-3.7866722],[-65.026611,-3.790282899999966],[-65.0300651,-3.784379299999967],[-65.03399,-3.789452699999975],[-65.0442855,-3.786415299999968],[-65.0529886,-3.79505870000004],[-65.0738426,-3.787540800000021],[-65.0836405,-3.7992353],[-65.0934384,-3.7976472],[-65.0905669,-3.8005388],[-65.0943716,-3.800886699999954],[-65.0944207,-3.810211600000032],[-65.1030379,-3.811912599999988],[-65.0993225,-3.815066799999987],[-65.1020363,-3.821984900000026],[-65.1186499,-3.8326023],[-65.1154427,-3.836379099999989],[-65.1175306,-3.840509200000023],[-65.1210387,-3.839178500000033],[-65.120564,-3.8449581],[-65.1284815,-3.855565800000047],[-65.122193,-3.858330899999958],[-65.123896,-3.862691799999957],[-65.1210305,-3.860183799999981],[-65.1187111,-3.870179500000014],[-65.1235172,-3.8688709],[-65.128975,-3.879018500000017],[-65.1357913,-3.874946300000014],[-65.1443453,-3.878089599999976],[-65.1450285,-3.884388499999967],[-65.1398726,-3.8888298],[-65.1445669,-3.891695699999965],[-65.1501807,-3.8867838],[-65.1571479,-3.8877661],[-65.1576989,-3.9055179],[-65.1676387,-3.89646530000002],[-65.1711992,-3.899175],[-65.1666772,-3.9030289],[-65.170886,-3.909343400000036],[-65.1804631,-3.912216899999965],[-65.1857103,-3.907065],[-65.1861662,-3.910952400000043],[-65.199532,-3.916884699999979],[-65.2081906,-3.933050499999954],[-65.2161926,-3.9358425],[-65.2252072,-3.933278900000024],[-65.2338419,-3.940724],[-65.2352668,-3.936366],[-65.2388093,-3.946270499999967],[-65.2474885,-3.943354399999959],[-65.2446046,-3.946693500000036],[-65.2507089,-3.9458675],[-65.2541,-3.954224600000024],[-65.2772501,-3.949837400000037],[-65.2854203,-3.964044399999985],[-65.3049621,-3.962583499999973],[-65.3150694,-3.968104900000026],[-65.3126418,-3.972532400000013],[-65.3159312,-3.975129800000039],[-65.3189639,-3.971444700000015],[-65.3308701,-3.975548900000034],[-65.3360164,-3.970840699999977],[-65.3347889,-3.980297200000035],[-65.3415096,-3.981306299999979],[-65.3415887,-3.985702299999985],[-65.3454052,-3.982934100000023],[-65.3518738,-3.986038700000028],[-65.3534955,-3.994974800000016],[-65.356974,-3.991049400000027],[-65.3697758,-3.9973439],[-65.3703028,-3.99434290000003],[-65.372634,-3.993745300000016],[-65.3720985,-4.000946],[-65.3910512,-4.005831400000013],[-65.3879108,-4.012358],[-65.3967672,-4.0185588],[-65.3978036,-4.0277268],[-65.4025105,-4.023119500000019],[-65.4055063,-4.031123],[-65.4106259,-4.0326764],[-65.4254612,-4.02678],[-65.4395135,-4.035402299999969],[-65.4391878,-4.039309499999984],[-65.4434856,-4.0385717],[-65.4445079,-4.043025],[-65.4562895,-4.039879099999974],[-65.4655362,-4.044383100000015],[-65.4657218,-4.048126899999977],[-65.4800289,-4.050561500000032],[-65.4870651,-4.065467300000018],[-65.4941334,-4.06425250000003],[-65.502905,-4.070079099999971],[-65.5024785,-4.0745357],[-65.51565220000002,-4.087858100000029],[-65.5334084,-4.0927745],[-65.5379472,-4.087705699999966],[-65.5418651,-4.0942525],[-65.5457742,-4.0930474],[-65.5489907,-4.093841],[-65.5492862,-4.0995124],[-65.5661653,-4.1052745],[-65.5721713,-4.101637],[-65.57242249999999,-4.107818600000017],[-65.5837677,-4.114617499999973],[-65.596489,-4.110222899999961],[-65.5999281,-4.114763399999986],[-65.6147178,-4.1162511],[-65.6214028,-4.122882400000029],[-65.6282312,-4.1213533],[-65.6311199,-4.127293],[-65.657126,-4.128572099999983],[-65.6664176,-4.139403899999965],[-65.6670397,-4.154209499999963],[-65.6760815,-4.1627597],[-65.6936276,-4.163355600000018],[-65.6934212,-4.167385199999969],[-65.7009565,-4.1692382],[-65.7153792,-4.182599599999978],[-65.7244934,-4.182853],[-65.72692710000001,-4.1915408],[-65.7296824,-4.189796699999977],[-65.7342538,-4.195753099999969],[-65.7422069,-4.1926985],[-65.7640126,-4.213884500000029],[-65.7964283,-4.221786500000015],[-65.8091414,-4.2173085],[-65.8459243,-4.249160799999977],[-65.8726996,-4.2526008],[-65.8960947,-4.279268100000027],[-65.90400570000001,-4.28323770000003],[-65.9088738,-4.292671499999961],[-65.9254582,-4.260910500000016],[-65.9160139,-4.217285],[-65.9028179,-4.195721699999957],[-65.8779819,-4.18273909999997],[-65.8659301,-4.169796299999985],[-65.8627618,-4.146200699999957],[-65.8701993,-4.13289879999996],[-65.8633676,-4.127784],[-65.8619225,-4.106589600000023],[-65.8458702,-4.08534990000002],[-65.8406204,-4.068979799999969],[-65.8422243,-4.053248299999963],[-65.8557005,-4.030801900000015],[-65.8633928,-3.99764670000003],[-65.8626724,-3.977212799999986],[-65.8554764,-3.957867700000048],[-65.8404757,-3.9304948],[-65.8026986,-3.8909605],[-65.7973717,-3.8816481],[-65.7970898,-3.860919],[-65.784008,-3.8378385],[-65.72406590000001,-3.8075459],[-65.7199573,-3.7994476],[-65.7169789,-3.762538599999963],[-65.7073672,-3.738055799999946],[-65.6746416,-3.702989500000046],[-65.6586689,-3.692641900000028],[-65.6527,-3.631499799999982],[-65.6395894,-3.6214052],[-65.6295642,-3.620299199999981],[-65.5826168,-3.627023200000014],[-65.5420638,-3.6249359],[-65.5026187,-3.581059],[-65.4882846,-3.592132300000028],[-65.4845358,-3.600387200000011],[-65.4745004,-3.6004141],[-65.4261117,-3.575660800000025],[-65.4046998,-3.537442500000019],[-65.37556,-3.507108800000035],[-65.36064220000002,-3.497218],[-65.2851425,-3.481931800000037],[-65.2500057,-3.465452300000036],[-65.2173126,-3.4650623],[-65.1772862,-3.4388221],[-65.1665624,-3.426920199999952],[-65.1647553,-3.404079],[-65.1574467,-3.389365699999979],[-65.1320894,-3.387213300000029],[-65.1252503,-3.3824958],[-65.0677234,-3.302094400000017],[-65.0522801,-3.247784300000025],[-65.0458675,-3.2108741],[-65.0477551,-3.194194699999977],[-65.0356685,-3.1713714],[-64.9747556,-3.0935294],[-64.974134,-3.0577287],[-64.945297,-3.0604752],[-64.9271669,-3.0696479]]]}},{"type":"Feature","properties":{"CD_MUN":"1302306","NM_MUN":"Jutaí","SIGLA_UF":"AM","CodigoIBGE":"1302306","SubRegiaoNumero":2,"CalhaSubRegiao":"Região do Triângulo Jutaí/Solimões/Juruá"},"geometry":{"type":"Polygon","coordinates":[[[-66.5640863,-2.831636800000026],[-66.5565925,-2.85208],[-66.5597089,-2.871167499999981],[-66.5700344,-2.886538],[-66.600062,-2.898599099999981],[-66.6216681,-2.941886099999957],[-66.6196581,-2.95566830000005],[-66.5961203,-2.97835479999998],[-66.5889504,-3.00119719999998],[-66.5966112,-3.0173835],[-66.6103926,-3.029463],[-66.6182594,-3.051923700000025],[-66.6122957,-3.080303],[-66.5959901,-3.0978089],[-66.5923138,-3.115091600000045],[-66.5977032,-3.140721300000024],[-66.6046935,-3.141992499999977],[-66.6038363,-3.137596499999942],[-66.6095603,-3.144410600000012],[-66.6116062,-3.140330399999943],[-66.6149361,-3.144736699999974],[-66.6212121,-3.1408824],[-66.6241847,-3.144019700000031],[-66.6275234,-3.133772],[-66.6468648,-3.146714100000036],[-66.6521461,-3.144363900000038],[-66.6555376,-3.151838900000035],[-66.6601433,-3.147964200000039],[-66.6694686,-3.151390399999932],[-66.6733049,-3.14773789999998],[-66.687647,-3.155448399999958],[-66.6891719,-3.16059580000003],[-66.6990641,-3.162255300000014],[-66.7002711,-3.158842500000014],[-66.6997122,-3.163372100000034],[-66.7086504,-3.162162499999962],[-66.7108837,-3.1566912],[-66.7209966,-3.158485200000035],[-66.7200138,-3.1553351],[-66.724405,-3.1540693],[-66.7233613,-3.157050699999967],[-66.7272513,-3.155291399999952],[-66.7306584,-3.158893399999968],[-66.7297393,-3.1559199],[-66.7363323,-3.152732499999987],[-66.7506394,-3.1637992],[-66.7571121,-3.1649508],[-66.7625408,-3.158778099999969],[-66.7727012,-3.1684945],[-66.7870021,-3.149959400000036],[-66.8014652,-3.141429099999975],[-66.8120558,-3.144670699999974],[-66.8203383,-3.1402855],[-66.830312,-3.142970300000021],[-66.8543781,-3.135094799999989],[-66.8839275,-3.145254],[-66.8857513,-3.150741699999986],[-66.9068733,-3.165799299999963],[-66.9072187,-3.176803899999958],[-66.923297,-3.2098494],[-66.9251589,-3.225885],[-66.9377624,-3.245358800000045],[-66.9347111,-3.27838149999996],[-66.94171,-3.303744700000048],[-66.9674283,-3.327506899999989],[-66.9905398,-3.334475200000038],[-66.9965378,-3.348945099999967],[-66.9926796,-3.373066700000021],[-67.0236812,-3.393635399999952],[-67.0326197,-3.40826669999996],[-67.0347862,-3.423566200000036],[-67.0269872,-3.483832499999957],[-67.0335398,-3.5113997],[-67.0281547,-3.529043699999974],[-66.9982603,-3.54864],[-66.9467308,-3.553757599999981],[-66.9103804,-3.57756709999995],[-66.9234553,-3.625039300000015],[-66.935732,-3.637964700000042],[-66.9415133,-3.655434599999976],[-66.9740424,-3.682144099999953],[-66.9892924,-3.707745100000011],[-66.987293,-3.725726599999954],[-66.976681,-3.747643199999973],[-66.9797324,-3.775718],[-66.9727032,-3.7913594],[-66.9695902,-3.852860599999955],[-66.9710418,-3.861039599999964],[-66.988539,-3.855303599999986],[-66.9961958,-3.858794],[-66.999562,-3.869350299999972],[-67.0102655,-3.878547199999989],[-67.0120695,-3.891962499999973],[-67.0093287,-3.9025769],[-66.984446,-3.9303738],[-66.9792922,-3.9491788],[-66.9856843,-3.97630719999998],[-66.9959051,-3.986660899999987],[-67.0058019,-3.987140500000021],[-67.018449,-3.983046799999961],[-67.0430629,-3.9646488],[-67.0630743,-3.9577637],[-67.0704107,-3.959191],[-67.0831436,-3.948465900000034],[-67.1025026,-3.946919],[-67.1245784,-3.933645899999988],[-67.1347854,-3.933239899999986],[-67.1474811,-3.912865200000014],[-67.1611462,-3.902352500000025],[-67.1649703,-3.893319],[-67.1697113,-3.893322800000021],[-67.1730825,-3.884141099999972],[-67.1833608,-3.883219200000032],[-67.1859861,-3.877291800000024],[-67.1945149,-3.894283799999978],[-67.1885205,-3.895097500000018],[-67.1886511,-3.90194],[-67.1970494,-3.906228800000011],[-67.195843,-3.918758800000025],[-67.2031809,-3.9188918],[-67.1880417,-3.931020100000021],[-67.1891332,-3.934594],[-67.1835396,-3.933837700000037],[-67.1808992,-3.9450645],[-67.177266,-3.9434673],[-67.1773665,-3.948241899999973],[-67.1817064,-3.9479122],[-67.1794648,-3.956878],[-67.1733906,-3.959990099999962],[-67.1759999,-3.965070200000046],[-67.1706156,-3.9640607],[-67.1717348,-3.9819451],[-67.1644234,-3.984410599999975],[-67.1658842,-3.990314],[-67.1552865,-4.002824099999978],[-67.1577129,-4.00573009999997],[-67.1508068,-4.0030873],[-67.1556238,-4.00826729999997],[-67.1438276,-4.0110052],[-67.1329349,-4.031556700000021],[-67.1275985,-4.0297115],[-67.1275671,-4.034246400000013],[-67.1206827,-4.0387442],[-67.1207252,-4.034105699999982],[-67.1157792,-4.039099299999967],[-67.1076341,-4.033853200000016],[-67.09650679999999,-4.044227399999957],[-67.0894171,-4.045741399999973],[-67.0882148,-4.0422178],[-67.0829323,-4.0564378],[-67.0756842,-4.058435099999953],[-67.0773289,-4.064315599999985],[-67.0730622,-4.06728],[-67.071529,-4.0786079],[-67.0734442,-4.081578499999982],[-67.0769182,-4.0783036],[-67.0757923,-4.0835279],[-67.0688271,-4.083297100000038],[-67.0710197,-4.089140299999988],[-67.0645832,-4.08672060000003],[-67.0736948,-4.1008445],[-67.0684896,-4.10757889999997],[-67.064695,-4.10560020000001],[-67.0592758,-4.110469199999958],[-67.0637105,-4.112934899999988],[-67.060984,-4.121069199999963],[-67.064394,-4.120729299999972],[-67.0596768,-4.127836899999969],[-67.0558073,-4.129433400000019],[-67.05282929999998,-4.125462599999982],[-67.0512004,-4.13127770000003],[-67.0470693,-4.1294936],[-67.0470696,-4.142457599999949],[-67.0372674,-4.142878],[-67.0328172,-4.1559027],[-67.0290527,-4.154249400000033],[-67.0253498,-4.1581763],[-67.0235535,-4.153630099999986],[-67.023878,-4.16157690000002],[-67.0147659,-4.171703599999987],[-67.012575,-4.1683375],[-67.0040949,-4.175077499999983],[-67.0063353,-4.178431799999974],[-66.9998336,-4.18844760000003],[-66.99522320000001,-4.185811099999977],[-66.9879662,-4.190630299999948],[-66.9869479,-4.186299399999982],[-66.9814619,-4.1860232],[-66.9804449,-4.189942199999966],[-66.9764513,-4.1872024],[-66.9630126,-4.203558900000032],[-66.9577252,-4.2006506],[-66.9539295,-4.20623020000003],[-66.944671,-4.2068481],[-66.9403652,-4.211611900000012],[-66.9353797,-4.208469900000016],[-66.93298110000002,-4.215017],[-66.9254249,-4.218238699999978],[-66.925871,-4.2220196],[-66.9224953,-4.2196331],[-66.9231539,-4.22462549999997],[-66.9151905,-4.2302458],[-66.9324954,-4.25719339999997],[-66.9294855,-4.266853],[-66.9347201,-4.282791699999957],[-66.9318538,-4.302396100000024],[-66.9206257,-4.314634600000014],[-66.9250842,-4.315805899999971],[-66.9234072,-4.320210399999961],[-66.9269134,-4.3177434],[-66.9179658,-4.32406770000003],[-66.9191833,-4.335736299999979],[-66.9146507,-4.336148099999965],[-66.9170372,-4.338406399999983],[-66.9095234,-4.346503100000032],[-66.9068864,-4.342452700000017],[-66.9074985,-4.35355460000001],[-66.9006059,-4.354618900000014],[-66.8891204,-4.377684299999963],[-66.8942062,-4.390727700000013],[-66.8879355,-4.398287500000023],[-66.8883327,-4.4126735],[-66.8845749,-4.418433899999978],[-66.8873859,-4.427640099999976],[-66.8919314,-4.4294722],[-66.8900795,-4.435062899999955],[-66.895914,-4.436887100000013],[-66.8952871,-4.4488162],[-66.900386,-4.453652],[-66.89737550000001,-4.464449499999968],[-66.9018517,-4.469327],[-66.8982443,-4.480544],[-67.0227568,-4.507139199999982],[-67.0235202,-4.511779],[-67.0306179,-4.510222900000022],[-67.0335229,-4.513881500000032],[-67.0380044,-4.5056423],[-67.0493247,-4.505803100000021],[-67.0492981,-4.496331400000012],[-67.0535342,-4.496578],[-67.0482074,-4.494924599999975],[-67.04845579999999,-4.490109499999967],[-67.0559131,-4.490059499999956],[-67.0586734,-4.4853171],[-67.0632447,-4.491805500000021],[-67.063629,-4.484469300000013],[-67.067334,-4.4897423],[-67.0722061,-4.484071299999968],[-67.0743801,-4.487216700000012],[-67.0885843,-4.482291899999989],[-67.094974,-4.487004399999988],[-67.0985595,-4.4796224],[-67.1032797,-4.4829962],[-67.1133779,-4.480273200000028],[-67.1135186,-4.485211799999954],[-67.1185999,-4.4827892],[-67.1211594,-4.4867227],[-67.1283916,-4.482116199999954],[-67.138739,-4.4882381],[-67.1379191,-4.491211200000034],[-67.1469617,-4.493114800000029],[-67.1493422,-4.482938300000042],[-67.1592903,-4.482039],[-67.1631027,-4.4859763],[-67.1733181,-4.477366],[-67.1761097,-4.4861288],[-67.183051,-4.481641699999983],[-67.1953488,-4.4833451],[-67.2076127,-4.475303],[-67.2162047,-4.481114399999966],[-67.2253952,-4.475343400000027],[-67.24137,-4.4740202],[-67.2374457,-4.4686588],[-67.2423925,-4.462390299999976],[-67.250408,-4.456570400000015],[-67.25555180000002,-4.459313499999988],[-67.2570071,-4.453167300000037],[-67.2707477,-4.448113800000014],[-67.2687467,-4.456732100000026],[-67.2824993,-4.467813399999963],[-67.2798768,-4.4782554],[-67.2894388,-4.472939900000028],[-67.2993001,-4.4791261],[-67.2917427,-4.478854700000015],[-67.2974671,-4.4841992],[-67.2861964,-4.489154499999978],[-67.2965011,-4.492258300000023],[-67.3002608,-4.5004714],[-67.2967475,-4.507548400000023],[-67.3015946,-4.504503299999982],[-67.3103016,-4.5066432],[-67.3079743,-4.511908299999982],[-67.3150087,-4.522287800000025],[-67.3204215,-4.520334],[-67.320432,-4.526379599999965],[-67.3279876,-4.523046500000033],[-67.3315892,-4.515806099999973],[-67.3415659,-4.5159051],[-67.33650719999999,-4.522806300000013],[-67.3528683,-4.5217862],[-67.351427,-4.532524299999963],[-67.3602251,-4.537636900000041],[-67.3540047,-4.544154599999987],[-67.3580104,-4.548073700000012],[-67.3562401,-4.554733],[-67.3778181,-4.54385420000001],[-67.4068273,-4.5144353],[-67.41056,-4.516239400000031],[-67.4225674,-4.508163800000015],[-67.4453236,-4.504464199999981],[-67.4768734,-4.512930900000021],[-67.4969346,-4.539650500000018],[-67.5441303,-4.538472300000037],[-67.569852,-4.5427803],[-67.5763744,-4.547262],[-67.6035459,-4.590317599999986],[-67.6211305,-4.588460799999964],[-67.649241,-4.571482],[-67.6813487,-4.580042799999967],[-67.7101281,-4.59769159999998],[-67.761874,-4.6521439],[-67.7928776,-4.665918199999987],[-67.8193507,-4.6856898],[-67.8484085,-4.722490400000022],[-67.8609866,-4.769203],[-67.8728219,-4.7804296],[-67.8893547,-4.783452899999975],[-67.9127926,-4.7775066],[-67.925187,-4.787877800000033],[-67.9279883,-4.778552899999963],[-67.9447427,-4.781340700000027],[-67.9511273,-4.77698030000004],[-67.9687982,-4.7498294],[-67.9833547,-4.7549017],[-67.9994902,-4.800046100000031],[-67.9932409,-4.842340100000033],[-68.0074931,-4.8627896],[-68.0070967,-4.870501699999982],[-67.9947129,-4.8810458],[-67.9939916,-4.889958700000022],[-68.0044085,-4.918548],[-67.9975158,-4.947920600000018],[-68.02899849999999,-4.966271],[-68.0459615,-4.985387299999982],[-68.0490175,-5.000736900000029],[-68.0426304,-5.015132],[-68.0410199,-5.033494599999982],[-68.048742,-5.059897600000028],[-68.0624698,-5.0668553],[-68.0775742,-5.045769100000029],[-68.0851885,-5.0425955],[-68.0921906,-5.047181400000012],[-68.0978852,-5.081234500000023],[-68.1135255,-5.087232299999974],[-68.1344109,-5.1164071],[-68.160579,-5.1392321],[-68.1698251,-5.154856300000032],[-68.1698827,-5.1811541],[-68.1898499,-5.1979148],[-68.2008278,-5.220625499999972],[-68.1952719,-5.282116100000038],[-68.2045795,-5.299786400000029],[-68.2228249,-5.3673151],[-68.2094098,-5.397581100000024],[-68.219242,-5.440465199999961],[-68.2181629,-5.4485733],[-68.2050473,-5.458669799999977],[-68.2065741,-5.4678489],[-68.2203572,-5.478204400000022],[-68.2363562,-5.4742904],[-68.2538248,-5.491902600000028],[-68.2707143,-5.495294],[-68.2743793,-5.5030537],[-68.26093940000001,-5.51275249999997],[-68.2603286,-5.521026],[-68.2742754,-5.567029100000013],[-68.2732435,-5.575020200000034],[-68.2590498,-5.581884800000029],[-68.2410259,-5.582114700000012],[-68.2341319,-5.587392800000023],[-68.2561598,-5.618711499999984],[-68.276048,-5.6381923],[-68.2816021,-5.653774899999984],[-68.2320794,-5.686436600000031],[-68.22854870000002,-5.6936383],[-68.2294379,-5.7192519],[-68.2416016,-5.7349927],[-68.2496913,-5.757657399999984],[-68.238022,-5.769726700000033],[-68.21868679999999,-5.805891699999965],[-68.2247754,-5.822882],[-68.2107422,-5.860915100000012],[-68.215493,-5.894002499999977],[-68.2102729,-5.918084400000022],[-68.2146889,-5.925224199999972],[-68.2305248,-5.9300342],[-68.2472761,-5.9245889],[-68.2661587,-5.907409700000022],[-68.29585620000002,-5.922296499999974],[-68.2984975,-5.938611600000017],[-68.3107169,-5.9497638],[-68.3128027,-5.9586064],[-68.3083254,-5.9850154],[-68.2980795,-6.0077879],[-68.30547180000002,-6.034932500000024],[-68.306607,-6.061382],[-68.3135292,-6.067067],[-68.3229429,-6.0666756],[-68.3444387,-6.081643500000018],[-68.3686658,-6.084352300000011],[-68.3686924,-6.1019398],[-68.3727468,-6.109158799999989],[-68.3889081,-6.117168400000013],[-68.4186074,-6.1432845],[-68.4326609,-6.164586299999987],[-68.4508882,-6.16417860000003],[-68.4637193,-6.175809600000011],[-68.4876968,-6.178965599999984],[-68.5107703,-6.193845899999969],[-68.5357783,-6.1921316],[-68.5547448,-6.208692700000022],[-68.5730266,-6.208564700000021],[-68.586687,-6.229796],[-68.5968001,-6.2284997],[-68.602076,-6.235745499999985],[-68.609442,-6.263098599999984],[-68.6226975,-6.2717328],[-68.630555,-6.2689259],[-68.6487264,-6.287965199999983],[-68.6639726,-6.2906157],[-68.6816111,-6.306985199999973],[-68.6866696,-6.32221220000003],[-68.677026,-6.321425500000029],[-68.6738299,-6.329081099999984],[-68.6825537,-6.354993099999986],[-68.6805784,-6.3632391],[-68.6660247,-6.371208800000011],[-68.6635509,-6.404912],[-68.6723905,-6.409100199999985],[-68.7033917,-6.4070319],[-68.7151387,-6.416883899999985],[-68.7406394,-6.4254938],[-68.7503348,-6.422149300000028],[-68.75522,-6.4154799],[-68.7525029,-6.398643699999981],[-68.7691915,-6.401324200000013],[-68.777136,-6.395331500000022],[-68.8092465,-6.389139199999975],[-68.8149132,-6.396441699999969],[-68.810772,-6.4118005],[-68.8233572,-6.42455660000001],[-68.8383034,-6.420504299999989],[-68.8640815,-6.420665900000032],[-68.8736346,-6.424739],[-68.8793901,-6.4169516],[-68.8727737,-6.402773499999972],[-68.8868842,-6.391217499999983],[-68.9023341,-6.362321499999974],[-68.9176652,-6.3612196],[-68.9169197,-6.371533],[-68.9236383,-6.377041199999989],[-68.9314695,-6.3767789],[-68.9452164,-6.368272399999979],[-68.94747590000001,-6.375569],[-68.9552179,-6.374066500000017],[-68.9947491,-6.35942],[-69.0279438,-6.3964097],[-69.044698,-6.396391500000016],[-69.0628085,-6.38691329999998],[-69.0694983,-6.378414700000023],[-69.1017504,-6.370463900000011],[-69.1184206,-6.376968700000019],[-69.1496697,-6.4141143],[-69.1576648,-6.418056900000026],[-69.1808882,-6.405239099999986],[-69.2099479,-6.428578499999978],[-69.2255781,-6.431642599999986],[-69.2340025,-6.4285336],[-69.2370249,-6.413169399999973],[-69.2165565,-6.3804729],[-69.2104756,-6.3451855],[-69.215755,-6.33520329999998],[-69.2681157,-6.2842148],[-69.2757477,-6.28247829999997],[-69.2984675,-6.292749300000013],[-69.3118689,-6.3066022],[-69.3238864,-6.3486418],[-69.3335298,-6.361347099999986],[-69.3456163,-6.3636211],[-69.3949435,-6.355950499999984],[-69.4134487,-6.35728810000003],[-69.5012771,-6.397852399999986],[-69.5151459,-6.4120339],[-69.5326625,-6.457382],[-69.5392234,-6.4641283],[-69.5485992,-6.467979],[-69.5645276,-6.461774500000025],[-69.579809,-6.465119300000016],[-69.5885905,-6.460801399999978],[-69.6077506,-6.43839820000002],[-69.6341688,-6.4315201],[-69.67155210000001,-6.4273532],[-69.6868683,-6.433843100000021],[-69.7016472,-6.4226863],[-69.7339501,-6.428097599999989],[-69.7684194,-6.439350400000015],[-69.7828086,-6.449823899999986],[-69.7938944,-6.466334599999988],[-69.7945903,-6.527946199999972],[-69.7983361,-6.551541499999983],[-69.8088333,-6.565145499999987],[-69.8332809,-6.570007899999989],[-69.8421662,-6.566425],[-69.8562245,-6.550794200000015],[-69.8636168,-6.5480768],[-69.8702535,-6.553278],[-69.8867559,-6.543825600000024],[-69.8939749,-6.548040300000026],[-69.9105003,-6.5482264],[-69.9180084,-6.567115200000014],[-69.9328067,-6.580932899999977],[-69.9531447,-6.569635699999974],[-69.98231139999999,-6.5635835],[-69.9897481,-6.566883500000013],[-69.9999829,-6.582663499999974],[-70.01492,-6.5890316],[-70.0217296,-6.5721604],[-70.0400289,-6.563855600000021],[-70.0480358,-6.5644526],[-70.0531185,-6.572988600000025],[-70.05159250000001,-6.591660499999988],[-70.0582242,-6.5965664],[-70.0759194,-6.595704199999979],[-70.0824481,-6.601639699999984],[-70.0856723,-6.6267896],[-70.0920864,-6.6319273],[-70.1164225,-6.6188554],[-70.1262293,-6.6193684],[-70.1434996,-6.6084189],[-70.1943896,-6.6121275],[-70.2007572,-6.605002400000012],[-70.2056442,-6.586871399999986],[-70.2138649,-6.584899700000024],[-70.2456748,-6.602542600000022],[-70.261371,-6.634795],[-70.2768927,-6.6370889],[-70.2878946,-6.609367399999979],[-70.2961185,-6.610134900000022],[-70.308147,-6.6354767],[-70.3265097,-6.635860200000013],[-70.3429454,-6.641642499999973],[-70.3520657,-6.638399299999985],[-70.3604348,-6.645343],[-70.3680631,-6.645090200000023],[-70.3749796,-6.6173866],[-70.3895328,-6.610909500000013],[-70.4165616,-6.6090771],[-70.41978460000001,-6.579731700000026],[-70.4313669,-6.5687946],[-70.4506178,-6.566885300000011],[-70.4901467,-6.5776547],[-70.5076445,-6.5744683],[-70.5364565,-6.562937100000017],[-70.5513401,-6.542901700000026],[-70.5718988,-6.534523],[-70.5718696,-6.5049845],[-70.56475,-6.48473],[-70.5257878,-6.4494541],[-70.5088081,-6.416105200000027],[-70.5005102,-6.409399399999972],[-70.4702292,-6.4013825],[-70.4625081,-6.385327399999969],[-70.45471569999998,-6.380429500000032],[-70.4217105,-6.371560900000016],[-70.4044208,-6.375465700000024],[-70.40225850000002,-6.3577105],[-70.3854912,-6.33428540000001],[-70.3853289,-6.3136685],[-70.3728132,-6.297546600000012],[-70.3489565,-6.2903087],[-70.3451428,-6.3025278],[-70.3377834,-6.3067398],[-70.3232251,-6.296883099999988],[-70.296399,-6.289475400000025],[-70.2877863,-6.274958500000023],[-70.2617555,-6.267200399999973],[-70.2295901,-6.244172799999982],[-70.2055364,-6.241736799999982],[-70.1875014,-6.221916300000014],[-70.1671489,-6.215163499999987],[-70.1401448,-6.164378699999966],[-70.1202001,-6.143755799999982],[-70.1166711,-6.124630099999979],[-70.1271386,-6.101435399999983],[-70.11124950000001,-6.069171700000028],[-70.1127795,-6.0615476],[-70.12006,-6.05757049999998],[-70.1204772,-6.04874],[-70.1112512,-6.049631],[-70.079444,-6.0344927],[-70.0752258,-6.0259159],[-70.0658972,-6.023995399999966],[-70.0538388,-6.0089001],[-70.0265338,-5.98969579999998],[-70.0181368,-5.968387499999986],[-69.9991131,-5.941784099999973],[-69.9972845,-5.93339490000002],[-70.001194,-5.922331099999989],[-70.0137564,-5.917879800000027],[-70.01439,-5.8838667],[-70.0008946,-5.866028900000021],[-69.989608,-5.81372],[-69.975976,-5.780804],[-69.957278,-5.7638298],[-69.9479716,-5.7608398],[-69.9399998,-5.7650004],[-69.9279458,-5.7629201],[-69.9225045,-5.7568043],[-69.9043909,-5.706377199999986],[-69.9046632,-5.666346100000013],[-69.92016340000002,-5.6433033],[-69.9206166,-5.631732899999983],[-69.9164757,-5.624713599999977],[-69.90558129999998,-5.620366100000011],[-69.8831119,-5.616946599999974],[-69.8801678,-5.6039115],[-69.8939125,-5.557960600000016],[-69.8943658,-5.5412301],[-69.8715293,-5.511331099999974],[-69.854528,-5.5059122],[-69.8502775,-5.493726399999967],[-69.8585824,-5.475007500000022],[-69.8840282,-5.4401506],[-69.8944726,-5.410247199999978],[-69.9013645,-5.403384699999972],[-69.9256398,-5.394775],[-69.9328913,-5.3851235],[-69.9298603,-5.369652499999986],[-69.906752,-5.35591080000003],[-69.8814758,-5.354312400000018],[-69.8509188,-5.342403300000023],[-69.8097443,-5.3475065],[-69.8014173,-5.343782800000024],[-69.7940805,-5.350021899999987],[-69.7843919,-5.3464109],[-69.7884479,-5.311358100000025],[-69.7798847,-5.298617200000038],[-69.7829405,-5.286992],[-69.7560563,-5.2786898],[-69.7426991,-5.26527770000002],[-69.7007468,-5.258302299999987],[-69.6912761,-5.2407865],[-69.6466939,-5.237275700000017],[-69.6061613,-5.2106685],[-69.5941112,-5.206882899999989],[-69.5672236,-5.210088599999979],[-69.5668328,-5.2185953],[-69.5760272,-5.2385468],[-69.5666115,-5.246835700000018],[-69.547779,-5.2443642],[-69.5383369,-5.236379199999975],[-69.5318072,-5.2079146],[-69.5313606,-5.177471199999987],[-69.5201392,-5.149978499999974],[-69.4715865,-5.12280239999998],[-69.45188939999998,-5.072189199999976],[-69.4271041,-5.0388093],[-69.4220225,-5.016926100000021],[-69.4233615,-5.000561799999969],[-69.4341785,-4.979403900000026],[-69.4298333,-4.964927899999976],[-69.4170572,-4.96358450000002],[-69.3995848,-4.9842945],[-69.3872413,-4.989462799999975],[-69.3598285,-4.9817423],[-69.34410490000002,-4.9648488],[-69.3314146,-4.931921],[-69.3159676,-4.906184799999975],[-69.3002786,-4.895465],[-69.2905479,-4.880348],[-69.2827525,-4.852026600000032],[-69.2301315,-4.807645],[-69.1814647,-4.7947735],[-69.1656624,-4.772048100000031],[-69.1621866,-4.7365079],[-69.1490462,-4.719199899999984],[-69.1373536,-4.7159775],[-69.1219405,-4.723423900000014],[-69.0913837,-4.665895700000012],[-69.0836304,-4.620698900000026],[-69.065552,-4.596958700000029],[-69.0398598,-4.5783591],[-69.0279125,-4.524638],[-69.0287754,-4.412035799999982],[-69.0234117,-4.367446899999972],[-69.0175537,-4.352361899999986],[-69.0121007,-4.344629399999958],[-68.9879946,-4.3365072],[-68.9619928,-4.333498700000024],[-68.958876,-4.326499099999982],[-68.9425778,-4.326399399999983],[-68.9361901,-4.274358199999972],[-68.9512991,-4.233311499999982],[-68.9507716,-4.208653900000018],[-68.9356116,-4.169185499999971],[-68.9207107,-4.1471684],[-68.9105454,-4.1063404],[-68.8898777,-4.093747499999964],[-68.88024320000001,-4.070490600000031],[-68.8579103,-4.060755900000031],[-68.8376276,-4.025360800000015],[-68.8287647,-4.0004873],[-68.8281633,-3.984342400000046],[-68.8124353,-3.9370578],[-68.8148315,-3.92811530000004],[-68.8354055,-3.911964100000011],[-68.8404325,-3.896572200000034],[-68.839217,-3.887475700000037],[-68.8207858,-3.859255700000032],[-68.8229081,-3.849429799999971],[-68.832572,-3.836839699999957],[-68.8326334,-3.826976500000027],[-68.8197135,-3.804396400000029],[-68.8199139,-3.786495100000034],[-68.8276322,-3.76016320000002],[-68.8249669,-3.743905],[-68.8185735,-3.735983399999962],[-68.8089962,-3.735599399999979],[-68.7971313,-3.750330600000045],[-68.7711914,-3.747097500000045],[-68.7601596,-3.705730900000023],[-68.7450761,-3.69973340000003],[-68.6944388,-3.701566399999973],[-68.6675527,-3.707753099999969],[-68.6449694,-3.702290900000027],[-68.6156575,-3.689438800000022],[-68.6013512,-3.6612159],[-68.5783285,-3.649025100000031],[-68.5626566,-3.658838700000024],[-68.5563798,-3.674025100000019],[-68.5348262,-3.688097100000044],[-68.5084603,-3.7229388],[-68.4583533,-3.754883400000051],[-68.4539908,-3.769634899999976],[-68.4471851,-3.775039],[-68.4085197,-3.7678958],[-68.3837449,-3.723217399999969],[-68.3678798,-3.72046080000001],[-68.3354635,-3.726113700000027],[-68.306492,-3.707065800000039],[-68.2844051,-3.706972599999973],[-68.2715457,-3.69571080000003],[-68.2560746,-3.6937421],[-68.2109908,-3.7208197],[-68.1964926,-3.761255199999953],[-68.1819871,-3.770532],[-68.1057101,-3.764593099999965],[-68.0901302,-3.752821799999971],[-68.0396538,-3.743793699999979],[-68.0356014,-3.734805199999955],[-68.0404591,-3.7112075],[-68.0343503,-3.6857142],[-68.0374068,-3.639488400000022],[-68.0347653,-3.622037299999977],[-68.0247639,-3.597407400000016],[-68.0099892,-3.589075799999969],[-68.0047388,-3.571554599999987],[-68.0127899,-3.558263400000019],[-68.031408,-3.553271600000043],[-68.0440444,-3.54329490000004],[-68.0457942,-3.522923600000018],[-68.029825,-3.4909315],[-68.0264381,-3.474000199999969],[-68.0354897,-3.4595567],[-68.0682954,-3.436625],[-68.0720992,-3.428450900000025],[-68.0699112,-3.4193777],[-68.0636297,-3.414560800000016],[-68.046933,-3.41323419999996],[-67.9940369,-3.419774100000014],[-67.9641581,-3.4314323],[-67.9478484,-3.430600699999954],[-67.9123494,-3.4224248],[-67.891461,-3.4065042],[-67.8674629,-3.40625979999997],[-67.849486,-3.3886388],[-67.8454322,-3.381462799999961],[-67.854632,-3.358524699999952],[-67.851317,-3.349518499999963],[-67.8279056,-3.3265612],[-67.8340705,-3.301238899999968],[-67.8312433,-3.2565997],[-67.8251023,-3.231680500000014],[-67.81001820000002,-3.197912300000046],[-67.8055447,-3.1726785],[-67.7897351,-3.137058800000057],[-67.7892108,-3.111303900000034],[-67.7661544,-2.997178600000028],[-67.742823,-2.93367010000003],[-67.7184553,-2.909116699999943],[-67.6894563,-2.895330900000029],[-67.6625431,-2.895375499999973],[-67.6450644,-2.906335899999973],[-67.6261249,-2.928642899999943],[-67.6063806,-2.94250270000005],[-67.5884174,-2.933340300000029],[-67.5812482,-2.9191423],[-67.5754311,-2.9185792],[-67.5752334,-2.8929464],[-67.5690998,-2.8954734],[-67.5616692,-2.890381199999975],[-67.5544893,-2.898167900000062],[-67.550715,-2.889501600000016],[-67.5393278,-2.891942499999982],[-67.5272833,-2.881270799999978],[-67.519551,-2.881832],[-67.5166154,-2.877528],[-67.5072171,-2.879422700000012],[-67.5029429,-2.872503100000044],[-67.4906424,-2.877941499999979],[-67.4844121,-2.876136900000056],[-67.4817517,-2.870195199999951],[-67.4689921,-2.8726031],[-67.46193159999999,-2.868960200000036],[-67.4519033,-2.881037299999965],[-67.442879,-2.88303269999997],[-67.4400396,-2.891559300000027],[-67.423594,-2.89218],[-67.38342930000002,-2.878400699999985],[-67.3682342,-2.883417],[-67.3512641,-2.87917539999998],[-67.3513499,-2.871301799999988],[-67.3407047,-2.859502200000011],[-67.3060366,-2.8838578],[-67.2909569,-2.883378499999978],[-67.2910968,-2.542334],[-67.271909,-2.54372590000006],[-67.2553189,-2.5580867],[-67.2435831,-2.589664899999967],[-67.2368427,-2.639513499999977],[-67.2305711,-2.656611200000028],[-67.2170815,-2.681173100000031],[-67.2054538,-2.688319900000027],[-67.1913817,-2.689834600000045],[-67.164039,-2.681198600000035],[-67.14678770000002,-2.659197799999962],[-67.1305706,-2.6236963],[-67.0959292,-2.6082629],[-67.0814701,-2.607129200000022],[-67.0610352,-2.613625600000037],[-67.0475609,-2.628920700000046],[-67.0416995,-2.645027599999965],[-67.0499664,-2.670501100000062],[-67.0507537,-2.6904735],[-67.0414144,-2.705579499999955],[-67.0239135,-2.7153867],[-66.9757986,-2.7282064],[-66.9414489,-2.727531400000011],[-66.9223748,-2.715915800000045],[-66.912078,-2.689420800000038],[-66.8981118,-2.671910899999985],[-66.8825551,-2.662479500000021],[-66.8614703,-2.657144400000014],[-66.8298068,-2.677382800000029],[-66.7996546,-2.6847783],[-66.7627693,-2.717127399999964],[-66.7453786,-2.722223699999976],[-66.716384,-2.71110339999996],[-66.6390063,-2.6676968],[-66.6127609,-2.646527899999926],[-66.6026766,-2.629348],[-66.5986471,-2.588797900000054],[-66.6209738,-2.54433529999994],[-66.6144891,-2.513953799999942],[-66.63505,-2.467212400000046],[-66.64821490000001,-2.4219691],[-66.6410975,-2.388715599999955],[-66.6230966,-2.3773543],[-66.6114181,-2.375533600000019],[-66.5967549,-2.37777919999992],[-66.5729367,-2.394531800000049],[-66.5555217,-2.399562],[-66.5194699,-2.400095799999962],[-66.4516914,-2.389547799999946],[-66.4236318,-2.397069700000039],[-66.4134981,-2.403066600000071],[-66.4022688,-2.427124399999933],[-66.4047375,-2.496047899999965],[-66.39667770000001,-2.526872899999968],[-66.3720869,-2.55605580000002],[-66.3332313,-2.562472300000038],[-66.338203,-2.603491399999954],[-66.3480889,-2.606510500000049],[-66.351098,-2.619527300000013],[-66.3616756,-2.620511100000052],[-66.3705312,-2.629210699999976],[-66.3748111,-2.635023599999954],[-66.3740233,-2.646941899999934],[-66.3362686,-2.678654500000054],[-66.2900356,-2.678269600000033],[-66.2835331,-2.684459699999956],[-66.2858736,-2.69184610000003],[-66.2985645,-2.70333459999996],[-66.3317572,-2.711058300000024],[-66.3499762,-2.720446400000028],[-66.35931080000002,-2.717842700000036],[-66.3687333,-2.705269900000017],[-66.3778949,-2.704982799999981],[-66.3930313,-2.715541699999984],[-66.4066512,-2.7053554],[-66.412316,-2.690403299999984],[-66.4543661,-2.686579599999946],[-66.4677018,-2.697834699999945],[-66.4788442,-2.7288714],[-66.4894534,-2.742146499999942],[-66.5216506,-2.7548006],[-66.543452,-2.769235700000013],[-66.5617581,-2.7703622],[-66.59145530000002,-2.785197],[-66.5936477,-2.802604899999982],[-66.5640863,-2.831636800000026]]]}},{"type":"Feature","properties":{"CD_MUN":"1302801","NM_MUN":"Maraã","SIGLA_UF":"AM","CodigoIBGE":"1302801","SubRegiaoNumero":2,"CalhaSubRegiao":"Região do Triângulo Jutaí/Solimões/Juruá"},"geometry":{"type":"Polygon","coordinates":[[[-64.5088633,-3.351246599999974],[-64.5220188,-3.32699859999997],[-64.5438736,-3.311768399999955],[-64.6206099,-3.288716800000049],[-64.6754685,-3.263215099999937],[-64.7031678,-3.2218687],[-64.7282812,-3.207685899999942],[-64.7545393,-3.183178399999963],[-64.7790076,-3.1685425],[-64.7874351,-3.1541645],[-64.7825422,-3.138426699999943],[-64.751308,-3.127015699999949],[-64.7260286,-3.123341599999952],[-64.7190136,-3.119453099999978],[-64.7136484,-3.108977200000016],[-64.7349958,-3.084638699999948],[-64.7580327,-3.075279399999944],[-64.7921713,-3.035587199999952],[-64.8038294,-3.014575400000016],[-64.8106116,-2.947243200000044],[-64.816752,-2.936838800000023],[-64.8572584,-2.907663700000022],[-64.8924568,-2.875001099999947],[-64.8958824,-2.865214899999971],[-64.8915998,-2.8431677],[-64.8771006,-2.812536700000026],[-64.8663941,-2.7354179],[-64.8796581,-2.716038299999964],[-64.89371230000002,-2.7112625],[-64.9167406,-2.710482699999986],[-64.9726635,-2.72278879999993],[-64.9855433,-2.721832599999964],[-65.00129290000001,-2.71339840000004],[-65.0036087,-2.703221800000035],[-64.9936496,-2.640176499999973],[-64.98077540000001,-2.597929300000032],[-64.9863581,-2.5771996],[-64.998094,-2.560305499999979],[-65.0558362,-2.507017400000021],[-65.0979417,-2.421992200000039],[-65.1163551,-2.394968799999941],[-65.1390395,-2.337397599999922],[-65.151295,-2.3258036],[-65.1757495,-2.3256194],[-65.1863582,-2.3189926],[-65.1932057,-2.283566],[-65.2098968,-2.2792077],[-65.2186067,-2.286037299999944],[-65.2122503,-2.364891800000015],[-65.216029,-2.380429],[-65.2294875,-2.3880113],[-65.2478814,-2.386499300000057],[-65.2728722,-2.370191600000056],[-65.280169,-2.316698],[-65.291449,-2.308006100000012],[-65.3028813,-2.311737600000046],[-65.3091616,-2.336014],[-65.3278987,-2.351318700000017],[-65.3447274,-2.341866500000018],[-65.3468387,-2.336231400000043],[-65.3416321,-2.3282483],[-65.3494755,-2.329968],[-65.3542841,-2.34333090000001],[-65.3702325,-2.32775230000006],[-65.3701682,-2.350269500000019],[-65.3783576,-2.358932899999964],[-65.3954897,-2.349120100000052],[-65.4158022,-2.351477700000078],[-65.4300898,-2.364875],[-65.4226213,-2.381266499999973],[-65.4267564,-2.3924979],[-65.4508417,-2.3980758],[-65.4603392,-2.406419300000025],[-65.4721036,-2.400848],[-65.4778426,-2.380281700000053],[-65.4717746,-2.359913200000067],[-65.4554428,-2.345609799999985],[-65.4549192,-2.334782499999926],[-65.4596084,-2.328148699999975],[-65.4886961,-2.319871199999976],[-65.5140845,-2.320806],[-65.5193496,-2.328239899999927],[-65.5155676,-2.348011],[-65.4956518,-2.345115599999979],[-65.4859327,-2.350978100000067],[-65.486402,-2.3596845],[-65.5007626,-2.387622799999974],[-65.5234914,-2.384558700000053],[-65.5445547,-2.356908200000017],[-65.5605146,-2.360604300000036],[-65.5910836,-2.386359099999955],[-65.5995176,-2.38760609999997],[-65.6088964,-2.383157599999973],[-65.6158475,-2.359514400000067],[-65.6056548,-2.3410045],[-65.60313,-2.32701610000005],[-65.5947762,-2.31642],[-65.6204758,-2.305757599999975],[-65.6283837,-2.291253200000031],[-65.6250228,-2.286396900000045],[-65.6053564,-2.284290500000064],[-65.5861983,-2.261868800000041],[-65.5873864,-2.251056500000012],[-65.6036921,-2.238666400000084],[-65.6160852,-2.237514699999969],[-65.6501997,-2.249600600000079],[-65.6603039,-2.27340030000003],[-65.6849754,-2.278377299999927],[-65.69032,-2.275703399999963],[-65.6900161,-2.269464500000042],[-65.6983312,-2.26005269999994],[-65.7054819,-2.256654500000043],[-65.7075762,-2.2625118],[-65.7153761,-2.255759599999981],[-65.7374689,-2.264301700000043],[-65.763447,-2.255906599999943],[-65.7999782,-2.25250049999993],[-65.81140630000002,-2.267819400000026],[-65.8282429,-2.251778399999979],[-65.8501357,-2.24783810000007],[-65.8550012,-2.252723699999963],[-65.8586869,-2.277678900000041],[-65.8659731,-2.292718600000016],[-65.8962064,-2.305403],[-65.9034455,-2.292389600000064],[-65.9015558,-2.260212599999949],[-65.9227135,-2.26087490000007],[-65.9385696,-2.254857599999967],[-65.9470561,-2.2335658],[-65.94792,-2.209424500000043],[-65.9574588,-2.163773099999956],[-65.9721504,-2.150615599999969],[-66.0013638,-2.144831299999939],[-66.0015598,-1.413727699999927],[-65.9819241,-1.417100800000046],[-65.9422011,-1.412534200000019],[-65.9236143,-1.417026199999948],[-65.8939235,-1.4325451],[-65.876502,-1.460113],[-65.860505,-1.471598799999922],[-65.8177857,-1.473195399999938],[-65.7832565,-1.49420519999998],[-65.7590863,-1.50307380000004],[-65.6995067,-1.498064499999902],[-65.6623369,-1.515801799999969],[-65.6480074,-1.533333],[-65.6395361,-1.556671900000069],[-65.6397251,-1.576012799999924],[-65.6479724,-1.605613499999939],[-65.64095180000001,-1.63617679999991],[-65.6171189,-1.657543800000076],[-65.6048932,-1.662915099999965],[-65.5597522,-1.660054899999914],[-65.5424518,-1.667928100000077],[-65.5250053,-1.697578800000092],[-65.5238866,-1.775927900000046],[-65.5140636,-1.792989900000038],[-65.5056416,-1.797155],[-65.4959516,-1.798385299999972],[-65.4886097,-1.79429110000003],[-65.4796983,-1.76039210000004],[-65.4667814,-1.744043200000067],[-65.4389451,-1.733533700000078],[-65.4205058,-1.735479700000035],[-65.3718406,-1.762726199999934],[-65.3286701,-1.770543400000096],[-65.290891,-1.785773600000056],[-65.2291403,-1.775949799999914],[-65.2093404,-1.781803],[-65.1935336,-1.798155],[-65.1797007,-1.832848599999981],[-65.1768897,-1.871443],[-65.1831423,-1.9370638],[-65.17144680000001,-1.959746],[-65.1363669,-1.974708599999949],[-65.1105556,-1.971311799999928],[-65.0849466,-1.961847199999924],[-65.0580607,-1.969658400000024],[-65.0415573,-1.9533678],[-65.0352747,-1.932907899999939],[-65.0108897,-1.905508400000027],[-64.9735805,-1.887088399999965],[-64.9437227,-1.887087700000066],[-64.934338,-1.899687],[-64.9513644,-1.992325],[-64.9496113,-2.000339],[-64.9246918,-2.034583900000017],[-64.9359453,-2.094254900000051],[-64.9306711,-2.110066199999954],[-64.8867251,-2.100172499999953],[-64.85814290000002,-2.0761597],[-64.837059,-2.074260200000027],[-64.8125314,-2.078628399999964],[-64.8028934,-2.073307500000055],[-64.78692,-2.04682079999996],[-64.7504901,-2.0361304],[-64.7129745,-2.01557129999997],[-64.7044449,-2.019644899999956],[-64.6918065,-2.037234200000031],[-64.6879694,-2.05768029999994],[-64.6947756,-2.08966],[-64.7083063,-2.119744600000055],[-64.7118641,-2.142474500000044],[-64.7010586,-2.163001300000071],[-64.6659175,-2.194687899999928],[-64.6633349,-2.214200700000045],[-64.6368884,-2.214512899999928],[-64.6300566,-2.2208306],[-64.6232532,-2.2384727],[-64.6160819,-2.241333399999913],[-64.6061937,-2.225248900000047],[-64.5986127,-2.221310699999965],[-64.5621954,-2.240100200000033],[-64.5335003,-2.245311],[-64.5209485,-2.242624900000055],[-64.5117998,-2.235488],[-64.5039708,-2.191729200000033],[-64.4965036,-2.180565899999924],[-64.4625579,-2.185452500000043],[-64.4338303,-2.200285],[-64.4076328,-2.207857900000064],[-64.4007831,-2.21421120000008],[-64.3673937,-2.253497599999948],[-64.3672163,-2.265118900000019],[-64.4029432,-2.271352],[-64.417198,-2.284417499999978],[-64.4275834,-2.285960200000066],[-64.4432212,-2.280013399999976],[-64.450331,-2.283717],[-64.4480571,-2.323971800000061],[-64.4523444,-2.328087500000018],[-64.4676736,-2.322008299999943],[-64.497186,-2.3201187],[-64.5154466,-2.310721500000049],[-64.5271161,-2.325602],[-64.5293301,-2.336790700000071],[-64.5181379,-2.377260400000036],[-64.4918861,-2.430070099999987],[-64.490335,-2.460287899999941],[-64.4857508,-2.468336300000037],[-64.4781135,-2.471312299999989],[-64.4613309,-2.470813300000035],[-64.4576946,-2.480447300000047],[-64.46499760000002,-2.522394800000034],[-64.4561078,-2.537142200000041],[-64.4347014,-2.552128800000022],[-64.4373498,-2.573084799999944],[-64.4200359,-2.607746599999974],[-64.4288437,-2.621403499999986],[-64.4276381,-2.635328300000054],[-64.415878,-2.643388200000017],[-64.358779,-2.649578],[-64.3577047,-2.6552534],[-64.3495562,-2.658860199999971],[-64.3371532,-2.67629130000004],[-64.33956,-2.697014900000024],[-64.3531129,-2.707186799999942],[-64.3511982,-2.710299099999974],[-64.3578467,-2.720926099999983],[-64.3839046,-2.715261699999942],[-64.382197,-2.717984],[-64.388849,-2.718698299999958],[-64.3894114,-2.722299600000053],[-64.4050446,-2.7150731],[-64.4105053,-2.720077499999989],[-64.4186374,-2.718179300000061],[-64.4189955,-2.723893500000033],[-64.4325709,-2.739220500000043],[-64.44444510000001,-2.744092699999978],[-64.4542998,-2.738798],[-64.5099446,-2.7410063],[-64.4999836,-2.762420299999976],[-64.5023354,-2.778837599999968],[-64.4958236,-2.785211500000021],[-64.4960461,-2.795360700000069],[-64.4762194,-2.799703799999985],[-64.4760729,-2.813111699999945],[-64.4643332,-2.822998199999963],[-64.4565528,-2.8459193],[-64.442001,-2.850512199999977],[-64.4488343,-2.864186599999964],[-64.4522798,-2.888358800000032],[-64.4428633,-2.9174214],[-64.4483911,-2.927269499999987],[-64.4359228,-2.947867300000014],[-64.4232556,-2.957839500000043],[-64.4063134,-2.95998889999997],[-64.4052219,-2.973983400000026],[-64.3730548,-2.992797699999979],[-64.3692534,-3.0075516],[-64.333701,-3.022329400000044],[-64.3308504,-3.0308403],[-64.34020350000002,-3.0403207],[-64.32891460000002,-3.057799],[-64.3304425,-3.076286600000026],[-64.3247806,-3.082437299999961],[-64.3276369,-3.090356600000039],[-64.3212432,-3.0961756],[-64.2934954,-3.100555799999988],[-64.2871709,-3.095872],[-64.2881109,-3.08633829999996],[-64.270807,-3.081884400000053],[-64.2637229,-3.0862251],[-64.2708869,-3.091977499999972],[-64.2688116,-3.098277099999946],[-64.255686,-3.0892384],[-64.2476853,-3.097068600000036],[-64.2454603,-3.102687100000013],[-64.2511842,-3.10793489999995],[-64.2567271,-3.108907],[-64.2619522,-3.098693],[-64.2693049,-3.107835300000021],[-64.2726781,-3.121455400000049],[-64.2695868,-3.13690720000005],[-64.2873761,-3.133592600000017],[-64.2854891,-3.1420493],[-64.2913828,-3.151763],[-64.2903171,-3.1588745],[-64.2559744,-3.168802899999984],[-64.2508818,-3.1858707],[-64.2365875,-3.188528],[-64.2374189,-3.20338239999998],[-64.2270029,-3.209937700000058],[-64.2170001,-3.209699099999979],[-64.2249543,-3.219162],[-64.2175,-3.2275841],[-64.2060303,-3.228021],[-64.1922188,-3.253637799999964],[-64.1837851,-3.2457985],[-64.1838255,-3.231794699999983],[-64.1736575,-3.246623800000036],[-64.1684951,-3.247017700000031],[-64.1629514,-3.237597699999956],[-64.1498808,-3.267169899999983],[-64.1627999,-3.2808459],[-64.1546553,-3.2942655],[-64.1498285,-3.298046199999983],[-64.1432262,-3.29601560000004],[-64.1455891,-3.281762900000036],[-64.1377604,-3.266492399999953],[-64.1330337,-3.288791899999973],[-64.1157554,-3.286991499999989],[-64.1175655,-3.297694300000046],[-64.1078779,-3.301919400000048],[-64.1111095,-3.309086900000019],[-64.1086562,-3.325936700000049],[-64.0997855,-3.315051],[-64.08744,-3.330316600000052],[-64.0837908,-3.360148399999966],[-64.1016906,-3.360826500000016],[-64.1100954,-3.368248],[-64.1275143,-3.363439],[-64.1336142,-3.3781662],[-64.1311974,-3.390586499999961],[-64.1510244,-3.418470599999977],[-64.1517832,-3.441506500000018],[-64.1466017,-3.448523200000032],[-64.13596,-3.450809400000014],[-64.1591843,-3.479653199999986],[-64.1583617,-3.511220599999971],[-64.1194654,-3.520720600000037],[-64.1071928,-3.540655900000016],[-64.0972249,-3.5306843],[-64.08731,-3.5292914],[-64.0625985,-3.543609],[-64.0554812,-3.557164],[-64.0723429,-3.5574242],[-64.078271,-3.5614483],[-64.0785594,-3.567860800000019],[-64.0701742,-3.5751354],[-64.0532475,-3.571565600000026],[-64.0374455,-3.579611100000041],[-64.0222561,-3.60151],[-64.0172051,-3.6282036],[-63.9936887,-3.606126500000017],[-63.9805305,-3.6026556],[-63.9722904,-3.611517600000039],[-63.971529,-3.631395700000021],[-63.9630084,-3.633208399999983],[-63.9521085,-3.617157300000012],[-63.9498704,-3.599452400000041],[-63.9454911,-3.600675],[-63.9377796,-3.616588199999955],[-63.9413139,-3.637510900000029],[-63.9353864,-3.642239800000028],[-63.9292029,-3.641403100000022],[-63.9102353,-3.66339049999997],[-63.9200134,-3.669902400000012],[-63.9247277,-3.659752800000019],[-63.941798,-3.656485600000013],[-63.94770650000002,-3.659933],[-63.9363698,-3.666431899999977],[-63.941481,-3.674473299999953],[-63.9267421,-3.682125900000016],[-63.9197465,-3.692591299999985],[-63.9184539,-3.715041099999962],[-63.9255644,-3.742906599999979],[-63.917215,-3.75626170000003],[-63.9107977,-3.755106199999973],[-63.9017311,-3.764126799999955],[-63.8954206,-3.779017699999953],[-63.8815927,-3.792038199999989],[-63.8501709,-3.7995466],[-63.8381007,-3.7947557],[-63.8315798,-3.7801996],[-63.8025865,-3.783035899999968],[-63.7890422,-3.7797084],[-63.7705179,-3.78730449999997],[-63.7594365,-3.798890299999967],[-63.8670227,-3.811190300000049],[-63.942111,-3.81286950000001],[-63.9551322,-3.802260500000028],[-63.977743,-3.764504700000034],[-63.9739167,-3.745580700000017],[-63.9824731,-3.720646],[-63.98094050000001,-3.7115766],[-63.9878083,-3.706787500000039],[-64.0115018,-3.701239],[-64.0173884,-3.70654709999996],[-64.071599,-3.7043105],[-64.1296407,-3.6877362],[-64.1773806,-3.662553],[-64.2157973,-3.624588600000043],[-64.2915463,-3.570549599999947],[-64.3549691,-3.536764300000036],[-64.3870631,-3.5034261],[-64.4381328,-3.473988100000044],[-64.4628827,-3.413914100000027],[-64.5088633,-3.351246599999974]]]}}]}