{"type":"FeatureCollection","name":"Região do Purus","features":[{"type":"Feature","properties":{"CD_MUN":"1300706","NM_MUN":"Boca do Acre","SIGLA_UF":"AM","CodigoIBGE":"1300706","SubRegiaoNumero":3,"CalhaSubRegiao":"Região do Purus"},"geometry":{"type":"Polygon","coordinates":[[[-67.1052719,-8.8451252],[-67.0990263,-8.8495192],[-67.0985274,-8.8667099],[-67.0820556,-8.8839648],[-67.0938643,-8.9131564],[-67.0862489,-8.9274072],[-67.087666,-8.935643299999983],[-67.0965271,-8.93809830000002],[-67.1084666,-8.9279483],[-67.1141648,-8.9422278],[-67.1293073,-8.95004849999998],[-67.1399177,-8.971978],[-67.1686911,-8.9561121],[-67.1706717,-8.970674],[-67.1928383,-8.9781036],[-67.1989399,-8.984240499999988],[-67.194526,-9.000478799999978],[-67.1707204,-9.017023100000019],[-67.1742806,-9.024000199999984],[-67.1975046,-9.0298627],[-67.2089144,-9.051621500000014],[-67.2077408,-9.06147480000002],[-67.2395661,-9.062079199999985],[-67.2503765,-9.092507600000019],[-67.2491533,-9.10418180000001],[-67.2569054,-9.1134579],[-67.2769675,-9.122106],[-67.2927089,-9.15038909999999],[-67.2944011,-9.1666192],[-67.281512,-9.1865535],[-67.2815937,-9.1971026],[-67.292191,-9.219839599999979],[-67.2857766,-9.2297916],[-67.2852065,-9.249621399999969],[-67.2985309,-9.272646500000011],[-67.2969181,-9.28853730000001],[-67.3124164,-9.307852299999984],[-67.3126693,-9.3158818],[-67.2940866,-9.332840299999987],[-67.2774993,-9.334749799999988],[-67.2736711,-9.358973900000018],[-67.2868028,-9.367162],[-67.27650330000002,-9.389843899999981],[-67.2828388,-9.4037874],[-67.2853974,-9.4290216],[-67.2949419,-9.443173399999985],[-67.2858621,-9.4745583],[-67.2836146,-9.512532399999975],[-67.2945278,-9.5272118],[-67.3061175,-9.5649258],[-67.3260491,-9.5923437],[-67.516882,-9.560906700000023],[-68.6471864,-9.049416600000022],[-69.212982,-8.5643745],[-69.2021503,-8.566167500000017],[-69.1896436,-8.5783297],[-69.16692980000002,-8.5849229],[-69.1525688,-8.57422660000001],[-69.11942770000002,-8.5682997],[-69.098982,-8.549308],[-69.0915377,-8.54731390000001],[-69.0813341,-8.5504871],[-69.0722309,-8.5728849],[-69.0573462,-8.568729899999981],[-69.0240919,-8.5754713],[-69.0145328,-8.573142400000018],[-69.0213381,-8.55739449999998],[-69.0052561,-8.5378308],[-68.98914910000002,-8.530983700000014],[-68.9876707,-8.5233349],[-68.9717259,-8.525349299999988],[-68.96467570000002,-8.522259499999983],[-68.9543914,-8.509981699999976],[-68.9469737,-8.5074386],[-68.9393731,-8.482374699999982],[-68.9117011,-8.441296099999988],[-68.919395,-8.425970100000013],[-68.9124796,-8.411085099999982],[-68.9150673,-8.394937800000019],[-68.9035622,-8.382557400000023],[-68.854845,-8.349276399999981],[-68.8531736,-8.3418042],[-68.86345,-8.329580400000015],[-68.85792439999999,-8.323658],[-68.8610653,-8.3157683],[-68.8527851,-8.276644500000014],[-68.8645305,-8.265064499999985],[-68.8734486,-8.242445300000014],[-68.8720364,-8.218255399999975],[-68.8622535,-8.204384199999987],[-68.8614812,-8.195284800000021],[-68.873226,-8.1781153],[-68.8726407,-8.170575400000018],[-68.85064420000002,-8.1601662],[-68.840586,-8.146253499999984],[-68.8171148,-8.145823799999985],[-68.7888342,-8.106394899999989],[-68.7813093,-8.1042764],[-68.7736967,-8.107766600000012],[-68.7540354,-8.0947346],[-68.7182785,-8.0837694],[-68.69847,-8.0713928],[-68.6780912,-8.0713084],[-68.6708692,-8.0651066],[-68.6335943,-8.068755],[-68.6163902,-8.0822565],[-68.6042243,-8.081388799999974],[-68.5910588,-8.0861888],[-68.5899795,-8.0836102],[-68.576618,-8.090690399999986],[-68.5732682,-8.0850464],[-68.5652349,-8.086545299999987],[-68.5653465,-8.0819765],[-68.5458388,-8.078492300000015],[-68.5397243,-8.0730835],[-68.5334425,-8.07514659999999],[-68.527579,-8.0616779],[-68.52319930000002,-8.065029799999985],[-68.512053,-8.0640165],[-68.5126706,-8.060315500000016],[-68.508011,-8.060441799999987],[-68.5103269,-8.057140700000021],[-68.5001345,-8.0541423],[-68.5000066,-8.04896940000002],[-68.4943374,-8.052964],[-68.4912686,-8.050865500000024],[-68.4900669,-8.0572192],[-68.4859225,-8.0544378],[-68.4875485,-8.058591700000015],[-68.477458,-8.0636502],[-68.464964,-8.0436235],[-68.46124729999998,-8.043250199999981],[-68.4610832,-8.048804],[-68.4571158,-8.045786099999988],[-68.4492918,-8.0520153],[-68.4435715,-8.049707],[-68.4417976,-8.041950300000016],[-68.4358626,-8.048010700000019],[-68.4304587,-8.04713330000003],[-68.4344208,-8.051386499999976],[-68.4320975,-8.0571423],[-68.4165249,-8.0623633],[-68.4066008,-8.060250499999984],[-68.3944934,-8.0780756],[-68.3821254,-8.075669700000018],[-68.3830175,-8.081606],[-68.3812211,-8.085361799999983],[-68.3787664,-8.078752600000017],[-68.3678795,-8.083617800000011],[-68.3608801,-8.0770176],[-68.3474901,-8.077746099999988],[-68.3468859,-8.0833832],[-68.34126420000001,-8.0744152],[-68.33235870000001,-8.079701700000015],[-68.32927,-8.0770294],[-68.3262081,-8.078063800000017],[-68.3282828,-8.0827664],[-68.3238865,-8.080519400000018],[-68.3197799,-8.08552989999998],[-68.3124301,-8.0860234],[-68.3078228,-8.09411059999998],[-68.3007387,-8.090016900000014],[-68.29867560000001,-8.095077499999976],[-68.273236,-8.082867299999974],[-68.2619394,-8.092898900000014],[-68.2549184,-8.0918562],[-68.254551,-8.084108600000011],[-68.243054,-8.0921444],[-68.2375812,-8.0899304],[-68.2366602,-8.084204300000014],[-68.2205132,-8.092050400000012],[-68.2240319,-8.0828849],[-68.1973386,-8.079058399999967],[-68.2000142,-8.0841924],[-68.1953885,-8.082590299999985],[-68.1956089,-8.0854619],[-68.2011523,-8.0895],[-68.1932013,-8.091182700000013],[-68.1976191,-8.095317],[-68.1945786,-8.098238900000013],[-68.1913963,-8.0955376],[-68.192733,-8.101346500000021],[-68.1791581,-8.093434599999984],[-68.1747421,-8.1091346],[-68.180076,-8.112237499999976],[-68.1671102,-8.117427400000015],[-68.1669556,-8.126352],[-68.1742908,-8.12757],[-68.1732104,-8.132661],[-68.168211,-8.135356499999977],[-68.1593739,-8.1300757],[-68.1628553,-8.132897],[-68.16125040000001,-8.139532100000013],[-68.1432021,-8.1361028],[-68.1396196,-8.127940299999983],[-68.1293798,-8.127123],[-68.1294921,-8.1235304],[-68.105443,-8.128967700000011],[-68.1055345,-8.1330964],[-68.0877631,-8.1294658],[-68.0929285,-8.143344],[-68.07180270000002,-8.138770299999978],[-68.0692411,-8.152386199999986],[-68.0618594,-8.153191400000013],[-68.0658839,-8.156854599999987],[-68.0564046,-8.160199400000016],[-68.0537907,-8.156661699999983],[-68.05343510000002,-8.1624525],[-68.0499804,-8.157127399999974],[-68.042275,-8.161301799999986],[-68.0284433,-8.184588],[-68.0191094,-8.182803600000012],[-68.008362,-8.1727058],[-68.0076029,-8.179678699999982],[-67.9977736,-8.1833441],[-67.9994329,-8.1952358],[-67.994445,-8.19761019999998],[-67.9911889,-8.19358860000001],[-67.9797521,-8.198924299999987],[-67.9754149,-8.226991900000018],[-67.9778221,-8.233747599999989],[-67.9668601,-8.2337264],[-67.964904,-8.2304356],[-67.9570107,-8.2348562],[-67.9574059,-8.24929580000002],[-67.9473858,-8.250996300000011],[-67.9457464,-8.246804300000015],[-67.9422173,-8.2509445],[-67.9483218,-8.263612500000013],[-67.9292628,-8.26784170000001],[-67.9351461,-8.2856743],[-67.9262572,-8.290264],[-67.9278216,-8.2950151],[-67.9230264,-8.3060659],[-67.9184628,-8.30627640000002],[-67.9199617,-8.310913899999974],[-67.9146057,-8.3088322],[-67.90879980000001,-8.323675299999987],[-67.9129269,-8.332397],[-67.8990419,-8.33685089999999],[-67.9163487,-8.3503973],[-67.903663,-8.349563],[-67.9009782,-8.357118799999983],[-67.8969423,-8.353064200000018],[-67.8889248,-8.364472],[-67.8815214,-8.3594936],[-67.8691239,-8.3736906],[-67.8558109,-8.372163],[-67.8447619,-8.378219599999985],[-67.8458078,-8.369963599999975],[-67.8365946,-8.370078800000012],[-67.8227041,-8.3849206],[-67.8067661,-8.3770204],[-67.8045646,-8.385638],[-67.7909689,-8.3828492],[-67.797751,-8.410209],[-67.7831794,-8.3981294],[-67.7797947,-8.4178443],[-67.7737085,-8.4159495],[-67.7756529,-8.410812800000015],[-67.7660654,-8.411021099999983],[-67.75181,-8.4312825],[-67.7410997,-8.4197267],[-67.7356882,-8.434698200000016],[-67.7317374,-8.435162799999985],[-67.7298798,-8.429922],[-67.7233429,-8.441116799999989],[-67.7188078,-8.43786],[-67.7024879,-8.44369860000001],[-67.7011855,-8.438561],[-67.69356660000001,-8.4407483],[-67.694997,-8.4483089],[-67.6800514,-8.4477585],[-67.6746056,-8.46830349999998],[-67.6723171,-8.4631433],[-67.667049,-8.4642001],[-67.6679682,-8.4584294],[-67.6592993,-8.46114770000001],[-67.6556798,-8.4798313],[-67.66778880000001,-8.48311760000001],[-67.6658636,-8.485777400000014],[-67.6595703,-8.4876972],[-67.6465441,-8.483496499999978],[-67.6429959,-8.489408799999984],[-67.6312391,-8.48069090000001],[-67.6201838,-8.483874400000024],[-67.6156806,-8.481095199999976],[-67.609119,-8.4933512],[-67.601853,-8.49424940000001],[-67.60500369999998,-8.5054322],[-67.6002361,-8.514703600000017],[-67.5945631,-8.5126933],[-67.58785369999998,-8.5399126],[-67.5836579,-8.53922589999998],[-67.5823577,-8.5284734],[-67.5735732,-8.532307],[-67.5679187,-8.553231099999984],[-67.5590098,-8.5414425],[-67.5512547,-8.544895800000019],[-67.5495431,-8.554763499999984],[-67.5455716,-8.5479803],[-67.5384945,-8.54663330000001],[-67.5248043,-8.5615064],[-67.5346256,-8.567434600000015],[-67.5306794,-8.578145],[-67.5221865,-8.5775897],[-67.517619,-8.5691414],[-67.508033,-8.5767264],[-67.4977754,-8.5733836],[-67.4956307,-8.579705600000016],[-67.4982261,-8.563982200000012],[-67.4949351,-8.5616296],[-67.4850165,-8.5646449],[-67.4863357,-8.57340620000001],[-67.4786755,-8.580311800000022],[-67.4746147,-8.5690917],[-67.4794601,-8.558183800000016],[-67.4686614,-8.561797400000014],[-67.4643795,-8.551998699999988],[-67.4663318,-8.5465112],[-67.4614875,-8.5518764],[-67.4588939,-8.5455237],[-67.4497692,-8.5485968],[-67.4403718,-8.5579787],[-67.4393971,-8.5462491],[-67.4292539,-8.546115299999988],[-67.4288389,-8.5409159],[-67.422133,-8.539105],[-67.4137753,-8.5076429],[-67.05775329999999,-8.505171399999984],[-67.0608293,-8.547396600000017],[-67.0768862,-8.569573499999981],[-67.0926362,-8.5765778],[-67.0981091,-8.583622099999987],[-67.0968325,-8.6004561],[-67.0845292,-8.630161699999984],[-67.0947174,-8.642838799999973],[-67.1129118,-8.645542],[-67.1186075,-8.65158810000001],[-67.12272020000002,-8.676657399999986],[-67.138943,-8.6937077],[-67.1475552,-8.7170529],[-67.1468352,-8.7259224],[-67.1296081,-8.741913],[-67.11584989999999,-8.771951399999988],[-67.0860297,-8.8041094],[-67.0873628,-8.8203479],[-67.1053568,-8.83734279999998],[-67.1052719,-8.8451252]]]}},{"type":"Feature","properties":{"CD_MUN":"1303502","NM_MUN":"Pauini","SIGLA_UF":"AM","CodigoIBGE":"1303502","SubRegiaoNumero":3,"CalhaSubRegiao":"Região do Purus"},"geometry":{"type":"Polygon","coordinates":[[[-67.3400795,-7.267182],[-67.3375747,-7.2532075],[-67.3445639,-7.2216918],[-67.340976,-7.2040075],[-67.3487753,-7.185568500000018],[-67.347987,-7.171772],[-67.3403466,-7.16166510000002],[-67.3262733,-7.1562324],[-67.3283046,-7.1493291],[-67.3225428,-7.14868540000001],[-67.3217603,-7.1410986],[-67.3058091,-7.1301466],[-67.304007,-7.121139900000022],[-67.2963712,-7.122406100000017],[-67.2942624,-7.109175899999981],[-67.27817,-7.1035632],[-67.274748,-7.0936723],[-67.266194,-7.0902717],[-67.2636698,-7.075461099999985],[-67.2403859,-7.076926900000019],[-67.2354625,-7.067672399999979],[-67.2180557,-7.067802499999981],[-67.2069956,-7.058649900000021],[-67.17624890000002,-7.058042299999985],[-67.16764960000002,-7.064602],[-67.1548978,-7.0466912],[-67.1467147,-7.049392299999979],[-67.1453745,-7.054452699999983],[-67.1433526,-7.051054700000011],[-67.1392746,-7.052808],[-67.1340231,-7.034344799999973],[-67.1269389,-7.024425500000021],[-67.1146015,-7.024051799999975],[-67.1138868,-7.0140826],[-67.1128007,-7.011556700000019],[-67.1126004,-7.015843499999972],[-67.1056733,-7.018898300000021],[-67.0953024,-7.015150499999975],[-67.1042421,-7.0115104],[-67.0944336,-7.003208399999985],[-67.0880898,-7.013260100000016],[-67.07625690000002,-7.006392199999973],[-67.0774585,-7.010987900000011],[-67.0715445,-7.0083051],[-67.06556449999998,-7.011993600000022],[-67.0686166,-7.020681400000023],[-67.0583095,-7.020763700000014],[-67.059764,-7.028454700000013],[-67.0582942,-7.024945299999982],[-67.0521105,-7.025869],[-67.0487777,-7.031186400000013],[-67.0523014,-7.034006],[-67.0419755,-7.0340926],[-67.0339751,-7.0455679],[-67.0397239,-7.062530300000026],[-67.0355128,-7.062026299999989],[-67.0299153,-7.090257799999988],[-67.0059532,-7.08725],[-66.9987712,-7.09264],[-66.9961482,-7.1121353],[-66.9995002,-7.120024200000015],[-66.9902745,-7.119626599999966],[-66.984237,-7.126169100000019],[-66.9636655,-7.1331115],[-66.9607958,-7.15761139999998],[-66.9574333,-7.1647759],[-66.9502133,-7.16760080000001],[-66.9411678,-7.1877637],[-66.9487254,-7.205042600000023],[-66.953088,-7.206481],[-66.9445559,-7.214981800000019],[-66.95153230000001,-7.210325],[-66.9592056,-7.2151916],[-66.9528466,-7.2192788],[-66.95845710000002,-7.223096900000019],[-66.9528815,-7.226561099999975],[-66.953673,-7.2308159],[-66.9449586,-7.225277199999979],[-66.9465088,-7.2365925],[-66.9378308,-7.2400572],[-66.949172,-7.241916],[-66.9484526,-7.244667],[-66.9437597,-7.243534499999984],[-66.9380312,-7.253196499999987],[-66.9280199,-7.249339299999972],[-66.9241553,-7.256555799999989],[-66.9202404,-7.249347],[-66.9148767,-7.2579218],[-66.9072308,-7.253057899999986],[-66.9043995,-7.260521300000012],[-66.8937268,-7.261662299999988],[-66.8972064,-7.2656887],[-66.89241380000001,-7.264877700000012],[-66.893628,-7.267861799999982],[-66.8850731,-7.264725],[-66.8806535,-7.267629299999977],[-66.8904807,-7.273216],[-66.8780346,-7.273283400000013],[-66.8726363,-7.283240599999984],[-66.86076,-7.275942800000025],[-66.8590853,-7.285436300000016],[-66.8522987,-7.289929],[-66.854775,-7.3001155],[-66.8510296,-7.3022426],[-66.8453591,-7.297145299999985],[-66.8469822,-7.3022199],[-66.8377139,-7.3024541],[-66.8329389,-7.310929],[-66.8279553,-7.30803],[-66.8241719,-7.317021],[-66.8207334,-7.316253500000023],[-66.8214148,-7.3219791],[-66.8116723,-7.3200993],[-66.8088168,-7.313891300000019],[-66.8079927,-7.324650599999976],[-66.7967225,-7.3196196],[-66.7876772,-7.324140099999985],[-66.796622,-7.324250399999983],[-66.7928881,-7.3268461],[-66.7951114,-7.331912299999983],[-66.7891002,-7.3314349],[-66.7914786,-7.3358874],[-66.7881123,-7.3403273],[-66.7822614,-7.340299199999984],[-66.7888039,-7.345286700000025],[-66.7784289,-7.3452679],[-66.7776702,-7.350123],[-66.7672152,-7.346797500000013],[-66.7651873,-7.352881700000026],[-66.7640429,-7.347499],[-66.7567736,-7.346037400000019],[-66.7578196,-7.352087300000027],[-66.7545266,-7.3496031],[-66.751599,-7.35710090000002],[-66.7449625,-7.358015699999988],[-66.7441818,-7.36547469999998],[-66.7360158,-7.365560800000011],[-66.7371178,-7.371415900000018],[-66.7423834,-7.36968580000002],[-66.73838,-7.3792758],[-66.7326865,-7.370004199999984],[-66.7267982,-7.375118799999986],[-66.7203737,-7.371434],[-66.7169843,-7.39586590000002],[-66.7046104,-7.388699],[-66.713993,-7.4004815],[-66.7122964,-7.404535400000023],[-66.7092024,-7.401200699999985],[-66.7011656,-7.4025088],[-66.7026257,-7.4093279],[-66.6917166,-7.41726],[-66.6890581,-7.4148592],[-66.6894104,-7.42002770000002],[-66.6829428,-7.419487499999974],[-66.6810828,-7.427735899999967],[-66.6686172,-7.433909800000013],[-66.6744236,-7.435029899999978],[-66.675127,-7.4459449],[-66.6663276,-7.445221400000011],[-66.6653598,-7.4507309],[-66.6537666,-7.458691699999981],[-66.6476552,-7.4543735],[-66.6352657,-7.4605914],[-66.6333282,-7.469549299999988],[-66.6207561,-7.471959499999987],[-66.6155657,-7.467541499999975],[-66.6171942,-7.4708287],[-66.6115744,-7.4754551],[-66.6158401,-7.4764918],[-66.6088902,-7.485731100000021],[-66.619106,-7.486446599999969],[-66.6131487,-7.4918364],[-66.598247,-7.487736399999979],[-66.6027798,-7.482370599999975],[-66.5923667,-7.4788762],[-66.5933931,-7.485013399999983],[-66.5869648,-7.4897468],[-66.5970738,-7.4920019],[-66.5913005,-7.492786],[-66.5892865,-7.503205699999985],[-66.588599,-7.499441699999972],[-66.58106250000002,-7.5016454],[-66.5854876,-7.4926586],[-66.5785464,-7.487463599999976],[-66.5771989,-7.500524],[-66.5746658,-7.494349799999988],[-66.5601543,-7.495052800000013],[-66.5571356,-7.488619400000016],[-66.5448203,-7.487961199999969],[-66.5374015,-7.4998557],[-66.5336142,-7.4922364],[-66.5295271,-7.494118599999982],[-66.5344194,-7.497557600000015],[-66.5266423,-7.496287399999987],[-66.5266505,-7.501146799999961],[-66.5087808,-7.5003563],[-66.5081085,-7.505533],[-66.5009926,-7.506256],[-66.4998214,-7.5151136],[-66.4942823,-7.511567099999986],[-66.4877734,-7.5196818],[-66.4852088,-7.508907399999983],[-66.4805571,-7.512629],[-66.4803473,-7.5069239],[-66.4755848,-7.5059132],[-66.4702332,-7.5117984],[-66.4699969,-7.5059741],[-66.4605048,-7.5053078],[-66.458247,-7.4996325],[-66.45165190000002,-7.500120099999973],[-66.4546178,-7.509207400000012],[-66.4499974,-7.5137174],[-66.4268812,-7.5016315],[-66.4297557,-7.490768199999982],[-66.4074112,-7.481503899999989],[-66.3898227,-7.488080699999985],[-66.3898539,-7.483567900000019],[-66.3759224,-7.4883198],[-66.3734061,-7.502387900000015],[-66.36396510000002,-7.504971400000014],[-66.3385624,-7.4966674],[-66.3503374,-7.5129963],[-66.3665311,-7.5104398],[-66.3721431,-7.514472699999988],[-66.3728202,-7.523738],[-66.3648071,-7.542721],[-66.3730436,-7.56097459999997],[-66.4085469,-7.5719422],[-66.436502,-7.5654055],[-66.4688814,-7.566354],[-66.4715053,-7.58241639999997],[-66.4922678,-7.5889954],[-66.500318,-7.595643899999972],[-66.5062782,-7.620798],[-66.4927225,-7.648065399999978],[-66.5033081,-7.6664191],[-66.5118694,-7.666323499999974],[-66.5154619,-7.6616003],[-66.5064232,-7.648038299999978],[-66.5062461,-7.63580480000001],[-66.5275902,-7.628391599999983],[-66.528342,-7.6108769],[-66.5361402,-7.6008367],[-66.5494584,-7.598864299999989],[-66.5557889,-7.6032219],[-66.5592497,-7.627468599999975],[-66.5813608,-7.646200899999986],[-66.5920831,-7.6420933],[-66.6079922,-7.618522500000012],[-66.6181143,-7.615062499999969],[-66.6206702,-7.621488600000013],[-66.6098762,-7.629747299999979],[-66.6083473,-7.6415856],[-66.6267808,-7.647819799999973],[-66.63421709999999,-7.657753799999966],[-66.628415,-7.665905],[-66.6068682,-7.6743335],[-66.6072132,-7.6828063],[-66.6125043,-7.6846684],[-66.62330630000001,-7.676678899999987],[-66.63683039999998,-7.676229699999989],[-66.6460415,-7.6835915],[-66.6586659,-7.7096111],[-66.6699588,-7.706926],[-66.6732721,-7.695416599999973],[-66.7100192,-7.702389199999976],[-66.70845620000001,-7.7169959],[-66.7121523,-7.722920800000017],[-66.708604,-7.728591600000023],[-66.7161954,-7.7366759],[-66.7285549,-7.732478600000011],[-66.7291289,-7.725496699999982],[-66.7450053,-7.7305751],[-66.7442099,-7.745222899999971],[-66.7374423,-7.747686099999984],[-66.7390342,-7.753065500000025],[-66.7356034,-7.755836700000022],[-66.737179,-7.759888],[-66.74463240000001,-7.760469199999987],[-66.7441154,-7.76638069999998],[-66.749157,-7.766580600000028],[-66.7519092,-7.773134100000018],[-66.7596493,-7.775845100000025],[-66.7603616,-7.782891],[-66.7837007,-7.788906],[-66.7848415,-7.792636699999987],[-66.7900209,-7.7902584],[-66.7916393,-7.802440300000023],[-66.7977546,-7.801602600000019],[-66.8028469,-7.806763],[-66.8037765,-7.8033059],[-66.8088921,-7.8043082],[-66.8176522,-7.808959800000015],[-66.821295,-7.8169246],[-66.8297807,-7.81765050000001],[-66.8324284,-7.825959400000011],[-66.8257428,-7.828351],[-66.8235557,-7.834817800000022],[-66.8186792,-7.8319844],[-66.8129013,-7.8372106],[-66.8164272,-7.844331900000014],[-66.8132383,-7.848428700000015],[-66.81650260000002,-7.8548187],[-66.8141636,-7.8691872],[-66.8227018,-7.8705245],[-66.8225225,-7.886303899999971],[-66.831179,-7.879930799999984],[-66.8260262,-7.8894311],[-66.8319127,-7.8852438],[-66.8309226,-7.890746800000012],[-66.8367052,-7.894320299999976],[-66.8335514,-7.8958492],[-66.8493197,-7.9051134],[-66.844413,-7.9105079],[-66.8543026,-7.917312799999983],[-66.8519871,-7.9220633],[-66.8571818,-7.925516499999981],[-66.8558162,-7.931604300000024],[-66.8606321,-7.9259984],[-66.8641187,-7.9341194],[-66.8680357,-7.932769699999979],[-66.8706804,-7.9346619],[-66.8658017,-7.936119699999987],[-66.867233,-7.9400613],[-66.8611405,-7.946661100000017],[-66.8670234,-7.963536600000016],[-66.8778914,-7.977806700000021],[-66.8759677,-7.992410100000019],[-66.884701,-8.011989199999983],[-66.8840966,-8.022887800000017],[-66.8775178,-8.0272645],[-66.8796471,-8.030080600000018],[-66.8739001,-8.0307715],[-66.8673153,-8.043606799999983],[-66.8692513,-8.0628607],[-66.8609508,-8.0811844],[-66.8616365,-8.0917398],[-66.8824915,-8.1114438],[-66.8864904,-8.1482795],[-66.8629972,-8.1689994],[-66.8592709,-8.1907206],[-66.8770771,-8.2167343],[-66.8930094,-8.2172071],[-66.9059978,-8.233322900000024],[-66.9086969,-8.257729100000015],[-66.9252864,-8.2724904],[-66.9369448,-8.3017958],[-66.93688630000001,-8.319609],[-66.9321728,-8.32917169999999],[-66.9231141,-8.334699400000014],[-66.9143389,-8.369934],[-66.916699,-8.3782894],[-66.9096692,-8.392876900000024],[-66.911362,-8.402931699999982],[-66.9269576,-8.420013599999987],[-66.9313741,-8.4339154],[-66.9257281,-8.4535822],[-66.9503325,-8.46946319999999],[-67.0418579,-8.5003534],[-67.05775329999999,-8.505171399999984],[-67.4137753,-8.5076429],[-67.422133,-8.539105],[-67.4288389,-8.5409159],[-67.4292539,-8.546115299999988],[-67.4393971,-8.5462491],[-67.4403718,-8.5579787],[-67.4497692,-8.5485968],[-67.4588939,-8.5455237],[-67.4614875,-8.5518764],[-67.4663318,-8.5465112],[-67.4643795,-8.551998699999988],[-67.4686614,-8.561797400000014],[-67.4794601,-8.558183800000016],[-67.4746147,-8.5690917],[-67.4786755,-8.580311800000022],[-67.4863357,-8.57340620000001],[-67.4850165,-8.5646449],[-67.4949351,-8.5616296],[-67.4982261,-8.563982200000012],[-67.4956307,-8.579705600000016],[-67.4977754,-8.5733836],[-67.508033,-8.5767264],[-67.517619,-8.5691414],[-67.5221865,-8.5775897],[-67.5306794,-8.578145],[-67.5346256,-8.567434600000015],[-67.5248043,-8.5615064],[-67.5384945,-8.54663330000001],[-67.5455716,-8.5479803],[-67.5495431,-8.554763499999984],[-67.5512547,-8.544895800000019],[-67.5590098,-8.5414425],[-67.5679187,-8.553231099999984],[-67.5735732,-8.532307],[-67.5823577,-8.5284734],[-67.5836579,-8.53922589999998],[-67.58785369999998,-8.5399126],[-67.5945631,-8.5126933],[-67.6002361,-8.514703600000017],[-67.60500369999998,-8.5054322],[-67.601853,-8.49424940000001],[-67.609119,-8.4933512],[-67.6156806,-8.481095199999976],[-67.6201838,-8.483874400000024],[-67.6312391,-8.48069090000001],[-67.6429959,-8.489408799999984],[-67.6465441,-8.483496499999978],[-67.6595703,-8.4876972],[-67.6658636,-8.485777400000014],[-67.66778880000001,-8.48311760000001],[-67.6556798,-8.4798313],[-67.6592993,-8.46114770000001],[-67.6679682,-8.4584294],[-67.667049,-8.4642001],[-67.6723171,-8.4631433],[-67.6746056,-8.46830349999998],[-67.6800514,-8.4477585],[-67.694997,-8.4483089],[-67.69356660000001,-8.4407483],[-67.7011855,-8.438561],[-67.7024879,-8.44369860000001],[-67.7188078,-8.43786],[-67.7233429,-8.441116799999989],[-67.7298798,-8.429922],[-67.7317374,-8.435162799999985],[-67.7356882,-8.434698200000016],[-67.7410997,-8.4197267],[-67.75181,-8.4312825],[-67.7660654,-8.411021099999983],[-67.7756529,-8.410812800000015],[-67.7737085,-8.4159495],[-67.7797947,-8.4178443],[-67.7831794,-8.3981294],[-67.797751,-8.410209],[-67.7909689,-8.3828492],[-67.8045646,-8.385638],[-67.8067661,-8.3770204],[-67.8227041,-8.3849206],[-67.8365946,-8.370078800000012],[-67.8458078,-8.369963599999975],[-67.8447619,-8.378219599999985],[-67.8558109,-8.372163],[-67.8691239,-8.3736906],[-67.8815214,-8.3594936],[-67.8889248,-8.364472],[-67.8969423,-8.353064200000018],[-67.9009782,-8.357118799999983],[-67.903663,-8.349563],[-67.9163487,-8.3503973],[-67.8990419,-8.33685089999999],[-67.9129269,-8.332397],[-67.90879980000001,-8.323675299999987],[-67.9146057,-8.3088322],[-67.9199617,-8.310913899999974],[-67.9184628,-8.30627640000002],[-67.9230264,-8.3060659],[-67.9278216,-8.2950151],[-67.9262572,-8.290264],[-67.9351461,-8.2856743],[-67.9292628,-8.26784170000001],[-67.9483218,-8.263612500000013],[-67.9422173,-8.2509445],[-67.9457464,-8.246804300000015],[-67.9473858,-8.250996300000011],[-67.9574059,-8.24929580000002],[-67.9570107,-8.2348562],[-67.964904,-8.2304356],[-67.9668601,-8.2337264],[-67.9778221,-8.233747599999989],[-67.9754149,-8.226991900000018],[-67.9797521,-8.198924299999987],[-67.9911889,-8.19358860000001],[-67.994445,-8.19761019999998],[-67.9994329,-8.1952358],[-67.9977736,-8.1833441],[-68.0076029,-8.179678699999982],[-68.008362,-8.1727058],[-68.0191094,-8.182803600000012],[-68.0284433,-8.184588],[-68.042275,-8.161301799999986],[-68.0499804,-8.157127399999974],[-68.05343510000002,-8.1624525],[-68.0537907,-8.156661699999983],[-68.0564046,-8.160199400000016],[-68.0658839,-8.156854599999987],[-68.0618594,-8.153191400000013],[-68.0692411,-8.152386199999986],[-68.07180270000002,-8.138770299999978],[-68.0929285,-8.143344],[-68.0877631,-8.1294658],[-68.1055345,-8.1330964],[-68.105443,-8.128967700000011],[-68.1294921,-8.1235304],[-68.1293798,-8.127123],[-68.1396196,-8.127940299999983],[-68.1432021,-8.1361028],[-68.16125040000001,-8.139532100000013],[-68.1628553,-8.132897],[-68.1593739,-8.1300757],[-68.168211,-8.135356499999977],[-68.1732104,-8.132661],[-68.1742908,-8.12757],[-68.1669556,-8.126352],[-68.1671102,-8.117427400000015],[-68.180076,-8.112237499999976],[-68.1747421,-8.1091346],[-68.1791581,-8.093434599999984],[-68.192733,-8.101346500000021],[-68.1913963,-8.0955376],[-68.1945786,-8.098238900000013],[-68.1976191,-8.095317],[-68.1932013,-8.091182700000013],[-68.2011523,-8.0895],[-68.1956089,-8.0854619],[-68.1953885,-8.082590299999985],[-68.2000142,-8.0841924],[-68.1973386,-8.079058399999967],[-68.2240319,-8.0828849],[-68.2205132,-8.092050400000012],[-68.2366602,-8.084204300000014],[-68.2375812,-8.0899304],[-68.243054,-8.0921444],[-68.254551,-8.084108600000011],[-68.2549184,-8.0918562],[-68.2619394,-8.092898900000014],[-68.273236,-8.082867299999974],[-68.29867560000001,-8.095077499999976],[-68.3007387,-8.090016900000014],[-68.3078228,-8.09411059999998],[-68.3124301,-8.0860234],[-68.3197799,-8.08552989999998],[-68.3238865,-8.080519400000018],[-68.3282828,-8.0827664],[-68.3262081,-8.078063800000017],[-68.33235870000001,-8.079701700000015],[-68.34126420000001,-8.0744152],[-68.3468859,-8.0833832],[-68.3474901,-8.077746099999988],[-68.3608801,-8.0770176],[-68.3678795,-8.083617800000011],[-68.3787664,-8.078752600000017],[-68.3812211,-8.085361799999983],[-68.3821254,-8.075669700000018],[-68.3944934,-8.0780756],[-68.4066008,-8.060250499999984],[-68.4165249,-8.0623633],[-68.4320975,-8.0571423],[-68.4344208,-8.051386499999976],[-68.4304587,-8.04713330000003],[-68.4358626,-8.048010700000019],[-68.4419131,-8.0419459],[-68.4435715,-8.049707],[-68.4492918,-8.0520153],[-68.4571158,-8.045786099999988],[-68.4610832,-8.048804],[-68.46124729999998,-8.043250199999981],[-68.464964,-8.0436235],[-68.477458,-8.0636502],[-68.4875485,-8.058591700000015],[-68.4859225,-8.0544378],[-68.4900669,-8.0572192],[-68.4912686,-8.050865500000024],[-68.4943374,-8.052964],[-68.5000066,-8.04896940000002],[-68.5001345,-8.0541423],[-68.5103269,-8.057140700000021],[-68.508011,-8.060441799999987],[-68.5126706,-8.060315500000016],[-68.512053,-8.0640165],[-68.52319930000002,-8.065029799999985],[-68.527579,-8.0616779],[-68.5334425,-8.07514659999999],[-68.5397243,-8.0730835],[-68.5458388,-8.078492300000015],[-68.5653465,-8.0819765],[-68.5652349,-8.086545299999987],[-68.5732682,-8.0850464],[-68.576618,-8.090690399999986],[-68.5899795,-8.0836102],[-68.5910588,-8.0861888],[-68.6042243,-8.081388799999974],[-68.6163902,-8.0822565],[-68.6335943,-8.068755],[-68.6708692,-8.0651066],[-68.6780912,-8.0713084],[-68.69847,-8.0713928],[-68.7182785,-8.0837694],[-68.7540354,-8.0947346],[-68.7736967,-8.107766600000012],[-68.7813093,-8.1042764],[-68.7888342,-8.106394899999989],[-68.8171148,-8.145823799999985],[-68.840586,-8.146253499999984],[-68.85064420000002,-8.1601662],[-68.8726407,-8.170575400000018],[-68.873226,-8.1781153],[-68.8614812,-8.195284800000021],[-68.8622535,-8.204384199999987],[-68.8720364,-8.218255399999975],[-68.8734486,-8.242445300000014],[-68.8645305,-8.265064499999985],[-68.8527851,-8.276644500000014],[-68.8610653,-8.3157683],[-68.85792439999999,-8.323658],[-68.86345,-8.329580400000015],[-68.8531736,-8.3418042],[-68.854845,-8.349276399999981],[-68.9035622,-8.382557400000023],[-68.9150673,-8.394937800000019],[-68.9124796,-8.411085099999982],[-68.919395,-8.425970100000013],[-68.9117011,-8.441296099999988],[-68.9393731,-8.482374699999982],[-68.9469737,-8.5074386],[-68.9543914,-8.509981699999976],[-68.96467570000002,-8.522259499999983],[-68.9717259,-8.525349299999988],[-68.9876707,-8.5233349],[-68.98914910000002,-8.530983700000014],[-69.0052561,-8.5378308],[-69.0213381,-8.55739449999998],[-69.0145328,-8.573142400000018],[-69.0240919,-8.5754713],[-69.0573462,-8.568729899999981],[-69.0722309,-8.5728849],[-69.0813341,-8.5504871],[-69.0915377,-8.54731390000001],[-69.098982,-8.549308],[-69.11942770000002,-8.5682997],[-69.1525688,-8.57422660000001],[-69.16692980000002,-8.5849229],[-69.1896436,-8.5783297],[-69.2021503,-8.566167500000017],[-69.212982,-8.5643745],[-69.8017091,-8.061126],[-69.8013454,-8.0412829],[-69.7872843,-7.998419600000026],[-69.7985113,-7.977162099999972],[-69.8005384,-7.951813],[-69.7890587,-7.940327299999972],[-69.7848663,-7.90847],[-69.7911217,-7.892952799999985],[-69.7984825,-7.8908796],[-69.798004,-7.8741668],[-69.79244749999998,-7.867779800000024],[-69.76737019999999,-7.863392799999986],[-69.7636998,-7.8433259],[-69.7508686,-7.835089899999974],[-69.7439237,-7.821792599999981],[-69.7306744,-7.820315],[-69.704926,-7.787414300000012],[-69.696699,-7.7852731],[-69.6819748,-7.793370300000013],[-69.673201,-7.78049220000001],[-69.6655386,-7.7820217],[-69.6566129,-7.767277400000018],[-69.6491487,-7.770439699999989],[-69.6404795,-7.758040699999981],[-69.6252241,-7.7523929],[-69.6113164,-7.734547],[-69.6154193,-7.7180186],[-69.5983659,-7.6909165],[-69.591037,-7.6887295],[-69.5840289,-7.692474500000015],[-69.5698152,-7.686555600000013],[-69.5552812,-7.658707699999986],[-69.5570106,-7.6513057],[-69.5728645,-7.64498280000001],[-69.5755338,-7.6377591],[-69.58256149999998,-7.633831100000012],[-69.5926229,-7.612172600000023],[-69.58486650000002,-7.6081718],[-69.5586421,-7.577907399999978],[-69.55531270000002,-7.570461499999976],[-69.56567290000001,-7.5572717],[-69.5634263,-7.5496603],[-69.5530401,-7.537148900000016],[-69.5337802,-7.4892564],[-69.5209761,-7.479650900000019],[-69.5087599,-7.4589268],[-69.5121685,-7.4516424],[-69.5197253,-7.4505486],[-69.5243908,-7.444210300000017],[-69.5205587,-7.421061500000013],[-69.516281,-7.4142814],[-69.4911211,-7.4049014],[-69.4973705,-7.390852199999969],[-69.496561,-7.38239330000001],[-69.51175779999998,-7.360212499999983],[-69.48886679999998,-7.3378017],[-69.4862786,-7.330404699999989],[-69.485059,-7.314691500000011],[-69.4943362,-7.302029799999978],[-69.4925641,-7.279235900000026],[-69.4744451,-7.252222500000012],[-69.4790331,-7.223989500000019],[-69.4910373,-7.20315290000002],[-69.485536,-7.196854899999986],[-69.4849243,-7.180791600000011],[-69.4624166,-7.1751567],[-69.4538646,-7.16252],[-69.4543881,-7.1461628],[-69.4829784,-7.1288891],[-69.4865335,-7.105838199999969],[-69.4619731,-7.100340700000021],[-69.4423905,-7.0859761],[-69.4265917,-7.083740199999982],[-69.4218693,-7.076947300000024],[-69.4138663,-7.0746364],[-69.4152512,-7.062101899999977],[-69.4026126,-7.053368099999979],[-69.40442229999998,-7.045317799999978],[-69.3920902,-7.035159399999982],[-69.39006009999999,-7.026513600000015],[-69.3768328,-7.0174725],[-69.3610575,-7.012564],[-69.3553943,-7.017581700000015],[-69.3400259,-7.0115941],[-69.3241141,-7.0153277],[-69.3090599,-7.0081566],[-69.2863925,-7.01215430000002],[-69.2661412,-6.996779099999978],[-69.25958929999999,-7.003454399999971],[-69.25045379999999,-7.000106599999978],[-69.2175617,-6.9778972],[-69.1928086,-6.944946899999984],[-69.1826393,-6.944861299999989],[-69.1728639,-6.950434],[-69.1654739,-6.9608764],[-69.1390855,-6.956560600000026],[-69.132638,-6.961498500000027],[-69.1339727,-6.992500799999985],[-69.1270046,-7.01591],[-69.1193919,-7.017416],[-69.109368,-7.0291847],[-69.09372089999998,-7.0262447],[-69.0875553,-7.048478199999976],[-69.0770896,-7.036174499999988],[-69.0695249,-7.035526599999979],[-69.0650838,-7.051041500000017],[-69.0586157,-7.055057899999988],[-69.0400872,-7.0290054],[-69.0252769,-7.0260766],[-69.0175004,-7.0286203],[-69.0126945,-7.0347895],[-69.0137777,-7.0428917],[-69.0263615,-7.05188029999998],[-69.0341643,-7.064970800000014],[-69.0327254,-7.0729182],[-69.02544370000001,-7.076189099999978],[-69.0171437,-7.0757833],[-68.9888924,-7.055608599999983],[-68.9752219,-7.062834],[-68.9700286,-7.0693396],[-68.9712233,-7.07703990000003],[-68.9628029,-7.07842019999998],[-68.9573659,-7.0720259],[-68.9453058,-7.0841637],[-68.9314207,-7.076683200000017],[-68.9240567,-7.0912405],[-68.9171103,-7.0959466],[-68.9104435,-7.0917861],[-68.9030302,-7.105119299999973],[-68.8955838,-7.107269599999989],[-68.8794499,-7.1085135],[-68.8638889,-7.1035968],[-68.8405608,-7.1085551],[-68.8342221,-7.113561199999987],[-68.8293057,-7.1069801],[-68.8065549,-7.099504300000019],[-68.7297829,-7.122079599999977],[-68.7140885,-7.117929899999988],[-68.7036961,-7.1057997],[-68.6961404,-7.103246500000028],[-68.6565303,-7.1039263],[-68.6055353,-7.142069199999984],[-68.5934168,-7.1616266],[-68.5989142,-7.178893499999988],[-68.5846977,-7.1837764],[-68.5664722,-7.2007136],[-68.5667778,-7.208998699999978],[-68.5739454,-7.2118348],[-68.5750047,-7.21957819999998],[-68.54289,-7.223762199999974],[-68.5341662,-7.2470215],[-68.5193935,-7.241672700000012],[-68.5080829,-7.251993799999981],[-68.4986924,-7.2537662],[-68.4767239,-7.220417099999973],[-68.491195,-7.191498399999976],[-68.4848353,-7.177163],[-68.48760980000002,-7.161556200000015],[-68.46219779999998,-7.1419564],[-68.4571373,-7.1575209],[-68.4343908,-7.166492699999982],[-68.4326406,-7.174571399999975],[-68.4188047,-7.167108199999975],[-68.40660689999999,-7.176829899999974],[-68.3945592,-7.1686249],[-68.387244,-7.1794443],[-68.3766077,-7.175424],[-68.3606669,-7.1780135],[-68.3454721,-7.1744742],[-68.3332206,-7.1632453],[-68.3250593,-7.164659],[-68.3196051,-7.158926],[-68.2731419,-7.177793],[-68.2655305,-7.175485100000027],[-68.2543837,-7.163839799999979],[-68.2332795,-7.1523945],[-68.2094951,-7.145803],[-68.1972497,-7.136020099999973],[-68.1822783,-7.1408918],[-68.177659,-7.1469659],[-68.1782747,-7.163066899999985],[-68.1725273,-7.1686309],[-68.1560564,-7.1676739],[-68.1447429,-7.155850700000026],[-68.1306337,-7.163684],[-68.1148069,-7.1465375],[-68.08422080000001,-7.147444],[-68.0772238,-7.1440687],[-68.0642761,-7.122964500000028],[-68.0415469,-7.117230900000029],[-68.0282494,-7.125626900000013],[-68.0190268,-7.138673199999987],[-68.0105782,-7.1384031],[-68.0005241,-7.150666599999984],[-67.9783884,-7.145678900000012],[-67.9631626,-7.151506100000012],[-67.9551891,-7.1496229],[-67.9473039,-7.151816399999988],[-67.9363627,-7.163817499999987],[-67.9145763,-7.1549544],[-67.9017213,-7.165636100000028],[-67.8918875,-7.187717099999975],[-67.8973023,-7.193208900000014],[-67.89541,-7.200536799999984],[-67.8821662,-7.2095679],[-67.882302,-7.2262057],[-67.8763279,-7.240555200000021],[-67.9035086,-7.2603057],[-67.8845835,-7.271138899999979],[-67.8778573,-7.2570818],[-67.8625819,-7.2610791],[-67.8394117,-7.25225039999998],[-67.8320582,-7.2558022],[-67.8092768,-7.248895200000027],[-67.7959394,-7.2572904],[-67.7791901,-7.25731079999997],[-67.7580568,-7.2679084],[-67.7536939,-7.2613069],[-67.7302781,-7.2567107],[-67.7092167,-7.268501499999982],[-67.7084452,-7.284273400000018],[-67.6918265,-7.309334399999979],[-67.6980477,-7.3313746],[-67.6924386,-7.3377607],[-67.6756953,-7.341566699999981],[-67.6684414,-7.3379093],[-67.6550255,-7.356634299999977],[-67.6547232,-7.37254390000001],[-67.6517185,-7.380211],[-67.6446382,-7.3841779],[-67.6417787,-7.3993804],[-67.6259473,-7.4008469],[-67.6124659,-7.410814899999984],[-67.5764652,-7.3791762],[-67.5651375,-7.349317199999982],[-67.5229085,-7.3253608],[-67.5183865,-7.318838299999986],[-67.5156077,-7.302983099999983],[-67.5031945,-7.292251500000014],[-67.4980808,-7.276393200000014],[-67.5005554,-7.2471868],[-67.4689394,-7.260321],[-67.4557999,-7.2796607],[-67.4422161,-7.287283400000011],[-67.4246283,-7.2824932],[-67.4028619,-7.288584199999989],[-67.3801669,-7.286558300000013],[-67.34838110000001,-7.2760356],[-67.3400795,-7.267182]]]}},{"type":"Feature","properties":{"CD_MUN":"1300904","NM_MUN":"Canutama","SIGLA_UF":"AM","CodigoIBGE":"1300904","SubRegiaoNumero":3,"CalhaSubRegiao":"Região do Purus"},"geometry":{"type":"Polygon","coordinates":[[[-63.9453732,-8.3878261],[-63.9769546,-8.409739699999989],[-63.9778954,-8.4201329],[-63.953727,-8.427964800000012],[-63.9390898,-8.4415485],[-63.9408384,-8.452264],[-63.9731772,-8.4784472],[-63.9745046,-8.487238100000017],[-63.9661763,-8.5053886],[-63.9437881,-8.5266044],[-63.9456204,-8.550498],[-63.9390055,-8.556227900000014],[-63.9231714,-8.559293500000022],[-63.9245687,-8.5755254],[-63.9459539,-8.609485299999982],[-63.9540923,-8.6072538],[-63.9655984,-8.59592610000001],[-63.9725403,-8.582452499999988],[-63.9802633,-8.5806881],[-63.98620970000001,-8.585633899999973],[-63.9910948,-8.617413800000017],[-64.0048419,-8.625910899999989],[-64.0051752,-8.641748],[-64.0167031,-8.6525006],[-64.0191786,-8.6604484],[-64.0164261,-8.667682],[-64.0354821,-8.6935577],[-64.0278692,-8.7156662],[-64.0673962,-8.710725299999979],[-64.0947671,-8.728363500000015],[-64.1112604,-8.725171100000022],[-64.1245948,-8.7167138],[-64.1430671,-8.7430315],[-64.1447623,-8.7764473],[-64.129459,-8.805162699999979],[-64.1357595,-8.820389199999989],[-64.1552052,-8.835416200000017],[-64.15820330000001,-8.84316750000002],[-64.1487937,-8.873090699999981],[-64.1517023,-8.8972333],[-64.1417669,-8.9450507],[-64.1434334,-8.9535324],[-64.1494522,-8.958937200000012],[-64.1750139,-8.960571399999981],[-64.2332051,-8.9923081],[-64.2650711,-8.988382400000013],[-64.3113185,-8.9964708],[-64.3252888,-8.988070299999979],[-64.326072,-8.979832099999989],[-64.3095688,-8.934492900000022],[-64.3233996,-8.9288606],[-64.3799237,-8.946735100000017],[-64.446574,-8.9768705],[-64.4711813,-8.9737446],[-64.4963719,-8.9790575],[-64.533628,-8.9762697],[-64.5579566,-8.981306],[-64.5688804,-8.99177410000001],[-64.5788533,-8.988415499999975],[-64.5731,-8.9647237],[-64.5817697,-8.95072620000001],[-64.5316523,-8.925552100000017],[-64.5257987,-8.9023893],[-64.5374346,-8.881115799999986],[-64.535703,-8.873207],[-64.5161551,-8.847794],[-64.5058721,-8.808470700000019],[-64.4817632,-8.8067121],[-64.4225428,-8.8328438],[-64.4010431,-8.8092821],[-64.3894853,-8.7776404],[-64.375322,-8.769959099999983],[-64.3396825,-8.762800199999976],[-64.3299065,-8.7506975],[-64.3450098,-8.7305194],[-64.3597097,-8.7227342],[-64.3838504,-8.6902704],[-64.3975694,-8.6527662],[-64.411598,-8.644361699999987],[-64.4421783,-8.6524253],[-64.4492855,-8.649108],[-64.4517907,-8.641122],[-64.4730446,-8.6174489],[-64.5029242,-8.5945697],[-64.4860141,-8.566784100000016],[-64.492481,-8.5262751],[-64.502872,-8.514547099999985],[-64.5242902,-8.506119099999985],[-64.5355428,-8.493774799999983],[-64.5410683,-8.4780193],[-64.5307354,-8.4435409],[-64.5148712,-8.4230858],[-64.512507,-8.3930274],[-64.5062077,-8.3743831],[-64.5083971,-8.3308587],[-64.5042366,-8.32404380000001],[-64.4844017,-8.313560199999982],[-64.4705405,-8.2862709],[-64.4662319,-8.266403899999977],[-64.4427389,-8.235779],[-64.4214869,-8.222438],[-64.4069482,-8.207213699999983],[-64.401013,-8.18029],[-64.3952029,-8.1750782],[-64.3938195,-8.163454499999984],[-64.402181,-8.134297199999988],[-64.3936754,-8.0962264],[-64.4043166,-8.0774751],[-64.3994809,-8.0427333],[-64.4075103,-8.023634199999986],[-64.4141759,-7.9771534],[-64.419207,-7.969596899999979],[-64.4210356,-7.928069399999985],[-64.4344282,-7.912846800000021],[-64.4465256,-7.8867754],[-64.4382773,-7.8741443],[-64.4355432,-7.829924099999982],[-64.4130355,-7.7997093],[-64.4147959,-7.785652800000013],[-64.427215,-7.7657794],[-64.42022019999999,-7.7520628],[-64.4227103,-7.747742499999982],[-64.4149181,-7.7398493],[-64.4125367,-7.7230665],[-64.4005655,-7.7107323],[-64.3976558,-7.70096010000002],[-64.3970417,-7.69122940000002],[-64.4062767,-7.678587800000011],[-64.4053283,-7.6723498],[-64.4175662,-7.65758690000001],[-64.40612,-7.62749490000001],[-64.4213285,-7.610433699999983],[-64.4207497,-7.604964],[-64.4288304,-7.603814499999971],[-64.4296988,-7.5973572],[-64.435866,-7.598136300000016],[-64.4383568,-7.593275600000013],[-64.4470212,-7.591039],[-64.4468469,-7.5860188],[-64.4511815,-7.584178900000015],[-64.4489309,-7.571237900000011],[-64.4642197,-7.5742866],[-64.4749324,-7.570338099999984],[-64.4846829,-7.57432330000001],[-64.4892739,-7.564159899999982],[-64.5041676,-7.555224],[-64.5075627,-7.532913],[-64.5013511,-7.514039699999989],[-64.5061081,-7.510855300000011],[-64.5019253,-7.5071134],[-64.5066016,-7.499019300000012],[-64.4922894,-7.4910883],[-64.499602,-7.4785677],[-64.4959499,-7.454258500000011],[-64.5140259,-7.4307305],[-64.5254491,-7.431508100000015],[-64.5389391,-7.422494],[-64.5382556,-7.4122035],[-64.531138,-7.4128595],[-64.5324565,-7.401782200000018],[-64.5397827,-7.406016400000016],[-64.5355124,-7.3997138],[-64.54432180000002,-7.390638400000029],[-64.5295403,-7.379443500000025],[-64.5409762,-7.363936899999986],[-64.5358416,-7.361736799999982],[-64.5305606,-7.34883],[-64.5352054,-7.3464997],[-64.5344161,-7.342071899999979],[-64.5434586,-7.3482953],[-64.5393762,-7.330703300000017],[-64.5491636,-7.3391173],[-64.555723,-7.330881299999984],[-64.5520947,-7.32566910000001],[-64.559301,-7.321469099999988],[-64.5546048,-7.310239],[-64.5576053,-7.306245],[-64.5533959,-7.3079876],[-64.5549908,-7.30334],[-64.5459922,-7.299938099999983],[-64.55157970000002,-7.2677165],[-64.5582476,-7.2638427],[-64.5510639,-7.247891099999982],[-64.5618997,-7.223497799999986],[-64.5556625,-7.216873900000015],[-64.55624440000001,-7.210874600000017],[-64.5701706,-7.1936295],[-64.5649006,-7.191874100000025],[-64.5668594,-7.1880324],[-64.5778273,-7.1815333],[-64.5829132,-7.1707591],[-64.5773784,-7.172576],[-64.5792969,-7.1656048],[-64.5744922,-7.1628905],[-64.578276,-7.160099499999986],[-64.5792136,-7.1387023],[-64.5837808,-7.1356726],[-64.5786735,-7.130030099999987],[-64.5765231,-7.132118099999985],[-64.5780806,-7.124935700000028],[-64.5735295,-7.12214990000001],[-64.5740862,-7.1192799],[-64.5787481,-7.121090199999982],[-64.5771657,-7.115084599999983],[-64.5800767,-7.114546500000023],[-64.5699071,-7.102729400000011],[-64.5780164,-7.094969199999979],[-64.5722879,-7.09255430000002],[-64.5803469,-7.090131700000015],[-64.5714014,-7.0752284],[-65.0391755,-7.073236599999983],[-65.0340377,-7.054996199999975],[-65.001875,-7.035836800000011],[-64.9841756,-7.033889300000012],[-64.974567,-7.013963400000026],[-64.9786178,-6.9869359],[-64.9973217,-6.9767076],[-65.0171793,-6.95014],[-64.9942903,-6.919784499999976],[-64.9822619,-6.8902978],[-64.9918479,-6.8705734],[-64.9868417,-6.836931799999983],[-65.004927,-6.8061474],[-65.0060385,-6.7975229],[-64.9647331,-6.747193],[-64.9458985,-6.702973900000023],[-64.9326979,-6.6841166],[-64.91895040000001,-6.6769969],[-64.8988489,-6.676892],[-64.8902341,-6.688124500000019],[-64.8888188,-6.6993206],[-64.8989261,-6.711001899999988],[-64.8995904,-6.726830400000013],[-64.9177855,-6.7309194],[-64.9213407,-6.7405344],[-64.913709,-6.747481100000019],[-64.8849214,-6.7491357],[-64.8455363,-6.743038],[-64.8146809,-6.733207499999987],[-64.7970657,-6.7364423],[-64.7677886,-6.725495300000023],[-64.759728,-6.694145599999969],[-64.7418445,-6.6819336],[-64.7365865,-6.6715832],[-64.734505,-6.626581099999988],[-64.7283417,-6.6152415],[-64.6904147,-6.5867241],[-64.6800875,-6.570972],[-64.675256,-6.521721700000016],[-64.6680893,-6.49563140000001],[-64.6372557,-6.461595699999982],[-64.63353080000002,-6.4406063],[-64.6351724,-6.4114924],[-64.6290838,-6.385963799999989],[-64.5821969,-6.34515330000002],[-64.56412360000002,-6.335340200000012],[-64.5544231,-6.318607400000024],[-64.539918,-6.304619599999976],[-64.5271137,-6.2688292],[-64.5229491,-6.233160700000028],[-64.5152555,-6.207770300000012],[-64.5005109,-6.1944992],[-64.4780093,-6.185944300000013],[-64.4629494,-6.1702728],[-64.4565879,-6.1597985],[-64.4523662,-6.130910099999973],[-64.4418976,-6.107139700000022],[-64.4304759,-6.1001853],[-64.3876941,-6.096621500000016],[-64.3885016,-5.92672],[-64.3630433,-5.915137199999974],[-64.2734762,-5.9387433],[-63.1786293,-6.8423112],[-63.1650283,-6.845984299999976],[-63.1682772,-6.851803700000018],[-63.1608499,-6.8499158],[-63.1648284,-6.860633600000026],[-63.1568921,-6.866991499999981],[-63.1488352,-6.866529300000018],[-63.1581139,-6.878262499999987],[-63.1530244,-6.882177900000018],[-63.1562126,-6.904953900000029],[-63.152621,-6.908684100000021],[-63.1456514,-6.9062989],[-63.1456666,-6.9178158],[-63.1574888,-6.923062299999981],[-63.1562383,-6.926638],[-63.1503031,-6.925358299999977],[-63.1546503,-6.938057500000019],[-63.1428553,-6.9383374],[-63.1441495,-6.9468309],[-63.1320566,-6.9538642],[-63.1399516,-6.964003499999989],[-63.1360397,-6.966704399999983],[-63.13248320000001,-6.9572819],[-63.1322936,-6.9661617],[-63.1435018,-6.97347729999998],[-63.1353196,-6.9774712],[-63.139972,-6.981837100000029],[-63.150626,-6.9819704],[-63.1489139,-6.98657859999998],[-63.1583421,-6.9844876],[-63.1677048,-7.01189],[-63.1740484,-7.0085418],[-63.1790816,-7.017455200000017],[-63.18749780000001,-7.0107693],[-63.200817,-7.023121799999982],[-63.200642,-7.0164561],[-63.2088613,-7.013868199999986],[-63.2050265,-7.0203274],[-63.209157,-7.025802500000019],[-63.2167252,-7.0188935],[-63.2136808,-7.0254751],[-63.2185182,-7.028064699999978],[-63.2116171,-7.034047499999972],[-63.2196075,-7.038839599999985],[-63.2049786,-7.0431528],[-63.2105017,-7.045698500000016],[-63.2036706,-7.0518929],[-63.2085535,-7.0559645],[-63.2073146,-7.0618559],[-63.2093474,-7.057938],[-63.2161373,-7.059913799999976],[-63.2207832,-7.068459700000012],[-63.2202878,-7.0602355],[-63.2222268,-7.059399799999986],[-63.2277197,-7.074841600000011],[-63.2314821,-7.069863600000015],[-63.2372143,-7.07538320000002],[-63.2386911,-7.086519],[-63.2409549,-7.079505300000024],[-63.249464,-7.0765209],[-63.2554035,-7.079685499999985],[-63.2561209,-7.085062300000016],[-63.2605328,-7.080145400000014],[-63.2635171,-7.091329300000027],[-63.2643246,-7.087546199999982],[-63.2690717,-7.088670099999983],[-63.2784819,-7.0970916],[-63.2785812,-7.0919138],[-63.2889206,-7.10179849999998],[-63.2974611,-7.09579],[-63.2983042,-7.102081499999988],[-63.3032596,-7.099673200000026],[-63.3075534,-7.103782099999986],[-63.30781240000001,-7.1171118],[-63.3008982,-7.118148400000014],[-63.3039568,-7.12188610000001],[-63.3010032,-7.129045499999986],[-63.3054899,-7.1383132],[-63.3076294,-7.1328216],[-63.3143897,-7.140378799999975],[-63.3120975,-7.1451108],[-63.3158201,-7.1484697],[-63.3131584,-7.152843599999985],[-63.3093731,-7.148989199999987],[-63.3046815,-7.156601200000032],[-63.3089454,-7.164290399999989],[-63.3127655,-7.1632452],[-63.3161658,-7.182275200000021],[-63.3128098,-7.189218699999977],[-63.3280896,-7.197858599999977],[-63.3205741,-7.2052729],[-63.3002004,-7.204763900000022],[-63.3013481,-7.2291452],[-63.2945052,-7.229127299999987],[-63.2992538,-7.234403900000022],[-63.2833022,-7.23869830000002],[-63.2800738,-7.245882300000027],[-63.2856784,-7.25143010000002],[-63.2813107,-7.255974499999978],[-63.2830827,-7.260656600000018],[-63.2884265,-7.2587331],[-63.2845063,-7.269678900000012],[-63.2933754,-7.265183],[-63.2915666,-7.26989070000002],[-63.2980928,-7.2697627],[-63.295923,-7.275036499999985],[-63.2998179,-7.272862900000025],[-63.3045727,-7.276874200000019],[-63.2985366,-7.276519499999985],[-63.3065662,-7.291703800000018],[-63.3033508,-7.2960461],[-63.2971987,-7.295084700000021],[-63.2996481,-7.301828800000017],[-63.292917,-7.316952599999987],[-63.2956737,-7.322078699999989],[-63.2887627,-7.3311506],[-63.2919989,-7.3367013],[-63.2996391,-7.3342285],[-63.3038902,-7.342320900000019],[-63.2731776,-7.352189100000013],[-63.2674142,-7.3495669],[-63.2686443,-7.356944399999988],[-63.2641357,-7.350084700000016],[-63.2633161,-7.356578],[-63.2507027,-7.3516473],[-63.2541264,-7.372970100000012],[-63.2451666,-7.372368],[-63.2518188,-7.393262900000031],[-63.2457803,-7.393059199999981],[-63.2437428,-7.398189299999983],[-63.2484512,-7.3956083],[-63.25677180000001,-7.402722399999976],[-63.2682586,-7.401462900000031],[-63.263891,-7.4113112],[-63.2683336,-7.419266199999976],[-63.2867368,-7.401248100000014],[-63.2950797,-7.407069300000012],[-63.2950563,-7.4006671],[-63.2999512,-7.405228],[-63.2992022,-7.399303199999979],[-63.3026753,-7.3980536],[-63.3095468,-7.409733300000022],[-63.3144098,-7.406402800000023],[-63.3132131,-7.400722399999975],[-63.3166053,-7.405504700000018],[-63.3209701,-7.4034876],[-63.3207097,-7.3970996],[-63.336677,-7.403051400000013],[-63.3428396,-7.4098954],[-63.3397479,-7.4141336],[-63.3315924,-7.414088],[-63.3393387,-7.4172585],[-63.3296819,-7.420124900000017],[-63.3340154,-7.424087599999983],[-63.3333117,-7.43232580000001],[-63.3289972,-7.4290273],[-63.3299146,-7.4354739],[-63.322981,-7.434166600000021],[-63.3272486,-7.4384249],[-63.3217337,-7.4397311],[-63.3211224,-7.447914299999976],[-63.3135744,-7.440823300000016],[-63.3083135,-7.441387400000013],[-63.30835,-7.4464084],[-63.3031849,-7.449377499999982],[-63.3118547,-7.46048539999998],[-63.3040521,-7.4604034],[-63.3047417,-7.466081700000021],[-63.3094504,-7.469072100000024],[-63.31696,-7.466639100000011],[-63.3142885,-7.471237699999979],[-63.3179837,-7.476668500000013],[-63.299575,-7.492417800000015],[-63.3265647,-7.489024600000021],[-63.3331273,-7.492125500000014],[-63.3358817,-7.4977648],[-63.3307072,-7.5001278],[-63.3358839,-7.503008600000017],[-63.33575410000001,-7.509704799999986],[-63.3397805,-7.508584199999985],[-63.3481146,-7.523338599999987],[-63.35998,-7.523443],[-63.361498,-7.527658099999984],[-63.3688827,-7.5255584],[-63.365907,-7.5302974],[-63.374022,-7.5283245],[-63.3710176,-7.532899700000018],[-63.3763877,-7.5347158],[-63.3771329,-7.542271699999975],[-63.3736182,-7.545975500000019],[-63.3818182,-7.547579399999987],[-63.3735831,-7.5484011],[-63.3725573,-7.553223],[-63.3816831,-7.551476399999989],[-63.3841255,-7.556403600000019],[-63.3952628,-7.5580717],[-63.3992569,-7.5681869],[-63.393911,-7.568963200000011],[-63.4041106,-7.5743425],[-63.4015544,-7.585031800000018],[-63.4036,-7.581794200000013],[-63.4076684,-7.581856600000012],[-63.4031288,-7.58918420000002],[-63.40771860000001,-7.5913652],[-63.4135745,-7.587666],[-63.4262659,-7.5998737],[-63.4223678,-7.6065989],[-63.4293417,-7.606406699999982],[-63.42656070000001,-7.6112758],[-63.42208,-7.609547],[-63.4223816,-7.6165902],[-63.4162882,-7.621157499999986],[-63.4214835,-7.6199007],[-63.4192579,-7.629433100000011],[-63.4072746,-7.629548100000012],[-63.3953646,-7.6360851],[-63.3972218,-7.649023200000017],[-63.3940293,-7.6457815],[-63.3923914,-7.6484638],[-63.3954812,-7.656525499999988],[-63.3872232,-7.655893800000018],[-63.3797588,-7.662555],[-63.3815271,-7.6708416],[-63.3860816,-7.6701283],[-63.3836538,-7.67673530000002],[-63.3879683,-7.676466],[-63.3853277,-7.6824246],[-63.395545,-7.6893034],[-63.39763820000001,-7.708276600000028],[-63.3934595,-7.7148224],[-63.4004026,-7.718024200000012],[-63.3967727,-7.7174262],[-63.3956507,-7.723414700000011],[-63.39987820000001,-7.7207207],[-63.4007287,-7.729560599999981],[-63.41005470000001,-7.7383044],[-63.4171756,-7.7385879],[-63.4164016,-7.7344],[-63.4286005,-7.742947600000023],[-63.436894,-7.74136890000002],[-63.4373055,-7.736175799999975],[-63.443251,-7.739540100000013],[-63.4396424,-7.744728900000028],[-63.4432195,-7.7477513],[-63.4553119,-7.745292200000018],[-63.4587724,-7.747449800000016],[-63.4540311,-7.750492800000013],[-63.4694946,-7.746093],[-63.4753265,-7.7487604],[-63.4799477,-7.755937400000016],[-63.4761723,-7.7571197],[-63.4779022,-7.760740400000011],[-63.4823256,-7.7634681],[-63.484795,-7.7604238],[-63.4918353,-7.77147619999998],[-63.4957342,-7.7690293],[-63.5036925,-7.7752925],[-63.5010498,-7.777980499999985],[-63.5073778,-7.781779300000017],[-63.5080964,-7.7890271],[-63.5139177,-7.789041799999973],[-63.5137906,-7.78398540000001],[-63.5224297,-7.7908388],[-63.5226762,-7.795757699999985],[-63.5292727,-7.795885599999989],[-63.5270278,-7.798635],[-63.5330962,-7.802086],[-63.532883,-7.80740979999998],[-63.5341442,-7.803535500000017],[-63.5363758,-7.805787899999984],[-63.5332891,-7.811241899999978],[-63.5479753,-7.808470399999984],[-63.5469429,-7.824025400000023],[-63.5582841,-7.84376670000001],[-63.5680461,-7.846976799999978],[-63.5838744,-7.842314300000015],[-63.5850757,-7.847701500000024],[-63.5998976,-7.846198],[-63.61261970000001,-7.8565562],[-63.6218914,-7.855848600000022],[-63.6345783,-7.873864699999979],[-63.6341851,-7.8830089],[-63.6291673,-7.883121899999988],[-63.6202981,-7.8942166],[-63.6250427,-7.9062464],[-63.6199007,-7.921554],[-63.6240985,-7.9474496],[-63.619085,-7.9662215],[-63.62645,-8.01611210000001],[-63.621779,-8.029610799999984],[-63.6266185,-8.04118449999998],[-63.6387579,-8.0471942],[-63.6508706,-8.066440299999988],[-63.6670003,-8.0816033],[-63.6689496,-8.0919041],[-63.6624486,-8.101171300000013],[-63.6698977,-8.1217432],[-63.6934211,-8.1583487],[-63.7301723,-8.1801862],[-63.7470344,-8.198583200000023],[-63.7485628,-8.207865199999986],[-63.7227614,-8.249499],[-63.7465624,-8.270169199999973],[-63.7735083,-8.32073279999998],[-63.7912313,-8.333215299999978],[-63.8253386,-8.3061526],[-63.8471237,-8.295031299999987],[-63.8707594,-8.2888196],[-63.8820051,-8.2912292],[-63.8949267,-8.30202870000001],[-63.9108359,-8.3285248],[-63.9317883,-8.324691600000017],[-63.9441225,-8.331187700000015],[-63.9453732,-8.3878261]]]}},{"type":"Feature","properties":{"CD_MUN":"1304104","NM_MUN":"Tapauá","SIGLA_UF":"AM","CodigoIBGE":"1304104","SubRegiaoNumero":3,"CalhaSubRegiao":"Região do Purus"},"geometry":{"type":"Polygon","coordinates":[[[-62.5771848,-5.000684599999974],[-62.1028197,-5.459931500000016],[-62.1253804,-5.505265800000029],[-62.1600769,-5.550728],[-62.3320663,-5.817835300000022],[-62.4431799,-5.934990099999969],[-62.4926292,-5.972635700000025],[-62.5674638,-6.095050400000028],[-62.6449857,-6.188106099999975],[-62.7415454,-6.2751299],[-62.7918467,-6.355750799999983],[-62.8472023,-6.407330200000015],[-62.881161,-6.453816099999986],[-62.8949128,-6.486540499999984],[-62.9264589,-6.5201662],[-62.9416137,-6.544458399999982],[-62.9701949,-6.688116900000013],[-63.0102678,-6.783328],[-63.0497677,-6.8444891],[-63.1650283,-6.845984299999976],[-63.1786293,-6.8423112],[-64.2734762,-5.9387433],[-64.3630433,-5.915137199999974],[-64.3885016,-5.92672],[-64.3876941,-6.096621500000016],[-64.4304759,-6.1001853],[-64.4418976,-6.107139700000022],[-64.4523662,-6.130910099999973],[-64.4565879,-6.1597985],[-64.4629494,-6.1702728],[-64.4780093,-6.185944300000013],[-64.5005109,-6.1944992],[-64.5152555,-6.207770300000012],[-64.5229491,-6.233160700000028],[-64.5271137,-6.2688292],[-64.539918,-6.304619599999976],[-64.5544231,-6.318607400000024],[-64.56412360000002,-6.335340200000012],[-64.5821969,-6.34515330000002],[-64.6290838,-6.385963799999989],[-64.6351724,-6.4114924],[-64.63353080000002,-6.4406063],[-64.6372557,-6.461595699999982],[-64.6680893,-6.49563140000001],[-64.675256,-6.521721700000016],[-64.6800875,-6.570972],[-64.6904147,-6.5867241],[-64.7283417,-6.6152415],[-64.734505,-6.626581099999988],[-64.7365865,-6.6715832],[-64.7418445,-6.6819336],[-64.759728,-6.694145599999969],[-64.7677886,-6.725495300000023],[-64.7970657,-6.7364423],[-64.8146809,-6.733207499999987],[-64.8455363,-6.743038],[-64.8849214,-6.7491357],[-64.913709,-6.747481100000019],[-64.9213407,-6.7405344],[-64.9177855,-6.7309194],[-64.8995904,-6.726830400000013],[-64.8989261,-6.711001899999988],[-64.8888188,-6.6993206],[-64.8902341,-6.688124500000019],[-64.8988489,-6.676892],[-64.91895040000001,-6.6769969],[-64.9326979,-6.6841166],[-64.9458985,-6.702973900000023],[-64.9647331,-6.747193],[-65.0060385,-6.7975229],[-65.004927,-6.8061474],[-64.9868417,-6.836931799999983],[-64.9918479,-6.8705734],[-64.9822619,-6.8902978],[-64.9942903,-6.919784499999976],[-65.0171793,-6.95014],[-64.9973217,-6.9767076],[-64.9786178,-6.9869359],[-64.974567,-7.013963400000026],[-64.9841756,-7.033889300000012],[-65.001875,-7.035836800000011],[-65.0099005,-7.0436367],[-65.0237379,-7.047118],[-65.0340377,-7.054996199999975],[-65.0391755,-7.073236599999983],[-65.0951237,-7.1047459],[-65.10942770000001,-7.1351158],[-65.117928,-7.143562500000023],[-65.1355392,-7.1435192],[-65.1456558,-7.1531353],[-65.1962925,-7.176813199999983],[-65.2150678,-7.181255299999989],[-65.2221266,-7.1887009],[-65.2332028,-7.1868823],[-65.2524007,-7.1933786],[-65.2607328,-7.2092871],[-65.2771604,-7.213875499999979],[-65.2977337,-7.234296600000014],[-65.3086818,-7.226648],[-65.3228439,-7.232247500000011],[-65.3405391,-7.2464393],[-65.3576778,-7.2450961],[-65.3988991,-7.2759883],[-65.4412598,-7.2838749],[-65.4588745,-7.282930499999983],[-65.4778223,-7.276208899999983],[-65.4792315,-7.264402299999969],[-65.4922901,-7.2470757],[-65.5010394,-7.246735499999982],[-65.5082622,-7.2562757],[-65.5160927,-7.2589365],[-65.5775765,-7.2404399],[-65.5913996,-7.24278480000001],[-65.6243172,-7.259522400000019],[-65.6364043,-7.2582962],[-65.6595951,-7.2448188],[-65.6939341,-7.235463199999971],[-65.6988444,-7.227621500000015],[-65.7305127,-7.2193447],[-65.7700094,-7.234456399999972],[-65.7721554,-7.2533279],[-65.8094748,-7.280477299999984],[-65.8276293,-7.281116],[-65.87260120000002,-7.2659692],[-65.8931874,-7.2771652],[-65.915599,-7.275785300000029],[-65.9327397,-7.284493600000022],[-65.9542629,-7.287867099999983],[-65.9776862,-7.3089248],[-65.9893489,-7.3116875],[-66.0083745,-7.308702399999988],[-66.0115555,-7.315660200000021],[-66.0394306,-7.331017],[-66.0471521,-7.328777799999982],[-66.0544109,-7.3328628],[-66.0762626,-7.3228778],[-66.0915994,-7.3218298],[-66.0986577,-7.3258322],[-66.1004302,-7.333980700000015],[-66.1233194,-7.3456168],[-66.1403486,-7.335653100000021],[-66.1476471,-7.339229599999981],[-66.1551871,-7.3349254],[-66.1735223,-7.318127300000014],[-66.1919884,-7.292161699999975],[-66.2000443,-7.293199100000015],[-66.2009589,-7.308629599999989],[-66.2233473,-7.307099],[-66.2284076,-7.31312],[-66.2452673,-7.31641579999998],[-66.2578208,-7.326785399999975],[-66.2649874,-7.3241444],[-66.2815458,-7.306110599999987],[-66.297826,-7.3025905],[-66.3093244,-7.281394100000012],[-66.3171007,-7.280542600000025],[-66.3234857,-7.285059500000011],[-66.3475474,-7.2661493],[-66.3700735,-7.2699869],[-66.3792934,-7.25647829999997],[-66.4369885,-7.2585267],[-66.4588826,-7.247475299999989],[-66.4701035,-7.235049499999977],[-66.4785475,-7.234106800000018],[-66.49631530000002,-7.2604261],[-66.5081585,-7.2642273],[-66.5151867,-7.26095209999997],[-66.5471329,-7.2230765],[-66.5752922,-7.2068574],[-66.5829101,-7.206518400000018],[-66.5893264,-7.212161600000014],[-66.6014654,-7.242781299999985],[-66.6125778,-7.2542392],[-66.636711,-7.25078430000002],[-66.6615488,-7.2529886],[-66.6838008,-7.246467399999974],[-66.6886817,-7.24029129999998],[-66.6894319,-7.232640699999973],[-66.6799112,-7.210835799999985],[-66.6847385,-7.196072499999975],[-66.7028863,-7.179234899999957],[-66.7347947,-7.1741432],[-66.7492379,-7.167700599999974],[-66.7638229,-7.1757846],[-66.7816627,-7.177285700000015],[-66.8046013,-7.166650800000022],[-66.8304064,-7.135760599999985],[-66.8455533,-7.141643399999986],[-66.8574141,-7.1536397],[-66.8676895,-7.152610500000012],[-66.8810498,-7.12308740000002],[-66.9016043,-7.112117],[-66.89993170000001,-7.098510700000025],[-66.9229068,-7.093441099999983],[-66.9234073,-7.085157400000015],[-66.9163026,-7.070589099999976],[-66.9243281,-7.0565804],[-66.936265,-7.0457667],[-66.9671589,-7.034600699999976],[-66.9761573,-7.013608699999985],[-66.9842435,-7.01303609999998],[-66.9870192,-6.99749],[-67.0051355,-6.981687199999977],[-67.0339912,-6.967629399999979],[-67.0440507,-6.9805513],[-67.0516064,-6.9820258],[-67.0548539,-6.96650359999998],[-67.0711088,-6.97081870000001],[-67.0835523,-6.960095599999986],[-67.1074372,-6.9570432],[-67.1208518,-6.948613],[-67.1338003,-6.958976699999979],[-67.1489903,-6.963457299999987],[-67.1891388,-6.96442330000002],[-67.2139073,-6.960241799999983],[-67.2183002,-6.967277700000013],[-67.22196190000001,-7.000398199999985],[-67.2703574,-7.003307400000021],[-67.281603,-7.014673799999986],[-67.2856288,-7.029922299999982],[-67.305546,-7.019854800000018],[-67.3387419,-7.042724500000014],[-67.343407,-7.0496334],[-67.3422683,-7.0733283],[-67.3476938,-7.079536199999981],[-67.3599731,-7.090629199999976],[-67.3744956,-7.095189300000021],[-67.3781607,-7.1018783],[-67.3944171,-7.103755499999976],[-67.4056943,-7.1151614],[-67.4079942,-7.146979],[-67.4151456,-7.151588600000015],[-67.4232912,-7.149022],[-67.4451942,-7.1717272],[-67.4679922,-7.163292600000019],[-67.4794923,-7.173161400000012],[-67.4906835,-7.171311499999985],[-67.4424054,-6.982778300000029],[-67.4135953,-6.9559413],[-67.416469,-6.9519815],[-67.4130448,-6.947885100000012],[-67.4177674,-6.944403800000023],[-67.4137314,-6.939758499999975],[-67.4195746,-6.9365841],[-67.4174458,-6.9309175],[-67.4219335,-6.926963899999981],[-67.4226165,-6.9173125],[-67.416002,-6.91065520000002],[-67.4296195,-6.900563500000025],[-67.4299282,-6.894081399999982],[-67.4187312,-6.903275899999967],[-67.4128698,-6.9026986],[-67.4162844,-6.889144499999988],[-67.4070044,-6.886375299999971],[-67.4058776,-6.8823145],[-67.4121976,-6.881440400000014],[-67.416596,-6.873860600000014],[-67.405023,-6.869303299999986],[-67.4042469,-6.875544900000016],[-67.39818020000001,-6.867864299999973],[-67.4021959,-6.8642848],[-67.3992124,-6.8592615],[-67.3934852,-6.86088440000001],[-67.380465,-6.853819200000026],[-67.3846993,-6.8666652],[-67.3709223,-6.8581012],[-67.3913849,-6.839015400000011],[-67.3743442,-6.831795900000016],[-67.3797506,-6.824141399999984],[-67.3768996,-6.811753200000026],[-67.3655259,-6.811742200000021],[-67.3711797,-6.823764200000031],[-67.3601636,-6.823145],[-67.35655,-6.827890500000017],[-67.3616423,-6.832654900000018],[-67.3589639,-6.8378927],[-67.3544822,-6.829195399999968],[-67.3488408,-6.8319738],[-67.3420659,-6.826313500000013],[-67.3495028,-6.818762100000016],[-67.3488094,-6.813123400000027],[-67.3418755,-6.811916099999982],[-67.3326592,-6.820619100000013],[-67.3339807,-6.827109199999971],[-67.3243558,-6.8190198],[-67.3221873,-6.82608350000001],[-67.30138820000002,-6.824228799999984],[-67.2959313,-6.814898700000017],[-67.2848928,-6.825458599999985],[-67.2698666,-6.826278300000014],[-67.268094,-6.823660200000023],[-67.2766463,-6.815229699999983],[-67.2710878,-6.8123065],[-67.2593683,-6.819224300000022],[-67.2567937,-6.8327004],[-67.2631749,-6.833037],[-67.2576503,-6.838148800000023],[-67.225043,-6.831615],[-67.2131401,-6.837616],[-67.2169151,-6.831044700000014],[-67.1984369,-6.824631599999976],[-67.1985501,-6.8313547],[-67.1901745,-6.8344323],[-67.185013,-6.824158500000029],[-67.1784259,-6.8245563],[-67.1761284,-6.8311761],[-67.1681983,-6.8242093],[-67.1762849,-6.818257],[-67.1764721,-6.8111318],[-67.1634782,-6.802322600000022],[-67.1721298,-6.796740600000018],[-67.1711544,-6.7896709],[-67.1637943,-6.792963800000015],[-67.158227,-6.7852219],[-67.142731,-6.798079400000014],[-67.13886230000001,-6.785861399999975],[-67.129447,-6.7751706],[-67.117616,-6.779917800000026],[-67.1128177,-6.770125600000023],[-67.1082736,-6.7821629],[-67.1026338,-6.771744500000027],[-67.0959184,-6.7687906],[-67.0900201,-6.7755764],[-67.10121039999999,-6.779366499999989],[-67.0993694,-6.7913229],[-67.0887565,-6.791422],[-67.0856819,-6.77812349999998],[-67.0733952,-6.7849218],[-67.0734301,-6.776027099999975],[-67.0592873,-6.776394700000011],[-67.0650756,-6.762841399999978],[-67.0548564,-6.764112],[-67.0495176,-6.775004799999988],[-67.043241,-6.771402700000014],[-67.0412256,-6.7606788],[-67.0344898,-6.767778600000031],[-67.0342151,-6.7566872],[-67.0272993,-6.754956199999982],[-67.0212886,-6.745633400000019],[-67.0026835,-6.760971499999975],[-66.98941880000001,-6.760081699999985],[-66.986313,-6.7666464],[-66.9789274,-6.764428400000013],[-66.9776887,-6.775023200000028],[-66.971007,-6.78019580000002],[-66.9633625,-6.779818599999984],[-66.960625,-6.7873282],[-66.950377,-6.777830100000013],[-66.9444877,-6.7937362],[-66.9325092,-6.790391499999971],[-66.9294267,-6.781403800000027],[-66.9205805,-6.8039831],[-66.9293429,-6.810124099999984],[-66.9219525,-6.8127285],[-66.89966930000001,-6.791252300000016],[-66.8910806,-6.800319],[-66.8808951,-6.799587300000024],[-66.8753626,-6.808566100000022],[-66.869542,-6.8008249],[-66.8625108,-6.8022111],[-66.8569568,-6.79154670000001],[-66.8479888,-6.7992711],[-66.8525794,-6.803208700000018],[-66.8440595,-6.804907200000019],[-66.8386634,-6.798464900000026],[-66.8320899,-6.805306],[-66.831215,-6.7965609],[-66.8280543,-6.805933500000021],[-66.8254446,-6.801295],[-66.8193433,-6.802004899999983],[-66.8178941,-6.8051827],[-66.8239472,-6.810983399999989],[-66.8152575,-6.816824],[-66.8094125,-6.8082352],[-66.8071893,-6.814572400000018],[-66.7892821,-6.8097936],[-66.7899614,-6.80173030000001],[-66.7824881,-6.802230499999975],[-66.7845403,-6.793301799999989],[-66.769439,-6.792063],[-66.7651619,-6.798574200000017],[-66.765376,-6.792706200000014],[-66.7563625,-6.780900800000026],[-66.7538241,-6.790342599999979],[-66.7395539,-6.802383599999989],[-66.7341331,-6.8014153],[-66.7285292,-6.7931134],[-66.7167383,-6.79183],[-66.7098383,-6.792678599999964],[-66.7046073,-6.799992799999988],[-66.701088,-6.7950587],[-66.7088211,-6.7846394],[-66.7001896,-6.7845348],[-66.688219,-6.7946404],[-66.678868,-6.7808825],[-66.6702255,-6.78547829999998],[-66.6639638,-6.773979399999977],[-66.6535513,-6.7786225],[-66.6496453,-6.7668842],[-66.6414086,-6.7663418],[-66.6412373,-6.7583032],[-66.6250779,-6.7573801],[-66.621869,-6.772375],[-66.6150674,-6.763176599999983],[-66.6081326,-6.762915499999966],[-66.6047124,-6.755886199999961],[-66.5943696,-6.750530099999975],[-66.593981,-6.744164099999976],[-66.5894496,-6.7443725],[-66.5903486,-6.733776499999988],[-66.5828014,-6.74310690000001],[-66.578164,-6.730301399999976],[-66.5763406,-6.738722200000013],[-66.5716856,-6.730192699999987],[-66.5609398,-6.7332634],[-66.559948,-6.740881300000012],[-66.5550239,-6.7368317],[-66.5377601,-6.741898],[-66.5348518,-6.734754599999985],[-66.52964,-6.7372464],[-66.5302733,-6.73255779999997],[-66.521243,-6.7365812],[-66.5048309,-6.7287934],[-66.5046751,-6.735450199999971],[-66.4983999,-6.740189700000012],[-66.4904577,-6.732542199999986],[-66.4932578,-6.728231899999982],[-66.4854323,-6.7246945],[-66.4853658,-6.739608499999975],[-66.4757074,-6.7387679],[-66.4700778,-6.726337699999983],[-66.463057,-6.735430099999985],[-66.4694952,-6.7404277],[-66.4573986,-6.742519399999977],[-66.4554017,-6.7310552],[-66.446965,-6.728226599999964],[-66.44714,-6.72047],[-66.422889,-6.715871099999979],[-66.4237865,-6.708774100000023],[-66.4177104,-6.706239],[-66.4153533,-6.695792199999977],[-66.4203385,-6.690994400000019],[-66.419501,-6.6788114],[-66.408986,-6.677901799999989],[-66.405248,-6.662983799999973],[-66.38935470000001,-6.6610566],[-66.3924466,-6.656602],[-66.4010074,-6.6560015],[-66.3997577,-6.650440800000014],[-66.3875942,-6.6417267],[-66.3833081,-6.6515132],[-66.3786865,-6.652209799999982],[-66.3793563,-6.637785899999982],[-66.3746048,-6.647636699999964],[-66.3681821,-6.643726499999976],[-66.3633871,-6.647092599999966],[-66.3620316,-6.636267300000019],[-66.353883,-6.63173289999997],[-66.3561858,-6.6244145],[-66.3592047,-6.620109299999987],[-66.367273,-6.624172],[-66.3715123,-6.620047799999988],[-66.373764,-6.6252788],[-66.3798471,-6.6185086],[-66.3825464,-6.630394100000017],[-66.3874674,-6.628749499999963],[-66.3884197,-6.633961499999965],[-66.3996483,-6.6365386],[-66.4051793,-6.6334089],[-66.4056432,-6.622984799999966],[-66.4124821,-6.619731699999986],[-66.4248544,-6.629704399999972],[-66.4251806,-6.621274699999981],[-66.4366611,-6.6195077],[-66.4229205,-6.6164309],[-66.4283873,-6.606472699999977],[-66.4394551,-6.606708],[-66.4326806,-6.6031797],[-66.4314771,-6.597150400000011],[-66.4483294,-6.606284800000023],[-66.4484004,-6.600844100000019],[-66.4537643,-6.599819500000012],[-66.4506428,-6.5874514],[-66.4580044,-6.591645800000016],[-66.4581753,-6.586169400000012],[-66.4697841,-6.57758089999996],[-66.4677371,-6.567147499999971],[-66.4747867,-6.569997],[-66.4758203,-6.565100599999978],[-66.480477,-6.569066],[-66.5090126,-6.565727599999978],[-66.5104605,-6.571341799999971],[-66.5235686,-6.577706499999985],[-66.5371177,-6.561085899999989],[-66.53665590000001,-6.565486],[-66.543185,-6.5666107],[-66.5484591,-6.5614238],[-66.5487775,-6.565505399999982],[-66.5529738,-6.5618423],[-66.5570088,-6.565107499999972],[-66.5736956,-6.5620678],[-66.5785242,-6.571160100000025],[-66.59087860000001,-6.567689399999969],[-66.5949371,-6.553969299999965],[-66.6030234,-6.556741599999987],[-66.609297,-6.555934399999984],[-66.6098821,-6.552004600000015],[-66.61219359999998,-6.55410189999996],[-66.6122971,-6.5453365],[-66.6141925,-6.551089200000015],[-66.6274425,-6.549766],[-66.624774,-6.545514],[-66.6303941,-6.5347506],[-66.6386162,-6.543135599999967],[-66.6380372,-6.5397188],[-66.6473715,-6.533479699999981],[-66.6484062,-6.525509899999973],[-66.6674118,-6.524529400000015],[-66.6694133,-6.5194947],[-66.6789317,-6.5188641],[-66.6867893,-6.526537099999985],[-66.6945575,-6.526985499999988],[-66.6991672,-6.525437800000014],[-66.7055183,-6.508731599999968],[-66.7113164,-6.515605],[-66.7170225,-6.5079091],[-66.7245166,-6.511388],[-66.7360894,-6.5018817],[-66.7469795,-6.50010039999998],[-66.7529985,-6.501925799999977],[-66.7551535,-6.508601],[-66.7571515,-6.503015400000015],[-66.7614506,-6.508657099999964],[-66.7631636,-6.4969751],[-66.7792448,-6.4965251],[-66.7916324,-6.5037205],[-66.7926203,-6.498994200000021],[-66.7826422,-6.4851822],[-66.7877319,-6.4862733],[-66.79425910000002,-6.4723151],[-66.8017776,-6.476831500000023],[-66.80199360000002,-6.47112339999998],[-66.80799,-6.471752600000023],[-66.8116914,-6.455611399999982],[-66.821322,-6.447158700000031],[-66.8183349,-6.443061899999982],[-66.8290508,-6.438297099999988],[-66.8402973,-6.424703199999974],[-66.8498119,-6.426851200000013],[-66.8479132,-6.4219331],[-66.8633213,-6.407417200000019],[-66.8748677,-6.412066199999978],[-66.8858269,-6.405867900000024],[-66.8914813,-6.409382900000017],[-66.90342,-6.3970956],[-66.90720650000002,-6.40092839999997],[-66.9111991,-6.39689430000001],[-66.92204980000001,-6.4023921],[-66.9298847,-6.400430900000011],[-66.9464978,-6.3871361],[-66.9451929,-6.3840052],[-66.9580814,-6.385340599999988],[-66.9655576,-6.393819499999982],[-66.9672166,-6.3855826],[-66.983733,-6.389466399999976],[-66.9850703,-6.3854775],[-66.9809418,-6.3836653],[-66.9890586,-6.3756334],[-67.0034117,-6.376473200000018],[-67.0100136,-6.383784799999989],[-67.01859390000001,-6.3847915],[-67.0173233,-6.381548200000025],[-67.0239073,-6.386369],[-67.0465986,-6.3868728],[-67.0518182,-6.383693200000021],[-67.0507494,-6.378288900000012],[-67.0656149,-6.368137399999982],[-67.0691579,-6.353748],[-67.07920239999999,-6.35107],[-67.0840749,-6.3397806],[-67.0928055,-6.3384722],[-67.0914741,-6.3327424],[-67.1077758,-6.326828799999971],[-67.1191739,-6.330288100000017],[-67.1228993,-6.339964299999986],[-67.133972,-6.342517699999988],[-67.137412,-6.338940699999986],[-67.1402028,-6.34418930000002],[-67.1582675,-6.3339061],[-67.16236,-6.339145699999969],[-67.1711359,-6.336618099999981],[-67.1780929,-6.342244800000016],[-67.208187,-6.3329845],[-67.2118458,-6.340806499999972],[-67.2225082,-6.343446800000013],[-67.2299573,-6.356415],[-67.2300965,-6.369274700000013],[-67.23768330000001,-6.376295300000017],[-67.236384,-6.383016499999981],[-67.2434922,-6.394113700000024],[-67.2414799,-6.4087455],[-67.2456644,-6.413710499999984],[-67.2545183,-6.413525799999971],[-67.2604326,-6.419743599999988],[-67.2857176,-6.415104399999965],[-67.2966651,-6.423038900000019],[-67.3020944,-6.4207852],[-67.3151862,-6.4260606],[-67.3310185,-6.441827],[-67.3362215,-6.44096760000002],[-67.3505486,-6.45138010000001],[-67.3629993,-6.4823158],[-67.3677746,-6.483242],[-67.3732636,-6.4926073],[-67.4023923,-6.4969845],[-67.4268028,-6.5194371],[-67.4348206,-6.5174909],[-67.444961,-6.502352899999979],[-67.4545058,-6.5026046],[-67.5093278,-6.5425742],[-67.5321379,-6.536292099999983],[-67.55643889999999,-6.540557],[-67.56888,-6.5512049],[-67.5844956,-6.553312600000019],[-67.5913286,-6.5491534],[-67.6031278,-6.560486899999984],[-67.6329135,-6.569931599999988],[-67.6405272,-6.569218800000017],[-67.652575,-6.549263800000029],[-67.6727191,-6.5610819],[-67.6864082,-6.552062],[-67.6949086,-6.553613400000022],[-67.7104142,-6.548487299999988],[-67.7414121,-6.509441699999978],[-67.757716,-6.509002499999985],[-67.79719380000002,-6.5197188],[-67.7888584,-6.4945387],[-67.7762197,-6.4805736],[-67.7744658,-6.471465099999975],[-67.781104,-6.456393],[-67.74599,-6.36831390000003],[-67.7336073,-6.352135800000021],[-67.70071360000001,-6.329884400000023],[-67.6961036,-6.319808299999971],[-67.696854,-6.3012283],[-67.676103,-6.284489399999978],[-67.6664957,-6.254523799999979],[-67.6496609,-6.24489490000001],[-67.6264629,-6.2478446],[-67.6215507,-6.239460399999975],[-67.6449916,-6.178216500000027],[-67.6657735,-6.165523100000023],[-67.6783961,-6.141487600000024],[-67.6689599,-6.0963861],[-67.67616,-6.0724765],[-67.6692396,-6.043590500000013],[-67.6710211,-6.034099799999987],[-67.6778279,-6.028162500000033],[-67.6854925,-6.0304126],[-67.6921861,-6.02475190000001],[-67.7028278,-5.997664299999976],[-67.7049673,-5.9619741],[-67.6993256,-5.945310099999976],[-67.6746925,-5.94439250000002],[-67.6594966,-5.9353792],[-67.6511594,-5.937585900000021],[-67.6296065,-5.951335199999988],[-67.6141838,-5.971035],[-67.5882969,-5.991078099999986],[-67.5726265,-5.992759],[-67.565848,-5.988678899999976],[-67.568988,-5.9709511],[-67.5621866,-5.944202299999983],[-67.5449942,-5.912577099999986],[-67.5292178,-5.911657500000017],[-67.50057490000002,-5.892292599999989],[-67.4479386,-5.890819700000018],[-67.4442674,-5.898406800000012],[-67.445822,-5.914992899999984],[-67.4405247,-5.922154],[-67.4329657,-5.922647499999984],[-67.4011601,-5.908725899999988],[-67.3660212,-5.900961499999974],[-67.3559668,-5.886136599999976],[-67.35796,-5.8778284],[-67.3763533,-5.860360699999989],[-67.3887376,-5.8332213],[-67.3887766,-5.824730699999973],[-67.3743256,-5.814189899999984],[-67.3323756,-5.798077800000031],[-67.3160201,-5.799993100000022],[-67.3095783,-5.806253699999984],[-67.3046903,-5.840605],[-67.293301,-5.8518646],[-67.2652959,-5.818791600000015],[-67.2234077,-5.75047],[-67.17999,-5.7165126],[-67.1815465,-5.7081586],[-67.2029058,-5.694287],[-67.2057125,-5.68636329999998],[-67.2059093,-5.660970299999972],[-67.1974877,-5.6474182],[-67.1824929,-5.6373051],[-67.1655176,-5.63213590000002],[-67.1660413,-5.623461100000015],[-67.121154,-5.6255649],[-67.1186879,-5.588076199999981],[-67.1110164,-5.573837799999972],[-67.0876016,-5.561948900000027],[-67.0390711,-5.522339799999969],[-67.021826,-5.49932180000003],[-67.00568,-5.505194299999985],[-66.9912647,-5.499477599999985],[-66.9837928,-5.475321],[-66.9772674,-5.46842979999997],[-66.9796,-5.452477799999976],[-66.976625,-5.444409],[-66.9581868,-5.419878800000011],[-66.9413505,-5.4251422],[-66.9227612,-5.440729599999971],[-66.9075465,-5.44409],[-66.9034052,-5.452479600000014],[-66.9032367,-5.496911400000027],[-66.891935,-5.507189299999987],[-66.8857951,-5.502617400000022],[-66.8776846,-5.5048793],[-66.8576258,-5.520028899999978],[-66.8537925,-5.5279547],[-66.8097629,-5.530648500000019],[-66.7961827,-5.522999500000028],[-66.7831272,-5.531156100000021],[-66.7856524,-5.547158900000016],[-66.7804018,-5.553905899999982],[-66.7226535,-5.544810499999969],[-66.7150401,-5.545809799999976],[-66.7055132,-5.55980750000002],[-66.6935691,-5.561427800000033],[-66.6790928,-5.554119799999969],[-66.6642102,-5.5233674],[-66.6565686,-5.520170099999966],[-66.6487418,-5.523954],[-66.6421005,-5.520294900000015],[-66.6393184,-5.502647399999988],[-66.6305392,-5.487171900000022],[-66.5840392,-5.466938800000011],[-66.5816554,-5.449805],[-66.57358920000001,-5.435265],[-66.572129,-5.409298399999967],[-66.5647885,-5.393581300000033],[-66.57646,-5.380352199999969],[-66.5758784,-5.372368700000028],[-66.5699053,-5.3671733],[-66.5552671,-5.3710879],[-66.5441,-5.395129100000013],[-66.5519341,-5.4120274],[-66.5377394,-5.421158799999985],[-66.5324909,-5.438950599999982],[-66.5178208,-5.4447883],[-66.4949033,-5.433509199999974],[-66.4789473,-5.438339600000025],[-66.4707394,-5.433794900000012],[-66.4285382,-5.4320824],[-66.3890439,-5.4141915],[-66.3602042,-5.3859299],[-66.3521549,-5.3819958],[-66.3368763,-5.385914899999984],[-66.2853783,-5.357680900000027],[-66.1661509,-5.367554899999986],[-66.1577604,-5.369859],[-66.1512626,-5.386068700000016],[-66.14407,-5.3904562],[-66.1276249,-5.382717399999985],[-66.1160552,-5.370059100000019],[-66.0993733,-5.370800199999968],[-66.08454240000002,-5.37912169999998],[-66.094064,-5.402578],[-66.0897279,-5.409991400000022],[-66.0577925,-5.422237899999982],[-65.997871,-5.417025600000013],[-65.9648746,-5.3983945],[-65.9482884,-5.402534699999971],[-65.9129014,-5.438341500000021],[-65.90412030000002,-5.443798],[-65.9005917,-5.4369759],[-65.8756511,-5.448164299999974],[-65.8518977,-5.484843900000011],[-65.8374602,-5.4954243],[-65.8212335,-5.497793],[-65.7854867,-5.491656100000013],[-65.7717886,-5.480068499999967],[-65.7530981,-5.451458500000035],[-65.7369532,-5.442365800000033],[-65.729985,-5.445910399999978],[-65.710176,-5.514132599999984],[-65.6946518,-5.54051],[-65.6813115,-5.551437400000019],[-65.6652815,-5.552935],[-65.6260097,-5.522549200000015],[-65.6157007,-5.521186],[-65.6096824,-5.527205],[-65.6028468,-5.564874],[-65.5947902,-5.582854],[-65.5692643,-5.613434500000015],[-65.5294547,-5.6425071],[-65.4450674,-5.6751276],[-65.4276477,-5.669088700000015],[-65.398647,-5.64490140000002],[-65.3713478,-5.637256100000023],[-65.3566223,-5.645936900000017],[-65.3366494,-5.676520299999978],[-65.3237069,-5.6867605],[-65.28973079999999,-5.691335199999986],[-65.2654188,-5.7016167],[-65.2343429,-5.745912299999988],[-65.223176,-5.746118800000025],[-65.1968162,-5.734626499999977],[-65.1544487,-5.701019299999972],[-65.1464791,-5.696466800000027],[-65.1356438,-5.6970009],[-65.1111134,-5.708635300000034],[-65.0692887,-5.7521652],[-65.0508688,-5.7544],[-64.9982304,-5.744569800000026],[-64.9613795,-5.74536190000002],[-64.9068975,-5.759253599999977],[-64.8558113,-5.784423800000032],[-64.812894,-5.787005200000024],[-64.7637586,-5.8048393],[-64.7313911,-5.80525],[-64.7166169,-5.797691899999981],[-64.7050881,-5.7854428],[-64.6702264,-5.768625900000016],[-64.6516979,-5.746114800000019],[-64.6300013,-5.7288156],[-64.6248396,-5.7130731],[-64.6037818,-5.698407599999966],[-64.5506479,-5.6838034],[-64.5423915,-5.683976600000027],[-64.5322218,-5.697680499999971],[-64.5244257,-5.699759700000016],[-64.4927547,-5.689670300000035],[-64.4766662,-5.670341200000032],[-64.4739464,-5.6345543],[-64.4522226,-5.600247299999986],[-64.4471984,-5.571242],[-64.4374759,-5.5575384],[-64.3971991,-5.544766700000028],[-64.3672774,-5.5218068],[-64.2986679,-5.480566],[-64.2323588,-5.473851],[-64.2085625,-5.458713400000023],[-64.1883327,-5.437769599999972],[-64.1643412,-5.4257812],[-64.1278927,-5.426419899999974],[-64.10372260000001,-5.418818799999975],[-64.09022310000002,-5.4048171],[-64.0821752,-5.366444],[-64.06855590000002,-5.35537920000001],[-64.0490875,-5.3255309],[-64.0372535,-5.28089570000003],[-64.0257248,-5.2671542],[-63.9449769,-5.2361211],[-63.92680020000001,-5.210188499999971],[-63.88300550000001,-5.193757200000018],[-63.8549457,-5.169785499999978],[-63.8251963,-5.152422],[-63.7978113,-5.147177799999972],[-63.7660586,-5.127858],[-63.7022788,-5.1100188],[-63.6468355,-5.140485900000013],[-63.6291389,-5.14347060000001],[-63.5944141,-5.1370559],[-63.5619967,-5.153351699999988],[-63.545304,-5.1571502],[-63.450609,-5.153014700000035],[-63.3721324,-5.121777699999978],[-63.3594986,-5.1084468],[-63.3518335,-5.075764099999962],[-63.3419692,-5.0541528],[-63.34091140000001,-5.0006374],[-63.3360285,-4.990246199999981],[-63.3026901,-4.96295840000002],[-63.2782484,-4.926642799999964],[-63.248439,-4.9066421],[-63.2380829,-4.883418300000014],[-63.224415,-4.824923799999954],[-63.2068531,-4.789889100000035],[-63.1778591,-4.768180800000025],[-63.1292502,-4.760639],[-63.093775,-4.7344864],[-63.0519399,-4.7243093],[-63.0311476,-4.70516859999997],[-63.0169503,-4.717370100000015],[-63.0108101,-4.732948600000018],[-62.9901756,-4.744063900000032],[-63.0001905,-4.764091500000029],[-62.99988050000001,-4.79187490000003],[-62.9687403,-4.805924500000037],[-62.9631335,-4.816972499999969],[-62.9438743,-4.820956700000019],[-62.9322349,-4.7934358],[-62.9147383,-4.784358400000023],[-62.899676,-4.7884669],[-62.8937709,-4.797640699999984],[-62.8823456,-4.803296100000028],[-62.8761095,-4.798168299999976],[-62.8589705,-4.797358400000025],[-62.8549375,-4.7933385],[-62.83396110000001,-4.79571940000002],[-62.8260188,-4.791552700000015],[-62.7997545,-4.8002027],[-62.7857169,-4.82403039999997],[-62.7695742,-4.840823900000022],[-62.7632139,-4.839872899999986],[-62.7567566,-4.844567599999987],[-62.7267757,-4.835779699999974],[-62.7111021,-4.843847700000039],[-62.69821730000001,-4.874473900000032],[-62.6951271,-4.901034899999967],[-62.7013284,-4.916682],[-62.7304618,-4.936010199999973],[-62.7366043,-4.944351799999986],[-62.73747010000001,-4.960721200000016],[-62.7331579,-4.9688129],[-62.7179082,-4.97412],[-62.6936585,-4.962427200000016],[-62.6744717,-4.909489600000016],[-62.6501086,-4.900466700000035],[-62.5771848,-5.000684599999974]]]}},{"type":"Feature","properties":{"CD_MUN":"1302405","NM_MUN":"Lábrea","SIGLA_UF":"AM","CodigoIBGE":"1302405","SubRegiaoNumero":3,"CalhaSubRegiao":"Região do Purus"},"geometry":{"type":"Polygon","coordinates":[[[-65.0951237,-7.1047459],[-65.0391755,-7.073236599999983],[-64.5714014,-7.0752284],[-64.5803469,-7.090131700000015],[-64.5722879,-7.09255430000002],[-64.5780164,-7.094969199999979],[-64.5699071,-7.102729400000011],[-64.5800767,-7.114546500000023],[-64.5771657,-7.115084599999983],[-64.5787481,-7.121090199999982],[-64.5740862,-7.1192799],[-64.5735295,-7.12214990000001],[-64.5780806,-7.124935700000028],[-64.5765231,-7.132118099999985],[-64.5786735,-7.130030099999987],[-64.5837808,-7.1356726],[-64.5792136,-7.1387023],[-64.578276,-7.160099499999986],[-64.5744922,-7.1628905],[-64.5792969,-7.1656048],[-64.5773784,-7.172576],[-64.5829132,-7.1707591],[-64.5778273,-7.1815333],[-64.5668594,-7.1880324],[-64.5649006,-7.191874100000025],[-64.5701706,-7.1936295],[-64.55624440000001,-7.210874600000017],[-64.5556625,-7.216873900000015],[-64.5618997,-7.223497799999986],[-64.5510639,-7.247891099999982],[-64.5582476,-7.2638427],[-64.55157970000002,-7.2677165],[-64.5459922,-7.299938099999983],[-64.5549908,-7.30334],[-64.5533959,-7.3079876],[-64.5576053,-7.306245],[-64.5546048,-7.310239],[-64.559301,-7.321469099999988],[-64.5520947,-7.32566910000001],[-64.555723,-7.330881299999984],[-64.5491636,-7.3391173],[-64.5393762,-7.330703300000017],[-64.5434586,-7.3482953],[-64.5344161,-7.342071899999979],[-64.5352054,-7.3464997],[-64.5305606,-7.34883],[-64.5358416,-7.361736799999982],[-64.5409762,-7.363936899999986],[-64.5295403,-7.379443500000025],[-64.54432180000002,-7.390638400000029],[-64.5355124,-7.3997138],[-64.5397827,-7.406016400000016],[-64.5324565,-7.401782200000018],[-64.531138,-7.4128595],[-64.5382556,-7.4122035],[-64.5389391,-7.422494],[-64.5254491,-7.431508100000015],[-64.5140259,-7.4307305],[-64.4959499,-7.454258500000011],[-64.499602,-7.4785677],[-64.4922894,-7.4910883],[-64.5066016,-7.499019300000012],[-64.5019253,-7.5071134],[-64.5061081,-7.510855300000011],[-64.5013511,-7.514039699999989],[-64.5075627,-7.532913],[-64.5041676,-7.555224],[-64.4892739,-7.564159899999982],[-64.4846829,-7.57432330000001],[-64.4749324,-7.570338099999984],[-64.4642197,-7.5742866],[-64.4490035,-7.571187399999983],[-64.4511815,-7.584178900000015],[-64.4468469,-7.5860188],[-64.4470212,-7.591039],[-64.4383568,-7.593275600000013],[-64.435866,-7.598136300000016],[-64.4296988,-7.5973572],[-64.4288304,-7.603814499999971],[-64.4207497,-7.604964],[-64.4213285,-7.610433699999983],[-64.4061088,-7.6275806],[-64.4175662,-7.65758690000001],[-64.4110349,-7.6618179],[-64.4062767,-7.678587800000011],[-64.3968113,-7.6925162],[-64.4005054,-7.710617199999982],[-64.4125367,-7.7230665],[-64.4149181,-7.7398493],[-64.4227103,-7.747742499999982],[-64.42022019999999,-7.7520628],[-64.4272188,-7.766072300000014],[-64.4147959,-7.785652800000013],[-64.4130355,-7.7997093],[-64.4355432,-7.829924099999982],[-64.4382773,-7.8741443],[-64.4465256,-7.8867754],[-64.4344282,-7.912846800000021],[-64.4210356,-7.928069399999985],[-64.419207,-7.969596899999979],[-64.4141759,-7.9771534],[-64.4075103,-8.023634199999986],[-64.3994809,-8.0427333],[-64.4043166,-8.0774751],[-64.3936754,-8.0962264],[-64.402181,-8.134297199999988],[-64.3938195,-8.163454499999984],[-64.3952029,-8.1750782],[-64.401013,-8.18029],[-64.4069482,-8.207213699999983],[-64.4214869,-8.222438],[-64.4427389,-8.235779],[-64.4662319,-8.266403899999977],[-64.4705405,-8.2862709],[-64.4844017,-8.313560199999982],[-64.5042366,-8.32404380000001],[-64.5083971,-8.3308587],[-64.5062077,-8.3743831],[-64.512507,-8.3930274],[-64.5148712,-8.4230858],[-64.5307354,-8.4435409],[-64.5410683,-8.4780193],[-64.5355428,-8.493774799999983],[-64.5242902,-8.506119099999985],[-64.502872,-8.514547099999985],[-64.492481,-8.5262751],[-64.4860141,-8.566784100000016],[-64.5029242,-8.5945697],[-64.4730446,-8.6174489],[-64.4517907,-8.641122],[-64.4492855,-8.649108],[-64.4421783,-8.6524253],[-64.411598,-8.644361699999987],[-64.3975694,-8.6527662],[-64.3838504,-8.6902704],[-64.3597097,-8.7227342],[-64.3327098,-8.742616900000018],[-64.3299065,-8.7506975],[-64.3328449,-8.7579009],[-64.3510374,-8.767674500000018],[-64.375322,-8.769959099999983],[-64.3894853,-8.7776404],[-64.4010431,-8.8092821],[-64.4225428,-8.8328438],[-64.4817632,-8.8067121],[-64.5058721,-8.808470700000019],[-64.5161551,-8.847794],[-64.535703,-8.873207],[-64.5374346,-8.881115799999986],[-64.5257987,-8.9023893],[-64.5316523,-8.925552100000017],[-64.5817697,-8.95072620000001],[-64.5731,-8.9647237],[-64.5735139,-8.973209],[-64.5794041,-9.001253300000013],[-64.587961,-9.0095099],[-64.611074,-9.016451800000016],[-64.641538,-9.006646],[-64.6577069,-9.008213],[-64.6713762,-9.0147962],[-64.6833507,-8.993616899999981],[-64.6992671,-8.988262],[-64.7136811,-8.993862899999986],[-64.7380191,-9.016465499999985],[-64.7611805,-9.020583400000016],[-64.7839641,-8.9892699],[-64.80782420000001,-8.9855518],[-64.8393242,-8.994111399999985],[-64.8705663,-9.012193599999978],[-64.8872336,-9.0292104],[-64.8940991,-9.043701799999978],[-64.9015415,-9.0466866],[-64.9172668,-9.0431411],[-64.9156801,-9.0746143],[-64.9334658,-9.120342],[-64.9399298,-9.1245658],[-64.9393148,-9.148304200000016],[-64.933625,-9.154400300000011],[-64.9289918,-9.1776366],[-64.9319033,-9.1849271],[-64.9237369,-9.1981379],[-64.9265418,-9.2054645],[-64.9196828,-9.220280299999983],[-64.921489,-9.228289800000015],[-64.9328252,-9.2405885],[-64.9360779,-9.255811199999988],[-64.9536531,-9.271271499999987],[-64.9539389,-9.2789248],[-64.9628795,-9.2927766],[-64.9861829,-9.291931],[-65.0005153,-9.3046138],[-65.0018558,-9.317900900000026],[-65.0127072,-9.3286775],[-65.0058467,-9.343529400000014],[-65.0220195,-9.3460052],[-65.024412,-9.353891],[-65.0393083,-9.3595813],[-65.0356802,-9.37481680000001],[-65.053546,-9.40214229999998],[-65.0779285,-9.4009814],[-65.0860783,-9.40479059999998],[-65.0922916,-9.4093867],[-65.0889104,-9.425080400000015],[-65.09785,-9.432515799999988],[-65.1137182,-9.4327783],[-65.1428806,-9.446812299999982],[-65.1773242,-9.4266362],[-65.1854632,-9.4270317],[-65.1868227,-9.4150261],[-65.1735439,-9.3854485],[-65.1961582,-9.3752629],[-65.1969892,-9.36743990000001],[-65.1883246,-9.344852500000012],[-65.2089565,-9.3096433],[-65.2080252,-9.285633199999985],[-65.2117718,-9.2789934],[-65.2466614,-9.257663599999983],[-65.2841828,-9.2702683],[-65.3004353,-9.2870736],[-65.3426895,-9.309460899999982],[-65.3512411,-9.3231093],[-65.3775134,-9.324426099999988],[-65.3852109,-9.3380311],[-65.3935223,-9.339597],[-65.4167964,-9.3195363],[-65.4402184,-9.31174529999999],[-65.4470184,-9.316376399999971],[-65.4491016,-9.3245798],[-65.4436283,-9.330351900000013],[-65.4476908,-9.345786],[-65.4461298,-9.3706882],[-65.4566002,-9.401208699999984],[-65.4433302,-9.4201472],[-65.4320983,-9.458635],[-65.4347158,-9.466333],[-65.4426745,-9.4647005],[-65.4566578,-9.470519400000022],[-65.4678803,-9.459291300000016],[-65.4769664,-9.4726636],[-65.4928012,-9.473663799999983],[-65.5031633,-9.469975400000017],[-65.5065502,-9.447698],[-65.5224118,-9.446904499999976],[-65.5556338,-9.422455199999986],[-65.59677550000002,-9.4138652],[-65.6416338,-9.433467399999989],[-65.64988429999998,-9.447271299999983],[-65.6727768,-9.446349600000017],[-65.6794352,-9.4513929],[-65.6809976,-9.50040750000001],[-65.6960809,-9.5076713],[-65.7235481,-9.559056599999979],[-65.7299672,-9.5630727],[-65.7427767,-9.5529671],[-65.7503267,-9.5536231],[-65.7565486,-9.5689552],[-65.7707144,-9.565356099999981],[-65.7769944,-9.5765633],[-65.791522,-9.5856444],[-65.8000217,-9.5850225],[-65.80538330000002,-9.5705123],[-65.8180266,-9.5622559],[-65.8250771,-9.5300912],[-65.8482485,-9.5323243],[-65.8466077,-9.516411299999977],[-65.8525504,-9.5107013],[-65.8603533,-9.510768800000015],[-65.8809081,-9.4874649],[-65.8980216,-9.4890484],[-65.91263440000002,-9.4837503],[-65.9318805,-9.4475944],[-65.9516373,-9.436262599999987],[-65.953161,-9.428761699999988],[-65.9670521,-9.420105],[-65.9703006,-9.413160099999981],[-65.9864438,-9.4131282],[-66.0025757,-9.404257400000017],[-66.02663409999998,-9.400841699999983],[-66.0424116,-9.402372399999978],[-66.0597396,-9.4182176],[-66.1238908,-9.4087794],[-66.1543596,-9.420473399999981],[-66.1736328,-9.434418700000013],[-66.2047463,-9.42597370000001],[-66.2434147,-9.429387099999984],[-66.2596688,-9.4109965],[-66.267804,-9.4097634],[-66.2904394,-9.4124947],[-66.2841858,-9.4321636],[-66.3074975,-9.4368453],[-66.3148576,-9.4338147],[-66.3136049,-9.4260733],[-66.3189162,-9.4199636],[-66.3332144,-9.427667],[-66.3416104,-9.427016700000012],[-66.3533063,-9.4166195],[-66.3747764,-9.4263661],[-66.4088584,-9.406946599999978],[-66.4147219,-9.421948799999987],[-66.3961089,-9.4375201],[-66.3900523,-9.4556297],[-66.39241429999998,-9.500480099999981],[-66.4235776,-9.5257876],[-66.4389348,-9.55439],[-66.4674699,-9.582212],[-66.4949168,-9.6015832],[-66.5006134,-9.63356419999998],[-66.5368884,-9.6435496],[-66.5517207,-9.65806],[-66.5863066,-9.673558900000014],[-66.6094487,-9.664898499999977],[-66.6241659,-9.6808192],[-66.6849453,-9.7146456],[-66.691803,-9.7338899],[-66.7253897,-9.756072499999977],[-66.7584708,-9.760359800000012],[-66.7753636,-9.7530913],[-66.7821409,-9.758572],[-66.7772527,-9.7686562],[-66.7805792,-9.7913933],[-66.8102531,-9.8180459],[-67.3260491,-9.5923437],[-67.3061175,-9.5649258],[-67.2945278,-9.5272118],[-67.2836146,-9.512532399999975],[-67.2858621,-9.4745583],[-67.2949419,-9.443173399999985],[-67.2853974,-9.4290216],[-67.2828388,-9.4037874],[-67.27650330000002,-9.389843899999981],[-67.2868028,-9.367162],[-67.2736711,-9.358973900000018],[-67.2774993,-9.334749799999988],[-67.2940866,-9.332840299999987],[-67.3126693,-9.3158818],[-67.3124164,-9.307852299999984],[-67.2969181,-9.28853730000001],[-67.2985309,-9.272646500000011],[-67.2852065,-9.249621399999969],[-67.2857766,-9.2297916],[-67.292191,-9.219839599999979],[-67.2815937,-9.1971026],[-67.281512,-9.1865535],[-67.2944011,-9.1666192],[-67.2927089,-9.15038909999999],[-67.2769675,-9.122106],[-67.2569054,-9.1134579],[-67.2491533,-9.10418180000001],[-67.2503765,-9.092507600000019],[-67.2395661,-9.062079199999985],[-67.2077408,-9.06147480000002],[-67.2089144,-9.051621500000014],[-67.1975046,-9.0298627],[-67.1742806,-9.024000199999984],[-67.1707204,-9.017023100000019],[-67.194526,-9.000478799999978],[-67.1989399,-8.984240499999988],[-67.1928383,-8.9781036],[-67.1706717,-8.970674],[-67.1686911,-8.9561121],[-67.1399177,-8.971978],[-67.1293073,-8.95004849999998],[-67.1141648,-8.9422278],[-67.1084666,-8.9279483],[-67.0965271,-8.93809830000002],[-67.087666,-8.935643299999983],[-67.0862489,-8.9274072],[-67.0938643,-8.9131564],[-67.0820556,-8.8839648],[-67.0985274,-8.8667099],[-67.0990263,-8.8495192],[-67.1052719,-8.8451252],[-67.1053568,-8.83734279999998],[-67.0873628,-8.8203479],[-67.0860297,-8.8041094],[-67.11584989999999,-8.771951399999988],[-67.1346378,-8.7355599],[-67.1424968,-8.7328427],[-67.1468352,-8.7259224],[-67.1459703,-8.709047],[-67.138943,-8.6937077],[-67.12272020000002,-8.676657399999986],[-67.1186075,-8.65158810000001],[-67.1129118,-8.645542],[-67.0947174,-8.642838799999973],[-67.0875845,-8.637239099999977],[-67.0855564,-8.621878600000015],[-67.0968325,-8.6004561],[-67.0981091,-8.583622099999987],[-67.0926362,-8.5765778],[-67.0768862,-8.569573499999981],[-67.0608293,-8.547396600000017],[-67.05775329999999,-8.505171399999984],[-66.9503325,-8.46946319999999],[-66.9259349,-8.454223100000013],[-66.9313741,-8.4339154],[-66.9269576,-8.420013599999987],[-66.911362,-8.402931699999982],[-66.9096692,-8.392876900000024],[-66.916699,-8.3782894],[-66.9143389,-8.369934],[-66.9231141,-8.334699400000014],[-66.9321728,-8.32917169999999],[-66.93688630000001,-8.319609],[-66.9369448,-8.3017958],[-66.9252864,-8.2724904],[-66.9086969,-8.257729100000015],[-66.9059978,-8.233322900000024],[-66.8930094,-8.2172071],[-66.8770771,-8.2167343],[-66.8592709,-8.1907206],[-66.8629972,-8.1689994],[-66.8864904,-8.1482795],[-66.8824915,-8.1114438],[-66.8616365,-8.0917398],[-66.8609508,-8.0811844],[-66.8692513,-8.0628607],[-66.8673153,-8.043606799999983],[-66.8739001,-8.0307715],[-66.8796471,-8.030080600000018],[-66.8775178,-8.0272645],[-66.8840966,-8.022887800000017],[-66.884701,-8.011989199999983],[-66.8759677,-7.992410100000019],[-66.8778914,-7.977806700000021],[-66.8670234,-7.963536600000016],[-66.8611405,-7.946661100000017],[-66.867233,-7.9400613],[-66.8658017,-7.936119699999987],[-66.8706804,-7.9346619],[-66.8641187,-7.9341194],[-66.8606321,-7.9259984],[-66.8558162,-7.931604300000024],[-66.8571818,-7.925516499999981],[-66.8519871,-7.9220633],[-66.8543026,-7.917312799999983],[-66.844413,-7.9105079],[-66.8493197,-7.9051134],[-66.8335514,-7.8958492],[-66.8367052,-7.894320299999976],[-66.8309226,-7.890746800000012],[-66.8319127,-7.8852438],[-66.8260262,-7.8894311],[-66.831179,-7.879930799999984],[-66.8225225,-7.886303899999971],[-66.8227018,-7.8705245],[-66.8141636,-7.8691872],[-66.81650260000002,-7.8548187],[-66.8132383,-7.848428700000015],[-66.8164272,-7.844331900000014],[-66.8129013,-7.8372106],[-66.8186792,-7.8319844],[-66.8237742,-7.834691099999985],[-66.8319436,-7.821790299999987],[-66.8274398,-7.815402299999976],[-66.8233691,-7.817699],[-66.817939,-7.814448400000013],[-66.815308,-7.807209299999989],[-66.7916393,-7.802440300000023],[-66.7900209,-7.7902584],[-66.7848415,-7.792636699999987],[-66.7837007,-7.788906],[-66.7603616,-7.782891],[-66.7596493,-7.775845100000025],[-66.7519092,-7.773134100000018],[-66.749157,-7.766580600000028],[-66.7441154,-7.76638069999998],[-66.74463240000001,-7.760469199999987],[-66.737179,-7.759888],[-66.7356034,-7.755836700000022],[-66.7390342,-7.753065500000025],[-66.7374423,-7.747686099999984],[-66.7442099,-7.745222899999971],[-66.7450053,-7.7305751],[-66.7291289,-7.725496699999982],[-66.7285549,-7.732478600000011],[-66.7161954,-7.7366759],[-66.708604,-7.728591600000023],[-66.7121523,-7.722920800000017],[-66.70845620000001,-7.7169959],[-66.7100192,-7.702389199999976],[-66.6732721,-7.695416599999973],[-66.6699588,-7.706926],[-66.6586659,-7.7096111],[-66.6460415,-7.6835915],[-66.63683039999998,-7.676229699999989],[-66.62330630000001,-7.676678899999987],[-66.6125043,-7.6846684],[-66.6072132,-7.6828063],[-66.6068682,-7.6743335],[-66.628415,-7.665905],[-66.63421709999999,-7.657753799999966],[-66.6267808,-7.647819799999973],[-66.6083473,-7.6415856],[-66.6098762,-7.629747299999979],[-66.6206702,-7.621488600000013],[-66.6181143,-7.615062499999969],[-66.6079922,-7.618522500000012],[-66.5920831,-7.6420933],[-66.5813608,-7.646200899999986],[-66.5592497,-7.627468599999975],[-66.5557889,-7.6032219],[-66.5494584,-7.598864299999989],[-66.5361402,-7.6008367],[-66.528342,-7.6108769],[-66.5275902,-7.628391599999983],[-66.5062461,-7.63580480000001],[-66.5064232,-7.648038299999978],[-66.5154619,-7.6616003],[-66.5118694,-7.666323499999974],[-66.5033081,-7.6664191],[-66.4927225,-7.648065399999978],[-66.5062782,-7.620798],[-66.500318,-7.595643899999972],[-66.4922678,-7.5889954],[-66.4715053,-7.58241639999997],[-66.4688814,-7.566354],[-66.436502,-7.5654055],[-66.4085469,-7.5719422],[-66.3730436,-7.56097459999997],[-66.3648071,-7.542721],[-66.3728202,-7.523738],[-66.3721431,-7.514472699999988],[-66.3665311,-7.5104398],[-66.3503374,-7.5129963],[-66.3385027,-7.496925299999982],[-66.3599493,-7.504791899999974],[-66.3720436,-7.503169],[-66.3759224,-7.4883198],[-66.3898539,-7.483567900000019],[-66.3898227,-7.488080699999985],[-66.4074112,-7.481503899999989],[-66.4297557,-7.490768199999982],[-66.4268812,-7.5016315],[-66.4499974,-7.5137174],[-66.4546178,-7.509207400000012],[-66.45165190000002,-7.500120099999973],[-66.458247,-7.4996325],[-66.4605048,-7.5053078],[-66.4699969,-7.5059741],[-66.4702332,-7.5117984],[-66.4755848,-7.5059132],[-66.4803473,-7.5069239],[-66.4805571,-7.512629],[-66.4852088,-7.508907399999983],[-66.4848877,-7.517744],[-66.4877734,-7.5196818],[-66.4942823,-7.511567099999986],[-66.4998214,-7.5151136],[-66.5009926,-7.506256],[-66.5081085,-7.505533],[-66.5087808,-7.5003563],[-66.5266505,-7.501146799999961],[-66.5266423,-7.496287399999987],[-66.5344194,-7.497557600000015],[-66.5295271,-7.494118599999982],[-66.5336142,-7.4922364],[-66.5374015,-7.4998557],[-66.5448203,-7.487961199999969],[-66.5571356,-7.488619400000016],[-66.5601543,-7.495052800000013],[-66.5746658,-7.494349799999988],[-66.5771989,-7.500524],[-66.5785464,-7.487463599999976],[-66.5854876,-7.4926586],[-66.58106250000002,-7.5016454],[-66.588599,-7.499441699999972],[-66.5892865,-7.503205699999985],[-66.5913005,-7.492786],[-66.5970738,-7.4920019],[-66.5869648,-7.4897468],[-66.5933931,-7.485013399999983],[-66.5923667,-7.4788762],[-66.6027798,-7.482370599999975],[-66.598247,-7.487736399999979],[-66.6131487,-7.4918364],[-66.619106,-7.486446599999969],[-66.6088902,-7.485731100000021],[-66.6158401,-7.4764918],[-66.6115744,-7.4754551],[-66.6171942,-7.4708287],[-66.6155657,-7.467541499999975],[-66.6207561,-7.471959499999987],[-66.6333282,-7.469549299999988],[-66.6352657,-7.4605914],[-66.6476552,-7.4543735],[-66.6537666,-7.458691699999981],[-66.6653598,-7.4507309],[-66.6663276,-7.445221400000011],[-66.675127,-7.4459449],[-66.6744236,-7.435029899999978],[-66.6686172,-7.433909800000013],[-66.6810828,-7.427735899999967],[-66.6829428,-7.419487499999974],[-66.6894104,-7.42002770000002],[-66.6890581,-7.4148592],[-66.6917166,-7.41726],[-66.7026257,-7.4093279],[-66.7011656,-7.4025088],[-66.7092024,-7.401200699999985],[-66.7122964,-7.404535400000023],[-66.713993,-7.4004815],[-66.7046104,-7.388699],[-66.7169843,-7.39586590000002],[-66.7203737,-7.371434],[-66.7267982,-7.375118799999986],[-66.7326865,-7.370004199999984],[-66.73838,-7.3792758],[-66.7423834,-7.36968580000002],[-66.7371178,-7.371415900000018],[-66.7360158,-7.365560800000011],[-66.7441818,-7.36547469999998],[-66.7449625,-7.358015699999988],[-66.751599,-7.35710090000002],[-66.7545266,-7.3496031],[-66.7578196,-7.352087300000027],[-66.7567736,-7.346037400000019],[-66.7640429,-7.347499],[-66.7651873,-7.352881700000026],[-66.7672152,-7.346797500000013],[-66.7776702,-7.350123],[-66.7784289,-7.3452679],[-66.7888039,-7.345286700000025],[-66.7822614,-7.340299199999984],[-66.7881123,-7.3403273],[-66.7914786,-7.3358874],[-66.7891002,-7.3314349],[-66.7951114,-7.331912299999983],[-66.7928881,-7.3268461],[-66.796622,-7.324250399999983],[-66.7876772,-7.324140099999985],[-66.7967225,-7.3196196],[-66.8079927,-7.324650599999976],[-66.8088168,-7.313891300000019],[-66.8116723,-7.3200993],[-66.8214148,-7.3219791],[-66.8207334,-7.316253500000023],[-66.8241719,-7.317021],[-66.8279553,-7.30803],[-66.8329389,-7.310929],[-66.8377139,-7.3024541],[-66.8469822,-7.3022199],[-66.8453591,-7.297145299999985],[-66.8510296,-7.3022426],[-66.854775,-7.3001155],[-66.8522987,-7.289929],[-66.8590853,-7.285436300000016],[-66.86076,-7.275942800000025],[-66.8726363,-7.283240599999984],[-66.8780346,-7.273283400000013],[-66.8904807,-7.273216],[-66.8806535,-7.267629299999977],[-66.8850731,-7.264725],[-66.893628,-7.267861799999982],[-66.89241380000001,-7.264877700000012],[-66.8972064,-7.2656887],[-66.8937268,-7.261662299999988],[-66.9043995,-7.260521300000012],[-66.9072308,-7.253057899999986],[-66.9148767,-7.2579218],[-66.9202404,-7.249347],[-66.9241553,-7.256555799999989],[-66.9280199,-7.249339299999972],[-66.9380312,-7.253196499999987],[-66.9437597,-7.243534499999984],[-66.9484526,-7.244667],[-66.949172,-7.241916],[-66.9378308,-7.2400572],[-66.9465088,-7.2365925],[-66.9449586,-7.225277199999979],[-66.953673,-7.2308159],[-66.9528815,-7.226561099999975],[-66.95845710000002,-7.223096900000019],[-66.9528466,-7.2192788],[-66.9592056,-7.2151916],[-66.95153230000001,-7.210325],[-66.9445559,-7.214981800000019],[-66.953088,-7.206481],[-66.9487254,-7.205042600000023],[-66.9411678,-7.1877637],[-66.9502133,-7.16760080000001],[-66.9574333,-7.1647759],[-66.9607958,-7.15761139999998],[-66.9636655,-7.1331115],[-66.984237,-7.126169100000019],[-66.9902745,-7.119626599999966],[-66.9995002,-7.120024200000015],[-66.9961482,-7.1121353],[-66.9987712,-7.09264],[-67.0059532,-7.08725],[-67.0299153,-7.090257799999988],[-67.0355128,-7.062026299999989],[-67.0397239,-7.062530300000026],[-67.0339751,-7.0455679],[-67.0419755,-7.0340926],[-67.0523014,-7.034006],[-67.0487777,-7.031186400000013],[-67.0521105,-7.025869],[-67.0582942,-7.024945299999982],[-67.059764,-7.028454700000013],[-67.0583095,-7.020763700000014],[-67.0686166,-7.020681400000023],[-67.06556449999998,-7.011993600000022],[-67.0715445,-7.0083051],[-67.0774585,-7.010987900000011],[-67.07625690000002,-7.006392199999973],[-67.0880898,-7.013260100000016],[-67.0944336,-7.003208399999985],[-67.1042421,-7.0115104],[-67.0953024,-7.015150499999975],[-67.1056733,-7.018898300000021],[-67.1126004,-7.015843499999972],[-67.1128007,-7.011556700000019],[-67.1146015,-7.024051799999975],[-67.1269389,-7.024425500000021],[-67.1340231,-7.034344799999973],[-67.1392746,-7.052808],[-67.1433526,-7.051054700000011],[-67.1453745,-7.054452699999983],[-67.1467147,-7.049392299999979],[-67.1548978,-7.0466912],[-67.16764960000002,-7.064602],[-67.17624890000002,-7.058042299999985],[-67.2069956,-7.058649900000021],[-67.2180557,-7.067802499999981],[-67.2354625,-7.067672399999979],[-67.2403859,-7.076926900000019],[-67.2636698,-7.075461099999985],[-67.266194,-7.0902717],[-67.274748,-7.0936723],[-67.27817,-7.1035632],[-67.2942624,-7.109175899999981],[-67.2963712,-7.122406100000017],[-67.304007,-7.121139900000022],[-67.3058091,-7.1301466],[-67.3217603,-7.1410986],[-67.3225428,-7.14868540000001],[-67.3283046,-7.1493291],[-67.3262733,-7.1562324],[-67.3403466,-7.16166510000002],[-67.347987,-7.171772],[-67.3487753,-7.185568500000018],[-67.340976,-7.2040075],[-67.34419420000002,-7.225076300000023],[-67.3375921,-7.2540337],[-67.3391749,-7.2667037],[-67.3530053,-7.278009800000019],[-67.3839514,-7.287055499999984],[-67.4028619,-7.288584199999989],[-67.4246283,-7.2824932],[-67.4422161,-7.287283400000011],[-67.4557999,-7.2796607],[-67.4689394,-7.260321],[-67.5005554,-7.2471868],[-67.5005522,-7.206631799999979],[-67.4906835,-7.171311499999985],[-67.4794923,-7.173161400000012],[-67.4679922,-7.163292600000019],[-67.4451942,-7.1717272],[-67.4232912,-7.149022],[-67.4151456,-7.151588600000015],[-67.4079942,-7.146979],[-67.4056943,-7.1151614],[-67.3944171,-7.103755499999976],[-67.3781607,-7.1018783],[-67.3744956,-7.095189300000021],[-67.3599731,-7.090629199999976],[-67.3476938,-7.079536199999981],[-67.3422683,-7.0733283],[-67.343407,-7.0496334],[-67.3387419,-7.042724500000014],[-67.305546,-7.019854800000018],[-67.2856288,-7.029922299999982],[-67.281603,-7.014673799999986],[-67.2703574,-7.003307400000021],[-67.22196190000001,-7.000398199999985],[-67.2183002,-6.967277700000013],[-67.2139073,-6.960241799999983],[-67.1891388,-6.96442330000002],[-67.1489903,-6.963457299999987],[-67.1338003,-6.958976699999979],[-67.1208518,-6.948613],[-67.1074372,-6.9570432],[-67.0835523,-6.960095599999986],[-67.0711088,-6.97081870000001],[-67.0548539,-6.96650359999998],[-67.0516064,-6.9820258],[-67.0440507,-6.9805513],[-67.0339912,-6.967629399999979],[-67.0051355,-6.981687199999977],[-66.9870192,-6.99749],[-66.9842435,-7.01303609999998],[-66.9761573,-7.013608699999985],[-66.9671589,-7.034600699999976],[-66.936265,-7.0457667],[-66.9243281,-7.0565804],[-66.9163026,-7.070589099999976],[-66.9234073,-7.085157400000015],[-66.9229068,-7.093441099999983],[-66.89993170000001,-7.098510700000025],[-66.9016043,-7.112117],[-66.8810498,-7.12308740000002],[-66.8676895,-7.152610500000012],[-66.8574141,-7.1536397],[-66.8455533,-7.141643399999986],[-66.8304064,-7.135760599999985],[-66.8046013,-7.166650800000022],[-66.7816627,-7.177285700000015],[-66.7638229,-7.1757846],[-66.7492379,-7.167700599999974],[-66.7347947,-7.1741432],[-66.7028863,-7.179234899999957],[-66.69015290000002,-7.189583499999972],[-66.6818493,-7.2031362],[-66.6813828,-7.218383899999989],[-66.6894319,-7.232640699999973],[-66.6838008,-7.246467399999974],[-66.6615488,-7.2529886],[-66.636711,-7.25078430000002],[-66.6125778,-7.2542392],[-66.6014654,-7.242781299999985],[-66.5893264,-7.212161600000014],[-66.5829101,-7.206518400000018],[-66.5752922,-7.2068574],[-66.5471329,-7.2230765],[-66.5151867,-7.26095209999997],[-66.5081585,-7.2642273],[-66.49631530000002,-7.2604261],[-66.4785475,-7.234106800000018],[-66.4701035,-7.235049499999977],[-66.4588826,-7.247475299999989],[-66.4369885,-7.2585267],[-66.3792934,-7.25647829999997],[-66.3700735,-7.2699869],[-66.3475474,-7.2661493],[-66.3234857,-7.285059500000011],[-66.3171007,-7.280542600000025],[-66.3093244,-7.281394100000012],[-66.297826,-7.3025905],[-66.2815458,-7.306110599999987],[-66.2649874,-7.3241444],[-66.2578208,-7.326785399999975],[-66.2452673,-7.31641579999998],[-66.2284076,-7.31312],[-66.2233473,-7.307099],[-66.2009589,-7.308629599999989],[-66.2000443,-7.293199100000015],[-66.1919884,-7.292161699999975],[-66.1735223,-7.318127300000014],[-66.1551871,-7.3349254],[-66.1476471,-7.339229599999981],[-66.1403486,-7.335653100000021],[-66.1233194,-7.3456168],[-66.1004302,-7.333980700000015],[-66.0986577,-7.3258322],[-66.0915994,-7.3218298],[-66.0762626,-7.3228778],[-66.0544109,-7.3328628],[-66.0471521,-7.328777799999982],[-66.0394306,-7.331017],[-66.0115555,-7.315660200000021],[-66.0083745,-7.308702399999988],[-65.9893489,-7.3116875],[-65.9776862,-7.3089248],[-65.9542629,-7.287867099999983],[-65.9327397,-7.284493600000022],[-65.915599,-7.275785300000029],[-65.8931874,-7.2771652],[-65.87260120000002,-7.2659692],[-65.8276293,-7.281116],[-65.8094748,-7.280477299999984],[-65.7721554,-7.2533279],[-65.7700094,-7.234456399999972],[-65.7305127,-7.2193447],[-65.6988444,-7.227621500000015],[-65.6939341,-7.235463199999971],[-65.6595951,-7.2448188],[-65.6364043,-7.2582962],[-65.6243172,-7.259522400000019],[-65.5913996,-7.24278480000001],[-65.5775765,-7.2404399],[-65.5160927,-7.2589365],[-65.5082622,-7.2562757],[-65.5010394,-7.246735499999982],[-65.4922901,-7.2470757],[-65.4792315,-7.264402299999969],[-65.4778223,-7.276208899999983],[-65.4588745,-7.282930499999983],[-65.4412598,-7.2838749],[-65.3988991,-7.2759883],[-65.3576778,-7.2450961],[-65.3405391,-7.2464393],[-65.3228439,-7.232247500000011],[-65.3086818,-7.226648],[-65.2977337,-7.234296600000014],[-65.2771604,-7.213875499999979],[-65.2607328,-7.2092871],[-65.2524007,-7.1933786],[-65.2332028,-7.1868823],[-65.2221266,-7.1887009],[-65.2150678,-7.181255299999989],[-65.1962925,-7.176813199999983],[-65.1456558,-7.1531353],[-65.1355392,-7.1435192],[-65.117928,-7.143562500000023],[-65.10942770000001,-7.1351158],[-65.0951237,-7.1047459]]]}}]}