{"type":"FeatureCollection","name":"Região do Madeira","features":[{"type":"Feature","properties":{"CD_MUN":"1301704","NM_MUN":"Humaitá","SIGLA_UF":"AM","CodigoIBGE":"1301704","SubRegiaoNumero":5,"CalhaSubRegiao":"Região do Madeira"},"geometry":{"type":"Polygon","coordinates":[[[-62.8666166,-7.975868299999984],[-63.6212491,-7.9765317],[-63.6191896,-7.958728099999989],[-63.6241231,-7.9434273],[-63.6199007,-7.921554],[-63.6250427,-7.9062464],[-63.6202981,-7.8942166],[-63.6291673,-7.883121899999988],[-63.6341851,-7.8830089],[-63.6345783,-7.873864699999979],[-63.6218914,-7.855848600000022],[-63.61261970000001,-7.8565562],[-63.5998976,-7.846198],[-63.5850757,-7.847701500000024],[-63.5838744,-7.842314300000015],[-63.5680461,-7.846976799999978],[-63.5582841,-7.84376670000001],[-63.5469429,-7.824025400000023],[-63.5479753,-7.808470399999984],[-63.5332891,-7.811241899999978],[-63.5363758,-7.805787899999984],[-63.5341442,-7.803535500000017],[-63.532883,-7.80740979999998],[-63.5330962,-7.802086],[-63.5270278,-7.798635],[-63.5292727,-7.795885599999989],[-63.5226762,-7.795757699999985],[-63.5224297,-7.7908388],[-63.5137906,-7.78398540000001],[-63.5139177,-7.789041799999973],[-63.5080964,-7.7890271],[-63.5073778,-7.781779300000017],[-63.5010498,-7.777980499999985],[-63.5036925,-7.7752925],[-63.4957342,-7.7690293],[-63.4918353,-7.77147619999998],[-63.484795,-7.7604238],[-63.4823256,-7.7634681],[-63.4779022,-7.760740400000011],[-63.4761723,-7.7571197],[-63.4799477,-7.755937400000016],[-63.4753265,-7.7487604],[-63.4694946,-7.746093],[-63.4540311,-7.750492800000013],[-63.4587724,-7.747449800000016],[-63.4553119,-7.745292200000018],[-63.4432195,-7.7477513],[-63.4396424,-7.744728900000028],[-63.443251,-7.739540100000013],[-63.4373055,-7.736175799999975],[-63.436894,-7.74136890000002],[-63.4286005,-7.742947600000023],[-63.4164016,-7.7344],[-63.4171756,-7.7385879],[-63.41005470000001,-7.7383044],[-63.4007287,-7.729560599999981],[-63.39987820000001,-7.7207207],[-63.3955616,-7.72324859999998],[-63.3967727,-7.7174262],[-63.4004026,-7.718024200000012],[-63.3934595,-7.7148224],[-63.39763820000001,-7.708276600000028],[-63.395545,-7.6893034],[-63.3853277,-7.6824246],[-63.3879683,-7.676466],[-63.3836538,-7.67673530000002],[-63.3860816,-7.6701283],[-63.3815271,-7.6708416],[-63.3797588,-7.662555],[-63.3872232,-7.655893800000018],[-63.3954812,-7.656525499999988],[-63.3923914,-7.6484638],[-63.3940293,-7.6457815],[-63.3972218,-7.649023200000017],[-63.3953646,-7.6360851],[-63.4072746,-7.629548100000012],[-63.4192579,-7.629433100000011],[-63.4214835,-7.6199007],[-63.4162882,-7.621157499999986],[-63.4223816,-7.6165902],[-63.42208,-7.609547],[-63.42656070000001,-7.6112758],[-63.4293417,-7.606406699999982],[-63.4223678,-7.6065989],[-63.4262659,-7.5998737],[-63.4135745,-7.587666],[-63.40771860000001,-7.5913652],[-63.4031288,-7.58918420000002],[-63.4076684,-7.581856600000012],[-63.4015544,-7.585031800000018],[-63.4041106,-7.5743425],[-63.393911,-7.568963200000011],[-63.3992569,-7.5681869],[-63.3952628,-7.5580717],[-63.3841255,-7.556403600000019],[-63.3816831,-7.551476399999989],[-63.3725573,-7.553223],[-63.3735831,-7.5484011],[-63.3818182,-7.547579399999987],[-63.3736182,-7.545975500000019],[-63.3771329,-7.542271699999975],[-63.3763877,-7.5347158],[-63.3710176,-7.532899700000018],[-63.374022,-7.5283245],[-63.365907,-7.5302974],[-63.3688827,-7.5255584],[-63.361498,-7.527658099999984],[-63.35998,-7.523443],[-63.3481146,-7.523338599999987],[-63.3397805,-7.508584199999985],[-63.33575410000001,-7.509704799999986],[-63.3358839,-7.503008600000017],[-63.3307072,-7.5001278],[-63.3358817,-7.4977648],[-63.3331273,-7.492125500000014],[-63.3265647,-7.489024600000021],[-63.299575,-7.492417800000015],[-63.3179837,-7.476668500000013],[-63.3142885,-7.471237699999979],[-63.31696,-7.466639100000011],[-63.3094504,-7.469072100000024],[-63.3047417,-7.466081700000021],[-63.3040521,-7.4604034],[-63.3118547,-7.46048539999998],[-63.3031849,-7.449377499999982],[-63.30835,-7.4464084],[-63.3083135,-7.441387400000013],[-63.3135744,-7.440823300000016],[-63.3211224,-7.447914299999976],[-63.3217337,-7.4397311],[-63.3272486,-7.4384249],[-63.322981,-7.434166600000021],[-63.3299146,-7.4354739],[-63.3289972,-7.4290273],[-63.3333117,-7.43232580000001],[-63.3340154,-7.424087599999983],[-63.3296819,-7.420124900000017],[-63.3393387,-7.4172585],[-63.3315924,-7.414088],[-63.3397479,-7.4141336],[-63.3428396,-7.4098954],[-63.336677,-7.403051400000013],[-63.3207097,-7.3970996],[-63.3209701,-7.4034876],[-63.3166053,-7.405504700000018],[-63.3132131,-7.400722399999975],[-63.3144098,-7.406402800000023],[-63.3095468,-7.409733300000022],[-63.3026753,-7.3980536],[-63.2992022,-7.399303199999979],[-63.2999512,-7.405228],[-63.2950563,-7.4006671],[-63.2950797,-7.407069300000012],[-63.2867368,-7.401248100000014],[-63.2683336,-7.419266199999976],[-63.263891,-7.4113112],[-63.2682586,-7.401462900000031],[-63.25677180000001,-7.402722399999976],[-63.2484512,-7.3956083],[-63.2438464,-7.398653800000025],[-63.2457803,-7.393059199999981],[-63.2518188,-7.393262900000031],[-63.2451666,-7.372368],[-63.2541264,-7.372970100000012],[-63.2507027,-7.3516473],[-63.2633161,-7.356578],[-63.2641357,-7.350084700000016],[-63.2686443,-7.356944399999988],[-63.2674142,-7.3495669],[-63.2731776,-7.352189100000013],[-63.3038902,-7.342320900000019],[-63.2996391,-7.3342285],[-63.2919989,-7.3367013],[-63.2887627,-7.3311506],[-63.2956737,-7.322078699999989],[-63.292917,-7.316952599999987],[-63.2996481,-7.301828800000017],[-63.2971987,-7.295084700000021],[-63.3033508,-7.2960461],[-63.3065662,-7.291703800000018],[-63.2985366,-7.276519499999985],[-63.3045727,-7.276874200000019],[-63.2998179,-7.272862900000025],[-63.295923,-7.275036499999985],[-63.2980928,-7.2697627],[-63.2915666,-7.26989070000002],[-63.2933754,-7.265183],[-63.2845063,-7.269678900000012],[-63.2884265,-7.2587331],[-63.2830827,-7.260656600000018],[-63.2813107,-7.255974499999978],[-63.2856784,-7.25143010000002],[-63.2800906,-7.245636599999973],[-63.2833022,-7.23869830000002],[-63.2992538,-7.234403900000022],[-63.2945052,-7.229127299999987],[-63.3013481,-7.2291452],[-63.3002004,-7.204763900000022],[-63.3205741,-7.2052729],[-63.3281207,-7.197422],[-63.3128098,-7.189218699999977],[-63.3161658,-7.182275200000021],[-63.3127655,-7.1632452],[-63.3089454,-7.164290399999989],[-63.3046815,-7.156601200000032],[-63.3093731,-7.148989199999987],[-63.3131584,-7.152843599999985],[-63.3158201,-7.1484697],[-63.3120975,-7.1451108],[-63.3143897,-7.140378799999975],[-63.3076294,-7.1328216],[-63.3054899,-7.1383132],[-63.3010032,-7.129045499999986],[-63.3039568,-7.12188610000001],[-63.3008982,-7.118148400000014],[-63.30781240000001,-7.1171118],[-63.3075534,-7.103782099999986],[-63.3032596,-7.099673200000026],[-63.2983042,-7.102081499999988],[-63.2974611,-7.09579],[-63.2889206,-7.10179849999998],[-63.2785812,-7.0919138],[-63.2784819,-7.0970916],[-63.2690717,-7.088670099999983],[-63.2643246,-7.087546199999982],[-63.2635171,-7.091329300000027],[-63.2605328,-7.080145400000014],[-63.2561209,-7.085062300000016],[-63.2554035,-7.079685499999985],[-63.249464,-7.0765209],[-63.2409549,-7.079505300000024],[-63.2385201,-7.0864076],[-63.2372143,-7.07538320000002],[-63.2314821,-7.069863600000015],[-63.2277197,-7.074841600000011],[-63.2222268,-7.059399799999986],[-63.2203586,-7.068524199999973],[-63.2161373,-7.059913799999976],[-63.2093474,-7.057938],[-63.2073146,-7.0618559],[-63.2085535,-7.0559645],[-63.2036199,-7.053014200000017],[-63.2105151,-7.0465751],[-63.2051928,-7.042911],[-63.2196075,-7.038839599999985],[-63.2116171,-7.034047499999972],[-63.2185182,-7.028064699999978],[-63.2136808,-7.0254751],[-63.216454,-7.0185417],[-63.209157,-7.025802500000019],[-63.2050265,-7.0203274],[-63.2088613,-7.013868199999986],[-63.200642,-7.0164561],[-63.200817,-7.023121799999982],[-63.1862308,-7.010413799999977],[-63.1763744,-7.016579400000013],[-63.1740484,-7.0085418],[-63.16742570000001,-7.0115282],[-63.1580914,-6.9842466],[-63.1489139,-6.98657859999998],[-63.150626,-6.9819704],[-63.139972,-6.981837100000029],[-63.1353196,-6.9774712],[-63.1435018,-6.97347729999998],[-63.1322936,-6.9661617],[-63.13248320000001,-6.9572819],[-63.1360397,-6.966704399999983],[-63.1399516,-6.964003499999989],[-63.1322047,-6.9532381],[-63.1441495,-6.9468309],[-63.1428553,-6.9383374],[-63.1543702,-6.938545899999974],[-63.1503031,-6.925358299999977],[-63.1576557,-6.9247199],[-63.1532795,-6.918710299999988],[-63.1454661,-6.9171679],[-63.145887,-6.9055676],[-63.152621,-6.908684100000021],[-63.1564824,-6.903821600000017],[-63.1530244,-6.882177900000018],[-63.1580418,-6.877793699999989],[-63.1488352,-6.866529300000018],[-63.15998660000001,-6.8647597],[-63.1654012,-6.859165400000022],[-63.1611202,-6.849333200000016],[-63.165189,-6.852775699999989],[-63.1685291,-6.849968299999976],[-63.1650283,-6.845984299999976],[-63.0497677,-6.8444891],[-63.0102678,-6.783328],[-62.9701949,-6.688116900000013],[-62.9416137,-6.544458399999982],[-62.9264589,-6.5201662],[-62.8949128,-6.486540499999984],[-62.881161,-6.453816099999986],[-62.8635663,-6.4299446],[-62.8539776,-6.4381182],[-62.8404083,-6.432591499999979],[-62.8299116,-6.43576],[-62.8256744,-6.423048],[-62.80960420000001,-6.420037599999988],[-62.8041174,-6.4149009],[-62.7940745,-6.425950200000022],[-62.7890763,-6.420582799999969],[-62.7786754,-6.4215133],[-62.7776884,-6.415391799999973],[-62.7722023,-6.4161847],[-62.774059,-6.4139565],[-62.7634101,-6.423779299999968],[-62.76637070000001,-6.418646699999971],[-62.7587077,-6.4165667],[-62.7473628,-6.4193453],[-62.7366141,-6.4165969],[-62.7303342,-6.423265100000021],[-62.7216449,-6.4175062],[-62.7219729,-6.420734],[-62.7165022,-6.421389299999969],[-62.7191561,-6.424929],[-62.7136837,-6.433774599999976],[-62.7147259,-6.443083100000017],[-62.7040821,-6.436767900000016],[-62.7033445,-6.44440020000001],[-62.6935707,-6.448838199999981],[-62.6906227,-6.445528699999975],[-62.6834335,-6.451260699999982],[-62.67733410000001,-6.444011700000016],[-62.6735035,-6.447648499999986],[-62.6713112,-6.443138399999986],[-62.66635560000001,-6.443560900000016],[-62.6417834,-6.4571528],[-62.6212037,-6.44792440000001],[-62.6216154,-6.4445088],[-62.6148859,-6.441848200000019],[-62.6171107,-6.43836469999997],[-62.6130639,-6.4407858],[-62.6116713,-6.4360772],[-62.6056787,-6.436002100000015],[-62.6021682,-6.431163500000016],[-62.6073628,-6.41724529999998],[-62.595424,-6.4223966],[-62.5820779,-6.411278900000028],[-62.5884253,-6.390350800000024],[-62.5716805,-6.380991199999969],[-62.5573124,-6.3819672],[-62.5394676,-6.411235299999988],[-62.5049188,-6.4146921],[-62.49448610000001,-6.4056422],[-62.4846545,-6.379948799999986],[-62.4438523,-6.355937399999975],[-62.4260634,-6.359525900000023],[-62.4010478,-6.34756580000002],[-62.377661,-6.323147900000029],[-62.3438509,-6.32324980000002],[-62.3135662,-6.3333248],[-62.2991871,-6.3261092],[-62.2902088,-6.334691],[-62.285817,-6.333386699999976],[-62.2825991,-6.3164513],[-62.2768101,-6.316317],[-62.2769853,-6.308655699999981],[-62.2721049,-6.308780400000031],[-62.2746925,-6.280568200000021],[-62.267422,-6.2742553],[-62.2652484,-6.251177100000032],[-62.2007488,-6.207886200000023],[-62.1512769,-6.1899973],[-62.1222154,-6.193864199999968],[-62.0763633,-6.229095300000014],[-61.9652877,-6.260544700000011],[-61.9379839,-6.263842899999981],[-61.9055459,-6.253225699999985],[-61.8546013,-6.2585958],[-61.8400996,-6.2486586],[-61.8306042,-6.233617099999985],[-61.8258528,-6.215068],[-61.827547,-6.1781163],[-61.8221815,-6.154473199999981],[-61.8069606,-6.1441909],[-61.78404,-6.143491699999983],[-61.7925299,-6.159532600000029],[-61.7743465,-6.1754852],[-61.7718198,-6.1965828],[-61.7446722,-6.2244527],[-61.744982,-6.241791299999966],[-61.7391644,-6.2514585],[-61.7918535,-6.263819100000014],[-61.8064334,-6.256693400000016],[-61.8145389,-6.257702100000029],[-61.8371412,-6.2688368],[-61.84294640000001,-6.289757299999978],[-61.8192891,-6.311949],[-61.8159662,-6.328074600000028],[-61.8052479,-6.3408222],[-61.7794266,-6.345117500000018],[-61.76767730000001,-6.3557139],[-61.7691715,-6.360301900000031],[-61.7983464,-6.362466399999988],[-61.80504289999999,-6.3694104],[-61.7916915,-6.4229685],[-61.7655976,-6.429894900000016],[-61.728969,-6.4055064],[-61.6981026,-6.4097921],[-61.6992625,-6.417153699999989],[-61.7304294,-6.4572303],[-61.7492327,-6.45455720000002],[-61.7509636,-6.47013659999998],[-61.7354578,-6.4799542],[-61.7169749,-6.481297800000018],[-61.7177994,-6.4867274],[-61.7290817,-6.494942299999988],[-61.7272297,-6.513143300000019],[-61.72082910000001,-6.5124693],[-61.7069818,-6.494683400000021],[-61.6892604,-6.5026235],[-61.6888151,-6.514397300000022],[-61.7006089,-6.5199656],[-61.7072338,-6.5182704],[-61.7111479,-6.524402799999978],[-61.7013016,-6.5347593],[-61.6858359,-6.541046100000014],[-61.6792348,-6.5622146],[-61.6615671,-6.586420599999973],[-61.6734082,-6.612177900000023],[-61.6875199,-6.620164],[-61.6813236,-6.65096970000001],[-61.6910946,-6.665627800000023],[-61.6918179,-6.6749026],[-61.676661,-6.7018095],[-61.651889,-6.7040584],[-61.6367302,-6.719809],[-61.645016,-6.7278737],[-61.6580774,-6.7266545],[-61.665354,-6.735074100000023],[-61.6873891,-6.7404821],[-61.6813938,-6.7444842],[-61.6851347,-6.7536276],[-61.6745039,-6.771575699999976],[-61.6760646,-6.802262099999968],[-61.6801581,-6.8016275],[-61.6835107,-6.791531599999987],[-61.6951444,-6.7860615],[-61.7121804,-6.8006934],[-61.7029188,-6.82119580000002],[-61.7355409,-6.816830800000017],[-61.718923,-6.834642400000024],[-61.7141547,-6.8484949],[-61.7221839,-6.866574599999983],[-61.734181,-6.8753445],[-61.7508316,-6.874098600000023],[-61.754358,-6.866954],[-61.7598317,-6.865911100000025],[-61.7668271,-6.8856747],[-61.7709852,-6.875017],[-61.7755868,-6.8755827],[-61.7776472,-6.893523100000018],[-61.7586726,-6.9159835],[-61.7680968,-6.91947480000001],[-61.7780776,-6.91342560000003],[-61.7963018,-6.918357399999982],[-61.8005861,-6.9257448],[-61.8142354,-6.928182899999987],[-61.8170275,-6.933170800000027],[-61.8094852,-6.940552199999977],[-61.7915355,-6.9389307],[-61.7916694,-6.9471441],[-61.8007957,-6.945238300000012],[-61.8075409,-6.960415599999987],[-61.8125252,-6.959348199999983],[-61.8126805,-6.948526299999983],[-61.8160247,-6.9479183],[-61.8258486,-6.9668109],[-61.8420255,-6.9604744],[-61.8502885,-6.966133499999986],[-61.8533031,-6.981836700000024],[-61.8443645,-7.006895400000023],[-61.8464271,-7.012996600000014],[-61.8300722,-7.003786300000022],[-61.8162791,-7.0080322],[-61.8126425,-7.0163816],[-61.8407927,-7.031738100000014],[-61.8501133,-7.0206718],[-61.8560745,-7.022342700000021],[-61.8566826,-7.031283],[-61.8460492,-7.045922699999989],[-61.8538827,-7.067781600000012],[-61.8604892,-7.070648],[-61.8693825,-7.066987800000015],[-61.86782370000001,-7.045145300000029],[-61.8780465,-7.0396531],[-61.9005588,-7.052019400000027],[-61.9048582,-7.060650399999986],[-61.9035203,-7.0715706],[-61.9168697,-7.0609058],[-61.9148596,-7.091495100000027],[-61.9280809,-7.1065148],[-61.9208147,-7.121245],[-61.9198459,-7.1371411],[-61.9289156,-7.1556891],[-61.9348971,-7.1602832],[-61.9421919,-7.152581199999973],[-61.9347689,-7.140810400000015],[-61.9364712,-7.1346717],[-61.9508213,-7.136330199999981],[-61.9618228,-7.148596],[-61.9560923,-7.162537299999975],[-61.95867290000001,-7.173077300000011],[-61.9683114,-7.174572500000012],[-61.9930637,-7.167464800000014],[-61.9957874,-7.1703985],[-61.9792426,-7.1853785],[-61.9766779,-7.199667],[-62.0033726,-7.199239499999973],[-62.0046335,-7.21405170000002],[-62.0110442,-7.218225099999984],[-62.0218067,-7.215424600000019],[-62.0347702,-7.205241300000019],[-62.0457901,-7.213115900000012],[-62.0029207,-7.239725399999985],[-61.9912144,-7.242739800000013],[-61.98787260000001,-7.236539699999981],[-61.9839555,-7.238868300000013],[-61.9831554,-7.2765974],[-61.9729671,-7.277948200000011],[-61.9567988,-7.300125],[-61.9494968,-7.298215700000025],[-61.9443537,-7.289346100000015],[-61.93373170000001,-7.287999299999989],[-61.9155479,-7.298092799999979],[-61.91617260000001,-7.2864839],[-61.9017139,-7.2884074],[-61.8929858,-7.297674],[-61.8878495,-7.315205200000023],[-61.8447281,-7.3233609],[-61.8428849,-7.3420636],[-61.8360334,-7.3511494],[-61.8428374,-7.357514500000019],[-61.8429134,-7.3691748],[-61.8554353,-7.381692899999988],[-61.8560445,-7.3928588],[-61.8235046,-7.426809700000028],[-61.8266292,-7.451814399999987],[-61.8369306,-7.461925799999972],[-61.8417792,-7.4837461],[-61.8516821,-7.493794100000011],[-61.8536232,-7.5057601],[-61.8655533,-7.518255099999981],[-61.8793001,-7.543251900000017],[-61.8795083,-7.5600778],[-61.8634943,-7.5671448],[-61.8566509,-7.579848],[-61.8520188,-7.612674600000014],[-61.84145,-7.626408099999975],[-61.84945530000001,-7.63861589999998],[-61.8186369,-7.650767800000011],[-61.8261987,-7.6664924],[-61.813602,-7.667934],[-61.8198861,-7.6796661],[-61.8119681,-7.689709],[-61.8218861,-7.701661600000032],[-61.8137261,-7.716079900000017],[-61.8204311,-7.71602090000002],[-61.83842640000001,-7.704605400000018],[-61.8373412,-7.719844399999984],[-61.828859,-7.720767800000026],[-61.82769840000001,-7.727688899999978],[-61.8378769,-7.730245299999974],[-61.8462594,-7.7247753],[-61.8488933,-7.7334176],[-61.8445773,-7.736768100000019],[-61.8493229,-7.74007749999998],[-61.8444361,-7.742586199999985],[-61.85243950000001,-7.750457200000014],[-61.85019230000001,-7.757302],[-61.8547686,-7.764028199999989],[-61.8616324,-7.755451599999989],[-61.8687406,-7.75467],[-61.8748332,-7.759380599999982],[-61.8762592,-7.770984299999983],[-61.8867255,-7.761810399999973],[-61.8943234,-7.7636016],[-61.8883632,-7.788867600000029],[-61.8959146,-7.784143600000019],[-61.908767,-7.7916216],[-61.9028915,-7.8054315],[-61.909808,-7.812373299999983],[-61.916123,-7.8082525],[-61.9214,-7.811437300000018],[-61.9195134,-7.824076199999985],[-61.9140186,-7.8251302],[-61.9120601,-7.832851300000018],[-61.9307106,-7.827002600000011],[-61.9292604,-7.838512400000015],[-61.9509282,-7.8406517],[-61.9600419,-7.8340639],[-61.9612554,-7.842876299999983],[-61.971482,-7.844993499999987],[-61.9740186,-7.850079600000013],[-61.95634110000001,-7.8558042],[-61.9666502,-7.856561],[-61.9762177,-7.875046199999988],[-61.9747724,-7.881719800000014],[-61.9974117,-7.880623700000012],[-62.0164638,-7.9004169],[-62.0251372,-7.898347400000012],[-62.0169188,-7.907184799999972],[-62.0331141,-7.910005899999973],[-62.0350496,-7.915758200000018],[-62.0306801,-7.926615699999984],[-62.0387676,-7.93098170000001],[-62.0465709,-7.9560734],[-62.0538506,-7.96176280000001],[-62.0504802,-7.975121300000017],[-62.0614259,-7.9739205],[-62.063755,-7.9771799],[-62.0584479,-7.9841469],[-62.06183750000001,-7.9868999],[-62.0560036,-7.989396],[-62.0542558,-7.9964419],[-62.05701160000001,-7.995251700000011],[-62.0590979,-8.002754],[-62.0518271,-8.0168624],[-62.0375993,-8.01065970000002],[-62.0395657,-8.018725500000018],[-62.030649,-8.016099899999986],[-62.02684880000001,-8.0261574],[-62.0164439,-8.0257416],[-62.0120911,-8.018546],[-62.0099018,-8.026886900000019],[-62.01407660000001,-8.037525200000012],[-61.9972033,-8.04144719999998],[-62.0033836,-8.0505393],[-62.0024368,-8.0578521],[-61.9982537,-8.0475084],[-61.9851397,-8.048369499999989],[-61.9843718,-8.0421843],[-61.972257,-8.049847299999987],[-61.9791745,-8.054284100000018],[-61.9725957,-8.064842199999983],[-61.9776929,-8.069799],[-61.9744565,-8.0721564],[-61.9767787,-8.0763097],[-61.9630833,-8.0758671],[-61.9629928,-8.0882872],[-61.956168,-8.0900673],[-61.9582206,-8.09593649999998],[-61.9698694,-8.090430400000022],[-61.9596887,-8.103183400000015],[-61.9625424,-8.10966850000002],[-61.9534702,-8.113201],[-61.9437012,-8.10921159999998],[-61.940817,-8.1180326],[-61.9518598,-8.11674350000002],[-61.9377014,-8.1279684],[-61.9375569,-8.137041399999987],[-61.9413493,-8.1396908],[-61.93655840000001,-8.144787],[-61.9407476,-8.1477472],[-61.9324865,-8.151411900000012],[-61.9305684,-8.1686152],[-61.9232097,-8.1767378],[-61.9166893,-8.1769291],[-61.9184908,-8.187029800000017],[-61.91444,-8.1877885],[-61.9176157,-8.190293],[-61.9143978,-8.1947222],[-61.9191571,-8.201505899999976],[-61.9178509,-8.212015],[-61.9234613,-8.21490939999999],[-61.9193405,-8.217174],[-61.9224465,-8.2190468],[-61.918164,-8.22388],[-61.9206972,-8.226634300000025],[-61.9160937,-8.2258568],[-61.920892,-8.231234100000016],[-61.9138337,-8.230763299999984],[-61.921113,-8.236309399999987],[-61.9172143,-8.244383499999985],[-61.9222383,-8.2432802],[-61.9297192,-8.2507553],[-61.9264554,-8.255407399999982],[-61.9338885,-8.260455300000018],[-61.9246459,-8.2693934],[-61.9270989,-8.273006199999983],[-61.9228548,-8.273424599999975],[-61.9201293,-8.281110100000019],[-61.9235021,-8.2879971],[-61.919198,-8.2889611],[-61.9228081,-8.29155960000002],[-61.9196367,-8.29454320000002],[-61.9227902,-8.297084399999976],[-61.918465,-8.298950699999972],[-61.9218776,-8.301190399999971],[-61.9168863,-8.3017284],[-61.9220908,-8.304129100000017],[-61.9200727,-8.3160646],[-61.9176011,-8.318758200000014],[-61.9133737,-8.3148461],[-61.9062704,-8.3283811],[-61.91129870000001,-8.336221],[-61.9087269,-8.346997499999986],[-61.9205542,-8.360344500000023],[-61.9209264,-8.3713864],[-61.9251391,-8.3712274],[-61.9319335,-8.385080300000018],[-61.9386177,-8.3859439],[-61.9376335,-8.389688900000012],[-61.949962,-8.398783900000023],[-61.94627890000001,-8.40589],[-61.9536879,-8.420705],[-61.9639793,-8.426406099999978],[-61.9626118,-8.431897],[-61.97138,-8.4386683],[-61.9705068,-8.449236200000023],[-61.9811344,-8.4542577],[-61.96961120000001,-8.4718242],[-61.9717567,-8.4819529],[-61.9768261,-8.481649799999982],[-61.981543,-8.4874984],[-61.9717447,-8.4976003],[-61.9803744,-8.522314300000012],[-61.9768019,-8.5425579],[-61.9910395,-8.5553243],[-61.9873251,-8.5675891],[-61.9903685,-8.576349199999978],[-61.9813873,-8.584993399999982],[-61.9848182,-8.58890870000001],[-61.9835254,-8.602033500000015],[-61.9747285,-8.614688199999973],[-61.979168,-8.6202174],[-61.9714449,-8.621639499999986],[-61.9616877,-8.64164209999998],[-61.9725098,-8.6463408],[-61.9764285,-8.6591344],[-61.9815643,-8.661191400000025],[-61.976699,-8.666974499999986],[-61.9909523,-8.678922599999984],[-61.9915549,-8.6875227],[-61.9981175,-8.686733799999988],[-61.9991337,-8.7094271],[-61.9950648,-8.710241200000018],[-62.0010844,-8.7172055],[-61.9968845,-8.721463699999983],[-61.9957488,-8.7472251],[-61.9866837,-8.7549812],[-61.984593,-8.777309700000014],[-61.9704018,-8.7993304],[-61.9451087,-8.8167695],[-61.9203424,-8.8598411],[-61.9030007,-8.862892200000013],[-61.9058859,-8.8745104],[-61.9381066,-8.8814117],[-61.97914,-8.873244599999975],[-61.9852219,-8.87860630000001],[-61.9902211,-8.8726588],[-61.9970289,-8.840739],[-62.0039716,-8.8300839],[-62.0213332,-8.823597900000015],[-62.031061,-8.799710099999977],[-62.0505221,-8.796270199999974],[-62.0743019,-8.7985702],[-62.0980029,-8.8089214],[-62.1249717,-8.8016711],[-62.1550309,-8.7396423],[-62.1570318,-8.732212199999985],[-62.1488018,-8.718308799999988],[-62.1541929,-8.710438799999974],[-62.1678059,-8.7032278],[-62.1717727,-8.69507490000001],[-62.165087,-8.6793938],[-62.1814416,-8.6578789],[-62.2005306,-8.6442928],[-62.19580530000001,-8.636828],[-62.1766425,-8.636919699999988],[-62.1746915,-8.628203],[-62.1883884,-8.590558700000017],[-62.2031399,-8.594946899999986],[-62.2286045,-8.5905684],[-62.2428105,-8.5806617],[-62.2688885,-8.5757586],[-62.2742794,-8.582932],[-62.2893569,-8.5889045],[-62.2932829,-8.595991],[-62.2943077,-8.6054408],[-62.2793343,-8.629169899999987],[-62.2813041,-8.638589900000012],[-62.2895024,-8.6390966],[-62.3357776,-8.6094846],[-62.3419985,-8.5948432],[-62.3258047,-8.563707399999975],[-62.3343346,-8.546194400000024],[-62.3332224,-8.527762800000014],[-62.3373587,-8.5166389],[-62.3539778,-8.511701399999987],[-62.3660512,-8.4935617],[-62.3637203,-8.4782272],[-62.3692809,-8.44611909999997],[-62.3599712,-8.40699760000002],[-62.3650823,-8.391022099999981],[-62.3840279,-8.377555799999989],[-62.4162207,-8.376627600000024],[-62.4322478,-8.3720281],[-62.4654746,-8.33974],[-62.4789156,-8.3456734],[-62.486948,-8.3592122],[-62.5008286,-8.3661277],[-62.5184725,-8.3847382],[-62.526136,-8.3830545],[-62.5254683,-8.3753472],[-62.539557,-8.358109500000012],[-62.5515268,-8.3581947],[-62.5491145,-8.3421429],[-62.5552726,-8.319387100000018],[-62.5611623,-8.3138318],[-62.5559412,-8.3067587],[-62.561919,-8.284006699999983],[-62.5692257,-8.287278600000011],[-62.5853879,-8.27188060000002],[-62.5927712,-8.2749698],[-62.6000575,-8.272238699999972],[-62.6103628,-8.2598004],[-62.649946,-8.2370262],[-62.6550016,-8.2290564],[-62.6510262,-8.222030099999976],[-62.6598885,-8.199633600000011],[-62.6735247,-8.192735],[-62.682999,-8.1805655],[-62.6852542,-8.1657184],[-62.6730277,-8.14531060000002],[-62.6855005,-8.1164376],[-62.6788391,-8.11144490000002],[-62.6905553,-8.100904300000021],[-62.6922801,-8.0929083],[-62.7128298,-8.080583399999979],[-62.7439725,-8.045286100000023],[-62.7862003,-8.026343],[-62.8099965,-8.025339599999986],[-62.8328333,-7.994371599999981],[-62.8416098,-7.9949727],[-62.84505570000001,-7.9865313],[-62.8533606,-7.9875633],[-62.8666166,-7.975868299999984]]]}},{"type":"Feature","properties":{"CD_MUN":"1302702","NM_MUN":"Manicoré","SIGLA_UF":"AM","CodigoIBGE":"1302702","SubRegiaoNumero":5,"CalhaSubRegiao":"Região do Madeira"},"geometry":{"type":"Polygon","coordinates":[[[-61.8689855,-5.222899800000021],[-61.7839175,-5.167168600000031],[-61.5247099,-4.940186199999964],[-61.48994660000001,-4.91611029999996],[-61.443789,-4.89148],[-61.4191927,-4.8545975],[-61.3187055,-4.76305630000003],[-61.3085997,-4.749319400000011],[-61.2935664,-4.7118901],[-60.913605,-5.1129307],[-60.7257889,-5.113233199999966],[-60.7455991,-5.146182],[-60.7461249,-5.1540899],[-60.7390099,-5.1576586],[-60.7372306,-5.165176800000024],[-60.7815716,-5.196949500000014],[-60.8082914,-5.2280612],[-60.8176259,-5.266656400000023],[-60.8358199,-5.30247860000001],[-60.860736,-5.3006702],[-60.8988762,-5.311545899999971],[-60.9048776,-5.317413199999983],[-60.9014825,-5.340419700000014],[-60.9055718,-5.347816300000013],[-60.9173221,-5.3583689],[-60.9402386,-5.3637871],[-60.9430966,-5.370804200000023],[-60.8954896,-5.38187880000001],[-60.8643448,-5.378178199999986],[-60.8487066,-5.3843511],[-60.8266699,-5.402089699999974],[-60.8145545,-5.401552500000016],[-60.8112376,-5.388870200000017],[-60.80106210000001,-5.38455839999996],[-60.7873836,-5.387163600000015],[-60.783782,-5.37473460000002],[-60.7719012,-5.370681600000025],[-60.75639790000001,-5.3525575],[-60.755014,-5.344953],[-60.741849,-5.336485400000023],[-60.7293471,-5.31532419999996],[-60.7158414,-5.306335699999976],[-60.6264867,-5.296145199999968],[-60.5750702,-5.267892899999963],[-60.5536674,-5.261466600000015],[-60.5764571,-5.284320399999973],[-60.5752932,-5.300407400000012],[-60.5854931,-5.303396699999989],[-60.5642817,-5.3099474],[-60.565995,-5.31568450000004],[-60.572785,-5.318268900000015],[-60.5621565,-5.3253435],[-60.5676266,-5.327881200000019],[-60.5636137,-5.334358199999966],[-60.572633,-5.341684899999972],[-60.5711609,-5.352352299999981],[-60.5864019,-5.348026699999983],[-60.58823060000001,-5.354852399999982],[-60.5989007,-5.357483],[-60.5999817,-5.363791600000011],[-60.5985655,-5.371637499999986],[-60.5920428,-5.372866700000012],[-60.6001883,-5.381842199999979],[-60.5993438,-5.3898702],[-60.5921214,-5.396645900000038],[-60.6036942,-5.404318499999989],[-60.6031313,-5.409668699999981],[-60.5986249,-5.4056695],[-60.5907283,-5.409378],[-60.58632080000001,-5.402418199999978],[-60.5861018,-5.418010699999971],[-60.591505,-5.424536600000023],[-60.5817295,-5.428663500000019],[-60.5782623,-5.4219292],[-60.5795282,-5.4351526],[-60.5707699,-5.4330392],[-60.5750448,-5.436855799999972],[-60.5716604,-5.441909700000028],[-60.5865441,-5.457784199999966],[-60.5923757,-5.453625900000016],[-60.6006177,-5.4578836],[-60.6016891,-5.469181499999985],[-60.6067504,-5.464725],[-60.6136414,-5.468364400000011],[-60.6097045,-5.4794865],[-60.6132737,-5.484774],[-60.6293928,-5.486610499999988],[-60.633595,-5.501025899999978],[-60.6230858,-5.505824300000011],[-60.6256161,-5.5110679],[-60.6218874,-5.509251199999974],[-60.621022,-5.5162189],[-60.6320474,-5.5097327],[-60.6355767,-5.512968400000029],[-60.6321706,-5.5211983],[-60.63657520000001,-5.516663200000034],[-60.6388053,-5.521914600000014],[-60.6438399,-5.518806900000023],[-60.6374243,-5.527322800000022],[-60.6453608,-5.530453899999975],[-60.64685,-5.540579499999973],[-60.64014010000001,-5.537858700000019],[-60.6370935,-5.5430812],[-60.63776690000001,-5.551107],[-60.6439675,-5.55059709999998],[-60.6384282,-5.5609128],[-60.6337301,-5.558477],[-60.6333797,-5.565006699999984],[-60.6281035,-5.5682251],[-60.6374779,-5.568182599999979],[-60.635441,-5.572546199999974],[-60.6403926,-5.5812591],[-60.6341757,-5.587203300000017],[-60.6455215,-5.584293],[-60.6455015,-5.610709500000013],[-60.6513451,-5.612637599999964],[-60.6411528,-5.612146300000026],[-60.6476652,-5.622222499999977],[-60.641196,-5.622501900000037],[-60.6435594,-5.628323400000026],[-60.639331,-5.637356800000017],[-60.63529290000001,-5.636019],[-60.634494,-5.629551],[-60.6337261,-5.6353755],[-60.6274874,-5.63770160000001],[-60.6283,-5.6424329],[-60.6206251,-5.641928799999979],[-60.6256266,-5.658645],[-60.6326812,-5.658523599999983],[-60.6286882,-5.662524699999972],[-60.6418076,-5.667146500000032],[-60.6466122,-5.660571100000016],[-60.6481071,-5.663853799999986],[-60.6441355,-5.666046],[-60.6494376,-5.667776199999965],[-60.647754,-5.677198499999986],[-60.6536435,-5.678750799999984],[-60.6478767,-5.6834439],[-60.6529981,-5.685905],[-60.6470882,-5.6943539],[-60.6486938,-5.6991992],[-60.637883,-5.705345200000018],[-60.6410926,-5.711652399999985],[-60.6261547,-5.7165816],[-60.6280043,-5.7112579],[-60.6221904,-5.7139658],[-60.623488,-5.7185741],[-60.6161157,-5.712822299999978],[-60.6119161,-5.7172354],[-60.61158420000001,-5.711523700000011],[-60.5972021,-5.707624],[-60.5961302,-5.7028911],[-60.5895535,-5.711347799999967],[-60.5871102,-5.709783],[-60.5853218,-5.7205367],[-60.5782187,-5.723009900000021],[-60.5727171,-5.7170856],[-60.5682532,-5.72327519999998],[-60.5641472,-5.721881199999986],[-60.5594461,-5.732162],[-60.5534033,-5.729490400000037],[-60.554235,-5.7459267],[-60.5655759,-5.745691900000025],[-60.5619077,-5.751074],[-60.5701112,-5.751058199999972],[-60.5685006,-5.760848299999989],[-60.5652632,-5.7656511],[-60.5617708,-5.760061700000027],[-60.5597426,-5.766416700000017],[-60.5435015,-5.766623499999965],[-60.5456479,-5.772015899999967],[-60.5397318,-5.769347500000037],[-60.5374475,-5.773581900000028],[-60.5323423,-5.7724638],[-60.5324794,-5.780185799999982],[-60.53619960000001,-5.782063199999963],[-60.5337089,-5.785435199999983],[-60.5482088,-5.811262500000021],[-60.5363372,-5.825518800000015],[-60.5594026,-5.8363647],[-60.5651178,-5.833674099999965],[-60.5699208,-5.842187199999986],[-60.5679456,-5.848981100000019],[-60.576538,-5.858209299999977],[-60.5733351,-5.86065280000003],[-60.5802637,-5.8593381],[-60.5838112,-5.867136099999967],[-60.5756224,-5.875118499999984],[-60.5660672,-5.876675799999989],[-60.5652006,-5.884807399999979],[-60.5592294,-5.8852066],[-60.5616232,-5.8959288],[-60.5493198,-5.896578799999969],[-60.5470512,-5.9042108],[-60.5419495,-5.905809100000011],[-60.5429083,-5.9242344],[-60.5476363,-5.929840399999987],[-60.5521749,-5.927500299999988],[-60.5490242,-5.938096899999977],[-60.5541565,-5.939767],[-60.5541108,-5.9445333],[-60.5598041,-5.9459077],[-60.5624905,-5.941905900000024],[-60.5673478,-5.9492193],[-60.5788306,-5.950543],[-60.5766676,-5.9565028],[-60.5809559,-5.9569933],[-60.5870227,-5.972513],[-60.5908487,-5.972781599999986],[-60.5862585,-5.977686300000016],[-60.5883092,-5.9865478],[-60.5935234,-5.9862758],[-60.5993106,-5.992870499999975],[-60.5967852,-6.0040202],[-60.6219558,-6.01655830000003],[-60.6202208,-6.023350199999971],[-60.6281129,-6.032272700000012],[-60.6276613,-6.038080099999987],[-60.6223079,-6.041323899999981],[-60.6274489,-6.0433978],[-60.6268707,-6.0495158],[-60.6333459,-6.051925299999978],[-60.6326559,-6.058135399999976],[-60.6156814,-6.0747956],[-60.5918769,-6.0703407],[-60.58461839999999,-6.073780499999986],[-60.5868239,-6.112908199999989],[-60.5714841,-6.114568199999987],[-60.5688495,-6.1222308],[-60.5381254,-6.1306174],[-60.5349027,-6.137503100000021],[-60.5380149,-6.1533151],[-60.5343465,-6.160164200000026],[-60.5479021,-6.168336300000019],[-60.5559319,-6.1986976],[-60.5568703,-6.206674500000032],[-60.5486265,-6.220147200000016],[-60.5528145,-6.250267799999978],[-60.5305868,-6.2621048],[-60.5202591,-6.282552],[-60.5135099,-6.287048399999978],[-60.5160125,-6.2956525],[-60.5473782,-6.31969469999997],[-60.5436508,-6.9355244],[-60.97872430000001,-6.937887599999979],[-61.0702855,-6.9349361],[-61.0767734,-6.9365959],[-61.084455,-6.946495399999983],[-61.0910196,-6.941870899999982],[-61.0928982,-6.9465155],[-61.0841112,-6.954883199999983],[-61.0962385,-6.9704639],[-61.0949154,-6.9793717],[-61.0886979,-6.9819522],[-61.0935553,-6.9879756],[-61.1155092,-6.9987093],[-61.1238229,-6.9987786],[-61.12845930000001,-6.994228],[-61.1476411,-7.023497499999971],[-61.157692,-7.024624],[-61.1644608,-7.016982],[-61.1687994,-7.0211271],[-61.173394,-7.012816],[-61.1716254,-7.007242],[-61.1802181,-7.01822540000002],[-61.1828462,-7.0338249],[-61.1791298,-7.049695100000022],[-61.1651271,-7.0558439],[-61.1583085,-7.05341530000001],[-61.1655788,-7.06213920000002],[-61.1600365,-7.063322400000014],[-61.1554161,-7.071167499999984],[-61.1584472,-7.077934],[-61.153681,-7.0843608],[-61.1608096,-7.091436700000018],[-61.1555072,-7.097660099999981],[-61.1558406,-7.1078164],[-61.164393,-7.1031668],[-61.2042575,-7.119205],[-61.203201,-7.132204199999976],[-61.2132137,-7.129629299999974],[-61.2117959,-7.1226253],[-61.2214968,-7.124907],[-61.2250289,-7.116184900000015],[-61.2317233,-7.117417],[-61.2331826,-7.12204170000003],[-61.22523,-7.1329279],[-61.23437590000001,-7.134507599999986],[-61.2436214,-7.1448329],[-61.2446737,-7.1563698],[-61.2351008,-7.1732693],[-61.2273074,-7.176493599999982],[-61.2304305,-7.166418699999987],[-61.22178730000001,-7.173429199999987],[-61.21592050000001,-7.17258],[-61.2196168,-7.181740200000015],[-61.2143019,-7.181273300000013],[-61.2137027,-7.1866706],[-61.2050226,-7.1905254],[-61.2013769,-7.197735200000013],[-61.2026988,-7.216616300000013],[-61.2145626,-7.219138299999986],[-61.2165828,-7.2271722],[-61.2112469,-7.2303094],[-61.2033707,-7.22640440000002],[-61.2081254,-7.234232899999984],[-61.2062809,-7.243141200000013],[-61.1929959,-7.2440893],[-61.1877328,-7.2499458],[-61.1890536,-7.255779900000022],[-61.2175888,-7.2542666],[-61.2204798,-7.263021],[-61.2312269,-7.267787399999981],[-61.2350296,-7.265713],[-61.241856,-7.2712969],[-61.2457799,-7.288733],[-61.2418767,-7.2992707],[-61.2363898,-7.2983947],[-61.2300583,-7.306331900000015],[-61.2409912,-7.305625399999977],[-61.245332,-7.3009712],[-61.2595658,-7.306207],[-61.2769036,-7.2999521],[-61.28016680000001,-7.3049571],[-61.2748876,-7.312077699999977],[-61.2779959,-7.3120534],[-61.2771299,-7.3173195],[-61.2914487,-7.3191253],[-61.2935508,-7.33146229999998],[-61.3184186,-7.3436044],[-61.314643,-7.351824700000016],[-61.3283446,-7.35332],[-61.3291938,-7.3607689],[-61.3250579,-7.357408500000023],[-61.3202406,-7.370647699999978],[-61.3390465,-7.3843747],[-61.328517,-7.419676800000023],[-61.3187185,-7.425266200000016],[-61.3158124,-7.450488399999982],[-61.3127443,-7.4506981],[-61.3151061,-7.457444299999973],[-61.3119175,-7.460875199999973],[-61.3152295,-7.463069699999988],[-61.3133254,-7.4765074],[-61.3094666,-7.477073500000011],[-61.3116812,-7.481322299999983],[-61.308888,-7.484888299999979],[-61.3064028,-7.481632200000015],[-61.30641580000001,-7.486621499999976],[-61.3007649,-7.4896561],[-61.3018067,-7.497812199999981],[-61.30882410000001,-7.496990899999981],[-61.31062020000001,-7.5029467],[-61.29873,-7.5078304],[-61.307419,-7.5200557],[-61.2960805,-7.5286072],[-61.3113973,-7.5374419],[-61.2960355,-7.538062],[-61.2950475,-7.5474857],[-61.3022933,-7.554349],[-61.301162,-7.566350200000015],[-61.2971296,-7.5640613],[-61.2985772,-7.5715038],[-61.2852251,-7.591181200000011],[-61.2908474,-7.599850200000011],[-61.2799774,-7.60125209999998],[-61.2968421,-7.603393100000019],[-61.2940555,-7.6099487],[-61.3039145,-7.616901799999976],[-61.2954805,-7.621900300000014],[-61.3030147,-7.634136800000024],[-61.2978518,-7.6372053],[-61.2978793,-7.648388299999985],[-61.2966226,-7.645252499999978],[-61.2885758,-7.6518338],[-61.2879509,-7.661517399999976],[-61.2826978,-7.668019],[-61.2837424,-7.679154200000026],[-61.293648,-7.691663899999974],[-61.2946762,-7.700105],[-61.2910654,-7.7040375],[-61.2975867,-7.7100767],[-61.2974479,-7.716382599999972],[-61.3064775,-7.7213691],[-61.3016506,-7.732093800000023],[-61.3080236,-7.7358294],[-61.3055263,-7.74641160000001],[-61.3141143,-7.748457600000018],[-61.3157614,-7.752703799999976],[-61.3228125,-7.751978699999984],[-61.3283791,-7.75960960000001],[-61.3267155,-7.779718199999989],[-61.3397473,-7.8542152],[-61.3381586,-7.878242099999988],[-61.3459632,-7.8774346],[-61.3533263,-7.8917131],[-61.3544661,-7.906836200000021],[-61.3332161,-7.912033099999987],[-61.3223246,-7.9248647],[-61.3170673,-7.93997040000002],[-61.2899933,-7.959448399999987],[-61.2747109,-7.9642094],[-61.2727419,-7.972363400000013],[-61.2289658,-7.992083899999979],[-61.2126333,-8.0067626],[-61.2011038,-7.998059],[-61.1787366,-7.9912125],[-61.1633229,-7.9885523],[-61.1483267,-7.9927405],[-61.1423502,-8.0083608],[-61.14632860000001,-8.061827499999989],[-61.1404637,-8.069819400000021],[-61.126158,-8.076724200000013],[-61.1244946,-8.0847962],[-61.1366036,-8.1098492],[-61.1363296,-8.1463295],[-61.1340209,-8.1541876],[-61.1147389,-8.1708855],[-61.0972462,-8.1773583],[-61.0836292,-8.189938599999984],[-61.0826048,-8.218113],[-61.0926044,-8.242748099999982],[-61.1093575,-8.260638400000017],[-61.145997,-8.264155100000014],[-61.1607405,-8.2721866],[-61.1723853,-8.257683],[-61.1870758,-8.252252800000019],[-61.2231322,-8.2576932],[-61.25160540000001,-8.272158500000016],[-61.2610527,-8.2700495],[-61.2745456,-8.257800699999985],[-61.2772945,-8.2252447],[-61.2882183,-8.210406399999973],[-61.288713,-8.167465],[-61.3028525,-8.158168],[-61.3025786,-8.150564099999988],[-61.3297984,-8.1293084],[-61.3364073,-8.1150072],[-61.354962,-8.0949394],[-61.355102,-8.079263700000025],[-61.3606633,-8.073718599999987],[-61.3770516,-8.071274],[-61.3938848,-8.051848500000016],[-61.4103276,-8.056953],[-61.4159915,-8.05066360000001],[-61.4183214,-8.033722900000011],[-61.4091565,-8.018118600000014],[-61.41579680000001,-8.004661],[-61.4253579,-8.0041399],[-61.4361653,-8.018028899999981],[-61.4464388,-8.0202862],[-61.46397,-8.052472799999986],[-61.4803005,-8.056841299999975],[-61.5005249,-8.055381899999976],[-61.5043025,-8.048632600000014],[-61.512527,-8.050805100000021],[-61.5097703,-8.075399],[-61.4841316,-8.0833368],[-61.4820455,-8.092784800000022],[-61.4921281,-8.1177562],[-61.4834906,-8.121222],[-61.4878703,-8.1301324],[-61.48480450000001,-8.14597920000002],[-61.497329,-8.1590678],[-61.5006629,-8.1693831],[-61.4935804,-8.1758992],[-61.4849133,-8.176424300000013],[-61.4799664,-8.169187300000022],[-61.4639395,-8.1785047],[-61.4585473,-8.205123299999975],[-61.4497736,-8.20484480000002],[-61.4484388,-8.213489],[-61.4535756,-8.228957],[-61.4492959,-8.2456816],[-61.454155,-8.2631436],[-61.45143490000001,-8.2983715],[-61.473045,-8.34894129999998],[-61.4548263,-8.388600900000016],[-61.4776606,-8.4128544],[-61.4916062,-8.4196866],[-61.5006646,-8.4362751],[-61.4726333,-8.456734099999979],[-61.463274,-8.4692438],[-61.46677050000001,-8.5056826],[-61.4609913,-8.531282],[-61.4533859,-8.5376334],[-61.4635169,-8.550345699999982],[-61.4989126,-8.5506637],[-61.5141612,-8.5596976],[-61.5214916,-8.5738772],[-61.5147183,-8.5884017],[-61.517685,-8.605554699999988],[-61.514856,-8.624209],[-61.5077703,-8.6389028],[-61.4953554,-8.6507115],[-61.4960491,-8.670992399999982],[-61.5233289,-8.6898237],[-61.5388538,-8.6931144],[-61.5748331,-8.6759077],[-61.5912194,-8.6597949],[-61.6120545,-8.648743],[-61.6364115,-8.650602],[-61.6519124,-8.6468885],[-61.6831635,-8.651377800000013],[-61.688636,-8.657696099999988],[-61.6877234,-8.6659174],[-61.7132742,-8.6878527],[-61.741854,-8.695192900000013],[-61.7444419,-8.702552200000026],[-61.7401295,-8.7098652],[-61.7443868,-8.7174095],[-61.7488815,-8.72377010000003],[-61.7636111,-8.728796599999987],[-61.7621133,-8.7371524],[-61.7746056,-8.748228900000012],[-61.790022,-8.7451627],[-61.8062463,-8.747781799999975],[-61.828108,-8.732625499999989],[-61.8365008,-8.7327226],[-61.8441083,-8.7473811],[-61.8433013,-8.7794091],[-61.8556879,-8.7890294],[-61.8610249,-8.803615500000015],[-61.8568625,-8.818236],[-61.863745,-8.831463500000016],[-61.8597486,-8.8529733],[-61.8793009,-8.862440299999989],[-61.9171234,-8.86280640000001],[-61.930711,-8.8466569],[-61.9451087,-8.8167695],[-61.9704018,-8.7993304],[-61.984593,-8.777309700000014],[-61.9866837,-8.7549812],[-61.9957488,-8.7472251],[-61.9968845,-8.721463699999983],[-62.0010844,-8.7172055],[-61.9950648,-8.710241200000018],[-61.9991337,-8.7094271],[-61.9981175,-8.686733799999988],[-61.9915549,-8.6875227],[-61.9909523,-8.678922599999984],[-61.976699,-8.666974499999986],[-61.9815643,-8.661191400000025],[-61.9764285,-8.6591344],[-61.9725098,-8.6463408],[-61.9616877,-8.64164209999998],[-61.9714449,-8.621639499999986],[-61.979168,-8.6202174],[-61.9747285,-8.614688199999973],[-61.9835254,-8.602033500000015],[-61.9848182,-8.58890870000001],[-61.9813873,-8.584993399999982],[-61.9903685,-8.576349199999978],[-61.9873251,-8.5675891],[-61.9910395,-8.5553243],[-61.9768019,-8.5425579],[-61.9803744,-8.522314300000012],[-61.9717447,-8.4976003],[-61.981543,-8.4874984],[-61.9768261,-8.481649799999982],[-61.9717567,-8.4819529],[-61.96961120000001,-8.4718242],[-61.9811344,-8.4542577],[-61.9705068,-8.449236200000023],[-61.97138,-8.4386683],[-61.9626118,-8.431897],[-61.9639793,-8.426406099999978],[-61.9536879,-8.420705],[-61.94627890000001,-8.40589],[-61.949962,-8.398783900000023],[-61.9376335,-8.389688900000012],[-61.9386177,-8.3859439],[-61.9319335,-8.385080300000018],[-61.9251391,-8.3712274],[-61.9209264,-8.3713864],[-61.9205542,-8.360344500000023],[-61.9087269,-8.346997499999986],[-61.91129870000001,-8.336221],[-61.9062704,-8.3283811],[-61.9133737,-8.3148461],[-61.9176011,-8.318758200000014],[-61.9200727,-8.3160646],[-61.9220908,-8.304129100000017],[-61.9168863,-8.3017284],[-61.9218776,-8.301190399999971],[-61.918465,-8.298950699999972],[-61.9227902,-8.297084399999976],[-61.9196367,-8.29454320000002],[-61.9228081,-8.29155960000002],[-61.919198,-8.2889611],[-61.9235021,-8.2879971],[-61.9201293,-8.281110100000019],[-61.9228548,-8.273424599999975],[-61.9270989,-8.273006199999983],[-61.9246459,-8.2693934],[-61.9338885,-8.260455300000018],[-61.9264554,-8.255407399999982],[-61.9297192,-8.2507553],[-61.9222383,-8.2432802],[-61.9172143,-8.244383499999985],[-61.921113,-8.236309399999987],[-61.9138337,-8.230763299999984],[-61.920892,-8.231234100000016],[-61.9160937,-8.2258568],[-61.9206972,-8.226634300000025],[-61.918164,-8.22388],[-61.9224465,-8.2190468],[-61.9193405,-8.217174],[-61.9234613,-8.21490939999999],[-61.9178509,-8.212015],[-61.9191571,-8.201505899999976],[-61.9143978,-8.1947222],[-61.9176157,-8.190293],[-61.91444,-8.1877885],[-61.9184908,-8.187029800000017],[-61.9166893,-8.1769291],[-61.9232097,-8.1767378],[-61.9305684,-8.1686152],[-61.9324865,-8.151411900000012],[-61.9407476,-8.1477472],[-61.93655840000001,-8.144787],[-61.9413493,-8.1396908],[-61.9375569,-8.137041399999987],[-61.9377014,-8.1279684],[-61.9518598,-8.11674350000002],[-61.940817,-8.1180326],[-61.9437012,-8.10921159999998],[-61.9534702,-8.113201],[-61.9625424,-8.10966850000002],[-61.9596887,-8.103183400000015],[-61.9698694,-8.090430400000022],[-61.9582206,-8.09593649999998],[-61.956168,-8.0900673],[-61.9629928,-8.0882872],[-61.9630833,-8.0758671],[-61.9767787,-8.0763097],[-61.9744565,-8.0721564],[-61.9776929,-8.069799],[-61.9725957,-8.064842199999983],[-61.9791745,-8.054284100000018],[-61.972257,-8.049847299999987],[-61.9843718,-8.0421843],[-61.9851397,-8.048369499999989],[-61.9982537,-8.0475084],[-62.0024368,-8.0578521],[-62.0033836,-8.0505393],[-61.9972033,-8.04144719999998],[-62.01407660000001,-8.037525200000012],[-62.0099018,-8.026886900000019],[-62.0120911,-8.018546],[-62.0164439,-8.0257416],[-62.02684880000001,-8.0261574],[-62.030649,-8.016099899999986],[-62.0395657,-8.018725500000018],[-62.0375993,-8.01065970000002],[-62.0518271,-8.0168624],[-62.0590979,-8.002754],[-62.05701160000001,-7.995251700000011],[-62.0542558,-7.9964419],[-62.0560036,-7.989396],[-62.06183750000001,-7.9868999],[-62.0584479,-7.9841469],[-62.063755,-7.9771799],[-62.0614259,-7.9739205],[-62.0504802,-7.975121300000017],[-62.0538506,-7.96176280000001],[-62.0465709,-7.9560734],[-62.0387676,-7.93098170000001],[-62.0306801,-7.926615699999984],[-62.0350496,-7.915758200000018],[-62.0331141,-7.910005899999973],[-62.0169188,-7.907184799999972],[-62.0251372,-7.898347400000012],[-62.0164638,-7.9004169],[-61.9974117,-7.880623700000012],[-61.9747724,-7.881719800000014],[-61.9762177,-7.875046199999988],[-61.9666502,-7.856561],[-61.95634110000001,-7.8558042],[-61.9740186,-7.850079600000013],[-61.971482,-7.844993499999987],[-61.9612554,-7.842876299999983],[-61.9600419,-7.8340639],[-61.9509282,-7.8406517],[-61.9292604,-7.838512400000015],[-61.9307106,-7.827002600000011],[-61.9120601,-7.832851300000018],[-61.9140186,-7.8251302],[-61.9195134,-7.824076199999985],[-61.9214,-7.811437300000018],[-61.916123,-7.8082525],[-61.909808,-7.812373299999983],[-61.9028915,-7.8054315],[-61.908767,-7.7916216],[-61.8959146,-7.784143600000019],[-61.8883632,-7.788867600000029],[-61.8943234,-7.7636016],[-61.8867255,-7.761810399999973],[-61.8762592,-7.770984299999983],[-61.8748332,-7.759380599999982],[-61.8687406,-7.75467],[-61.8616324,-7.755451599999989],[-61.8547686,-7.764028199999989],[-61.85019230000001,-7.757302],[-61.85243950000001,-7.750457200000014],[-61.8444361,-7.742586199999985],[-61.8493229,-7.74007749999998],[-61.8445773,-7.736768100000019],[-61.8488933,-7.7334176],[-61.8462594,-7.7247753],[-61.8378769,-7.730245299999974],[-61.82769840000001,-7.727688899999978],[-61.828859,-7.720767800000026],[-61.8373412,-7.719844399999984],[-61.83842640000001,-7.704605400000018],[-61.8204311,-7.71602090000002],[-61.8137261,-7.716079900000017],[-61.8218861,-7.701661600000032],[-61.8119681,-7.689709],[-61.8198861,-7.6796661],[-61.813602,-7.667934],[-61.8261987,-7.6664924],[-61.8186369,-7.650767800000011],[-61.84945530000001,-7.63861589999998],[-61.84145,-7.626408099999975],[-61.8520188,-7.612674600000014],[-61.8566509,-7.579848],[-61.8634943,-7.5671448],[-61.8795083,-7.5600778],[-61.8793001,-7.543251900000017],[-61.8655533,-7.518255099999981],[-61.8536232,-7.5057601],[-61.8516821,-7.493794100000011],[-61.8417792,-7.4837461],[-61.8369306,-7.461925799999972],[-61.8266292,-7.451814399999987],[-61.8235046,-7.426809700000028],[-61.8560445,-7.3928588],[-61.8554353,-7.381692899999988],[-61.8429134,-7.3691748],[-61.8428374,-7.357514500000019],[-61.8360334,-7.3511494],[-61.8428849,-7.3420636],[-61.8447281,-7.3233609],[-61.8878495,-7.315205200000023],[-61.8929858,-7.297674],[-61.9017139,-7.2884074],[-61.91617260000001,-7.2864839],[-61.9155479,-7.298092799999979],[-61.93373170000001,-7.287999299999989],[-61.9443537,-7.289346100000015],[-61.9494968,-7.298215700000025],[-61.9567988,-7.300125],[-61.9729671,-7.277948200000011],[-61.9831554,-7.2765974],[-61.9839555,-7.238868300000013],[-61.98787260000001,-7.236539699999981],[-61.9912144,-7.242739800000013],[-62.0029207,-7.239725399999985],[-62.0457901,-7.213115900000012],[-62.0347702,-7.205241300000019],[-62.0218067,-7.215424600000019],[-62.0110442,-7.218225099999984],[-62.0046335,-7.21405170000002],[-62.0033726,-7.199239499999973],[-61.9766779,-7.199667],[-61.9792426,-7.1853785],[-61.9957874,-7.1703985],[-61.9930637,-7.167464800000014],[-61.9683114,-7.174572500000012],[-61.95867290000001,-7.173077300000011],[-61.9560923,-7.162537299999975],[-61.9618228,-7.148596],[-61.9508213,-7.136330199999981],[-61.9364712,-7.1346717],[-61.9347689,-7.140810400000015],[-61.9421919,-7.152581199999973],[-61.9348971,-7.1602832],[-61.9289156,-7.1556891],[-61.9198459,-7.1371411],[-61.9208147,-7.121245],[-61.9280809,-7.1065148],[-61.9148596,-7.091495100000027],[-61.9168697,-7.0609058],[-61.9035203,-7.0715706],[-61.9048582,-7.060650399999986],[-61.9005588,-7.052019400000027],[-61.8780465,-7.0396531],[-61.86782370000001,-7.045145300000029],[-61.8693825,-7.066987800000015],[-61.8604892,-7.070648],[-61.8538827,-7.067781600000012],[-61.8460492,-7.045922699999989],[-61.8566826,-7.031283],[-61.8560745,-7.022342700000021],[-61.8501133,-7.0206718],[-61.8407927,-7.031738100000014],[-61.8126425,-7.0163816],[-61.8162791,-7.0080322],[-61.8300722,-7.003786300000022],[-61.8464271,-7.012996600000014],[-61.8443645,-7.006895400000023],[-61.8533031,-6.981836700000024],[-61.8502885,-6.966133499999986],[-61.8420255,-6.9604744],[-61.8258486,-6.9668109],[-61.8160247,-6.9479183],[-61.8126805,-6.948526299999983],[-61.8125252,-6.959348199999983],[-61.8075409,-6.960415599999987],[-61.8007957,-6.945238300000012],[-61.7916694,-6.9471441],[-61.7915355,-6.9389307],[-61.8094852,-6.940552199999977],[-61.8170275,-6.933170800000027],[-61.8142354,-6.928182899999987],[-61.8005861,-6.9257448],[-61.7963018,-6.918357399999982],[-61.7780776,-6.91342560000003],[-61.7680968,-6.91947480000001],[-61.7586726,-6.9159835],[-61.7776472,-6.893523100000018],[-61.7755868,-6.8755827],[-61.7709852,-6.875017],[-61.7668271,-6.8856747],[-61.7598317,-6.865911100000025],[-61.754358,-6.866954],[-61.7508316,-6.874098600000023],[-61.734181,-6.8753445],[-61.7221839,-6.866574599999983],[-61.7141547,-6.8484949],[-61.718923,-6.834642400000024],[-61.7355409,-6.816830800000017],[-61.7029188,-6.82119580000002],[-61.7121804,-6.8006934],[-61.6951444,-6.7860615],[-61.6835107,-6.791531599999987],[-61.6801581,-6.8016275],[-61.6760646,-6.802262099999968],[-61.6745039,-6.771575699999976],[-61.6851347,-6.7536276],[-61.6813938,-6.7444842],[-61.6873891,-6.7404821],[-61.665354,-6.735074100000023],[-61.6580774,-6.7266545],[-61.645016,-6.7278737],[-61.6367302,-6.719809],[-61.651889,-6.7040584],[-61.676661,-6.7018095],[-61.6918179,-6.6749026],[-61.6910946,-6.665627800000023],[-61.6813236,-6.65096970000001],[-61.6875199,-6.620164],[-61.6734082,-6.612177900000023],[-61.6615671,-6.586420599999973],[-61.6792348,-6.5622146],[-61.6858359,-6.541046100000014],[-61.7013016,-6.5347593],[-61.7111479,-6.524402799999978],[-61.7072338,-6.5182704],[-61.7006089,-6.5199656],[-61.6888151,-6.514397300000022],[-61.6892604,-6.5026235],[-61.7069818,-6.494683400000021],[-61.72082910000001,-6.5124693],[-61.7272297,-6.513143300000019],[-61.7290817,-6.494942299999988],[-61.7177994,-6.4867274],[-61.7169749,-6.481297800000018],[-61.7354578,-6.4799542],[-61.7509636,-6.47013659999998],[-61.7492327,-6.45455720000002],[-61.7304294,-6.4572303],[-61.6992625,-6.417153699999989],[-61.6981026,-6.4097921],[-61.728969,-6.4055064],[-61.7655976,-6.429894900000016],[-61.7916915,-6.4229685],[-61.80504289999999,-6.3694104],[-61.7983464,-6.362466399999988],[-61.7691715,-6.360301900000031],[-61.76767730000001,-6.3557139],[-61.7794266,-6.345117500000018],[-61.8052479,-6.3408222],[-61.8159662,-6.328074600000028],[-61.8192891,-6.311949],[-61.84294640000001,-6.289757299999978],[-61.8371412,-6.2688368],[-61.8145389,-6.257702100000029],[-61.8064334,-6.256693400000016],[-61.7918535,-6.263819100000014],[-61.7413615,-6.25422010000001],[-61.7386436,-6.249746800000021],[-61.7447388,-6.242979700000034],[-61.7432287,-6.227537799999987],[-61.772155,-6.19606080000001],[-61.7754012,-6.1738232],[-61.7925299,-6.159532600000029],[-61.78404,-6.143491699999983],[-61.7879339,-6.141947699999984],[-61.8069606,-6.1441909],[-61.8221815,-6.154473199999981],[-61.827547,-6.1781163],[-61.8258528,-6.215068],[-61.8306042,-6.233617099999985],[-61.8400996,-6.2486586],[-61.8546013,-6.2585958],[-61.9055459,-6.253225699999985],[-61.9379839,-6.263842899999981],[-61.9652877,-6.260544700000011],[-62.0763633,-6.229095300000014],[-62.1222154,-6.193864199999968],[-62.1587367,-6.191286899999978],[-62.1853473,-6.200052799999989],[-62.2256825,-6.221570299999977],[-62.2652484,-6.251177100000032],[-62.267422,-6.2742553],[-62.2746925,-6.280568200000021],[-62.2721049,-6.308780400000031],[-62.2769853,-6.308655699999981],[-62.2768101,-6.316317],[-62.2825991,-6.3164513],[-62.285817,-6.333386699999976],[-62.2902088,-6.334691],[-62.2991871,-6.3261092],[-62.3135662,-6.3333248],[-62.3438509,-6.32324980000002],[-62.377661,-6.323147900000029],[-62.4010478,-6.34756580000002],[-62.4260634,-6.359525900000023],[-62.4438523,-6.355937399999975],[-62.4846545,-6.379948799999986],[-62.49448610000001,-6.4056422],[-62.5049188,-6.4146921],[-62.5394676,-6.411235299999988],[-62.5573124,-6.3819672],[-62.5716805,-6.380991199999969],[-62.5884253,-6.390350800000024],[-62.5820779,-6.411278900000028],[-62.595424,-6.4223966],[-62.6073628,-6.41724529999998],[-62.6021682,-6.431163500000016],[-62.6056787,-6.436002100000015],[-62.6116713,-6.4360772],[-62.6130639,-6.4407858],[-62.6171107,-6.43836469999997],[-62.6148859,-6.441848200000019],[-62.6216154,-6.4445088],[-62.6212037,-6.44792440000001],[-62.6417834,-6.4571528],[-62.66635560000001,-6.443560900000016],[-62.6713112,-6.443138399999986],[-62.6735035,-6.447648499999986],[-62.67733410000001,-6.444011700000016],[-62.6834335,-6.451260699999982],[-62.6906227,-6.445528699999975],[-62.6935707,-6.448838199999981],[-62.7033445,-6.44440020000001],[-62.7040821,-6.436767900000016],[-62.7147259,-6.443083100000017],[-62.7136837,-6.433774599999976],[-62.7191561,-6.424929],[-62.7165022,-6.421389299999969],[-62.7219729,-6.420734],[-62.7216449,-6.4175062],[-62.7303342,-6.423265100000021],[-62.7366141,-6.4165969],[-62.7473628,-6.4193453],[-62.7587077,-6.4165667],[-62.76637070000001,-6.418646699999971],[-62.7634101,-6.423779299999968],[-62.7689671,-6.417269599999975],[-62.774059,-6.4139565],[-62.7722023,-6.4161847],[-62.7776884,-6.415391799999973],[-62.7786754,-6.4215133],[-62.7890763,-6.420582799999969],[-62.7940745,-6.425950200000022],[-62.8041174,-6.4149009],[-62.80960420000001,-6.420037599999988],[-62.8256744,-6.423048],[-62.8299116,-6.43576],[-62.8404083,-6.432591499999979],[-62.8539776,-6.4381182],[-62.8635663,-6.4299446],[-62.8472023,-6.407330200000015],[-62.7918467,-6.355750799999983],[-62.7415454,-6.2751299],[-62.6449857,-6.188106099999975],[-62.5674638,-6.095050400000028],[-62.4926292,-5.972635700000025],[-62.4431799,-5.934990099999969],[-62.3320663,-5.817835300000022],[-62.1600769,-5.550728],[-62.1253804,-5.505265800000029],[-62.0811621,-5.41560379999997],[-62.0149366,-5.3256589],[-61.942076,-5.2945065],[-61.8689855,-5.222899800000021]]]}},{"type":"Feature","properties":{"CD_MUN":"1300144","NM_MUN":"Apuí","SIGLA_UF":"AM","CodigoIBGE":"1300144","SubRegiaoNumero":5,"CalhaSubRegiao":"Região do Madeira"},"geometry":{"type":"Polygon","coordinates":[[[-59.0961828,-8.803270399999983],[-60.4201808,-8.7966226],[-60.41954830000001,-8.7781209],[-60.401916,-8.781683599999987],[-60.3969988,-8.7667439],[-60.4032819,-8.759989],[-60.411151,-8.7639123],[-60.4277118,-8.760720900000022],[-60.4348455,-8.7511269],[-60.4232218,-8.7351133],[-60.4317092,-8.713488],[-60.4261822,-8.709527700000013],[-60.4292974,-8.6988183],[-60.4191861,-8.704254900000011],[-60.41672160000001,-8.701417300000013],[-60.4197501,-8.691437],[-60.4294477,-8.6942962],[-60.4281955,-8.684832200000018],[-60.4338367,-8.676673499999985],[-60.4286928,-8.6623628],[-60.4235319,-8.665774099999984],[-60.4068905,-8.6640155],[-60.4079995,-8.653983399999987],[-60.4187655,-8.6451482],[-60.4248238,-8.657223],[-60.4340224,-8.641081400000013],[-60.4434493,-8.63903720000002],[-60.4441486,-8.6307076],[-60.456402,-8.6275],[-60.4690559,-8.612333799999988],[-60.472629,-8.596989200000017],[-60.4595607,-8.590722299999975],[-60.4536641,-8.58104519999999],[-60.4554051,-8.5757023],[-60.4695466,-8.5828824],[-60.4719458,-8.5890003],[-60.4871599,-8.5917426],[-60.4993258,-8.5854645],[-60.4985816,-8.5720737],[-60.5143987,-8.5680764],[-60.5251378,-8.5554898],[-60.5136119,-8.55298070000001],[-60.5003523,-8.539218],[-60.5102734,-8.5359203],[-60.5153896,-8.5223525],[-60.5231031,-8.5165607],[-60.5290302,-8.4928727],[-60.5092553,-8.490082700000016],[-60.5089138,-8.48506990000001],[-60.5157867,-8.479861],[-60.50990860000001,-8.4688132],[-60.4893965,-8.4517936],[-60.492938,-8.4412671],[-60.483663,-8.4359111],[-60.4893645,-8.43361640000001],[-60.4948828,-8.4213914],[-60.4917065,-8.401114],[-60.4833222,-8.3917154],[-60.4767776,-8.396073499999986],[-60.4662123,-8.386338],[-60.4569423,-8.392830199999985],[-60.4450709,-8.387183],[-60.4537333,-8.352880500000014],[-60.46858370000001,-8.334164099999985],[-60.4576722,-8.32651310000001],[-60.4517032,-8.3156402],[-60.4538198,-8.302574800000013],[-60.4625196,-8.2976782],[-60.4592133,-8.3122171],[-60.4616361,-8.3165579],[-60.4681559,-8.3167174],[-60.4622628,-8.3068324],[-60.4668537,-8.306082],[-60.4718235,-8.2972152],[-60.4871316,-8.2925319],[-60.4890619,-8.284839899999978],[-60.47613230000001,-8.272147399999989],[-60.4661807,-8.2771964],[-60.4578751,-8.26691930000001],[-60.46733170000001,-8.262923200000012],[-60.4867649,-8.234601199999986],[-60.4829277,-8.2319461],[-60.46742359999999,-8.245933099999984],[-60.4603117,-8.24073309999999],[-60.4641209,-8.204994500000021],[-60.4718163,-8.201273600000016],[-60.4752089,-8.21425250000001],[-60.4817765,-8.2010972],[-60.4721859,-8.1872581],[-60.4633702,-8.18931510000001],[-60.4508396,-8.1737652],[-60.4467093,-8.1578594],[-60.449474,-8.135378299999978],[-60.4420424,-8.13247],[-60.4361477,-8.1147895],[-60.4285682,-8.107600199999979],[-60.4404804,-8.10234160000002],[-60.4426761,-8.0877325],[-60.4488682,-8.080637],[-60.4481839,-8.0553446],[-60.4654718,-8.050498],[-60.4781499,-8.040076399999982],[-60.4764402,-8.03018760000001],[-60.4593864,-8.028906299999983],[-60.4520419,-8.02238250000001],[-60.4721262,-8.0143257],[-60.481693,-8.00107559999999],[-60.4791503,-7.989088599999981],[-60.4921688,-7.980478299999986],[-60.4928851,-7.9656974],[-60.5159663,-7.9547234],[-60.5156696,-7.9473106],[-60.5097799,-7.941561399999975],[-60.5124899,-7.928350699999982],[-60.5223629,-7.92904739999998],[-60.5289916,-7.9244359],[-60.5231868,-7.915024300000018],[-60.5147346,-7.910615],[-60.5160675,-7.90682170000002],[-60.5226022,-7.9074545],[-60.520816,-7.8961778],[-60.525523,-7.890730100000013],[-60.5226065,-7.879435200000011],[-60.51246780000001,-7.8729004],[-60.5114326,-7.867449699999978],[-60.5317918,-7.849345400000013],[-60.53666960000001,-7.838517300000013],[-60.5488579,-7.8304124],[-60.5459137,-7.80921770000001],[-60.5395659,-7.7979731],[-60.5677416,-7.7864339],[-60.5739629,-7.7717693],[-60.5659449,-7.7711544],[-60.5627621,-7.756476800000022],[-60.5709006,-7.7410614],[-60.5893994,-7.724957300000012],[-60.5876674,-7.708753799999988],[-60.6177222,-7.702199],[-60.6351487,-7.708307],[-60.6639667,-7.690979399999987],[-60.6744479,-7.67646350000002],[-60.674296,-7.6671085],[-60.6649565,-7.659095500000014],[-60.6624756,-7.648073600000017],[-60.6717662,-7.623181200000028],[-60.6799833,-7.614715],[-60.6791582,-7.584280300000016],[-60.6685262,-7.56586740000001],[-60.6755789,-7.531022],[-60.646393,-7.4769182],[-60.644738,-7.441167899999988],[-60.6518758,-7.408537300000011],[-60.6374931,-7.3527102],[-60.6386726,-7.322114499999975],[-60.6327277,-7.2893283],[-60.6369433,-7.270468800000013],[-60.6477786,-7.251843600000012],[-60.6523067,-7.228970699999979],[-60.6453282,-7.221055699999988],[-60.64958140000001,-7.202348],[-60.6693686,-7.16620080000001],[-60.6827418,-7.160619099999977],[-60.6969446,-7.1463457],[-60.1285064,-6.912761500000022],[-59.8727486,-6.8120612],[-59.5003912,-6.627922],[-59.2942456,-6.520616099999973],[-59.0791778,-6.389020800000017],[-58.8552822,-6.381478199999977],[-58.8465815,-6.3935074],[-58.8481103,-6.401279399999977],[-58.8370577,-6.422722300000035],[-58.8335574,-6.447340300000019],[-58.8359419,-6.470871800000026],[-58.8668683,-6.543462200000021],[-58.8701177,-6.5829893],[-58.8746666,-6.589494],[-58.8645017,-6.628206200000013],[-58.8680058,-6.6753895],[-58.8588333,-6.705470200000015],[-58.8378331,-6.72873610000002],[-58.8327276,-6.7447649],[-58.7941095,-6.776749800000011],[-58.7850249,-6.8322646],[-58.769753,-6.85038610000002],[-58.7678042,-6.858298],[-58.7516048,-6.857107099999978],[-58.7439639,-6.886897499999979],[-58.7330241,-6.8986134],[-58.6982977,-6.921272800000028],[-58.6815511,-6.923348100000012],[-58.6755742,-6.928399],[-58.652323,-6.9619317],[-58.65082490000001,-6.97811810000002],[-58.6328177,-7.0079953],[-58.6244019,-7.0034638],[-58.6170658,-7.005708],[-58.6016006,-7.0373016],[-58.5831463,-7.0357784],[-58.582479,-7.045150699999979],[-58.5747308,-7.049832599999987],[-58.5674595,-7.032921299999969],[-58.559875,-7.032038499999976],[-58.5418207,-7.036142],[-58.5321721,-7.052058900000025],[-58.52314830000001,-7.0550218],[-58.5071182,-7.0485196],[-58.496669,-7.05206649999998],[-58.4940936,-7.0599164],[-58.4929231,-7.0680441],[-58.5063191,-7.1143349],[-58.5180659,-7.127896600000024],[-58.5253671,-7.1300881],[-58.5364026,-7.155629899999984],[-58.5378749,-7.1652522],[-58.5264589,-7.179158],[-58.5290022,-7.186463800000014],[-58.5639252,-7.1989291],[-58.546616,-7.2184443],[-58.5314211,-7.228440800000014],[-58.5297291,-7.23763559999998],[-58.5421775,-7.2598332],[-58.5563733,-7.2692666],[-58.56512080000001,-7.283519900000012],[-58.5740375,-7.287612699999981],[-58.5724564,-7.296003],[-58.5587845,-7.316930699999978],[-58.5465587,-7.327024],[-58.540368,-7.342527500000012],[-58.5003447,-7.350125099999985],[-58.1473717,-7.343241],[-58.13705559999999,-7.356122800000021],[-58.1466406,-7.370398299999983],[-58.173361,-7.3943672],[-58.21306,-7.458534700000016],[-58.2131404,-7.493329],[-58.2227233,-7.524037800000026],[-58.2188625,-7.550030699999979],[-58.2025237,-7.596743299999977],[-58.2021706,-7.620854299999988],[-58.2397897,-7.65360670000001],[-58.2517941,-7.6767995],[-58.2805457,-7.70645719999998],[-58.2845013,-7.74835060000001],[-58.2940558,-7.7715405],[-58.3340604,-7.804401099999978],[-58.3716898,-7.82121059999998],[-58.3847417,-7.843989100000019],[-58.38399290000001,-7.8521297],[-58.3746655,-7.864760399999981],[-58.3732449,-7.90719990000001],[-58.3550493,-7.9439894],[-58.3315026,-7.9687628],[-58.324507,-7.992679499999977],[-58.3217286,-8.0249817],[-58.2883921,-8.0795723],[-58.2863641,-8.088477499999984],[-58.2918921,-8.1127298],[-58.2871694,-8.1285447],[-58.2901673,-8.1356],[-58.3174323,-8.154547400000014],[-58.3224642,-8.170039399999984],[-58.31294530000001,-8.209104900000018],[-58.32216970000001,-8.23206570000001],[-58.3205879,-8.271868799999986],[-58.3280835,-8.2858292],[-58.3158367,-8.306437599999985],[-58.3148931,-8.323060100000014],[-58.3255682,-8.3346503],[-58.3502775,-8.345667699999979],[-58.3545775,-8.3927541],[-58.3736344,-8.4233041],[-58.3943526,-8.444571699999976],[-58.3969912,-8.460424900000012],[-58.404614,-8.463711400000017],[-58.4178072,-8.489519599999989],[-58.4199572,-8.502181499999976],[-58.4151685,-8.5234446],[-58.4076435,-8.5283737],[-58.4051026,-8.537555],[-58.4104689,-8.5703919],[-58.3984697,-8.580130500000012],[-58.3895183,-8.594792499999986],[-58.4011106,-8.6158872],[-58.4035242,-8.6311977],[-58.4142747,-8.643905100000012],[-58.4373006,-8.7033525],[-58.43353,-8.7104385],[-58.4119558,-8.720608900000013],[-58.3836739,-8.7059242],[-58.3510264,-8.7015842],[-58.3283686,-8.7121787],[-58.3262244,-8.7200324],[-58.3546695,-8.737263599999974],[-58.3953394,-8.78033460000001],[-58.415878,-8.7928428],[-58.4300846,-8.7899063],[-58.44286790000001,-8.799399100000016],[-59.0961828,-8.803270399999983]]]}},{"type":"Feature","properties":{"CD_MUN":"1303304","NM_MUN":"Novo Aripuanã","SIGLA_UF":"AM","CodigoIBGE":"1303304","SubRegiaoNumero":5,"CalhaSubRegiao":"Região do Madeira"},"geometry":{"type":"Polygon","coordinates":[[[-60.5436508,-6.9355244],[-60.5473782,-6.31969469999997],[-60.5160125,-6.2956525],[-60.5135099,-6.287048399999978],[-60.5202591,-6.282552],[-60.5305868,-6.2621048],[-60.5528145,-6.250267799999978],[-60.5486265,-6.220147200000016],[-60.5568703,-6.206674500000032],[-60.5559319,-6.1986976],[-60.5479021,-6.168336300000019],[-60.5343465,-6.160164200000026],[-60.5380149,-6.1533151],[-60.5349027,-6.137503100000021],[-60.5452313,-6.126613699999987],[-60.5688495,-6.1222308],[-60.5714841,-6.114568199999987],[-60.5868239,-6.112908199999989],[-60.58461839999999,-6.073780499999986],[-60.5918769,-6.0703407],[-60.6156814,-6.0747956],[-60.6326559,-6.058135399999976],[-60.6333459,-6.051925299999978],[-60.6268707,-6.0495158],[-60.6274489,-6.0433978],[-60.6223079,-6.041323899999981],[-60.6276613,-6.038080099999987],[-60.6281129,-6.032272700000012],[-60.6202208,-6.023350199999971],[-60.6219558,-6.01655830000003],[-60.5967852,-6.0040202],[-60.5993106,-5.992870499999975],[-60.5935234,-5.9862758],[-60.5883092,-5.9865478],[-60.5862585,-5.977686300000016],[-60.5908487,-5.972781599999986],[-60.5870227,-5.972513],[-60.5809559,-5.9569933],[-60.5766676,-5.9565028],[-60.5788306,-5.950543],[-60.5673478,-5.9492193],[-60.5624905,-5.941905900000024],[-60.5598041,-5.9459077],[-60.5541108,-5.9445333],[-60.5541565,-5.939767],[-60.5490242,-5.938096899999977],[-60.5521749,-5.927500299999988],[-60.5476363,-5.929840399999987],[-60.5429083,-5.9242344],[-60.5419495,-5.905809100000011],[-60.5470512,-5.9042108],[-60.5493198,-5.896578799999969],[-60.5616232,-5.8959288],[-60.5592294,-5.8852066],[-60.5652006,-5.884807399999979],[-60.5660672,-5.876675799999989],[-60.5756224,-5.875118499999984],[-60.5837659,-5.866488900000011],[-60.5802637,-5.8593381],[-60.5733351,-5.86065280000003],[-60.576538,-5.858209299999977],[-60.5679456,-5.848981100000019],[-60.5699208,-5.842187199999986],[-60.5651178,-5.833674099999965],[-60.5594026,-5.8363647],[-60.5363372,-5.825518800000015],[-60.5482088,-5.811262500000021],[-60.531712,-5.776194699999971],[-60.5328309,-5.771579400000033],[-60.5370924,-5.773717499999972],[-60.5394992,-5.7693648],[-60.5459637,-5.771875299999981],[-60.5435015,-5.766623499999965],[-60.5597426,-5.766416700000017],[-60.5617708,-5.760061700000027],[-60.5652632,-5.7656511],[-60.5685006,-5.760848299999989],[-60.5701112,-5.751058199999972],[-60.5619077,-5.751074],[-60.5655759,-5.745691900000025],[-60.554235,-5.7459267],[-60.5534033,-5.729490400000037],[-60.5594461,-5.732162],[-60.5641472,-5.721881199999986],[-60.5682532,-5.72327519999998],[-60.5727171,-5.7170856],[-60.5782187,-5.723009900000021],[-60.5853218,-5.7205367],[-60.5871102,-5.709783],[-60.5895535,-5.711347799999967],[-60.5961302,-5.7028911],[-60.5972021,-5.707624],[-60.61158420000001,-5.711523700000011],[-60.6119161,-5.7172354],[-60.6161157,-5.712822299999978],[-60.623488,-5.7185741],[-60.6221904,-5.7139658],[-60.6280043,-5.7112579],[-60.6261547,-5.7165816],[-60.6410926,-5.711652399999985],[-60.637883,-5.705345200000018],[-60.6486938,-5.6991992],[-60.6470882,-5.6943539],[-60.6529981,-5.685905],[-60.6478767,-5.6834439],[-60.6536435,-5.678750799999984],[-60.647754,-5.677198499999986],[-60.6494376,-5.667776199999965],[-60.6441355,-5.666046],[-60.6481071,-5.663853799999986],[-60.6466122,-5.660571100000016],[-60.6418076,-5.667146500000032],[-60.6286882,-5.662524699999972],[-60.6326812,-5.658523599999983],[-60.6256266,-5.658645],[-60.6206251,-5.641928799999979],[-60.6283,-5.6424329],[-60.6274874,-5.63770160000001],[-60.6337261,-5.6353755],[-60.634494,-5.629551],[-60.63529290000001,-5.636019],[-60.639331,-5.637356800000017],[-60.6435594,-5.628323400000026],[-60.641196,-5.622501900000037],[-60.6476652,-5.622222499999977],[-60.6411528,-5.612146300000026],[-60.6513451,-5.612637599999964],[-60.6455015,-5.610709500000013],[-60.6455215,-5.584293],[-60.6341757,-5.587203300000017],[-60.6403926,-5.5812591],[-60.635441,-5.572546199999974],[-60.6374779,-5.568182599999979],[-60.6281035,-5.5682251],[-60.6333797,-5.565006699999984],[-60.6337301,-5.558477],[-60.6384282,-5.5609128],[-60.6439675,-5.55059709999998],[-60.63776690000001,-5.551107],[-60.6370935,-5.5430812],[-60.64014010000001,-5.537858700000019],[-60.64685,-5.540579499999973],[-60.6453608,-5.530453899999975],[-60.6374243,-5.527322800000022],[-60.6438399,-5.518806900000023],[-60.6388053,-5.521914600000014],[-60.63657520000001,-5.516663200000034],[-60.6321706,-5.5211983],[-60.6355767,-5.512968400000029],[-60.6320474,-5.5097327],[-60.621022,-5.5162189],[-60.6218874,-5.509251199999974],[-60.6256161,-5.5110679],[-60.6230858,-5.505824300000011],[-60.633595,-5.501025899999978],[-60.6293928,-5.486610499999988],[-60.6132737,-5.484774],[-60.6097045,-5.4794865],[-60.6136414,-5.468364400000011],[-60.6067504,-5.464725],[-60.6016891,-5.469181499999985],[-60.6006177,-5.4578836],[-60.5923757,-5.453625900000016],[-60.5865441,-5.457784199999966],[-60.5716604,-5.441909700000028],[-60.5750448,-5.436855799999972],[-60.5707699,-5.4330392],[-60.5795282,-5.4351526],[-60.5782623,-5.4219292],[-60.5817295,-5.428663500000019],[-60.591505,-5.424536600000023],[-60.5861018,-5.418010699999971],[-60.58632080000001,-5.402418199999978],[-60.5907283,-5.409378],[-60.5986249,-5.4056695],[-60.6031313,-5.409668699999981],[-60.6036942,-5.404318499999989],[-60.5921214,-5.396645900000038],[-60.5993438,-5.3898702],[-60.6001883,-5.381842199999979],[-60.5920428,-5.372866700000012],[-60.5985655,-5.371637499999986],[-60.5999817,-5.363791600000011],[-60.5989007,-5.357483],[-60.58823060000001,-5.354852399999982],[-60.5864019,-5.348026699999983],[-60.5711609,-5.352352299999981],[-60.572633,-5.341684899999972],[-60.5636137,-5.334358199999966],[-60.5676266,-5.327881200000019],[-60.5621565,-5.3253435],[-60.572785,-5.318268900000015],[-60.565995,-5.31568450000004],[-60.5642817,-5.3099474],[-60.5854931,-5.303396699999989],[-60.5752932,-5.300407400000012],[-60.5764571,-5.284320399999973],[-60.5536674,-5.261466600000015],[-60.5750702,-5.267892899999963],[-60.6264867,-5.296145199999968],[-60.7158414,-5.306335699999976],[-60.7293471,-5.31532419999996],[-60.741849,-5.336485400000023],[-60.755014,-5.344953],[-60.75639790000001,-5.3525575],[-60.7719012,-5.370681600000025],[-60.783782,-5.37473460000002],[-60.7873836,-5.387163600000015],[-60.80106210000001,-5.38455839999996],[-60.8112376,-5.388870200000017],[-60.8145545,-5.401552500000016],[-60.8266699,-5.402089699999974],[-60.8487066,-5.3843511],[-60.8643448,-5.378178199999986],[-60.8954896,-5.38187880000001],[-60.9430966,-5.370804200000023],[-60.9402386,-5.3637871],[-60.9173221,-5.3583689],[-60.9055718,-5.347816300000013],[-60.9014825,-5.340419700000014],[-60.9048776,-5.317413199999983],[-60.8988762,-5.311545899999971],[-60.860736,-5.3006702],[-60.8358199,-5.30247860000001],[-60.8176259,-5.266656400000023],[-60.8082914,-5.2280612],[-60.7815716,-5.196949500000014],[-60.7372306,-5.165176800000024],[-60.7390099,-5.1576586],[-60.7461249,-5.1540899],[-60.7455991,-5.146182],[-60.6942047,-5.072664299999972],[-60.695294,-5.056765400000018],[-60.7031179,-5.0421924],[-60.28764060000001,-5.0425436],[-60.25375,-4.99020340000003],[-60.2284163,-4.927204],[-60.2085583,-4.9073017],[-60.1908491,-4.901412],[-60.172116,-4.901887],[-60.1183562,-4.923952900000024],[-60.0924833,-4.92561760000001],[-59.9760158,-4.874946700000025],[-59.945402,-4.868133099999969],[-59.6707811,-5.282335199999981],[-59.678772,-5.298443299999976],[-59.6943621,-5.314895700000027],[-59.699327,-5.354592700000015],[-59.72682540000001,-5.404913199999967],[-59.727753,-5.448542],[-59.7099853,-5.467815500000015],[-59.7071867,-5.495735300000035],[-59.6801663,-5.503168299999966],[-59.6493344,-5.490626599999961],[-59.6200456,-5.4877426],[-59.6045184,-5.477895099999963],[-59.5974084,-5.4830527],[-59.5899127,-5.502646799999972],[-59.5734614,-5.4999281],[-59.5469924,-5.518299100000016],[-59.5516709,-5.532825199999982],[-59.5444783,-5.552176899999964],[-59.5471445,-5.566306800000014],[-59.5719596,-5.620971500000021],[-59.59168180000001,-5.6365945],[-59.598223,-5.6652073],[-59.61513320000001,-5.6915972],[-59.6172001,-5.718918599999986],[-59.6105894,-5.736967300000024],[-59.6143905,-5.750166300000015],[-59.6058003,-5.7455415],[-59.5989414,-5.752121300000013],[-59.5990779,-5.759548300000013],[-59.6054206,-5.767540699999983],[-59.6050327,-5.779034200000026],[-59.6013519,-5.7842844],[-59.5877292,-5.786495600000016],[-59.5961468,-5.799601700000016],[-59.583162,-5.794500200000011],[-59.566294,-5.815253],[-59.5549649,-5.816394799999981],[-59.5623341,-5.843995900000018],[-59.54755750000001,-5.847079],[-59.5381212,-5.8665023],[-59.5269819,-5.859058600000024],[-59.5222225,-5.861540799999973],[-59.5227852,-5.894256400000032],[-59.51236990000001,-5.888191099999978],[-59.5013099,-5.89135889999998],[-59.4972183,-5.883307699999976],[-59.4883336,-5.888652800000028],[-59.4894813,-5.895873899999983],[-59.5049527,-5.908253],[-59.5024039,-5.91104560000003],[-59.496436,-5.905703],[-59.4974614,-5.932932099999989],[-59.4820038,-5.931685599999982],[-59.4838037,-5.9388375],[-59.4623238,-5.9439944],[-59.4520209,-5.95550470000001],[-59.4499806,-5.96402550000001],[-59.45688710000001,-5.979626099999966],[-59.4522236,-5.9944793],[-59.4426227,-5.9986266],[-59.4359691,-5.995001700000028],[-59.4351174,-6.003368900000019],[-59.408938,-6.009029700000011],[-59.405963,-6.021391499999981],[-59.4121081,-6.048687799999971],[-59.3976243,-6.048647299999974],[-59.3850163,-6.074227300000024],[-59.3861841,-6.081457799999977],[-59.3922983,-6.075798900000031],[-59.3961945,-6.07741190000003],[-59.3972064,-6.068233],[-59.3973289,-6.082776],[-59.3750181,-6.0880562],[-59.3672331,-6.109150700000033],[-59.35714020000001,-6.109311899999977],[-59.3542966,-6.122452800000019],[-59.34640490000001,-6.122229800000022],[-59.3616962,-6.127171],[-59.3588928,-6.168248800000027],[-59.3492537,-6.1745346],[-59.3446142,-6.1731046],[-59.3430926,-6.18137220000002],[-59.3379853,-6.177372899999985],[-59.3415062,-6.18447220000001],[-59.3365742,-6.1941427],[-59.3314714,-6.1949817],[-59.3300687,-6.202872599999975],[-59.3417433,-6.217753100000023],[-59.3391101,-6.223200100000027],[-59.3340413,-6.221683399999987],[-59.3297624,-6.2259508],[-59.3450317,-6.2376222],[-59.3487047,-6.25180249999998],[-59.35601290000001,-6.258211900000022],[-59.3432177,-6.263303399999985],[-59.3393694,-6.272527],[-59.3337297,-6.274282400000012],[-59.3458141,-6.2785674],[-59.3673908,-6.2784514],[-59.3705195,-6.290582700000022],[-59.3809026,-6.303716599999979],[-59.37808960000001,-6.3103409],[-59.3658591,-6.3034435],[-59.3536954,-6.3175997],[-59.35337160000001,-6.311360300000013],[-59.35049380000001,-6.313747099999967],[-59.3539717,-6.334828199999983],[-59.3627585,-6.340426100000015],[-59.3427378,-6.349210299999986],[-59.3409142,-6.352036800000028],[-59.34703420000001,-6.35367960000002],[-59.3462062,-6.3575231],[-59.3277138,-6.3726575],[-59.3351064,-6.381174299999978],[-59.3271474,-6.388792],[-59.3260517,-6.4016329],[-59.3173473,-6.40373110000001],[-59.3144985,-6.409113],[-59.3191778,-6.41529],[-59.3091412,-6.4234037],[-59.31297090000001,-6.428940099999977],[-59.3105491,-6.434720800000019],[-59.3140543,-6.440545],[-59.3097152,-6.444802300000027],[-59.3140601,-6.458877500000032],[-59.6098139,-6.4604762],[-59.6157243,-6.472608399999986],[-59.6315429,-6.4768873],[-59.6608995,-6.464287199999966],[-59.7144465,-6.457944100000023],[-59.7346613,-6.445820399999974],[-59.7490282,-6.448293099999972],[-59.7595192,-6.4657762],[-59.7674021,-6.470163299999986],[-59.778865,-6.4654088],[-59.7824768,-6.468934200000022],[-59.7853512,-6.462198100000016],[-59.7978466,-6.458536500000031],[-59.7965894,-6.448019600000027],[-59.8030805,-6.434440699999976],[-59.8134972,-6.437202700000018],[-59.8176397,-6.4300527],[-59.8313753,-6.459721299999977],[-59.8452046,-6.478193700000012],[-59.8559239,-6.524072500000019],[-59.8733792,-6.5218985],[-59.880562,-6.5273748],[-59.8983094,-6.527657],[-59.9039413,-6.541772200000018],[-59.9334781,-6.55559840000003],[-59.9287828,-6.571334300000025],[-59.9563076,-6.6216829],[-59.9298104,-6.637753400000024],[-59.9250083,-6.652685199999986],[-59.9262018,-6.660852299999974],[-59.9404552,-6.6662635],[-59.9439064,-6.6732032],[-59.9437269,-6.6810824],[-59.9216176,-6.686995499999976],[-59.9163697,-6.692459200000018],[-59.9301544,-6.712675599999981],[-59.9325515,-6.7271885],[-59.9151188,-6.7446132],[-59.905714,-6.7467289],[-59.9026616,-6.79456],[-59.887916,-6.788856],[-59.8818456,-6.7933806],[-59.8851139,-6.800396699999988],[-59.8830106,-6.808923400000024],[-59.87453150000001,-6.8081839],[-59.8727486,-6.8120612],[-60.1285064,-6.912761500000022],[-60.6969446,-7.1463457],[-60.6827418,-7.160619099999977],[-60.6693686,-7.16620080000001],[-60.64958140000001,-7.202348],[-60.6453282,-7.221055699999988],[-60.6523067,-7.228970699999979],[-60.6477786,-7.251843600000012],[-60.6369433,-7.270468800000013],[-60.6327277,-7.2893283],[-60.6386726,-7.322114499999975],[-60.6374931,-7.3527102],[-60.6518758,-7.408537300000011],[-60.644738,-7.441167899999988],[-60.646393,-7.4769182],[-60.6755789,-7.531022],[-60.6685262,-7.56586740000001],[-60.6791582,-7.584280300000016],[-60.6799833,-7.614715],[-60.6717662,-7.623181200000028],[-60.6624756,-7.648073600000017],[-60.6649565,-7.659095500000014],[-60.674296,-7.6671085],[-60.6744479,-7.67646350000002],[-60.6639667,-7.690979399999987],[-60.6351487,-7.708307],[-60.6177222,-7.702199],[-60.5876674,-7.708753799999988],[-60.5893994,-7.724957300000012],[-60.5709006,-7.7410614],[-60.5627621,-7.756476800000022],[-60.5659449,-7.7711544],[-60.5739629,-7.7717693],[-60.5677416,-7.7864339],[-60.5395659,-7.7979731],[-60.5459137,-7.80921770000001],[-60.5488579,-7.8304124],[-60.53666960000001,-7.838517300000013],[-60.5317918,-7.849345400000013],[-60.5114326,-7.867449699999978],[-60.51246780000001,-7.8729004],[-60.5226065,-7.879435200000011],[-60.525523,-7.890730100000013],[-60.520816,-7.8961778],[-60.5226022,-7.9074545],[-60.5160675,-7.90682170000002],[-60.5147346,-7.910615],[-60.5231868,-7.915024300000018],[-60.5289916,-7.9244359],[-60.5223629,-7.92904739999998],[-60.5124899,-7.928350699999982],[-60.5097799,-7.941561399999975],[-60.5156696,-7.9473106],[-60.5159663,-7.9547234],[-60.4928851,-7.9656974],[-60.4921688,-7.980478299999986],[-60.4791503,-7.989088599999981],[-60.481693,-8.00107559999999],[-60.4721262,-8.0143257],[-60.4520419,-8.02238250000001],[-60.4593864,-8.028906299999983],[-60.4764402,-8.03018760000001],[-60.4781499,-8.040076399999982],[-60.4654718,-8.050498],[-60.4481839,-8.0553446],[-60.4488682,-8.080637],[-60.4426761,-8.0877325],[-60.4404804,-8.10234160000002],[-60.4285682,-8.107600199999979],[-60.4361477,-8.1147895],[-60.4420424,-8.13247],[-60.449474,-8.135378299999978],[-60.4467093,-8.1578594],[-60.4508396,-8.1737652],[-60.4633702,-8.18931510000001],[-60.4721859,-8.1872581],[-60.4817765,-8.2010972],[-60.4752089,-8.21425250000001],[-60.4718163,-8.201273600000016],[-60.4641209,-8.204994500000021],[-60.4603117,-8.24073309999999],[-60.46742359999999,-8.245933099999984],[-60.4829277,-8.2319461],[-60.4867649,-8.234601199999986],[-60.46733170000001,-8.262923200000012],[-60.4578751,-8.26691930000001],[-60.4661807,-8.2771964],[-60.47613230000001,-8.272147399999989],[-60.4890619,-8.284839899999978],[-60.4871316,-8.2925319],[-60.4718235,-8.2972152],[-60.4668537,-8.306082],[-60.4622628,-8.3068324],[-60.4681559,-8.3167174],[-60.4616361,-8.3165579],[-60.4592133,-8.3122171],[-60.4625196,-8.2976782],[-60.4538198,-8.302574800000013],[-60.4517032,-8.3156402],[-60.4576722,-8.32651310000001],[-60.46858370000001,-8.334164099999985],[-60.4537333,-8.352880500000014],[-60.4450709,-8.387183],[-60.4569423,-8.392830199999985],[-60.4662123,-8.386338],[-60.4762503,-8.39588849999999],[-60.4831189,-8.3916713],[-60.4895412,-8.3978665],[-60.4955157,-8.413721],[-60.4897117,-8.433038400000015],[-60.483663,-8.4359111],[-60.492938,-8.4412671],[-60.4893965,-8.4517936],[-60.50990860000001,-8.4688132],[-60.5157867,-8.479861],[-60.5089138,-8.48506990000001],[-60.5092553,-8.490082700000016],[-60.5261473,-8.491161],[-60.5290072,-8.4946008],[-60.5242803,-8.5143026],[-60.5153896,-8.5223525],[-60.510353500000015,-8.5358156],[-60.5002565,-8.537765499999988],[-60.5136119,-8.55298070000001],[-60.5252588,-8.55309209999998],[-60.5226558,-8.5595279],[-60.5142221,-8.568186299999983],[-60.4985816,-8.5720737],[-60.4993258,-8.5854645],[-60.4863966,-8.591936],[-60.4719458,-8.5890003],[-60.4695466,-8.5828824],[-60.4554051,-8.5757023],[-60.4536641,-8.58104519999999],[-60.4595607,-8.590722299999975],[-60.472629,-8.596989200000017],[-60.4690559,-8.612333799999988],[-60.456402,-8.6275],[-60.4441486,-8.6307076],[-60.4434493,-8.63903720000002],[-60.4340224,-8.641081400000013],[-60.4248238,-8.657223],[-60.4187655,-8.6451482],[-60.4079995,-8.653983399999987],[-60.4068905,-8.6640155],[-60.4235319,-8.665774099999984],[-60.427964,-8.662127],[-60.4325243,-8.666041299999986],[-60.4294477,-8.6942962],[-60.4197501,-8.691437],[-60.41672160000001,-8.701417300000013],[-60.4191861,-8.704254900000011],[-60.4292974,-8.6988183],[-60.4261822,-8.709527700000013],[-60.4317092,-8.713488],[-60.4232218,-8.7351133],[-60.4249961,-8.7421479],[-60.4349317,-8.750607600000022],[-60.4277118,-8.760720900000022],[-60.3997144,-8.762511],[-60.3972669,-8.77278229999998],[-60.40131070000001,-8.781222],[-60.4194062,-8.777980600000026],[-60.4224817,-8.786045900000017],[-60.4201808,-8.7966226],[-61.58313480000001,-8.798689100000015],[-61.5901055,-8.794495299999983],[-61.6060278,-8.794714],[-61.6232981,-8.758254200000017],[-61.6295527,-8.7529562],[-61.6264691,-8.728853500000012],[-61.6305549,-8.721958399999973],[-61.6460811,-8.720699399999983],[-61.6504161,-8.713557500000018],[-61.6735812,-8.705016800000017],[-61.7053617,-8.7075264],[-61.7132742,-8.6878527],[-61.6877234,-8.6659174],[-61.688636,-8.657696099999988],[-61.6831635,-8.651377800000013],[-61.6203259,-8.6469831],[-61.6050272,-8.651768400000018],[-61.5748331,-8.6759077],[-61.5388538,-8.6931144],[-61.5233289,-8.6898237],[-61.5019952,-8.676581],[-61.4940256,-8.6633471],[-61.4953554,-8.6507115],[-61.5077703,-8.6389028],[-61.514856,-8.624209],[-61.517685,-8.605554699999988],[-61.5147183,-8.5884017],[-61.5214916,-8.5738772],[-61.5195729,-8.5659781],[-61.4989126,-8.5506637],[-61.4635169,-8.550345699999982],[-61.4533859,-8.5376334],[-61.4609913,-8.531282],[-61.46677050000001,-8.5056826],[-61.463274,-8.4692438],[-61.4726333,-8.456734099999979],[-61.5006646,-8.4362751],[-61.4916062,-8.4196866],[-61.4776606,-8.4128544],[-61.4548263,-8.388600900000016],[-61.473045,-8.34894129999998],[-61.45143490000001,-8.2983715],[-61.454155,-8.2631436],[-61.4492959,-8.2456816],[-61.4535756,-8.228957],[-61.4484388,-8.213489],[-61.4497736,-8.20484480000002],[-61.4585473,-8.205123299999975],[-61.4639395,-8.1785047],[-61.4799664,-8.169187300000022],[-61.4849133,-8.176424300000013],[-61.4935804,-8.1758992],[-61.5006629,-8.1693831],[-61.497329,-8.1590678],[-61.48480450000001,-8.14597920000002],[-61.4878703,-8.1301324],[-61.4834906,-8.121222],[-61.4921281,-8.1177562],[-61.4820455,-8.092784800000022],[-61.4841316,-8.0833368],[-61.5097703,-8.075399],[-61.512527,-8.050805100000021],[-61.5043025,-8.048632600000014],[-61.5005249,-8.055381899999976],[-61.4803005,-8.056841299999975],[-61.46397,-8.052472799999986],[-61.4464388,-8.0202862],[-61.4361653,-8.018028899999981],[-61.4253579,-8.0041399],[-61.41579680000001,-8.004661],[-61.4091565,-8.018118600000014],[-61.4183214,-8.033722900000011],[-61.4159915,-8.05066360000001],[-61.4103276,-8.056953],[-61.3938848,-8.051848500000016],[-61.3770516,-8.071274],[-61.3606633,-8.073718599999987],[-61.355102,-8.079263700000025],[-61.354962,-8.0949394],[-61.3364073,-8.1150072],[-61.3297984,-8.1293084],[-61.3025786,-8.150564099999988],[-61.3028525,-8.158168],[-61.288713,-8.167465],[-61.2882183,-8.210406399999973],[-61.2772945,-8.2252447],[-61.2745456,-8.257800699999985],[-61.2610527,-8.2700495],[-61.25160540000001,-8.272158500000016],[-61.2231322,-8.2576932],[-61.1951623,-8.252144700000013],[-61.1723853,-8.257683],[-61.1607405,-8.2721866],[-61.145997,-8.264155100000014],[-61.1093575,-8.260638400000017],[-61.0926044,-8.242748099999982],[-61.0826048,-8.218113],[-61.0836292,-8.189938599999984],[-61.0972462,-8.1773583],[-61.1147389,-8.1708855],[-61.1340209,-8.1541876],[-61.1363296,-8.1463295],[-61.1366036,-8.1098492],[-61.1244946,-8.0847962],[-61.126158,-8.076724200000013],[-61.1404637,-8.069819400000021],[-61.14632860000001,-8.061827499999989],[-61.1423502,-8.0083608],[-61.1483267,-7.9927405],[-61.1633229,-7.9885523],[-61.1787366,-7.9912125],[-61.2011038,-7.998059],[-61.2126333,-8.0067626],[-61.2289658,-7.992083899999979],[-61.2727419,-7.972363400000013],[-61.2747109,-7.9642094],[-61.2899933,-7.959448399999987],[-61.3170673,-7.93997040000002],[-61.3223246,-7.9248647],[-61.3332161,-7.912033099999987],[-61.3544661,-7.906836200000021],[-61.3533263,-7.8917131],[-61.3459632,-7.8774346],[-61.3381586,-7.878242099999988],[-61.3397473,-7.8542152],[-61.3267155,-7.779718199999989],[-61.3283791,-7.75960960000001],[-61.3228125,-7.751978699999984],[-61.3157614,-7.752703799999976],[-61.3141143,-7.748457600000018],[-61.3055263,-7.74641160000001],[-61.3080236,-7.7358294],[-61.3016506,-7.732093800000023],[-61.3064775,-7.7213691],[-61.2974479,-7.716382599999972],[-61.2975867,-7.7100767],[-61.2910654,-7.7040375],[-61.2946762,-7.700105],[-61.293648,-7.691663899999974],[-61.2837424,-7.679154200000026],[-61.2826978,-7.668019],[-61.2879509,-7.661517399999976],[-61.2885758,-7.6518338],[-61.2966226,-7.645252499999978],[-61.2978793,-7.648388299999985],[-61.2978518,-7.6372053],[-61.3030147,-7.634136800000024],[-61.2954805,-7.621900300000014],[-61.3039145,-7.616901799999976],[-61.2940555,-7.6099487],[-61.2968421,-7.603393100000019],[-61.2799774,-7.60125209999998],[-61.2908474,-7.599850200000011],[-61.2852251,-7.591181200000011],[-61.2985772,-7.5715038],[-61.2971296,-7.5640613],[-61.301162,-7.566350200000015],[-61.3022933,-7.554349],[-61.2950475,-7.5474857],[-61.2960355,-7.538062],[-61.3113973,-7.5374419],[-61.2960805,-7.5286072],[-61.307419,-7.5200557],[-61.29873,-7.5078304],[-61.31062020000001,-7.5029467],[-61.30882410000001,-7.496990899999981],[-61.3018067,-7.497812199999981],[-61.3007649,-7.4896561],[-61.30641580000001,-7.486621499999976],[-61.3064028,-7.481632200000015],[-61.308888,-7.484888299999979],[-61.3116812,-7.481322299999983],[-61.3094666,-7.477073500000011],[-61.3133254,-7.4765074],[-61.3152295,-7.463069699999988],[-61.3119175,-7.460875199999973],[-61.3151061,-7.457444299999973],[-61.3127443,-7.4506981],[-61.3158124,-7.450488399999982],[-61.3187185,-7.425266200000016],[-61.328517,-7.419676800000023],[-61.3390465,-7.3843747],[-61.3202406,-7.370647699999978],[-61.3250579,-7.357408500000023],[-61.3291938,-7.3607689],[-61.3283446,-7.35332],[-61.314643,-7.351824700000016],[-61.3184186,-7.3436044],[-61.2935508,-7.33146229999998],[-61.2914487,-7.3191253],[-61.2771299,-7.3173195],[-61.2779959,-7.3120534],[-61.2748876,-7.312077699999977],[-61.28016680000001,-7.3049571],[-61.2769036,-7.2999521],[-61.2595658,-7.306207],[-61.245332,-7.3009712],[-61.2409912,-7.305625399999977],[-61.2300583,-7.306331900000015],[-61.2363898,-7.2983947],[-61.2418767,-7.2992707],[-61.2457799,-7.288733],[-61.241856,-7.2712969],[-61.2350296,-7.265713],[-61.2312269,-7.267787399999981],[-61.2204798,-7.263021],[-61.2175888,-7.2542666],[-61.1887587,-7.255218700000011],[-61.1877328,-7.2499458],[-61.1929959,-7.2440893],[-61.2062809,-7.243141200000013],[-61.2081254,-7.234232899999984],[-61.2033707,-7.22640440000002],[-61.2112469,-7.2303094],[-61.2165828,-7.2271722],[-61.2145626,-7.219138299999986],[-61.20326080000001,-7.217202399999977],[-61.2016421,-7.2135185],[-61.1998633,-7.2034263],[-61.2050226,-7.1905254],[-61.2132696,-7.1871889],[-61.2144266,-7.181196600000024],[-61.2196168,-7.181740200000015],[-61.21592050000001,-7.17258],[-61.22178730000001,-7.173429199999987],[-61.2312924,-7.1665159],[-61.2270749,-7.175677400000017],[-61.2318343,-7.176629599999989],[-61.2446737,-7.1563698],[-61.2430338,-7.143674],[-61.23437590000001,-7.134507599999986],[-61.227195,-7.135885700000012],[-61.2250524,-7.132387600000021],[-61.2323242,-7.117922599999982],[-61.2250289,-7.116184900000015],[-61.2214968,-7.124907],[-61.2120016,-7.1225214],[-61.2132137,-7.129629299999974],[-61.203201,-7.132204199999976],[-61.2042575,-7.119205],[-61.164393,-7.1031668],[-61.1558406,-7.1078164],[-61.1555072,-7.097660099999981],[-61.1608096,-7.091436700000018],[-61.153681,-7.0843608],[-61.1584472,-7.077934],[-61.1554161,-7.071167499999984],[-61.1600365,-7.063322400000014],[-61.1655788,-7.06213920000002],[-61.1583085,-7.05341530000001],[-61.1651271,-7.0558439],[-61.1791298,-7.049695100000022],[-61.1828462,-7.0338249],[-61.1802181,-7.01822540000002],[-61.1716254,-7.007242],[-61.173394,-7.012816],[-61.1687994,-7.0211271],[-61.1644608,-7.016982],[-61.157692,-7.024624],[-61.1476411,-7.023497499999971],[-61.12845930000001,-6.994228],[-61.1238229,-6.9987786],[-61.1155092,-6.9987093],[-61.0938634,-6.9882211],[-61.0886979,-6.9819522],[-61.0949154,-6.9793717],[-61.0962385,-6.9704639],[-61.0841112,-6.954883199999983],[-61.0927683,-6.944647],[-61.0901993,-6.9417667],[-61.08415260000001,-6.94638],[-61.07394209999999,-6.935181],[-60.5436508,-6.9355244]]]}},{"type":"Feature","properties":{"CD_MUN":"1300805","NM_MUN":"Borba","SIGLA_UF":"AM","CodigoIBGE":"1300805","SubRegiaoNumero":5,"CalhaSubRegiao":"Região do Madeira"},"geometry":{"type":"Polygon","coordinates":[[[-59.4518595,-5.9557667],[-59.4623238,-5.9439944],[-59.4838037,-5.9388375],[-59.4820038,-5.931685599999982],[-59.4974614,-5.932932099999989],[-59.496436,-5.905703],[-59.5024039,-5.91104560000003],[-59.5049527,-5.908253],[-59.4894813,-5.895873899999983],[-59.4883336,-5.888652800000028],[-59.4972183,-5.883307699999976],[-59.5013099,-5.89135889999998],[-59.51236990000001,-5.888191099999978],[-59.5227852,-5.894256400000032],[-59.5222225,-5.861540799999973],[-59.5269819,-5.859058600000024],[-59.5381212,-5.8665023],[-59.54755750000001,-5.847079],[-59.5623341,-5.843995900000018],[-59.5549649,-5.816394799999981],[-59.566294,-5.815253],[-59.583162,-5.794500200000011],[-59.5961468,-5.799601700000016],[-59.5877292,-5.786495600000016],[-59.6013519,-5.7842844],[-59.6050327,-5.779034200000026],[-59.6054206,-5.767540699999983],[-59.5990779,-5.759548300000013],[-59.5989414,-5.752121300000013],[-59.6058003,-5.7455415],[-59.6143905,-5.750166300000015],[-59.6105894,-5.736967300000024],[-59.6172001,-5.718918599999986],[-59.61513320000001,-5.6915972],[-59.598223,-5.6652073],[-59.59168180000001,-5.6365945],[-59.5719596,-5.620971500000021],[-59.5471445,-5.566306800000014],[-59.5444783,-5.552176899999964],[-59.5516709,-5.532825199999982],[-59.5469924,-5.518299100000016],[-59.5734614,-5.4999281],[-59.5899127,-5.502646799999972],[-59.5974084,-5.4830527],[-59.6045184,-5.477895099999963],[-59.6200456,-5.4877426],[-59.6493344,-5.490626599999961],[-59.6801663,-5.503168299999966],[-59.7071867,-5.495735300000035],[-59.7099853,-5.467815500000015],[-59.727753,-5.448542],[-59.72682540000001,-5.404913199999967],[-59.699327,-5.354592700000015],[-59.6943621,-5.314895700000027],[-59.678772,-5.298443299999976],[-59.6707811,-5.282335199999981],[-59.945402,-4.868133099999969],[-59.9760158,-4.874946700000025],[-60.0924833,-4.92561760000001],[-60.1183562,-4.923952900000024],[-60.172116,-4.901887],[-60.1908491,-4.901412],[-60.2085583,-4.9073017],[-60.2284163,-4.927204],[-60.25375,-4.99020340000003],[-60.28764060000001,-5.0425436],[-60.7031179,-5.0421924],[-60.695294,-5.056765400000018],[-60.6942047,-5.072664299999972],[-60.7168272,-5.106496700000015],[-60.7257889,-5.113233199999966],[-60.913605,-5.1129307],[-61.2935664,-4.7118901],[-61.2714876,-4.662467499999986],[-61.2486071,-4.62765],[-61.1678288,-4.544239],[-61.0093905,-4.4234954],[-60.8489643,-4.282191500000036],[-60.8070978,-4.181597],[-60.8033296,-4.1859137],[-60.8003528,-4.181101399999977],[-60.7917733,-4.182235499999982],[-60.7796111,-4.1908583],[-60.7777062,-4.180954300000015],[-60.7587046,-4.187446900000019],[-60.7675634,-4.191119499999963],[-60.7643724,-4.195629799999978],[-60.76957320000001,-4.1972755],[-60.7585737,-4.202153199999956],[-60.7572326,-4.198593600000036],[-60.755874,-4.202435599999968],[-60.7548285,-4.196185100000039],[-60.7615821,-4.193508899999961],[-60.7498292,-4.190502599999983],[-60.7480794,-4.196650599999971],[-60.7443279,-4.193085500000023],[-60.7445079,-4.1984691],[-60.7343939,-4.1942167],[-60.72,-4.1992059],[-60.7115541,-4.186200400000023],[-60.7047417,-4.1847028],[-60.7022891,-4.187137199999953],[-60.7117934,-4.1958748],[-60.7006079,-4.195935600000032],[-60.6965725,-4.202462500000014],[-60.7073054,-4.209111499999963],[-60.6895314,-4.222841699999975],[-60.6838053,-4.20565730000001],[-60.6751216,-4.218014399999967],[-60.6714604,-4.2139962],[-60.6727927,-4.205544300000015],[-60.6630031,-4.205085699999959],[-60.6551139,-4.213000100000046],[-60.6538279,-4.2029721],[-60.6391995,-4.200818600000033],[-60.6382104,-4.1864195],[-60.6295426,-4.18937040000003],[-60.6284014,-4.198934399999964],[-60.6234597,-4.201244599999975],[-60.6262068,-4.18267509999998],[-60.6179394,-4.174389],[-60.6102068,-4.1755773],[-60.6044047,-4.186522800000022],[-60.6006166,-4.174439],[-60.5919551,-4.173953],[-60.586263,-4.177654300000015],[-60.5863391,-4.184249599999978],[-60.5744365,-4.174931],[-60.5721573,-4.163488700000014],[-60.56475,-4.164905800000015],[-60.5606652,-4.153750800000036],[-60.5450045,-4.164856],[-60.543932,-4.155348899999967],[-60.5500407,-4.152903099999969],[-60.5495016,-4.149209400000043],[-60.5381169,-4.1500002],[-60.5244389,-4.169422499999976],[-60.5224465,-4.165858700000037],[-60.5276848,-4.159362799999977],[-60.522563,-4.1544891],[-60.5241453,-4.148417699999967],[-60.5159842,-4.141192699999968],[-60.5122067,-4.154809300000012],[-60.50337170000001,-4.1390766],[-60.493074,-4.149572899999979],[-60.4935723,-4.128806800000015],[-60.4884364,-4.138952700000044],[-60.4755557,-4.130134700000037],[-60.4781463,-4.1397089],[-60.4525353,-4.1533269],[-60.4579947,-4.16341910000001],[-60.4497384,-4.173064800000041],[-60.4417809,-4.1734088],[-60.4415231,-4.167433900000034],[-60.4357237,-4.164363100000028],[-60.4176567,-4.174624499999966],[-60.4038209,-4.164145899999983],[-60.4003045,-4.156030700000017],[-60.3971008,-4.161034399999962],[-60.3885078,-4.161704],[-60.3956072,-4.1624171],[-60.3901675,-4.1721096],[-60.3767575,-4.172419300000044],[-60.3768905,-4.178115700000014],[-60.3831571,-4.175012500000015],[-60.3900035,-4.183212],[-60.3805609,-4.180027699999973],[-60.36747350000001,-4.190196500000017],[-60.3710581,-4.180633199999954],[-60.3619999,-4.178664600000044],[-60.3574386,-4.184790599999963],[-60.3483243,-4.1862131],[-60.3301849,-4.181672299999981],[-60.3176705,-4.190109799999965],[-60.2994015,-4.178107900000027],[-60.3077866,-4.168069100000035],[-60.3053067,-4.162933599999987],[-60.2870022,-4.164507799999971],[-60.2778276,-4.17179],[-60.2801459,-4.182398],[-60.2672287,-4.203811],[-60.2772047,-4.2324497],[-60.2728436,-4.2363415],[-60.2618285,-4.234430799999986],[-60.2617707,-4.250684099999969],[-60.2509151,-4.249058300000019],[-60.2502246,-4.255712100000035],[-60.237645,-4.268095799999952],[-60.2281509,-4.263234299999955],[-60.2294852,-4.2786698],[-60.2154373,-4.2952675],[-60.20987,-4.295007699999974],[-60.2084225,-4.288964200000027],[-60.2184753,-4.275487599999965],[-60.2054147,-4.273819599999982],[-60.1844074,-4.29396879999998],[-60.1912169,-4.2987789],[-60.1923326,-4.306498400000021],[-60.1721794,-4.316154299999978],[-60.1709148,-4.33214430000002],[-60.1666487,-4.336914900000016],[-60.1501665,-4.343713900000034],[-60.1236897,-4.3380884],[-60.1216633,-4.358955099999987],[-60.1368854,-4.372915900000014],[-60.12501970000001,-4.378472399999985],[-60.12895549999999,-4.388149499999972],[-60.1094224,-4.394241099999983],[-60.1008529,-4.40738810000004],[-60.0901328,-4.409327499999989],[-60.0839623,-4.406021599999973],[-60.0753744,-4.382703099999988],[-60.06423,-4.3785953],[-60.0537635,-4.380548799999988],[-60.0468713,-4.386288100000029],[-60.0536059,-4.399123200000022],[-60.0525707,-4.4114364],[-60.039388,-4.421030399999966],[-60.0282235,-4.4220887],[-60.02277870000001,-4.4108462],[-60.0095484,-4.402359699999979],[-59.9969781,-4.396784400000044],[-59.9757652,-4.39645309999998],[-59.9540449,-4.388513800000031],[-59.9487154,-4.381939],[-59.947921,-4.3644281],[-59.9679181,-4.3397524],[-59.9700873,-4.30751149999997],[-59.9889155,-4.2637087],[-59.9877604,-4.2573279],[-59.9768344,-4.249449199999961],[-59.9671053,-4.257700700000011],[-59.9405218,-4.249107899999983],[-59.9405233,-4.2395878],[-59.9474225,-4.2276031],[-59.9418283,-4.219796900000039],[-59.9289188,-4.2128426],[-59.6944041,-4.212209800000011],[-59.675436,-4.188732],[-59.6441028,-4.2019445],[-59.620154,-4.198588799999968],[-59.5861452,-4.140783499999973],[-59.5797131,-4.117074],[-59.5875088,-4.0767949],[-59.5817577,-4.057625399999959],[-59.558708,-4.0214449],[-59.5575082,-3.982655700000029],[-59.5512364,-3.971274599999961],[-59.5278475,-3.955624399999962],[-59.5293688,-3.9339648],[-59.5259284,-3.9258052],[-59.5004286,-3.919156899999961],[-59.1481653,-3.922145900000032],[-59.1723393,-3.9437362],[-59.1956266,-3.95202440000004],[-59.21335590000001,-3.953408499999985],[-59.2139768,-3.958747699999964],[-59.2008259,-3.955439199999947],[-59.199775,-3.967787799999962],[-59.1782712,-3.96671060000003],[-59.1547025,-3.972638199999974],[-59.1447452,-3.9666151],[-59.1304198,-3.970586],[-59.1155581,-3.9669516],[-59.0955572,-3.993003],[-59.0797382,-3.963437300000026],[-59.0464326,-3.958981499999978],[-59.0238962,-3.93058909999997],[-59.0098081,-3.937812199999982],[-59.0000837,-3.932807299999985],[-58.9928917,-3.916102700000042],[-58.9979614,-3.898146300000031],[-58.9922961,-3.891943800000029],[-58.9640132,-3.887967400000024],[-58.917057,-3.908987699999982],[-58.902057,-3.8960142],[-58.8816386,-3.853673200000011],[-58.862401,-3.8568817],[-58.8451833,-3.8490244],[-58.8393565,-3.8557488],[-58.8467931,-3.865673199999955],[-58.8461867,-3.8755097],[-58.8155828,-3.874338799999963],[-58.7985464,-3.908631800000037],[-58.7747764,-3.9052898],[-58.7867353,-3.918960499999988],[-58.799611,-3.955580600000018],[-58.8195037,-3.987734],[-58.8214579,-3.999062],[-58.8171152,-4.011220199999978],[-58.7882062,-4.036088600000041],[-58.7730315,-4.0739359],[-58.7409557,-4.086798399999958],[-58.69771990000001,-4.117409600000017],[-58.6786531,-4.151759499999979],[-58.6899181,-4.1877592],[-58.6891261,-4.201758600000036],[-58.66156620000001,-4.237159],[-58.6549615,-4.26684389999998],[-58.6237632,-4.259878800000036],[-58.6167382,-4.2680596],[-58.6155763,-4.289714400000014],[-58.6519801,-4.343176100000013],[-58.64712140000001,-4.3683447],[-58.6525751,-4.39010889999998],[-58.6303674,-4.43133680000002],[-58.6329846,-4.452795899999975],[-58.6474012,-4.453078799999987],[-58.6389954,-4.466831499999977],[-58.6236087,-4.470848200000027],[-58.6080685,-4.460271699999968],[-58.5938002,-4.459331],[-58.55229820000001,-4.4940191],[-58.5272283,-4.476632599999969],[-58.5085684,-4.469740199999986],[-58.5015072,-4.472262900000027],[-58.4896062,-4.491556799999979],[-58.4757004,-4.4890274],[-58.4647727,-4.495274600000038],[-58.4622551,-4.50448290000003],[-58.4518683,-4.50249349999997],[-58.4386622,-4.506691600000017],[-58.4204375,-4.493283],[-58.4143958,-4.5016396],[-58.3960965,-4.5032953],[-58.3852203,-4.474581],[-58.3845684,-4.460736700000026],[-58.3566827,-4.464559],[-58.351752,-4.45129149999998],[-58.3395407,-4.4416194],[-58.324681,-4.442159199999965],[-58.2941893,-4.427575],[-58.2932997,-4.413368100000033],[-58.2803149,-4.394983399999962],[-58.2681092,-4.398749400000025],[-58.2553972,-4.378928],[-58.2422165,-4.3826509],[-58.2258634,-4.38066840000003],[-58.2269398,-4.366834],[-58.2211986,-4.35905359999996],[-58.2093481,-4.360981199999961],[-58.196451,-4.348750500000037],[-58.1793788,-4.372413],[-58.1746536,-4.37109740000002],[-58.1759885,-4.363521899999961],[-58.1680576,-4.36106640000003],[-58.1538987,-4.371058],[-58.1508653,-4.363382199999974],[-58.14380890000001,-4.36680530000002],[-58.1274062,-4.365336600000032],[-58.1178731,-4.372929200000037],[-58.1169351,-4.379934199999978],[-58.1294387,-4.396317400000015],[-58.1327431,-4.409858300000037],[-58.1321436,-4.414871599999977],[-58.1219468,-4.416089800000014],[-58.1265883,-4.430334],[-58.1522399,-4.4338232],[-58.1527487,-4.443655],[-58.1825165,-4.454453100000011],[-58.1828819,-4.47173449999997],[-58.1751428,-4.4762701],[-58.1738187,-4.48223550000001],[-58.1824146,-4.498832400000015],[-58.1996235,-4.487967200000028],[-58.2075325,-4.494219299999979],[-58.2019259,-4.510244700000019],[-58.2134595,-4.5125515],[-58.2151926,-4.51750109999998],[-58.2024524,-4.544726100000028],[-58.2062786,-4.55362],[-58.2111257,-4.545062500000014],[-58.2177913,-4.5427777],[-58.2344801,-4.55233],[-58.2352406,-4.57342949999998],[-58.2318315,-4.5810704],[-58.2193764,-4.5869959],[-58.2203676,-4.594607700000018],[-58.2305873,-4.602394699999983],[-58.2561907,-4.59638380000001],[-58.2632214,-4.602132299999989],[-58.26374520000001,-4.615271400000035],[-58.2557703,-4.621747699999971],[-58.2562274,-4.6323635],[-58.250058,-4.638343200000019],[-58.2595756,-4.639343699999962],[-58.2710882,-4.6554865],[-58.2669042,-4.661497899999978],[-58.26619070000001,-4.673460100000034],[-58.2730624,-4.675000800000026],[-58.2681289,-4.679034],[-58.2672899,-4.706435300000035],[-58.2870748,-4.711810800000026],[-58.2765667,-4.713861200000012],[-58.2793685,-4.7227967],[-58.2711737,-4.718384400000016],[-58.26953850000001,-4.7226804],[-58.2762188,-4.735996499999978],[-58.2877658,-4.7323684],[-58.3007081,-4.74956049999998],[-58.2964081,-4.773822599999974],[-58.3058905,-4.8005568],[-58.3069086,-4.8192436],[-58.3149527,-4.826379599999985],[-58.3153937,-4.8128282],[-58.3224253,-4.807997600000018],[-58.3310242,-4.817827699999969],[-58.3259481,-4.839716900000031],[-58.3373534,-4.849276299999986],[-58.3504349,-4.848026699999982],[-58.3539146,-4.856630799999982],[-58.365512,-4.851589799999972],[-58.354439,-4.873974199999984],[-58.3446883,-4.882749900000013],[-58.3422333,-4.893229100000027],[-58.3533775,-4.899703699999987],[-58.3603503,-4.888045599999965],[-58.3653537,-4.893678300000016],[-58.362019,-4.9151189],[-58.39654560000001,-4.92085149999997],[-58.3857602,-4.929695],[-58.3842753,-4.943852099999969],[-58.3746687,-4.9487926],[-58.3739114,-4.953585200000017],[-58.4025861,-4.965348500000019],[-58.4035852,-4.9874904],[-58.41354410000001,-4.99193389999996],[-58.4080564,-5.013339800000019],[-58.4284602,-5.02661460000002],[-58.429062,-5.047963600000013],[-58.44282590000001,-5.036571300000033],[-58.4498379,-5.038111900000016],[-58.4450588,-5.056813599999966],[-58.4361809,-5.07000449999997],[-58.4443909,-5.074166800000024],[-58.4563882,-5.073578800000022],[-58.463311,-5.068143399999981],[-58.4687449,-5.070209900000028],[-58.4744692,-5.079235299999971],[-58.47013530000001,-5.090467],[-58.4879066,-5.084448199999967],[-58.4942257,-5.086957100000017],[-58.4992213,-5.100118900000023],[-58.4874054,-5.098520699999988],[-58.4765438,-5.107016799999983],[-58.4900598,-5.11473430000003],[-58.5057358,-5.103372600000033],[-58.5158708,-5.115788899999965],[-58.5085152,-5.131814199999979],[-58.5112783,-5.1358232],[-58.5279946,-5.126595600000012],[-58.5331129,-5.1282168],[-58.5349564,-5.1380737],[-58.5422907,-5.143057],[-58.54708620000001,-5.126086700000012],[-58.5799799,-5.133314899999987],[-58.5802525,-5.13751],[-58.5681013,-5.143749],[-58.5622765,-5.154928499999981],[-58.5714367,-5.15561960000002],[-58.5759663,-5.1613772],[-58.5806386,-5.159446299999977],[-58.5837499,-5.1779165],[-58.5956905,-5.176239500000011],[-58.6060634,-5.186391699999959],[-58.6338416,-5.182121600000019],[-58.6414388,-5.187715399999962],[-58.6382251,-5.19574],[-58.6313364,-5.191756200000023],[-58.6312164,-5.198114],[-58.621933,-5.2095687],[-58.6225354,-5.220010099999989],[-58.65339010000001,-5.203401900000018],[-58.656944,-5.205085299999966],[-58.6514802,-5.210360699999975],[-58.6525083,-5.231001200000025],[-58.687663,-5.220736600000015],[-58.6856678,-5.230631199999962],[-58.6923105,-5.233357300000014],[-58.6921085,-5.241363399999983],[-58.7005195,-5.2356488],[-58.7055702,-5.237764399999981],[-58.6980931,-5.253460699999974],[-58.7038609,-5.263237299999967],[-58.7131862,-5.267115799999987],[-58.7303767,-5.265176099999988],[-58.7145984,-5.281813800000017],[-58.719812,-5.287431399999969],[-58.7357221,-5.2910414],[-58.7423286,-5.303088399999986],[-58.7352255,-5.3082406],[-58.7275446,-5.3050889],[-58.7162557,-5.3071482],[-58.7178249,-5.316379200000012],[-58.7264296,-5.315767900000024],[-58.7379509,-5.330018],[-58.7364509,-5.338747400000012],[-58.7512447,-5.329255100000016],[-58.7664529,-5.337370499999968],[-58.760647,-5.33034060000002],[-58.7714881,-5.3286912],[-58.7769403,-5.330804899999984],[-58.7792141,-5.341582500000031],[-58.7843053,-5.337705899999967],[-58.7958076,-5.3416184],[-58.7971314,-5.3504075],[-58.8013739,-5.346950700000015],[-58.7989671,-5.344068800000014],[-58.8035845,-5.33293039999998],[-58.8107299,-5.33992120000001],[-58.8050546,-5.346723299999987],[-58.8107185,-5.353343300000021],[-58.8087687,-5.3664771],[-58.8156898,-5.365312500000025],[-58.8171857,-5.370542300000032],[-58.8044704,-5.371034099999988],[-58.8024889,-5.3749928],[-58.8050601,-5.3851213],[-58.8114281,-5.383862],[-58.8131524,-5.39481010000003],[-58.8083632,-5.400276199999989],[-58.8172396,-5.402587599999984],[-58.8200484,-5.395645499999988],[-58.8227415,-5.40196160000002],[-58.8175925,-5.412093599999983],[-58.8057628,-5.4098058],[-58.8041642,-5.414855],[-58.8094965,-5.4197511],[-58.8078151,-5.425146799999969],[-58.821275,-5.423272399999983],[-58.8254575,-5.434410700000028],[-58.8216213,-5.43824],[-58.8264922,-5.4382229],[-58.8292078,-5.430234599999975],[-58.8336647,-5.432890899999988],[-58.834083,-5.437010400000038],[-58.8269083,-5.442361499999988],[-58.8383194,-5.4529124],[-58.8366533,-5.4566838],[-58.8343664,-5.453442300000022],[-58.8278352,-5.469256399999972],[-58.8379861,-5.479447],[-58.8335592,-5.4840666],[-58.8392528,-5.4953541],[-58.8337389,-5.5049889],[-58.8389911,-5.5100352],[-58.8488276,-5.507854800000014],[-58.854962,-5.513989099999987],[-58.8501206,-5.517446399999986],[-58.8553161,-5.519796699999968],[-58.8497223,-5.521687200000035],[-58.8545992,-5.524563699999963],[-58.8550993,-5.531023499999965],[-58.8477825,-5.540396499999965],[-58.8538355,-5.546908100000031],[-58.8507887,-5.557637400000033],[-58.8402483,-5.55615],[-58.8416761,-5.561372],[-58.8316941,-5.565568700000019],[-58.8352649,-5.5732026],[-58.8267925,-5.576417199999982],[-58.8268935,-5.591624200000018],[-58.8192566,-5.590506399999961],[-58.8252098,-5.597085200000014],[-58.8192334,-5.60181989999998],[-58.8270564,-5.612725599999985],[-58.830518,-5.630933799999966],[-58.8278233,-5.633108600000014],[-58.8329125,-5.640445099999975],[-58.82999920000001,-5.654935],[-58.8391122,-5.661125800000011],[-58.8331334,-5.6658278],[-58.8293934,-5.662302899999975],[-58.8287514,-5.6661158],[-58.8466219,-5.669263400000028],[-58.8399275,-5.677796700000018],[-58.8302163,-5.676308800000018],[-58.828964,-5.6826122],[-58.8374153,-5.687655],[-58.8281881,-5.694197],[-58.8345878,-5.6970068],[-58.8366937,-5.705762800000013],[-58.8323965,-5.708550600000026],[-58.8262038,-5.704006899999989],[-58.8315744,-5.715498800000015],[-58.8271991,-5.7129131],[-58.8207639,-5.71709920000001],[-58.819351,-5.7310985],[-58.8111799,-5.738734799999982],[-58.8197683,-5.74386759999997],[-58.8205969,-5.764244199999968],[-58.8257115,-5.766419899999976],[-58.8192944,-5.780031299999988],[-58.815197,-5.78090719999997],[-58.81841759999999,-5.787523900000028],[-58.8138875,-5.790357],[-58.823314,-5.797687899999977],[-58.8300114,-5.7965521],[-58.8312355,-5.801308300000016],[-58.8253346,-5.80216959999997],[-58.8232911,-5.8115675],[-58.8296464,-5.811517900000013],[-58.8295046,-5.820325800000014],[-58.8231015,-5.821330699999978],[-58.8174668,-5.833103899999986],[-58.8198662,-5.836933],[-58.8146981,-5.8364358],[-58.8151516,-5.842438899999982],[-58.8108465,-5.844353499999981],[-58.8197248,-5.8482255],[-58.8208911,-5.854839300000014],[-58.8266661,-5.8461462],[-58.8307353,-5.85139],[-58.8243412,-5.8600447],[-58.8241606,-5.867908099999987],[-58.8294947,-5.863828499999974],[-58.8253519,-5.875654400000012],[-58.83023020000001,-5.876669399999986],[-58.8258623,-5.8815138],[-58.8263841,-5.895322199999966],[-58.8297411,-5.894012399999964],[-58.8343598,-5.902096600000021],[-58.8235541,-5.901328700000017],[-58.8192387,-5.905107600000011],[-58.8174044,-5.8932411],[-58.8090478,-5.9066678],[-58.8195332,-5.912572],[-58.8128531,-5.920427800000025],[-58.8128976,-5.927037599999977],[-58.8249056,-5.930507600000029],[-58.8163883,-5.9355365],[-58.8255489,-5.938799199999973],[-58.8200478,-5.9418382],[-58.8261719,-5.9494],[-58.8226836,-5.9539703],[-58.8270305,-5.958803],[-58.8228587,-5.962494800000028],[-58.8290681,-5.966845],[-58.8197523,-5.9711091],[-58.8188701,-5.977676600000025],[-58.8308355,-5.9772264],[-58.8271751,-5.980052699999983],[-58.8280143,-5.987274200000026],[-58.834389,-5.985638099999988],[-58.8365488,-5.9894178],[-58.8326796,-5.991868700000014],[-58.8345416,-6.000358900000016],[-58.8297695,-6.001525199999961],[-58.8312565,-6.013668699999966],[-58.8220592,-6.0219161],[-58.8156191,-6.017313799999975],[-58.8108612,-6.01887830000002],[-58.8168291,-6.02912730000002],[-58.8099711,-6.0470989],[-58.8052366,-6.0469529],[-58.80065290000001,-6.055398399999989],[-58.80555059999999,-6.054883100000017],[-58.804917,-6.05885120000001],[-58.8081949,-6.057556700000015],[-58.8150302,-6.068234499999983],[-58.8025446,-6.07462810000002],[-58.8022884,-6.0825829],[-58.8059552,-6.0820433],[-58.8082076,-6.0866944],[-58.8040188,-6.090802099999988],[-58.8084247,-6.0894774],[-58.8090731,-6.09960240000003],[-58.8191169,-6.110247799999977],[-58.8150995,-6.115050799999974],[-58.8231939,-6.124413300000013],[-58.8294447,-6.1255361],[-58.8249142,-6.1283198],[-58.8325829,-6.13584990000001],[-58.828559,-6.140361799999972],[-58.8346186,-6.146569200000032],[-58.8345985,-6.155168100000026],[-58.8394062,-6.1576346],[-58.8359684,-6.16294040000001],[-58.8379759,-6.1701216],[-58.8434223,-6.172521500000029],[-58.8384616,-6.176189699999981],[-58.846735,-6.1889408],[-58.8426392,-6.19736],[-58.8475484,-6.212679500000024],[-58.875828,-6.222050399999986],[-58.8767372,-6.229010499999966],[-58.8853787,-6.23291],[-58.8831936,-6.238464],[-58.8903699,-6.237145],[-58.8977538,-6.25194269999998],[-58.9010533,-6.247275399999975],[-58.9071366,-6.248541899999983],[-58.9201268,-6.279289500000016],[-58.9127237,-6.299968500000027],[-58.9150168,-6.3044226],[-58.912313,-6.3086064],[-58.90805730000001,-6.3072578],[-58.9105097,-6.311592],[-58.9071471,-6.313162800000013],[-58.9070092,-6.3224169],[-58.8923634,-6.329900399999978],[-58.8918943,-6.3385649],[-58.8822583,-6.345975],[-58.8800056,-6.353742600000022],[-58.8740654,-6.350971200000018],[-58.86644960000001,-6.354993800000023],[-58.8657223,-6.361327100000034],[-58.8577333,-6.3686217],[-58.8600577,-6.3739411],[-58.8527856,-6.3738851],[-58.8552822,-6.381478199999977],[-59.0791778,-6.389020800000017],[-59.2942456,-6.520616099999973],[-59.4006685,-6.576337200000014],[-59.8727486,-6.8120612],[-59.87453150000001,-6.8081839],[-59.8830106,-6.808923400000024],[-59.8851139,-6.800396699999988],[-59.8818456,-6.7933806],[-59.887916,-6.788856],[-59.9026616,-6.79456],[-59.905714,-6.7467289],[-59.9151188,-6.7446132],[-59.9325515,-6.7271885],[-59.9301544,-6.712675599999981],[-59.9163697,-6.692459200000018],[-59.9216176,-6.686995499999976],[-59.9437269,-6.6810824],[-59.9404552,-6.6662635],[-59.9262018,-6.660852299999974],[-59.9298104,-6.637753400000024],[-59.9563076,-6.6216829],[-59.9287828,-6.571334300000025],[-59.9334781,-6.55559840000003],[-59.9039413,-6.541772200000018],[-59.8983094,-6.527657],[-59.880562,-6.5273748],[-59.8733792,-6.5218985],[-59.8559239,-6.524072500000019],[-59.8452046,-6.478193700000012],[-59.8313753,-6.459721299999977],[-59.8176397,-6.4300527],[-59.8134972,-6.437202700000018],[-59.8030805,-6.434440699999976],[-59.7965894,-6.448019600000027],[-59.7978466,-6.458536500000031],[-59.7853512,-6.462198100000016],[-59.7824768,-6.468934200000022],[-59.778865,-6.4654088],[-59.7674021,-6.470163299999986],[-59.7595192,-6.4657762],[-59.7490282,-6.448293099999972],[-59.7346613,-6.445820399999974],[-59.7144465,-6.457944100000023],[-59.6608995,-6.464287199999966],[-59.6315429,-6.4768873],[-59.6157243,-6.472608399999986],[-59.6098139,-6.4604762],[-59.3140601,-6.458877500000032],[-59.3097152,-6.444802300000027],[-59.3140543,-6.440545],[-59.3105491,-6.434720800000019],[-59.31297090000001,-6.428940099999977],[-59.3091412,-6.4234037],[-59.3191778,-6.41529],[-59.3144985,-6.409113],[-59.3173473,-6.40373110000001],[-59.3260517,-6.4016329],[-59.3271474,-6.388792],[-59.3351064,-6.381174299999978],[-59.3277138,-6.3726575],[-59.3462062,-6.3575231],[-59.34703420000001,-6.35367960000002],[-59.3409142,-6.352036800000028],[-59.3427378,-6.349210299999986],[-59.3627585,-6.340426100000015],[-59.3539717,-6.334828199999983],[-59.35049380000001,-6.313747099999967],[-59.35337160000001,-6.311360300000013],[-59.3536954,-6.3175997],[-59.3658591,-6.3034435],[-59.37808960000001,-6.3103409],[-59.3809026,-6.303716599999979],[-59.3705195,-6.290582700000022],[-59.3673908,-6.2784514],[-59.3458141,-6.2785674],[-59.3337297,-6.274282400000012],[-59.3393694,-6.272527],[-59.3432177,-6.263303399999985],[-59.35601290000001,-6.258211900000022],[-59.3487047,-6.25180249999998],[-59.3450317,-6.2376222],[-59.3297624,-6.2259508],[-59.3340413,-6.221683399999987],[-59.3391101,-6.223200100000027],[-59.3417433,-6.217753100000023],[-59.3300687,-6.202872599999975],[-59.3314714,-6.1949817],[-59.3365742,-6.1941427],[-59.3415062,-6.18447220000001],[-59.3379853,-6.177372899999985],[-59.3430926,-6.18137220000002],[-59.3446142,-6.1731046],[-59.3492537,-6.1745346],[-59.3588928,-6.168248800000027],[-59.3616962,-6.127171],[-59.34640490000001,-6.122229800000022],[-59.3542966,-6.122452800000019],[-59.35714020000001,-6.109311899999977],[-59.3672331,-6.109150700000033],[-59.3750181,-6.0880562],[-59.3973289,-6.082776],[-59.3972064,-6.068233],[-59.3961945,-6.07741190000003],[-59.3922983,-6.075798900000031],[-59.3861841,-6.081457799999977],[-59.3850163,-6.074227300000024],[-59.3976243,-6.048647299999974],[-59.4121081,-6.048687799999971],[-59.405963,-6.021391499999981],[-59.4086556,-6.009420599999973],[-59.4351174,-6.003368900000019],[-59.4359691,-5.995001700000028],[-59.4426227,-5.9986266],[-59.4528005,-5.993949599999978],[-59.45688710000001,-5.979626099999966],[-59.4499806,-5.96402550000001],[-59.4518595,-5.9557667]]]}}]}