{"type":"FeatureCollection","name":"Região do Alto Rio Negro","features":[{"type":"Feature","properties":{"CD_MUN":"1300409","NM_MUN":"Barcelos","SIGLA_UF":"AM","CodigoIBGE":"1300409","SubRegiaoNumero":6,"CalhaSubRegiao":"Região do Alto Rio Negro"},"geometry":{"type":"Polygon","coordinates":[[[-61.9060054,-1.371591200000028],[-61.8966239,-1.395355299999968],[-61.8693993,-1.401745000000123],[-61.826905,-1.401742700000118],[-61.8171838,-1.399517200000065],[-61.7980094,-1.38063],[-61.7696844,-1.382855099999922],[-61.7407891,-1.392018099999983],[-61.7180136,-1.409793199999873],[-61.6355147,-1.433964199999981],[-61.6049547,-1.4481315],[-61.57217760000001,-1.478130000000101],[-61.5446819,-1.525626699999985],[-61.4910623,-1.574800900000047],[-61.4827365,-1.580633099999919],[-61.4746776,-1.578967299999962],[-61.4624579,-1.606899100000104],[-61.4229638,-1.620532699999956],[-61.4137888,-1.6369426],[-61.4174856,-1.666068100000011],[-61.4124575,-1.703191199999963],[-61.4246825,-1.767973800000026],[-61.4195415,-1.792768600000048],[-61.3863495,-1.863218400000027],[-61.3823705,-1.895168599999918],[-61.3958645,-1.8977399],[-61.3915906,-1.898234399999957],[-61.3945156,-1.900651300000048],[-61.4175781,-1.899769100000012],[-61.4516956,-1.906177899999959],[-61.4597723,-1.900157400000053],[-61.462018,-1.906430799999963],[-61.4477723,-1.931488],[-61.4481776,-1.945512599999956],[-61.4746173,-1.953694899999939],[-61.4965508,-1.969876599999936],[-61.5382865,-1.892212399999965],[-61.5306356,-1.885029899999912],[-61.5341217,-1.8697093],[-61.5716108,-1.86505049999997],[-61.5838846,-1.875488800000072],[-61.592472,-1.875768],[-61.5987724,-1.86559840000002],[-61.5929809,-1.843697700000056],[-61.602844,-1.8384471],[-61.5996911,-1.8330389],[-61.608308,-1.834773399999988],[-61.615433,-1.826908299999944],[-61.6183295,-1.83408759999993],[-61.6339218,-1.834949899999947],[-61.6377853,-1.825322199999913],[-61.6542365,-1.837940700000088],[-61.6473503,-1.855700400000085],[-61.6545601,-1.87277069999992],[-61.666467,-1.8695681],[-61.6831001,-1.892243],[-61.6936953,-1.8886933],[-61.7023325,-1.89426640000006],[-61.7050196,-1.887012900000046],[-61.7138823,-1.882205700000039],[-61.7142769,-1.893797699999917],[-61.720877,-1.899280099999944],[-61.725676,-1.897388799999924],[-61.7293855,-1.88678769999992],[-61.7389802,-1.888429600000033],[-61.7499319,-1.901939],[-61.7581149,-1.903946799999952],[-61.7560855,-1.9118671],[-61.763567,-1.919809899999954],[-61.7787044,-1.92202630000006],[-61.7916224,-1.938142100000024],[-61.80093020000001,-1.937419299999916],[-61.8067391,-1.945537399999936],[-61.8166537,-1.941736500000099],[-61.8272593,-1.926196399999935],[-61.8452359,-1.9222706],[-61.8471772,-1.931999399999927],[-61.8534551,-1.9367565],[-61.8699032,-1.938560899999978],[-61.8824603,-1.934759900000076],[-61.8767631,-1.915424],[-61.8841224,-1.911243499999983],[-61.9204061,-1.926403699999906],[-61.9229327,-1.934299800000037],[-61.9144042,-1.93673290000004],[-61.9225721,-1.947516600000033],[-61.9382938,-1.936405800000016],[-61.9439571,-1.944406699999957],[-61.9283774,-1.958874399999974],[-61.9410835,-1.9674864],[-61.9559381,-1.970669399999921],[-61.9695549,-2.000478599999964],[-61.9797052,-2.010704100000023],[-61.9858412,-2.006808199999948],[-61.9953208,-2.025158300000045],[-62.0099382,-2.030568200000019],[-62.0134593,-2.022955500000085],[-62.0224813,-2.026036600000031],[-62.0251853,-2.01843],[-62.0219271,-1.999245500000024],[-62.03776,-1.989154799999904],[-62.0471215,-1.97505730000002],[-62.0726214,-2.00066270000008],[-62.0814646,-2.025888900000012],[-62.0776535,-2.032937799999916],[-62.0843769,-2.03700529999992],[-62.0727354,-2.048999499999959],[-62.071309,-2.057774199999957],[-62.0644993,-2.0586631],[-62.0819723,-2.0645303],[-62.1010408,-2.053384299999955],[-62.10971150000001,-2.054834699999909],[-62.1130361,-2.072669699999945],[-62.1100088,-2.078984400000029],[-62.1215919,-2.083973],[-62.1234233,-2.091175600000049],[-62.1359533,-2.090155],[-62.1336523,-2.096022100000027],[-62.1434945,-2.097278499999949],[-62.1374609,-2.10054130000006],[-62.1467119,-2.101991500000066],[-62.1495545,-2.121914699999981],[-62.1551518,-2.121931699999921],[-62.1588826,-2.132604700000069],[-62.1636631,-2.132183100000016],[-62.168508,-2.123175900000013],[-62.1741704,-2.123009],[-62.1785214,-2.130254099999947],[-62.1830324,-2.118527599999932],[-62.1907238,-2.127947400000073],[-62.1963241,-2.122687299999928],[-62.2099981,-2.12011349999994],[-62.2234923,-2.14713669999995],[-62.23292510000001,-2.141774899999946],[-62.2272393,-2.141420400000045],[-62.2378811,-2.132894699999983],[-62.2482348,-2.134496199999944],[-62.261096,-2.143827],[-62.2690165,-2.140634099999909],[-62.2712697,-2.148362799999981],[-62.2920996,-2.160279499999974],[-62.3022381,-2.148410499999922],[-62.316018,-2.1531513],[-62.32287920000001,-2.158627500000023],[-62.3194097,-2.166754],[-62.3352627,-2.16587],[-62.3417071,-2.170559500000028],[-62.3434877,-2.178639],[-62.3516039,-2.178506600000023],[-62.3557082,-2.185874200000045],[-62.3537118,-2.193812400000037],[-62.3784638,-2.203939299999933],[-62.3860138,-2.198886499999924],[-62.3925077,-2.211901199999984],[-62.3930124,-2.208092600000014],[-62.3987538,-2.213347400000021],[-62.4026189,-2.211646],[-62.4005896,-2.207426200000019],[-62.4084516,-2.208048],[-62.4232787,-2.213374299999953],[-62.4264795,-2.210788800000032],[-62.4265545,-2.215764],[-62.4366066,-2.2204038],[-62.4404837,-2.214108],[-62.4454042,-2.219660900000046],[-62.4531603,-2.2181372],[-62.4656539,-2.231199],[-62.4715133,-2.233512600000011],[-62.4723412,-2.22918480000008],[-62.4788156,-2.229667],[-62.4788425,-2.2359392],[-62.489834,-2.237773500000042],[-62.4914153,-2.244092100000027],[-62.5133276,-2.243714799999973],[-62.5209476,-2.24888330000005],[-62.519327,-2.253488899999971],[-62.5255099,-2.2591598],[-62.5389446,-2.2628078],[-62.5417491,-2.271087799999921],[-62.5491051,-2.269511399999989],[-62.5596374,-2.277102699999917],[-62.5713195,-2.276379599999978],[-62.572197,-2.272040899999942],[-62.5779864,-2.281054500000016],[-62.5853329,-2.278929700000036],[-62.5906053,-2.282651899999947],[-62.60054190000001,-2.278574400000018],[-62.6086868,-2.282878700000049],[-62.6210871,-2.280935900000063],[-62.6239947,-2.276418300000079],[-62.6370315,-2.2867923],[-62.6458282,-2.2850399],[-62.6511357,-2.290219399999978],[-62.6658598,-2.279990700000043],[-62.6788899,-2.280554600000013],[-62.684715,-2.285324699999954],[-62.6965725,-2.279832500000027],[-62.7100578,-2.284064799999933],[-62.7178586,-2.276444300000053],[-62.7400688,-2.293030599999921],[-62.7476429,-2.287998600000042],[-62.7583138,-2.291581500000055],[-62.765325,-2.303145300000059],[-62.786093,-2.308960500000032],[-62.7934886,-2.322173899999974],[-62.7993516,-2.319293499999931],[-62.8305772,-2.323302100000021],[-62.8462346,-2.336387],[-62.8542349,-2.336436399999987],[-62.8623186,-2.345431799999953],[-62.8602256,-2.349390799999983],[-62.87074290000001,-2.363492200000049],[-62.8743539,-2.377702299999985],[-62.8832754,-2.384159899999967],[-62.8860245,-2.399828199999945],[-62.891609,-2.4008913],[-62.8937592,-2.407886599999975],[-62.9026818,-2.413536400000025],[-62.9121654,-2.4130105],[-62.9243775,-2.420720499999935],[-62.9833841,-2.434676299999935],[-63.0144328,-2.455062099999959],[-63.0325805,-2.451331],[-63.0405736,-2.483112899999982],[-63.0849628,-2.477424599999969],[-63.1050504,-2.482789800000057],[-63.12579310000001,-2.482728199999987],[-63.1418277,-2.490824500000036],[-63.1640514,-2.493984899999958],[-63.1982736,-2.484872500000076],[-63.2342191,-2.4830622],[-63.2567153,-2.467595899999957],[-63.2791919,-2.43616960000006],[-63.2968001,-2.428925599999947],[-63.3113571,-2.4352703],[-63.3324356,-2.462822],[-63.3691597,-2.489919],[-63.389552,-2.488490099999966],[-63.4240221,-2.47009619999996],[-63.436437,-2.455794899999978],[-63.4484406,-2.413419400000016],[-63.4656852,-2.38766920000003],[-63.4860817,-2.381828400000022],[-63.5283868,-2.391305400000038],[-63.5651063,-2.362771300000019],[-63.5842489,-2.356252299999972],[-63.60094,-2.359421],[-63.633748,-2.3904239],[-63.6466111,-2.393778900000034],[-63.6946688,-2.378499700000043],[-63.706496,-2.3818506],[-63.72582460000001,-2.423090500000017],[-63.7349956,-2.433018399999941],[-63.7504675,-2.438622499999965],[-63.8026321,-2.439672300000049],[-63.8319109,-2.430057700000025],[-63.8669103,-2.4453742],[-63.9063864,-2.439625300000035],[-63.9574946,-2.444758099999982],[-63.974442,-2.422732900000056],[-63.9772737,-2.373501400000013],[-64.0068359,-2.328458800000024],[-64.0070551,-2.303561500000059],[-63.9998333,-2.272128299999979],[-64.0024114,-2.242127600000049],[-63.9929451,-2.21591329999996],[-64.0127763,-2.18765930000007],[-64.0113008,-2.161695],[-64.0200851,-2.1580936],[-64.0287772,-2.160662599999919],[-64.0750786,-2.190817399999948],[-64.0858002,-2.191796800000049],[-64.1167395,-2.1809826],[-64.1348557,-2.179501400000078],[-64.1556669,-2.171616],[-64.1614938,-2.165025500000012],[-64.1689062,-2.131450899999964],[-64.1852715,-2.113625399999966],[-64.201582,-2.103376600000018],[-64.2234386,-2.103911500000087],[-64.2485357,-2.116216599999984],[-64.2568005,-2.133993600000076],[-64.260026,-2.20516],[-64.2864396,-2.216933600000077],[-64.3033824,-2.240738900000018],[-64.3083889,-2.260863],[-64.3377466,-2.277724200000054],[-64.3672163,-2.265118900000019],[-64.3673937,-2.253497599999948],[-64.4076328,-2.207857900000064],[-64.4338303,-2.200285],[-64.4625579,-2.185452500000043],[-64.4872728,-2.180824299999915],[-64.4965036,-2.180565899999924],[-64.5039708,-2.191729200000033],[-64.5086945,-2.226453800000051],[-64.5117998,-2.235488],[-64.5209485,-2.242624900000055],[-64.5335003,-2.245311],[-64.5621954,-2.240100200000033],[-64.5986127,-2.221310699999965],[-64.6061937,-2.225248900000047],[-64.6160819,-2.241333399999913],[-64.6232532,-2.2384727],[-64.6300566,-2.2208306],[-64.6368884,-2.214512899999928],[-64.6633349,-2.214200700000045],[-64.6659175,-2.194687899999928],[-64.70691720000002,-2.154996900000029],[-64.7118641,-2.142474500000044],[-64.7104427,-2.1283333],[-64.6947756,-2.08966],[-64.6879694,-2.05768029999994],[-64.6918065,-2.037234200000031],[-64.7044449,-2.019644899999956],[-64.7129745,-2.01557129999997],[-64.7504901,-2.0361304],[-64.7801161,-2.042822200000027],[-64.78692,-2.04682079999996],[-64.8028934,-2.073307500000055],[-64.8125314,-2.078628399999964],[-64.837059,-2.074260200000027],[-64.85814290000002,-2.0761597],[-64.8867251,-2.100172499999953],[-64.9306711,-2.110066199999954],[-64.9359453,-2.094254900000051],[-64.9246918,-2.034583900000017],[-64.9496113,-2.000339],[-64.9513644,-1.992325],[-64.9351721,-1.910666899999919],[-64.9372236,-1.892660900000054],[-64.9437227,-1.887087700000066],[-64.96208070000002,-1.885036700000088],[-64.9866317,-1.8919423],[-65.0108897,-1.905508400000027],[-65.0352747,-1.932907899999939],[-65.0415573,-1.9533678],[-65.0580607,-1.969658400000024],[-65.0849466,-1.961847199999924],[-65.1105556,-1.971311799999928],[-65.1363669,-1.974708599999949],[-65.1471697,-1.97048369999993],[-65.17144680000001,-1.959746],[-65.1811967,-1.945898],[-65.1771174,-1.847790599999926],[-65.1870588,-1.8106359],[-65.2019157,-1.7873756],[-65.2291403,-1.775949799999914],[-65.28031,-1.785074800000059],[-65.3023581,-1.782670400000064],[-65.3111144,-1.778537200000088],[-65.3106163,-1.750154499999919],[-65.3155829,-1.742159],[-65.3243646,-1.739348500000087],[-65.3405046,-1.746525600000049],[-65.3478095,-1.743103],[-65.3579898,-1.713656399999942],[-65.3724374,-1.708333],[-65.3706679,-1.689647099999949],[-65.3778354,-1.679995099999961],[-65.3787714,-1.667708900000061],[-65.3741805,-1.659883],[-65.3581729,-1.649268899999905],[-65.3532272,-1.633367199999957],[-65.3573139,-1.620277099999895],[-65.351371,-1.612929199999955],[-65.3466026,-1.615522899999962],[-65.3462818,-1.600577700000094],[-65.3310106,-1.590543299999947],[-65.3299694,-1.582447499999983],[-65.324665,-1.578408],[-65.3258546,-1.565156699999951],[-65.3076468,-1.545824500000095],[-65.3117614,-1.5364505],[-65.2980749,-1.529132700000048],[-65.3040152,-1.518946599999946],[-65.2980852,-1.516475400000074],[-65.3001398,-1.48531329999994],[-65.2870432,-1.494283699999984],[-65.2835281,-1.488088100000024],[-65.2877409,-1.488537399999908],[-65.2860077,-1.485506399999899],[-65.2738239,-1.490283599999933],[-65.2709355,-1.479496899999952],[-65.2646953,-1.479435],[-65.2539855,-1.481996600000028],[-65.2524063,-1.492396800000072],[-65.2392792,-1.48375259999992],[-65.2323568,-1.484203400000098],[-65.2283588,-1.475276800000092],[-65.2188629,-1.482353900000018],[-65.2160657,-1.478202799999975],[-65.2132545,-1.481117099999945],[-65.2113773,-1.475119600000063],[-65.2099597,-1.479431799999903],[-65.2032824,-1.479021],[-65.20343,-1.47324270000006],[-65.1980959,-1.473361299999943],[-65.1978048,-1.463962100000117],[-65.1921119,-1.458977700000092],[-65.1847756,-1.460276200000029],[-65.1875663,-1.464921799999975],[-65.1844792,-1.468065400000087],[-65.1829429,-1.463690299999904],[-65.1750259,-1.465257799999974],[-65.1697663,-1.4604302000001],[-65.1633915,-1.464568400000051],[-65.1567346,-1.461627599999936],[-65.1486511,-1.467532599999904],[-65.1376964,-1.452278499999882],[-65.1184206,-1.451826399999933],[-65.1054778,-1.459450600000022],[-65.10352930000002,-1.45232160000009],[-65.0930398,-1.4470647],[-65.0926184,-1.4547879],[-65.0859537,-1.458443300000085],[-65.0721715,-1.446048999999875],[-65.07261,-1.44011200000012],[-65.0756175,-1.444236800000047],[-65.0796697,-1.43977],[-65.0785991,-1.434660100000024],[-65.0703916,-1.434136500000096],[-65.0706014,-1.425505100000042],[-65.0639953,-1.42596480000005],[-65.0622246,-1.419741],[-65.0573654,-1.419579],[-65.0592459,-1.4100532],[-65.0514858,-1.402101100000095],[-65.0538271,-1.397461500000122],[-65.0461189,-1.392825100000019],[-65.0445511,-1.38322760000005],[-65.0746896,-1.365473199999935],[-65.0721147,-1.362297500000023],[-65.075913,-1.359441600000074],[-65.0724724,-1.354997100000047],[-65.070322,-1.358122700000074],[-65.0682221,-1.350082399999958],[-65.078407,-1.34188],[-65.0749281,-1.340226099999972],[-65.0713398,-1.311480699999941],[-65.0668366,-1.311741099999862],[-65.0745597,-1.301571200000057],[-65.0690066,-1.29446540000008],[-65.0708273,-1.285317600000081],[-65.0641299,-1.287519299999877],[-65.0677778,-1.283368200000117],[-65.0631565,-1.280464900000095],[-65.0502992,-1.288000199999919],[-65.0478952,-1.28269],[-65.0395761,-1.2802076],[-65.0441127,-1.272038299999957],[-65.0435178,-1.26842979999989],[-65.0394015,-1.2704671],[-65.0404442,-1.266806599999935],[-65.0490141,-1.262721600000023],[-65.0549483,-1.265450700000076],[-65.0537733,-1.258162400000066],[-65.0598375,-1.255193699999877],[-65.065533,-1.244184999999898],[-65.047992,-1.229795499999917],[-65.0457172,-1.23468740000005],[-65.0421767,-1.228425500000094],[-65.0385036,-1.230484800000036],[-65.0357601,-1.224786600000138],[-65.0368538,-1.220237100000087],[-65.0435635,-1.224388399999872],[-65.0429401,-1.216373399999921],[-65.0465586,-1.215261800000033],[-65.0408192,-1.2072194],[-65.0430527,-1.202977300000069],[-65.0389366,-1.205092799999882],[-65.0363262,-1.200653999999872],[-65.0458172,-1.189919599999951],[-65.0398505,-1.182631800000139],[-65.0473064,-1.177110199999951],[-65.0412479,-1.17308759999995],[-65.0381618,-1.175641600000153],[-65.0320348,-1.16640680000012],[-65.0206072,-1.170238300000158],[-65.0201607,-1.175005900000078],[-65.0119511,-1.169723500000065],[-65.0012962,-1.174295899999965],[-65.0035462,-1.167703900000011],[-64.9927291,-1.162321699999856],[-64.9862326,-1.169176800000054],[-64.9806301,-1.158538799999902],[-64.9874935,-1.154491399999968],[-64.9737461,-1.146141599999907],[-64.9708936,-1.149165799999976],[-64.9657802,-1.146793799999967],[-64.9744017,-1.132310999999896],[-64.9738208,-1.1204429],[-64.9839353,-1.116965900000078],[-64.968508,-1.113203900000081],[-64.9763616,-1.105256900000167],[-64.9666728,-1.104167300000015],[-64.9754707,-1.096126399999923],[-64.9678027,-1.080769000000112],[-64.9817117,-1.072476],[-64.9783943,-1.070196400000069],[-64.9803863,-1.0618425],[-64.9866888,-1.06201379999988],[-64.9849556,-1.0453606],[-64.9802268,-1.045406200000107],[-64.9781363,-1.052073899999911],[-64.9679006,-1.052653300000016],[-64.9607744,-1.041415300000079],[-64.9522873,-1.04336460000014],[-64.9525799,-1.037000199999922],[-64.9623223,-1.037460599999888],[-64.959752,-1.032482799999968],[-64.9508639,-1.0303035],[-64.9583563,-1.021134099999958],[-64.9371756,-1.017798400000029],[-64.931904,-1.012094299999869],[-64.9278084,-1.015601599999929],[-64.9167879,-1.014763600000117],[-64.9123067,-1.024931099999904],[-64.9042732,-1.02185809999993],[-64.8985164,-1.029680499999924],[-64.8781926,-1.021534],[-64.8847335,-1.007427],[-64.88042,-1.006752799999936],[-64.8777973,-0.999454400000054],[-64.8693312,-0.999818500000152],[-64.8723966,-0.9893886],[-64.8633776,-0.983998099999965],[-64.8715117,-0.980807900000031],[-64.8696697,-0.968429499999849],[-64.8601117,-0.966441099999931],[-64.8618944,-0.960434300000167],[-64.8572189,-0.95845249999997],[-64.8625311,-0.952883999999856],[-64.8549279,-0.945629800000148],[-64.8638032,-0.945697299999859],[-64.8652194,-0.930868500000198],[-64.8516142,-0.927781499999848],[-64.8469904,-0.922341800000182],[-64.8474317,-0.915000500000113],[-64.8420399,-0.915523099999875],[-64.8415834,-0.884447699999818],[-64.8342567,-0.883338400000153],[-64.8383292,-0.874775799999834],[-64.8475102,-0.872581300000012],[-64.8452472,-0.867294399999896],[-64.8489104,-0.860537199999797],[-64.8454298,-0.8538734],[-64.849706,-0.848143300000162],[-64.8378532,-0.836934999999861],[-64.8421222,-0.831853700000068],[-64.83406,-0.827358],[-64.833598,-0.822483100000107],[-64.8169154,-0.829375100000204],[-64.8115456,-0.82740210000007],[-64.8144651,-0.817579800000185],[-64.811127,-0.81181049999987],[-64.815054,-0.808085800000094],[-64.8096184,-0.800628099999939],[-64.8041563,-0.805010499999893],[-64.7915601,-0.80241759999985],[-64.7958766,-0.794750300000209],[-64.7930408,-0.788033200000183],[-64.7996369,-0.786418200000131],[-64.7983946,-0.778669200000174],[-64.808782,-0.768945399999788],[-64.800408,-0.767392599999901],[-64.8012677,-0.759415500000077],[-64.7940429,-0.765154399999917],[-64.7899099,-0.754904099999983],[-64.7984476,-0.751867200000017],[-64.7970566,-0.745952300000189],[-64.8043501,-0.751546499999952],[-64.8092461,-0.746531299999894],[-64.8044718,-0.741893100000227],[-64.8103224,-0.741808599999811],[-64.7964315,-0.730787000000116],[-64.8051708,-0.721839799999853],[-64.7971049,-0.715927599999947],[-64.79627,-0.705259299999819],[-64.8043772,-0.703759700000076],[-64.8017368,-0.699091],[-64.7948297,-0.700727300000073],[-64.79320430000001,-0.692900599999902],[-64.7974498,-0.691910700000251],[-64.8000579,-0.696909299999836],[-64.8051925,-0.685456299999749],[-64.8122693,-0.6834635000002],[-64.8083128,-0.664708299999901],[-64.8147115,-0.665204900000127],[-64.8221757,-0.65586830000015],[-64.8105675,-0.653479900000125],[-64.810263,-0.64515719999978],[-64.803605,-0.639345600000208],[-64.8178981,-0.628931600000058],[-64.80592,-0.614418599999784],[-64.8153336,-0.602149499999788],[-64.8212917,-0.602525500000174],[-64.8239489,-0.594953500000039],[-64.8200111,-0.591733300000269],[-64.8241093,-0.5897938],[-64.8215804,-0.584540699999751],[-64.825581,-0.581252099999723],[-64.8071884,-0.570508800000254],[-64.8237281,-0.55226230000015],[-64.8144861,-0.540471699999714],[-64.8258441,-0.537096399999749],[-64.820883,-0.527035800000084],[-64.8309397,-0.517352199999844],[-64.8192409,-0.494459800000077],[-64.772428,-0.47061820000021],[-64.7611964,-0.457773199999608],[-64.7084536,-0.454499399999639],[-64.6938427,-0.442861499999847],[-64.6726599,-0.438935199999912],[-64.6552078,-0.423778100000276],[-64.6454432,-0.429769799999844],[-64.6127549,-0.426511399999928],[-64.5936476,-0.416085299999662],[-64.556263,-0.407982100000337],[-64.5359609,-0.393772900000265],[-64.5010133,-0.386039399999967],[-64.4812766,-0.387763300000407],[-64.4697008,-0.380234900000321],[-64.45938,-0.364180399999904],[-64.4375767,-0.349688599999796],[-64.3204265,-0.330247499999513],[-64.2332478,-0.33813029999968],[-64.192694,-0.327338000000306],[-64.1530786,-0.299814099999859],[-64.0999696,-0.286634300000493],[-64.0810091,-0.253947900000403],[-64.0940655,-0.243207700000288],[-64.0851327,-0.234843300000291],[-64.0857409,-0.205245800000653],[-64.0778279,-0.19451920000092],[-64.0852725,-0.188103400000711],[-64.0948875,-0.191933900000766],[-64.0999278,-0.189764200000089],[-64.0999351,-0.183094000000514],[-64.0877898,-0.171763499999066],[-64.097595,-0.172129599999966],[-64.1164959,-0.161756900001076],[-64.1195337,-0.155343600000203],[-64.1163026,-0.146525900000084],[-64.1083527,-0.134730500000273],[-64.1054759,-0.135359299999968],[-64.1078191,-0.14056780000017],[-64.101545,-0.142652099999124],[-64.101314,-0.13744389999968],[-64.0972467,-0.140518699999137],[-64.089253,-0.138146700001252],[-64.0946522,-0.148333599999354],[-64.078698,-0.14257860000034],[-64.0717748,-0.133498100000564],[-64.0689791,-0.138945400000649],[-64.0620325,-0.125116299998914],[-64.0658716,-0.121345999998522],[-64.0638066,-0.116910299999182],[-64.0587149,-0.112420299999931],[-64.0532639,-0.113802600000093],[-64.0517583,-0.102596200001753],[-64.0389716,-0.095036600000779],[-64.0329138,-0.099995899998535],[-64.0353665,-0.102465799998966],[-64.0262904,-0.106816900000884],[-64.0259882,-0.075088800000996],[-64.014809,-0.066599300002172],[-64.0198804,-0.061360000001427],[-64.0162655,-0.056945000000934],[-64.0169913,-0.041281500004064],[-64.0117745,-0.039142599995644],[-64.0109052,-0.032685899995515],[-64.0042881,-0.033071899997421],[-64.0062701,-0.024325700005194],[-64.0021938,-0.021756599993747],[-64.004916,-0.017323100003636],[-64.0003412,-0.009224600009667],[-63.9849492,0.000152500122282],[-63.9895955,0.007598200002378],[-63.9829097,0.010444899986786],[-63.9879706,0.018607200004384],[-63.9814863,0.041726100002037],[-63.9864544,0.043172900002461],[-63.9839617,0.046521899997409],[-63.9872332,0.046156000000162],[-63.9876765,0.051784399996648],[-63.9929103,0.051880500001033],[-63.9850857,0.061220200001625],[-63.9941044,0.062646199998108],[-63.985199,0.073218999997839],[-63.9885998,0.076928400000979],[-63.9833794,0.085116999999763],[-63.9835377,0.09417809999891],[-63.9883131,0.097714799999378],[-63.9846507,0.10236290000128],[-63.9793915,0.10168520000016],[-63.9849638,0.109244799998684],[-63.9822792,0.115131999999234],[-63.9746223,0.119550000000111],[-63.9698946,0.11225069999922],[-63.9623221,0.121903600000584],[-63.965791,0.124026600000107],[-63.9610258,0.133953000000641],[-63.9704568,0.138209999999718],[-63.9637462,0.144291099999795],[-63.9662018,0.149154499999812],[-63.959823,0.150053299999441],[-63.9662136,0.165000099999423],[-63.9784145,0.173714499999537],[-63.9766251,0.179452299999954],[-63.9843432,0.184700000000842],[-63.9836728,0.189916000000593],[-63.9882662,0.18803419999912],[-63.9952659,0.192851200000422],[-63.9919383,0.198581600000412],[-63.9846323,0.199685599999332],[-63.9854799,0.209850099999834],[-63.9900147,0.21277839999938],[-63.9867616,0.221974199999952],[-63.9969305,0.21907980000058],[-63.9876415,0.230451199999427],[-63.9945996,0.228052200000732],[-63.9904395,0.232102899999444],[-63.9963482,0.235106799999878],[-63.9971076,0.240739899999689],[-64.0051637,0.242212100000505],[-64.0084922,0.257527200000497],[-64.02013,0.268501799999504],[-64.0149303,0.271441599999733],[-64.0210391,0.272290800000241],[-64.0193027,0.280707000000384],[-64.0101218,0.280979900000084],[-64.015137,0.284067000000601],[-64.0112446,0.288658900000219],[-64.0237861,0.293913600000198],[-64.0197309,0.301922700000333],[-64.0245757,0.301776899999879],[-64.0262726,0.306557299999456],[-64.0198588,0.313817500000117],[-64.0260496,0.316161600000436],[-64.017965,0.316798100000253],[-64.0170521,0.321692400000329],[-64.012069,0.317791900000517],[-64.0087219,0.322707999999893],[-64.0051361,0.331027200000449],[-64.0105792,0.341742799999736],[-64.0079011,0.34692600000012],[-64.0123501,0.346282100000518],[-64.0191322,0.353265600000499],[-64.0255342,0.349306899999496],[-64.0294141,0.362704000000138],[-64.038933,0.368672199999908],[-64.0344849,0.395111699999913],[-64.0389958,0.39384520000006],[-64.0395375,0.4026165],[-64.0490361,0.404970399999914],[-64.0522453,0.424114100000293],[-64.0567476,0.42553760000027],[-64.0518674,0.428955299999607],[-64.0534549,0.445238900000046],[-64.0473819,0.44872509999983],[-64.0513618,0.453247699999878],[-64.0486144,0.4624397000001],[-64.0551518,0.469256999999686],[-64.0528388,0.47556689999973],[-64.0570471,0.473387399999892],[-64.0588461,0.478841400000181],[-64.0534855,0.478530799999859],[-64.0522249,0.482476800000156],[-64.0586031,0.49016079999984],[-64.0553485,0.492749000000321],[-64.0595903,0.499268299999797],[-64.0571037,0.502841400000011],[-64.0624378,0.505685599999674],[-64.0708889,0.521728199999973],[-64.0693731,0.525818200000313],[-64.0724866,0.524792399999808],[-64.0766498,0.540133600000261],[-64.0727123,0.539325599999823],[-64.0741354,0.542941499999835],[-64.0677481,0.54773599999975],[-64.0769161,0.571344199999806],[-64.0846918,0.574056400000093],[-64.0841379,0.581836700000248],[-64.100242,0.584363699999921],[-64.103021,0.6007366],[-64.1177479,0.607427599999766],[-64.1277459,0.620722800000144],[-64.1466328,0.627412300000257],[-64.1519109,0.634376800000189],[-64.148858,0.643784499999796],[-64.1644141,0.664042199999768],[-64.1802466,0.665485899999984],[-64.186917,0.658520600000114],[-64.202464,0.653539700000256],[-64.2185207,0.673866399999969],[-64.2401253,0.680684100000144],[-64.2409481,0.687559999999768],[-64.2333322,0.690526500000184],[-64.2419517,0.694154499999972],[-64.2458824,0.70278230000024],[-64.2398824,0.718263400000239],[-64.2588402,0.714709499999952],[-64.267945,0.706991600000197],[-64.2860723,0.720038],[-64.2901022,0.729486500000209],[-64.2921412,0.723587400000072],[-64.3085643,0.716109700000196],[-64.31191130000002,0.718100799999777],[-64.309985,0.723215899999895],[-64.3157072,0.72063339999995],[-64.3131843,0.725059699999786],[-64.3175018,0.732744700000132],[-64.3242122,0.72865049999983],[-64.3246389,0.734010099999815],[-64.3348656,0.738436800000224],[-64.3549737,0.735718899999779],[-64.3663567,0.758235399999939],[-64.3755223,0.759048199999972],[-64.3796906,0.774059599999827],[-64.3969135,0.777944699999924],[-64.3996901,0.78572119999986],[-64.3966387,0.793771900000187],[-64.412471,0.801816100000066],[-64.4210854,0.801269499999841],[-64.4246971,0.8079623],[-64.4410847,0.805423799999785],[-64.4480215,0.853266899999885],[-64.46588810000002,0.864881800000085],[-64.4758028,0.863838300000035],[-64.4936127,0.876256],[-64.506914,0.897828500000021],[-64.5217677,0.8947981],[-64.5392494,0.901723699999819],[-64.5495289,0.912261599999892],[-64.5521578,0.930591799999882],[-64.5704617,0.933771700000174],[-64.5706537,0.939413],[-64.576423,0.943608400000083],[-64.5792697,0.968771399999822],[-64.5896579,0.978986],[-64.5872785,0.985630900000133],[-64.5953259,0.985163000000149],[-64.5955684,0.98884539999988],[-64.6032684,0.989174900000112],[-64.6093622,0.995434499999967],[-64.6080377,1.006205],[-64.6185795,1.014085799999884],[-64.623863,1.030721299999839],[-64.6394152,1.040751499999979],[-64.6455071,1.028253],[-64.6544966,1.029398300000026],[-64.6718438,1.042467100000132],[-64.6978904,1.030444400000076],[-64.701956,1.035517900000153],[-64.6988981,1.042507200000172],[-64.7179194,1.056838],[-64.7286348,1.077392799999929],[-64.7432654,1.078339500000011],[-64.7429727,1.082643500000124],[-64.7469892,1.081397099999904],[-64.7515542,1.088301899999898],[-64.7600922,1.091472199999852],[-64.75988810000001,1.095965400000153],[-64.7708087,1.101740899999934],[-64.7715989,1.109413499999983],[-64.7751615,1.109181800000134],[-64.77388,1.115851300000097],[-64.7774295,1.116254799999886],[-64.7785456,1.123827299999944],[-64.7830953,1.119087399999849],[-64.7956988,1.134403399999983],[-64.8004419,1.1318275],[-64.8006429,1.137751100000116],[-64.8070045,1.141120299999953],[-64.804659,1.142698299999878],[-64.8177904,1.150465599999921],[-64.8234051,1.157217599999879],[-64.8201051,1.162286399999958],[-64.8284794,1.170399699999921],[-64.8261992,1.177212800000083],[-64.83962,1.181375599999947],[-64.8470499,1.178715799999935],[-64.8576573,1.185257],[-64.85602630000001,1.189855200000092],[-64.8634037,1.192692599999904],[-64.864311,1.198180900000126],[-64.8511313,1.234352699999914],[-64.8451392,1.232701600000069],[-64.8405455,1.2527513],[-64.8230306,1.278469400000012],[-64.8196054,1.294656100000083],[-64.8023869,1.313667499999864],[-64.7938158,1.299117400000067],[-64.7888594,1.300213500000053],[-64.7854573,1.296075299999912],[-64.7844779,1.279444799999958],[-64.7903814,1.273641300000024],[-64.7858628,1.263204999999873],[-64.7749196,1.254324800000124],[-64.7568093,1.227854399999952],[-64.7435254,1.2262796],[-64.7399214,1.233267199999905],[-64.7319273,1.2334297],[-64.7189984,1.241185500000075],[-64.7195791,1.249219799999982],[-64.7120803,1.252292800000116],[-64.7097995,1.265630900000021],[-64.7006451,1.280142399999906],[-64.6759671,1.285213599999928],[-64.6610419,1.296432699999909],[-64.6582282,1.293178800000087],[-64.6502297,1.297491599999899],[-64.6289073,1.32202860000005],[-64.6073841,1.3387],[-64.5895907,1.336008599999969],[-64.5772011,1.340564699999988],[-64.5749059,1.35457750000003],[-64.5806753,1.359988799999882],[-64.5786062,1.377234199999902],[-64.5599686,1.401628100000108],[-64.5575856,1.4133445],[-64.5374699,1.414955899999891],[-64.5267909,1.428335600000104],[-64.5253367,1.442091300000046],[-64.5112705,1.43521910000005],[-64.4985604,1.448079600000086],[-64.4923142,1.447844599999897],[-64.4828273,1.462385499999914],[-64.4664518,1.474891899999889],[-64.4506141,1.47871809999991],[-64.446738,1.470673099999924],[-64.4326825,1.47225779999998],[-64.4224389,1.49003],[-64.4103513,1.501042200000082],[-64.4087428,1.513053699999886],[-64.3909004,1.529627799999921],[-64.3816507,1.518745199999908],[-64.3787331,1.524236800000024],[-64.369763,1.524804100000066],[-64.3630108,1.519378000000121],[-64.3469709,1.51770760000003],[-64.3478893,1.4948838],[-64.3574452,1.48174439999991],[-64.3729321,1.471956200000122],[-64.3777446,1.463449599999929],[-64.3726127,1.451379500000026],[-64.3820354,1.443441599999895],[-64.389395,1.44446239999995],[-64.3911498,1.425997],[-64.401529,1.420012700000052],[-64.4017391,1.41151759999998],[-64.4083444,1.409081000000108],[-64.4098638,1.403001399999873],[-64.4005945,1.398931800000107],[-64.3892319,1.385982599999982],[-64.3805374,1.392635600000133],[-64.376039,1.3906547],[-64.3769789,1.384378899999921],[-64.3548704,1.379544999999877],[-64.3568967,1.375097599999964],[-64.3377659,1.361227700000081],[-64.3356458,1.370203599999972],[-64.3432838,1.37547169999992],[-64.3402143,1.37831279999989],[-64.3430269,1.3815393],[-64.3248835,1.39588749999995],[-64.3270012,1.4010152],[-64.3214451,1.406654500000021],[-64.3277031,1.420990799999871],[-64.3233249,1.438039600000119],[-64.3148897,1.43758749999996],[-64.313581,1.44685550000002],[-64.3090006,1.4487115],[-64.3112373,1.453327599999906],[-64.3040334,1.456023899999971],[-64.3015481,1.464144699999923],[-64.2901047,1.469484499999927],[-64.2844992,1.477589800000029],[-64.277318,1.4741705],[-64.27478390000002,1.482793699999944],[-64.26499,1.482155999999878],[-64.2605946,1.502269399999977],[-64.255336,1.497653299999943],[-64.2400247,1.50759720000002],[-64.2163529,1.506602299999986],[-64.205781,1.517809600000075],[-64.1973077,1.519972499999974],[-64.1923108,1.529752100000119],[-64.1964011,1.535355800000037],[-64.1920967,1.546598699999987],[-64.1730229,1.566821700000028],[-64.1682656,1.579583500000045],[-64.1534352,1.573010700000046],[-64.1493092,1.580420399999932],[-64.1254432,1.578445399999957],[-64.1147749,1.588692599999934],[-64.1107352,1.607767599999966],[-64.0989045,1.6100273],[-64.0867721,1.644266900000072],[-64.0749707,1.6507314],[-64.0653718,1.676293],[-64.0692337,1.690638800000023],[-64.0612153,1.701388399999954],[-64.0733152,1.723642199999967],[-64.0640813,1.733144500000069],[-64.0660967,1.744109900000036],[-64.0772045,1.748696799999915],[-64.0801772,1.75585850000008],[-64.0730091,1.759707299999935],[-64.0597107,1.780659599999947],[-64.0621956,1.795078600000086],[-64.058973,1.80379280000008],[-64.0512826,1.807887],[-64.04992,1.81847929999996],[-64.0502292,1.827437600000091],[-64.0570021,1.827833599999932],[-64.055636,1.835797600000032],[-64.0694316,1.852417299999907],[-64.0578186,1.879673400000087],[-64.0625949,1.900751],[-64.0571222,1.902587899999953],[-64.0602107,1.905912],[-64.0565523,1.910537700000092],[-64.062777,1.914574399999919],[-64.0587842,1.920015299999944],[-64.0611066,1.924483900000036],[-64.044536,1.934815599999956],[-64.0359513,1.946044400000067],[-64.0307689,1.942909500000086],[-64.0205907,1.947382899999956],[-64.0140106,1.954298100000041],[-64.0169804,1.957564200000022],[-64.0051806,1.961697400000064],[-64.0020558,1.972285199999924],[-63.9933938,1.976051800000059],[-63.9923282,1.982463499999903],[-63.985574,1.97779],[-63.971937,1.991274699999924],[-63.9575847,1.993236299999946],[-63.9447315,1.98376],[-63.9365437,1.991127800000049],[-63.9308466,1.983078799999936],[-63.9213744,1.981872500000011],[-63.9083221,1.985314800000018],[-63.9031652,1.99340969999998],[-63.8927943,1.989226700000012],[-63.8907436,1.982577900000084],[-63.8837039,1.983153599999923],[-63.8727041,1.976224400000013],[-63.864831,1.975825799999918],[-63.8584838,1.980879200000037],[-63.8576082,1.973712199999978],[-63.8496417,1.973774099999982],[-63.8478762,1.963851700000065],[-63.8410019,1.961136800000055],[-63.8387045,1.967518499999985],[-63.8321779,1.967315799999938],[-63.8314449,1.979143700000041],[-63.8235007,1.984243800000047],[-63.8242634,1.994157199999952],[-63.8088405,1.9872197],[-63.8003184,1.988790499999953],[-63.7902258,1.980797600000061],[-63.7810219,1.982662],[-63.7755469,1.997872],[-63.7704304,1.997561500000026],[-63.76399330000001,2.005518399999957],[-63.7591919,1.99880590000009],[-63.7493613,1.995155599999956],[-63.7485977,2.0020527],[-63.7405075,2.00132930000008],[-63.74362940000001,2.01124690000004],[-63.7401605,2.018127699999948],[-63.7330681,2.017996799999932],[-63.7298323,2.028825899999942],[-63.7130333,2.040366300000027],[-63.7053952,2.040485299999939],[-63.7003745,2.048908499999937],[-63.686645,2.037249199999923],[-63.6908612,2.0207594],[-63.6642635,2.01908489999996],[-63.6606419,2.023407500000053],[-63.6594152,2.043170800000067],[-63.6633679,2.049732600000075],[-63.6618491,2.067393],[-63.6327202,2.071988199999963],[-63.6329344,2.085949],[-63.6180389,2.091907200000033],[-63.6163644,2.098936299999958],[-63.620356,2.103434199999975],[-63.6148392,2.108891599999922],[-63.608229,2.10722119999994],[-63.5936667,2.122668700000023],[-63.5821454,2.117300599999951],[-63.5773198,2.123668],[-63.57021,2.120969700000026],[-63.564071,2.133047900000065],[-63.5523212,2.128936200000036],[-63.5479097,2.134504100000016],[-63.5438979,2.128707699999981],[-63.5342682,2.1315702],[-63.5240746,2.121519400000017],[-63.5165079,2.122675800000056],[-63.5072982,2.11057939999998],[-63.4752053,2.123775099999937],[-63.4733207,2.141606800000019],[-63.4484506,2.126159300000015],[-63.4354445,2.124160599999948],[-63.42727820000001,2.138294599999937],[-63.426236,2.132712400000045],[-63.4206395,2.131241900000032],[-63.4040879,2.146665499999937],[-63.3929378,2.148507199999983],[-63.3949381,2.174432099999987],[-63.3894894,2.1834253],[-63.3976206,2.188222499999941],[-63.3999762,2.201988],[-63.3852426,2.202416300000062],[-63.3716903,2.211464600000051],[-63.3597912,2.197101599999979],[-63.3107885,2.165004],[-63.2763514,2.1543897],[-63.1941336,2.181212899999971],[-63.1654596,2.180313399999946],[-63.1585996,2.1742866],[-63.1463394,2.173258600000056],[-63.1375887,2.161055300000011],[-63.1385586,2.142770700000043],[-63.1241234,2.104990599999917],[-63.10724050000001,2.079344199999948],[-63.0855429,2.061437],[-63.0708633,2.039986099999923],[-63.0237761,2.014679399999916],[-62.98043470000001,2.017927600000018],[-62.9484827,2.031041400000037],[-62.8385715,2.016386399999955],[-62.8288757,2.013313600000013],[-62.8132455,1.991684199999969],[-62.7295838,1.960549399999901],[-62.7060294,1.939723199999942],[-62.6987291,1.911957599999918],[-62.7041791,1.873946799999923],[-62.7310733,1.81823229999995],[-62.72373180000001,1.712398700000055],[-62.7286068,1.7],[-62.7658839,1.671308400000075],[-62.7734975,1.656310900000056],[-62.7929928,1.6353122],[-62.8056337,1.604203399999893],[-62.8052823,1.591345699999955],[-62.7567946,1.54762790000005],[-62.7497857,1.535971800000016],[-62.7363493,1.529629600000062],[-62.7308005,1.499632],[-62.7207753,1.488544700000016],[-62.6985853,1.475439],[-62.6769036,1.454630899999926],[-62.6466334,1.443222099999947],[-62.6355059,1.431819899999947],[-62.6202536,1.403783299999897],[-62.6205211,1.362693399999974],[-62.6107924,1.352649399999972],[-62.6021975,1.32577220000005],[-62.59746770000001,1.290221],[-62.5546935,1.174904100000021],[-62.5412054,1.111955399999934],[-62.529669,1.088818299999947],[-62.5210879,1.083815900000019],[-62.4716209,1.086281599999899],[-62.4782836,1.0566044],[-62.4791091,1.047936100000053],[-62.474427,1.04022],[-62.47773020000001,1.027947399999929],[-62.4616306,0.994911000000114],[-62.4458079,0.976841299999871],[-62.4427354,0.958533900000129],[-62.4535663,0.934647299999974],[-62.4710538,0.9171288],[-62.4846856,0.87602030000008],[-62.4860709,0.857965299999974],[-62.4810502,0.842672200000174],[-62.4660739,0.829077199999813],[-62.4577351,0.785197900000035],[-62.4630261,0.7768688],[-62.5004942,0.7479482999999],[-62.5333109,0.701300700000195],[-62.5382905,0.675195500000153],[-62.5182977,0.583816899999929],[-62.5330086,0.508808400000209],[-62.5229646,0.485566],[-62.5186613,0.443700900000348],[-62.5093851,0.44049920000029],[-62.485246,0.454080400000088],[-62.4585682,0.417691400000152],[-62.456074,0.392410999999661],[-62.4463713,0.379113800000433],[-62.45300910000001,0.373533300000023],[-62.4519052,0.365187099999767],[-62.4610737,0.352668099999774],[-62.4668891,0.332967799999982],[-62.4585849,0.313494099999642],[-62.4682903,0.275753200000415],[-62.4544158,0.243552899999982],[-62.4527436,0.20741420000012],[-62.4385598,0.194895500000328],[-62.4285756,0.173534100000053],[-62.42330050000001,0.144675399999695],[-62.4281258,0.128138700001322],[-62.4217735,0.097843200000479],[-62.4092644,0.075072799999485],[-62.3859075,0.060413600001601],[-62.3658734,0.055771600001158],[-62.336604,0.021567000007194],[-62.3227267,-0.014885399995011],[-62.3255119,-0.021335399993798],[-62.3206255,-0.043079799997635],[-62.3130516,-0.046988899997989],[-62.3200391,-0.048454800003533],[-62.3201369,-0.057592300000072],[-62.3250721,-0.052901399997157],[-62.3306914,-0.054807099999152],[-62.3278573,-0.064286600002798],[-62.3185244,-0.064530999997889],[-62.3145664,-0.069026399998841],[-62.3215539,-0.077479799997742],[-62.3131982,-0.07982530000033],[-62.3121232,-0.086812800000367],[-62.3185244,-0.088425300001549],[-62.3197948,-0.096341200001424],[-62.3143221,-0.101032099999064],[-62.3116346,-0.098491199999779],[-62.306113,-0.112368499998886],[-62.2940436,-0.119551499999782],[-62.2937016,-0.126929899998977],[-62.2830493,-0.135187799998721],[-62.2778209,-0.149846899999431],[-62.268097,-0.154244600000321],[-62.2630151,-0.163382100001046],[-62.2577379,-0.16049920000001],[-62.241564,-0.170467300000469],[-62.2416128,-0.181461600000339],[-62.2467924,-0.190745699999707],[-62.2431765,-0.205820100000621],[-62.2530225,-0.212905299999906],[-62.2485759,-0.237605700000141],[-62.2506526,-0.248013600000617],[-62.2413196,-0.245741399999521],[-62.2372639,-0.251776100000533],[-62.253389,-0.270002099999485],[-62.2507503,-0.282022400000208],[-62.24281,-0.290524600000046],[-62.2436651,-0.294580199999542],[-62.2476475,-0.291697299999818],[-62.2480628,-0.296339300000473],[-62.2400492,-0.304963599999975],[-62.2375083,-0.303326699999525],[-62.2308414,-0.315722699999547],[-62.2193096,-0.305656899999798],[-62.18691290000001,-0.325593000000545],[-62.1942913,-0.334632600000043],[-62.1943402,-0.35935719999994],[-62.2081686,-0.367615],[-62.2015232,-0.386720399999722],[-62.2061652,-0.391118],[-62.2139834,-0.387209],[-62.2170618,-0.39575989999992],[-62.2118823,-0.401476899999684],[-62.2214107,-0.403968900000181],[-62.2259062,-0.420924099999967],[-62.228496,-0.417894699999771],[-62.2354835,-0.424930900000291],[-62.2420312,-0.420240099999975],[-62.2448165,-0.432602199999615],[-62.2567636,-0.440640100000249],[-62.2628716,-0.434923200000112],[-62.270983,-0.449679600000248],[-62.2758205,-0.441128699999747],[-62.2804626,-0.443327499999892],[-62.2779216,-0.458865700000168],[-62.2673671,-0.469224500000081],[-62.2761137,-0.474013000000108],[-62.2845671,-0.471618699999619],[-62.2881342,-0.479143499999827],[-62.2850069,-0.479778700000036],[-62.2896978,-0.481488900000103],[-62.2853001,-0.492971399999969],[-62.2958058,-0.498541699999786],[-62.2927274,-0.503672200000361],[-62.2968319,-0.507825500000296],[-62.300399,-0.504014199999723],[-62.3013274,-0.509242500000225],[-62.3072399,-0.508118599999661],[-62.3087058,-0.514763800000135],[-62.2999103,-0.529422399999932],[-62.308999,-0.530301900000021],[-62.3099274,-0.542272999999716],[-62.3184297,-0.544618299999825],[-62.3065558,-0.559423300000224],[-62.3123217,-0.575938500000065],[-62.2906262,-0.598463500000099],[-62.2916035,-0.607600499999903],[-62.298249,-0.60613469999993],[-62.301816,-0.614880799999812],[-62.28935580000001,-0.622405400000163],[-62.2867171,-0.632372999999899],[-62.292874,-0.647715199999753],[-62.2985421,-0.647128899999784],[-62.3116376,-0.658708899999737],[-62.3266877,-0.652992199999904],[-62.3307434,-0.666037900000179],[-62.3419332,-0.673122700000075],[-62.3429104,-0.665744800000079],[-62.3535627,-0.675272599999907],[-62.3698832,-0.667845799999913],[-62.3711293,-0.68917330000018],[-62.3674645,-0.694499099999828],[-62.3592554,-0.69616029999991],[-62.3570076,-0.702365600000168],[-62.3729861,-0.70949910000009],[-62.3752827,-0.701974700000179],[-62.3821725,-0.703196199999971],[-62.3932645,-0.708863899999857],[-62.3925804,-0.715899799999827],[-62.4013759,-0.717267900000023],[-62.4029884,-0.722398099999821],[-62.4109044,-0.71291930000001],[-62.4090964,-0.708179899999908],[-62.4156441,-0.705736899999869],[-62.4130544,-0.701632699999812],[-62.418918,-0.699824799999806],[-62.41808730000001,-0.69489],[-62.42732259999999,-0.696795499999937],[-62.4271271,-0.68975959999996],[-62.4360692,-0.690590300000254],[-62.4432033,-0.685899699999871],[-62.4555658,-0.689124500000268],[-62.4620158,-0.685215600000052],[-62.4702738,-0.69117659999997],[-62.4746716,-0.685215599999909],[-62.4769091,-0.687852399999827],[-62.4866273,-0.68146729999978],[-62.4930157,-0.687582400000165],[-62.4955158,-0.70396479999995],[-62.5082918,-0.714249200000244],[-62.5060689,-0.730916899999819],[-62.4988499,-0.733971699999972],[-62.4949568,-0.750634199999778],[-62.5102377,-0.7589685000002],[-62.5044023,-0.765635599999986],[-62.5010732,-0.781466099999838],[-62.4807979,-0.7950775],[-62.4655125,-0.78897119999978],[-62.4616298,-0.801745299999793],[-62.4482994,-0.810074399999922],[-62.4427378,-0.802026500000209],[-62.4332906,-0.803968400000064],[-62.4282938,-0.812298800000117],[-62.3957973,-0.820356700000051],[-62.3941282,-0.828968200000051],[-62.3760672,-0.836469300000058],[-62.3805119,-0.843689400000212],[-62.3735689,-0.848688],[-62.3699632,-0.859246],[-62.3763474,-0.866192300000149],[-62.3666242,-0.86924779999997],[-62.3649621,-0.8773045],[-62.35662880000001,-0.8750771],[-62.34023650000001,-0.904241900000024],[-62.3285742,-0.915634100000065],[-62.3171788,-0.914245699999932],[-62.3127423,-0.930355],[-62.2938472,-0.948129699999959],[-62.2860729,-0.943969699999855],[-62.2721852,-0.952021700000039],[-62.2591241,-0.975914900000166],[-62.2274549,-0.973441099999971],[-62.2135666,-0.983688099999979],[-62.2038518,-0.982851700000109],[-62.1999604,-1.00035419999989],[-62.1719075,-1.005912400000073],[-62.1549589,-1.026189],[-62.1455137,-1.028414399999888],[-62.1430091,-1.037303600000067],[-62.12551770000001,-1.037301899999905],[-62.1113467,-1.060360899999842],[-62.1182904,-1.076467599999849],[-62.0996815,-1.096743300000045],[-62.062179,-1.099799199999856],[-62.0316231,-1.126462900000031],[-62.0120554,-1.151780699999958],[-61.9894005,-1.201742600000133],[-61.9880169,-1.216741],[-61.966905,-1.242857900000129],[-61.9499562,-1.297020500000081],[-61.9274584,-1.320631899999987],[-61.909129,-1.348685100000093],[-61.9060054,-1.371591200000028]]]}},{"type":"Feature","properties":{"CD_MUN":"1303809","NM_MUN":"São Gabriel da Cachoeira","SIGLA_UF":"AM","CodigoIBGE":"1303809","SubRegiaoNumero":6,"CalhaSubRegiao":"Região do Alto Rio Negro"},"geometry":{"type":"Polygon","coordinates":[[[-68.6735782,-0.606657000000183],[-68.6922853,-0.586118],[-68.6913767,-0.580657199999945],[-68.6972962,-0.578239399999759],[-68.6989524,-0.569573300000156],[-68.7189191,-0.562777],[-68.75038890000002,-0.559862800000295],[-68.7650755,-0.549690100000155],[-68.7820178,-0.550399],[-68.8155112,-0.529593399999966],[-68.8499524,-0.525782699999835],[-68.8628582,-0.511390299999739],[-68.9071698,-0.496488299999939],[-68.9200635,-0.484566799999778],[-68.9440662,-0.484867399999884],[-68.9610569,-0.47728300000021],[-68.9833374,-0.488558899999731],[-69.0140852,-0.484985900000132],[-69.0193003,-0.491400399999964],[-69.0304696,-0.49301150000032],[-69.032632,-0.503118999999658],[-69.0634753,-0.499727900000215],[-69.0824947,-0.510548000000291],[-69.1046949,-0.5158486],[-69.1175419,-0.53398520000018],[-69.1379501,-0.533331799999828],[-69.1586389,-0.53853609999968],[-69.1810177,-0.523718900000153],[-69.2189668,-0.511509799999753],[-69.2582842,-0.521440899999725],[-69.2864039,-0.516834599999733],[-69.3094066,-0.489454999999662],[-69.3452701,-0.483412899999957],[-69.3540147,-0.477168699999921],[-69.3743529,-0.438651400000036],[-69.3966936,-0.424119900000015],[-69.4089407,-0.40693209999992],[-69.4212047,-0.4007971000004],[-69.4347431,-0.405191600000282],[-69.4574661,-0.402163299999893],[-69.4769175,-0.408925599999679],[-69.48579580000002,-0.401024300000413],[-69.4876931,-0.371474500000117],[-69.5017686,-0.360981999999648],[-69.5432128,-0.338238799999686],[-69.5751268,-0.334299400000387],[-69.5917701,-0.325764299999663],[-69.603876,-0.310548500000439],[-69.6057625,-0.298332499999845],[-69.6041821,-0.220874899999688],[-69.647136,-0.194631099999122],[-69.6601633,-0.175405900000027],[-69.6768682,-0.167602599999815],[-69.7188002,-0.1711723],[-69.7479327,-0.159991999999834],[-69.7563592,-0.148424799999203],[-69.760434,-0.132723200001207],[-69.7554358,-0.106605599998477],[-69.75765880000002,-0.098589399998681],[-69.7745983,-0.077664000001371],[-69.7896555,-0.074043599999842],[-69.7979937,-0.08134010000058],[-69.8048514,-0.106737899998613],[-69.8126094,-0.118388600000354],[-69.8481273,-0.123228300000389],[-69.8666565,-0.143212899999275],[-69.8834965,-0.143353100000668],[-69.89499120000002,-0.131037900000789],[-69.8988839,-0.116817299998786],[-69.9062966,-0.108419000000328],[-69.9211894,-0.102422999999198],[-69.9418779,-0.085352200001333],[-69.9464372,-0.074990499999342],[-69.951861,-0.020585299996363],[-69.9613259,-0.010959000009505],[-69.984548,-0.005742199980001],[-69.9892453,0.006258700025584],[-69.9855758,0.038552000003991],[-69.9921909,0.053748799999194],[-70.013214,0.065327899998568],[-70.04711995691349,0.068338832419749],[-70.046467,0.562937000000259],[-70.0385982,0.566203800000092],[-70.0270868,0.562357700000017],[-70.0209611,0.555815300000154],[-70.0209439,0.544836999999731],[-70.00920280000001,0.54830359999982],[-70.00541229999999,0.544468600000178],[-69.9956541,0.550342499999984],[-69.9963545,0.559326699999943],[-69.9917027,0.56290179999971],[-70.0005186,0.573532000000288],[-69.994898,0.574799599999724],[-69.9858965,0.567621900000022],[-69.9883307,0.575616900000266],[-69.9784226,0.57799040000021],[-69.9636997,0.571005499999718],[-69.9611227,0.561582899999881],[-69.9361206,0.552859400000073],[-69.9142578,0.580557500000115],[-69.91625919999998,0.590131199999714],[-69.9037928,0.580925800000108],[-69.8949718,0.585580699999817],[-69.88657230000001,0.577005100000027],[-69.8693688,0.582830000000178],[-69.8603602,0.577547600000171],[-69.8526793,0.587374800000068],[-69.8374412,0.584724099999984],[-69.8328393,0.590796499999979],[-69.8232406,0.59127],[-69.8130194,0.585643999999777],[-69.803044,0.571796300000169],[-69.8020952,0.578408999999769],[-69.7951995,0.579465500000158],[-69.782379,0.596055099999722],[-69.76266279999999,0.603935899999711],[-69.7487814,0.619638],[-69.738909,0.608752000000143],[-69.7237186,0.615169399999743],[-69.7158699,0.640878299999745],[-69.7105411,0.640253699999824],[-69.7091991,0.646446199999867],[-69.6954253,0.654918600000077],[-69.6910233,0.648888999999867],[-69.6866378,0.6545],[-69.6876752,0.663851300000109],[-69.6715909,0.66774000000023],[-69.6672642,0.664100599999864],[-69.649105,0.663580699999911],[-69.6444761,0.658521],[-69.6482381,0.654657000000219],[-69.6401344,0.649503800000063],[-69.6398108,0.642175099999863],[-69.6301502,0.62879300000026],[-69.6262212,0.634830599999828],[-69.6203753,0.634203900000126],[-69.6071265,0.613064799999848],[-69.60570359999998,0.634931999999762],[-69.5869589,0.640598200000119],[-69.5978181,0.648875600000093],[-69.5971946,0.6542675],[-69.566605,0.672145900000249],[-69.5629011,0.683676099999746],[-69.5354506,0.679499900000071],[-69.5320511,0.702981900000243],[-69.5146773,0.713989500000038],[-69.50560080000001,0.713217100000108],[-69.4997973,0.723658699999763],[-69.4800409,0.735772700000073],[-69.4635791,0.736349299999774],[-69.455311,0.718687699999834],[-69.4333619,0.712484299999784],[-69.4359102,0.699445099999958],[-69.43049730000001,0.693492799999911],[-69.4148167,0.688079900000028],[-69.4037492,0.664121899999857],[-69.3727786,0.638136400000281],[-69.3538429,0.614662],[-69.3493415,0.614699199999888],[-69.3359079,0.643089099999961],[-69.326958,0.636696299999968],[-69.322483,0.640212399999904],[-69.3192452,0.62646429999997],[-69.3067639,0.642572699999958],[-69.2943013,0.649808499999886],[-69.28529849999998,0.648487799999775],[-69.2899859,0.634685900000147],[-69.2843684,0.621572300000212],[-69.2952872,0.604310600000244],[-69.2852985,0.606235800000093],[-69.2716454,0.601446100000136],[-69.2645817,0.609658400000103],[-69.2536676,0.604910499999812],[-69.2420048,0.60906780000001],[-69.2334949,0.602492399999936],[-69.2119457,0.610658199999797],[-69.1995999,0.606559599999884],[-69.2032829,0.632898500000011],[-69.1940005,0.650836399999742],[-69.1588452,0.653423099999822],[-69.1541648,0.646459000000148],[-69.134371,0.645032400000178],[-69.1249815,0.633964800000209],[-69.115672,0.643953600000266],[-69.118309,0.654901299999767],[-69.1454386,0.698252600000103],[-69.15830409999998,0.711617600000236],[-69.1804393,0.715613099999979],[-69.1906025,0.739970999999895],[-69.1761641,0.759683700000105],[-69.1614206,0.756327400000175],[-69.1475962,0.768433800000197],[-69.1542087,0.806441200000138],[-69.16640125199996,0.819910692000475],[-69.1671532089675,0.843701906329655],[-69.16087787100048,0.849290011999291],[-69.1473365,0.8463963],[-69.1412633,0.850152100000066],[-69.1359093,0.869570299999876],[-69.1384464,0.882755499999888],[-69.156606,0.882415899999977],[-69.1808907,0.9018264],[-69.1912374,0.91664110000014],[-69.1898213,0.932572099999985],[-69.1807514,0.937206899999921],[-69.1676861,0.936128099999973],[-69.1644497,0.940203499999892],[-69.1729602,0.9518305],[-69.2036857,0.962378699999874],[-69.2090397,0.972247599999935],[-69.2181894,0.973126599999955],[-69.2179097,0.980438400000107],[-69.199011,0.996180700000126],[-69.1982918,1.001015299999978],[-69.2112772,1.017516800000093],[-69.2460985,1.046433499999972],[-69.2441703,1.055980699999904],[-69.2875324,1.053088300000013],[-69.2880967,1.060048800000081],[-69.3022882,1.062294499999977],[-69.3056744,1.074475399999852],[-69.3213943,1.088414099999899],[-69.3374141,1.080483599999831],[-69.34557970000002,1.084746099999846],[-69.3580312,1.0789066],[-69.3648935,1.084030899999926],[-69.3720555,1.080404899999952],[-69.3753518,1.089454799999881],[-69.3816147,1.073692499999989],[-69.400529,1.058755500000057],[-69.4134154,1.038990900000021],[-69.4162725,1.043352999999868],[-69.4332035,1.04612779999988],[-69.4338454,1.070051799999865],[-69.4401073,1.074542399999952],[-69.4521072,1.072895800000014],[-69.4606644,1.07748620000015],[-69.4747196,1.074205],[-69.4848638,1.079507],[-69.5244344,1.071025500000067],[-69.5656082,1.072493800000043],[-69.5788833,1.076419399999859],[-69.5977322,1.094579],[-69.6075825,1.098367599999954],[-69.6239228,1.095807600000071],[-69.6319837,1.085319400000083],[-69.6467571,1.090174000000139],[-69.6525406,1.085169600000157],[-69.668303,1.082143],[-69.6743562,1.071475],[-69.6841252,1.071744700000046],[-69.6921262,1.076269599999912],[-69.7046522,1.075610300000081],[-69.7059407,1.099403600000099],[-69.7011161,1.116244699999853],[-69.7050717,1.118881699999886],[-69.7125932,1.118072700000134],[-69.7222424,1.108663199999959],[-69.740402,1.115705300000147],[-69.7712175,1.105114],[-69.7912388,1.088982499999891],[-69.7968765,1.072195700000072],[-69.8085613,1.063569799999973],[-69.8198418,1.064492200000023],[-69.8330222,1.080416399999856],[-69.84657,1.076521],[-69.8457467,1.713698199999979],[-69.8390649,1.718678],[-69.8353351,1.709540900000067],[-69.8281134,1.71194410000005],[-69.8237667,1.703051500000064],[-69.818777,1.704607700000044],[-69.8223128,1.699284800000097],[-69.8163499,1.701012300000015],[-69.8141798,1.695748899999989],[-69.8089498,1.694678199999989],[-69.8021921,1.700407900000082],[-69.8037911,1.7046957],[-69.7974189,1.69851389999993],[-69.7857072,1.698904099999913],[-69.7875346,1.694245100000078],[-69.7826187,1.692560399999975],[-69.7807246,1.703082399999903],[-69.7732626,1.701845099999951],[-69.775723,1.707175099999947],[-69.7653063,1.7110629],[-69.7620512,1.717558899999974],[-69.7579038,1.713332899999922],[-69.7557766,1.717844399999973],[-69.7529105,1.7129011],[-69.7485882,1.7138612],[-69.7542026,1.719418399999956],[-69.7451547,1.729483499999943],[-69.7377272,1.725992900000014],[-69.7386445,1.730872],[-69.7201454,1.730565],[-69.7211162,1.735026499999984],[-69.7183001,1.731621499999971],[-69.7033326,1.734667200000106],[-69.6872427,1.727179],[-69.6768325,1.73295870000002],[-69.6766136,1.721970399999903],[-69.6651494,1.729180199999969],[-69.6544275,1.71786580000006],[-69.6482957,1.723538499999916],[-69.6414404,1.723695500000072],[-69.6461423,1.727188600000099],[-69.6433393,1.73001059999991],[-69.6392609,1.7302271],[-69.6363888,1.722843699999927],[-69.6219788,1.727512200000012],[-69.6250245,1.73091],[-69.6220954,1.735975899999923],[-69.6177743,1.729342],[-69.613389,1.738498099999944],[-69.6011681,1.742505099999909],[-69.6041781,1.747306899999966],[-69.5979082,1.745781700000096],[-69.5898805,1.753418799999932],[-69.5902267,1.758244400000027],[-69.587407,1.752380200000073],[-69.5839735,1.760046799999939],[-69.5788731,1.755071400000077],[-69.57199530000001,1.759582800000084],[-69.571542,1.756249200000062],[-69.5659348,1.759336600000105],[-69.569429,1.763708799999906],[-69.5648212,1.764565400000021],[-69.5641431,1.761246099999974],[-69.5600706,1.764847400000024],[-69.5629402,1.767731299999952],[-69.5589713,1.7720429],[-69.5549453,1.773252799999977],[-69.55317489999999,1.769508799999968],[-69.5525004,1.774459199999903],[-69.5346758,1.77682559999991],[-69.5309531,1.770622300000074],[-69.5342546,1.763544599999973],[-69.52790510000001,1.763287700000063],[-69.52740889999998,1.768991200000035],[-69.5197352,1.769744299999944],[-69.5179621,1.76362560000003],[-69.5177222,1.770925700000069],[-69.5134534,1.77135050000008],[-69.5095344,1.762991399999982],[-69.51257180000002,1.76128529999993],[-69.5079604,1.758376399999923],[-69.5048264,1.76389],[-69.5012111,1.757923200000084],[-69.4903393,1.759550700000021],[-69.4918312,1.755881599999908],[-69.4868772,1.7524159],[-69.4824121,1.758797600000011],[-69.4821944,1.750324299999967],[-69.4787287,1.746723],[-69.4746956,1.748782499999944],[-69.4764801,1.743385800000073],[-69.4698343,1.746323299999977],[-69.4664585,1.756842599999971],[-69.46169010000001,1.752891499999922],[-69.4654056,1.748587],[-69.4551049,1.752588099999955],[-69.4552441,1.747651900000029],[-69.4473205,1.742462300000016],[-69.4413528,1.743186799999928],[-69.4417026,1.747812500000063],[-69.4372518,1.749454299999897],[-69.4328688,1.738682500000083],[-69.4302026,1.744589499999958],[-69.4250523,1.7394499],[-69.4239387,1.745724499999986],[-69.4218864,1.736947899999935],[-69.4174571,1.7414451],[-69.4078238,1.741277300000026],[-69.405975,1.731387100000018],[-69.3920052,1.730077200000026],[-69.393255,1.726748],[-68.163292,1.727788],[-68.1710966,1.74369340000002],[-68.1773568,1.733072099999966],[-68.1828633,1.734107099999937],[-68.1850941,1.730077700000108],[-68.1930123,1.737332700000075],[-68.18891250000001,1.757078],[-68.177819,1.765709700000055],[-68.1922888,1.780129200000093],[-68.2056232,1.78229970000001],[-68.2123851,1.773298199999966],[-68.2200026,1.771658399999929],[-68.2270466,1.774271],[-68.2301516,1.7812346],[-68.2394585,1.770686400000059],[-68.2448361,1.786509900000027],[-68.226776,1.829149800000016],[-68.2364009,1.821392799999908],[-68.24756059999999,1.82486679999996],[-68.2747459,1.81926309999995],[-68.2767566,1.832076499999925],[-68.2810158,1.834396500000095],[-68.281694,1.8289],[-68.285049,1.829518599999934],[-68.285306,1.8362031],[-68.2730922,1.844676399999925],[-68.2851489,1.846296799999984],[-68.2734634,1.852785599999935],[-68.2747198,1.858489100000047],[-68.2705724,1.858610499999931],[-68.2698022,1.866203300000037],[-68.2648707,1.866423399999918],[-68.2530518,1.879916900000045],[-68.2430059,1.916055],[-68.2453437,1.925705],[-68.23866789999998,1.932734900000064],[-68.2317843,1.933474],[-68.2316034,1.944351099999926],[-68.2086701,1.97587],[-68.2109667,1.982057499999968],[-68.2047475,1.9836695],[-68.1994978,2.039075399999983],[-68.1926163,2.0386745],[-68.18455840000001,1.976701199999954],[-68.171388,1.978396799999961],[-68.1762268,1.9698726],[-68.1685024,1.963210199999971],[-68.14649350000002,1.9726493],[-68.1398806,1.970480200000035],[-68.1292091,1.958491400000063],[-68.1320549,1.952849399999976],[-68.1257957,1.950372400000072],[-68.1197805,1.938048799999906],[-68.1095467,1.929655400000021],[-68.1038342,1.908934800000076],[-68.0967867,1.899546299999925],[-68.0835872,1.898802899999967],[-68.0747936,1.8926701],[-68.064053,1.8936999],[-68.0603584,1.878933400000064],[-68.051164,1.876816199999957],[-68.0460042,1.865474700000059],[-68.0496753,1.860002299999961],[-68.0436961,1.851661499999965],[-68.0465534,1.841829399999952],[-68.0380244,1.837463199999962],[-68.0403779,1.8348406],[-68.0347642,1.826820199999958],[-68.0391726,1.818988],[-68.0360744,1.815101100000079],[-68.02163,1.818276800000067],[-68.0164955,1.831628100000067],[-67.9997235,1.838822200000044],[-67.9859125,1.826903600000034],[-67.9850676,1.818283100000043],[-67.9412033,1.819895299999966],[-67.907677,1.805623100000094],[-67.9049664,1.809491899999943],[-67.9177106,1.819702700000088],[-67.9153459,1.833288899999923],[-67.9230915,1.856496299999956],[-67.9175114,1.862355],[-67.9082333,1.86192789999992],[-67.915472,1.879236700000011],[-67.9211599,1.883467600000057],[-67.9222147,1.892394],[-67.91037710000002,1.897943300000013],[-67.896989,1.8887973],[-67.89683940000002,1.895000200000052],[-67.8815728,1.896166900000032],[-67.8784182,1.905080100000052],[-67.8708116,1.901631400000071],[-67.8694691,1.920499599999918],[-67.8609316,1.923664700000068],[-67.8500889,1.939596400000065],[-67.8336316,1.9403021],[-67.8293276,1.945122],[-67.8322934,1.95040250000008],[-67.8157234,1.968549499999943],[-67.8154777,1.973927100000044],[-67.8055286,1.975072100000084],[-67.8081534,1.984217799999909],[-67.8002628,1.9876813],[-67.8009437,1.99406670000009],[-67.7882103,2.001887600000052],[-67.7843861,1.999309100000036],[-67.7826046,2.008116899999912],[-67.775887,2.013416099999941],[-67.7792273,2.026917299999938],[-67.7753171,2.0352891],[-67.7610991,2.034474],[-67.7573613,2.029677800000043],[-67.7484496,2.0358161],[-67.74290039999998,2.034148199999971],[-67.7417483,2.028230499999971],[-67.7310145,2.024377200000023],[-67.7311028,2.015434599999926],[-67.7255574,2.009337199999902],[-67.7203946,2.009513899999905],[-67.7173317,2.016780600000021],[-67.708436,2.015088500000033],[-67.6971579,2.002084099999915],[-67.6903275,2.000523899999962],[-67.6762917,2.008247899999912],[-67.6632065,1.993831900000032],[-67.6563647,1.991846799999967],[-67.6423842,2.006503099999913],[-67.6363115,2.007438100000021],[-67.6348366,2.014456300000046],[-67.6219666,2.027312500000071],[-67.6264075,2.0392543],[-67.6180316,2.0365568],[-67.6132316,2.043027300000027],[-67.6090803,2.039124],[-67.6002665,2.0435056],[-67.598018,2.064956],[-67.5917486,2.06925469999995],[-67.5963357,2.07554],[-67.5893644,2.076239599999928],[-67.5840041,2.084185],[-67.5872356,2.087941300000048],[-67.5620459,2.110306899999936],[-67.559402,2.133465199999934],[-67.5517503,2.13909969999997],[-67.5499643,2.146836900000036],[-67.542818,2.152808900000015],[-67.5323988,2.152246600000015],[-67.528352,2.16058550000003],[-67.515383,2.1617701],[-67.5117149,2.166176500000057],[-67.49628439999998,2.164234299999936],[-67.4892794,2.177991],[-67.4816248,2.175897799999949],[-67.4784647,2.166437700000013],[-67.4656114,2.174246700000011],[-67.4547359,2.167912300000026],[-67.4500257,2.171168199999959],[-67.4517644,2.175509299999923],[-67.4470402,2.1808367],[-67.4496379,2.188477399999943],[-67.4425718,2.197737],[-67.445788,2.217097199999989],[-67.4400542,2.218222700000049],[-67.4333527,2.229944],[-67.4279617,2.231361799999936],[-67.4150804,2.224613600000078],[-67.4105851,2.229316399999962],[-67.4016732,2.226961199999983],[-67.3978746,2.235334],[-67.3868991,2.2316171],[-67.3865505,2.222739799999916],[-67.3746578,2.220817799999911],[-67.3660596,2.205478],[-67.372159,2.199549300000019],[-67.3734946,2.19039070000003],[-67.3637398,2.189861200000022],[-67.3604197,2.1850887],[-67.3633577,2.1690292],[-67.3763182,2.158831200000041],[-67.3730107,2.146469899999934],[-67.3670145,2.137404100000066],[-67.34642850000002,2.135091600000042],[-67.3432439,2.130095899999938],[-67.3527606,2.118171500000056],[-67.3607056,2.116155099999976],[-67.3565646,2.109747900000015],[-67.3597466,2.094092699999948],[-67.3522861,2.082562799999978],[-67.3495425,2.083677799999972],[-67.3473256,2.075550800000049],[-67.3545485,2.055277799999917],[-67.3439916,2.036205699999972],[-67.34748,2.010611899999918],[-67.3445221,2.00560180000003],[-67.3523598,1.999668299999954],[-67.3473358,1.980235499999916],[-67.3347195,1.97944],[-67.3351395,1.972525],[-67.3238159,1.952264600000069],[-67.3269145,1.945705599999918],[-67.3177626,1.927518500000088],[-67.3119942,1.925507],[-67.3175301,1.922776499999934],[-67.3202429,1.912090800000043],[-67.3121904,1.901519200000018],[-67.3070944,1.903143800000045],[-67.2986189,1.888124599999955],[-67.2750338,1.8763908],[-67.2800998,1.87165470000006],[-67.2786429,1.862690499999975],[-67.2702378,1.863406599999982],[-67.2646344,1.860204600000019],[-67.2646084,1.855575],[-67.2589442,1.854824800000084],[-67.2393942,1.865453600000055],[-67.2345021,1.861260400000055],[-67.2132415,1.861378199999923],[-67.1951262,1.854756699999971],[-67.184342,1.841635199999946],[-67.1747369,1.844349600000093],[-67.1710493,1.831549299999907],[-67.1614229,1.823403700000071],[-67.1613652,1.815728600000049],[-67.1522467,1.812472099999932],[-67.1526572,1.805141800000079],[-67.1406091,1.796199300000045],[-67.133275,1.798449099999988],[-67.135299,1.786286499999896],[-67.1261535,1.776428],[-67.1259488,1.768638899999916],[-67.1350878,1.768264600000041],[-67.1397837,1.760301100000046],[-67.1410849,1.73894630000009],[-67.1364196,1.732191299999923],[-67.1409139,1.7299862],[-67.1426924,1.703947099999892],[-67.1297523,1.687002499999962],[-67.1380517,1.669118899999976],[-67.134497,1.661779699999888],[-67.1379379,1.64670949999997],[-67.1333106,1.632669499999944],[-67.1398466,1.623097200000071],[-67.1443344,1.603718300000101],[-67.1387211,1.605948400000093],[-67.1327154,1.598855],[-67.1212996,1.596590800000029],[-67.1030007,1.580165200000105],[-67.1068251,1.57387819999994],[-67.1046822,1.55884760000005],[-67.0985113,1.552242700000053],[-67.1025415,1.542232500000058],[-67.1012317,1.509341400000035],[-67.0945419,1.506416400000105],[-67.0966538,1.500574499999876],[-67.0899245,1.476512700000017],[-67.080766,1.474487599999918],[-67.0772278,1.469341800000092],[-67.0778712,1.455534499999989],[-67.0843489,1.448186699999966],[-67.0866203,1.4338157],[-67.0810582,1.421974699999913],[-67.0869296,1.414457],[-67.0812939,1.40841160000006],[-67.0827825,1.400242300000108],[-67.0785149,1.3941305],[-67.0825158,1.390339800000125],[-67.0816698,1.37746789999993],[-67.0862893,1.368186100000052],[-67.0779812,1.365373499999911],[-67.088803,1.360119700000035],[-67.0895624,1.348604299999897],[-67.1005877,1.345929],[-67.1104816,1.336028],[-67.1278199,1.341378099999945],[-67.1325726,1.351672299999962],[-67.1430108,1.343165100000031],[-67.1507711,1.345419599999983],[-67.1559511,1.319251499999862],[-67.1460311,1.319413100000108],[-67.1481521,1.306720600000013],[-67.1269606,1.283609499999927],[-67.1256973,1.270958100000032],[-67.11524789999999,1.268848399999971],[-67.0982366,1.254830100000066],[-67.1020667,1.237825599999906],[-67.0904387,1.226784199999957],[-67.09172150000002,1.213092299999962],[-67.0806674,1.198345700000143],[-67.0907214,1.189796299999842],[-67.085051,1.177782700000065],[-67.0918979,1.172546499999951],[-67.0905825,1.165597800000079],[-66.8568869,1.227954399999881],[-66.3184951,0.752026200000092],[-66.3164795,0.736142099999766],[-66.3087887,0.7364797],[-66.3049924,0.728885000000231],[-66.2952642,0.727240400000061],[-66.2906146,0.718655499999838],[-66.2824444,0.718839199999959],[-66.2738252,0.71015119999995],[-66.2591527,0.715314],[-66.2551112,0.712143300000122],[-66.2553306,0.704870399999823],[-66.2463173,0.701404399999772],[-66.2431687,0.692262400000087],[-66.2351004,0.689717500000232],[-66.2323741,0.681968100000253],[-66.2264985,0.678473200000176],[-66.22597210000002,0.6825106],[-66.2092026,0.671409699999849],[-66.1933974,0.669073599999857],[-66.1904511,0.661769],[-66.166011,0.651836099999963],[-66.1698608,0.645169499999821],[-66.1666787,0.646319699999932],[-66.1616736,0.63616149999992],[-66.152716,0.637277900000038],[-66.1384278,0.628821299999862],[-66.1365957,0.614776000000208],[-66.1335724,0.616666799999925],[-66.128354,0.609443900000053],[-66.131168,0.604334399999891],[-66.1224078,0.600043500000164],[-66.1179476,0.60253070000018],[-66.1155529,0.597708599999848],[-66.1215257,0.595434100000211],[-66.1216687,0.583357100000251],[-66.1304222,0.582631899999839],[-66.1239056,0.576334700000051],[-66.1231079,0.568323699999796],[-66.1318355,0.568500099999881],[-66.1380324,0.559264900000011],[-66.143314,0.560972600000082],[-66.1422296,0.556241400000222],[-66.1521731,0.559240599999868],[-66.1559731,0.555052600000117],[-66.1622375,0.555862600000081],[-66.1678709,0.539672799999826],[-66.1729504,0.545284],[-66.1756833,0.538768299999782],[-66.1931244,0.530326599999769],[-66.2013812,0.536155800000167],[-66.2078581,0.531298999999716],[-66.2014131,0.527223100000128],[-66.2128699,0.518633999999809],[-66.2249564,0.51887609999992],[-66.2313283,0.523984799999784],[-66.2303282,0.514042399999718],[-66.2404631,0.507990100000256],[-66.2395201,0.498825700000212],[-66.2443294,0.49262510000007],[-66.2549392,0.493115099999969],[-66.2556258,0.501935800000248],[-66.258633,0.49766940000009],[-66.2653667,0.50040269999997],[-66.2659638,0.495931499999719],[-66.2703772,0.497096100000355],[-66.2690869,0.484306500000065],[-66.27393,0.481438300000127],[-66.2758837,0.484262699999909],[-66.2758397,0.479360400000328],[-66.2886324,0.478390099999984],[-66.282631,0.471892100000359],[-66.2877708,0.469619400000019],[-66.2914114,0.474679],[-66.3039511,0.461870899999849],[-66.2986769,0.460490499999713],[-66.29780730000002,0.453146100000326],[-66.2999841,0.447242900000372],[-66.3036934,0.4529801],[-66.3087451,0.451084099999644],[-66.3051831,0.431886800000361],[-66.31227610000002,0.420650000000107],[-66.2953509,0.404805200000232],[-66.3027877,0.380585199999759],[-66.2921439,0.368144799999611],[-66.297097,0.360911599999673],[-66.2889331,0.358141299999907],[-66.2963863,0.352717300000423],[-66.2884504,0.35267439999962],[-66.2914124,0.347306500000367],[-66.2884895,0.339586100000255],[-66.293489,0.333612700000041],[-66.29342750000002,0.340556699999688],[-66.2991225,0.338418200000465],[-66.3022701,0.343204699999511],[-66.31170529999999,0.339093199999675],[-66.3115041,0.333027299999979],[-66.3034943,0.327563099999613],[-66.3149809,0.323385899999579],[-66.3136665,0.314555599999759],[-66.3246681,0.301781800000248],[-66.3207081,0.273503299999969],[-66.3255009,0.273877499999696],[-66.3289823,0.283581999999476],[-66.3404438,0.277829700000261],[-66.3436835,0.282532599999788],[-66.3451991,0.26900040000038],[-66.3585381,0.269425899999888],[-66.3603658,0.272640300000541],[-66.3772871,0.254439799999533],[-66.3889464,0.257616700000574],[-66.3855207,0.251687700000119],[-66.3984362,0.241976499999524],[-66.4017151,0.228763400000756],[-66.4084874,0.227254399999429],[-66.4156574,0.234180800000254],[-66.4217688,0.229523899999761],[-66.4165602,0.22921180000055],[-66.4061027,0.216426600000196],[-66.4045959,0.210754700000525],[-66.4099564,0.200710399999379],[-66.4001872,0.202937100000318],[-66.3985585,0.194902899999126],[-66.3904804,0.190586599999416],[-66.3916165,0.176374700000192],[-66.379442,0.173366300000272],[-66.3773916,0.167558900000013],[-66.356726,0.17382299999976],[-66.3406125,0.165501400000531],[-66.3287624,0.144528400001011],[-66.308512,0.137747999999407],[-66.3071118,0.131059199999108],[-66.301211,0.134210699998724],[-66.2920964,0.131220199999402],[-66.283303,0.112404099999082],[-66.27800670000002,0.112714300001375],[-66.2778456,0.120886700000154],[-66.2718296,0.125740299999589],[-66.2460535,0.105662999999009],[-66.2323113,0.109147200000366],[-66.2244052,0.104259099999381],[-66.218876,0.108402599999959],[-66.2061636,0.105355799999362],[-66.2015873,0.11015079999997],[-66.1904346,0.111369899998801],[-66.1759755,0.10733100000152],[-66.1721247,0.094854100001107],[-66.1593868,0.083096800001179],[-66.1621521,0.072552400000048],[-66.14827620000001,0.068703699997592],[-66.1381631,0.04811350000296],[-66.12022190000002,0.040858100001395],[-66.1150565,0.032032899995454],[-66.1152291,0.00893939998356],[-66.1197972,-0.000229600055846],[-66.1099237,-0.017221499992935],[-66.1182912,-0.031648300000408],[-66.1163129,-0.046626100002463],[-66.1295864,-0.049899600003274],[-66.127368,-0.058651400001042],[-66.1362446,-0.062723799997336],[-66.1390336,-0.07508860000166],[-66.1341964,-0.080127500001056],[-66.1310118,-0.066757200001729],[-66.122443,-0.065263699997795],[-66.0922928,-0.074010799998619],[-66.0818491,-0.082188199999762],[-66.0925205,-0.101496100000742],[-66.1172403,-0.115443299999877],[-66.11864460000001,-0.121280700000174],[-66.1020127,-0.133782700000363],[-66.0944338,-0.122469300001453],[-66.0766446,-0.125131999999048],[-66.0822593,-0.131643399999336],[-66.0817831,-0.151337599999137],[-66.0909413,-0.153801400000682],[-66.0986284,-0.16308769999891],[-66.08603379999998,-0.158281899998907],[-66.0803216,-0.171711700000767],[-66.073355,-0.174773899999075],[-66.0573222,-0.198669100000092],[-66.045725,-0.246839299999335],[-66.0418782,-0.24867039999974],[-66.0295689,-0.235523900000717],[-66.0153059,-0.243431600000138],[-66.0010322,-0.235833099999678],[-66.00407090000002,-0.224831900000787],[-65.9981693,-0.207598200000347],[-65.9781368,-0.183259599999394],[-65.9728876,-0.184065200000451],[-65.9654061,-0.194384800000405],[-65.9552596,-0.196552999999895],[-65.9452196,-0.194775299999256],[-65.9396779,-0.18561440000001],[-65.9227896,-0.184769399999477],[-65.9022414,-0.212478600000539],[-65.8960244,-0.231576399999309],[-65.8965107,-0.246763799999603],[-65.8877768,-0.259337499999813],[-65.890679,-0.310411599999753],[-65.9358025,-0.322295699999771],[-65.9406227,-0.331223699999863],[-65.9673015,-0.333682399999604],[-65.9879066,-0.327312300000537],[-65.9923722,-0.335582199999897],[-66.0081637,-0.34297799999967],[-66.0087326,-0.349515700000122],[-66.0253173,-0.357199699999957],[-66.0669956,-0.354459599999644],[-66.0926193,-0.367580700000386],[-66.0976672,-0.412393699999701],[-66.1204933,-0.426903400000031],[-66.1310864,-0.454194299999826],[-66.1292486,-0.471494799999681],[-66.1347733,-0.480053499999937],[-66.1622642,-0.486786400000161],[-66.2022018,-0.481167200000051],[-66.22831410000002,-0.490017],[-66.2532625,-0.481820600000201],[-66.2634828,-0.485192700000287],[-66.2852514,-0.508063200000173],[-66.2836317,-0.537690100000122],[-66.3337933,-0.578105799999806],[-66.4068421,-0.601720599999954],[-66.4241905,-0.593875500000134],[-66.4593823,-0.555519499999975],[-66.48248340000002,-0.556239100000145],[-66.4907684,-0.560163800000061],[-66.5159593,-0.591027000000258],[-66.5778601,-0.609136000000251],[-66.608907,-0.633820800000251],[-66.6443851,-0.64803],[-66.6809607,-0.677596999999782],[-66.7100878,-0.691620200000243],[-66.7167571,-0.700421499999819],[-66.714592,-0.713108799999815],[-66.7010072,-0.732130099999822],[-66.6984545,-0.750018699999777],[-66.7257278,-0.800005799999824],[-66.726756,-0.809825400000044],[-66.7236237,-0.817585800000174],[-66.7055364,-0.810084899999966],[-66.6945062,-0.810249499999833],[-66.6911741,-0.827701299999849],[-66.7163274,-0.853272900000036],[-66.7352317,-0.886936400000015],[-66.7406236,-0.909509900000101],[-66.7409553,-0.949282800000046],[-66.7496205,-0.974009500000158],[-66.76395560000002,-0.989236600000056],[-66.7808114,-0.991731500000167],[-66.8081303,-0.9846947],[-66.8429631,-0.968795299999911],[-66.8957877,-0.977213699999966],[-66.9124001,-0.972584000000184],[-66.9244836,-0.975189299999836],[-66.9544219,-1.035320900000083],[-66.9523985,-1.047628799999853],[-66.9307661,-1.069425799999942],[-66.9123487,-1.104918399999979],[-66.9149921,-1.123594900000149],[-66.9262702,-1.135837299999909],[-66.9477896,-1.148348799999982],[-66.9798761,-1.151861200000157],[-67.0159327,-1.166665799999974],[-67.036021,-1.16403440000002],[-67.0864896,-1.135160300000106],[-67.1255985,-1.134954900000112],[-67.182068,-1.179446700000062],[-67.2243313,-1.197964],[-67.2917902,-1.250440300000119],[-67.3778099,-1.28258909999995],[-67.472185,-1.340695700000013],[-67.4929606,-1.348837399999976],[-67.505074,-1.371154400000068],[-67.50910539999998,-1.407724699999949],[-67.5193273,-1.432678700000022],[-67.5447431,-1.45525229999989],[-67.5562743,-1.461612800000058],[-67.6074719,-1.468537899999931],[-67.6160825,-1.473628500000079],[-67.6379698,-1.505665799999901],[-67.6606591,-1.515618799999975],[-67.7113893,-1.527877699999928],[-67.74477220000001,-1.522007900000093],[-67.8004763,-1.486721499999949],[-67.8195886,-1.482471400000027],[-67.8431416,-1.484446699999914],[-67.8780706,-1.508563499999925],[-67.9175872,-1.518182100000083],[-67.9341246,-1.5126039],[-67.9735259,-1.485256200000097],[-68.0268262,-1.474387100000107],[-68.0611377,-1.482657800000121],[-68.08885629999999,-1.4987713],[-68.1271932,-1.499739499999963],[-68.160696,-1.483431900000051],[-68.1611162,-0.999070499999852],[-68.1673189,-0.665571099999884],[-68.1760163,-0.670933299999734],[-68.1820855,-0.663034799999982],[-68.181072,-0.671856300000212],[-68.1854817,-0.672373199999957],[-68.1883548,-0.665342900000109],[-68.1927395,-0.668584900000098],[-68.1956732,-0.664991200000231],[-68.21100370000002,-0.66680559999995],[-68.2131308,-0.659122400000216],[-68.2147039,-0.66454339999993],[-68.2243015,-0.660999499999751],[-68.2299626,-0.668472699999915],[-68.2329832,-0.665993600000186],[-68.2386886,-0.671080199999882],[-68.2419658,-0.667297699999794],[-68.2495739,-0.676206200000172],[-68.2568571,-0.672333499999813],[-68.25300640000002,-0.668118900000218],[-68.2655998,-0.665949599999971],[-68.262224,-0.67089289999996],[-68.2676913,-0.675059699999912],[-68.2644371,-0.679103700000077],[-68.2679456,-0.683681899999919],[-68.2761696,-0.674670100000133],[-68.2771057,-0.678440300000238],[-68.2901303,-0.680794499999753],[-68.2884129,-0.688925599999888],[-68.2939488,-0.692095900000231],[-68.303876,-0.685658699999734],[-68.2979952,-0.690960099999881],[-68.29922469999998,-0.698678599999808],[-68.3117626,-0.694639000000239],[-68.3157061,-0.70190900000024],[-68.3222618,-0.69999339999986],[-68.3257865,-0.709794700000036],[-68.3327908,-0.70922199999984],[-68.3364099,-0.717301200000123],[-68.3418112,-0.7164106],[-68.34418930000001,-0.721167099999951],[-68.3473769,-0.71714930000013],[-68.3486518,-0.721806099999961],[-68.3524658,-0.717959800000174],[-68.3537837,-0.72322339999987],[-68.35841580000002,-0.721969],[-68.3571169,-0.728391099999847],[-68.3609697,-0.73317889999991],[-68.3680381,-0.733655200000045],[-68.3692884,-0.72987],[-68.3717003,-0.73480719999997],[-68.3744912,-0.731267799999986],[-68.3821577,-0.736806299999963],[-68.3858696,-0.732985600000137],[-68.38959290000001,-0.739359400000224],[-68.3886299,-0.733813799999956],[-68.4046211,-0.735023100000231],[-68.404969,-0.741516800000138],[-68.4099361,-0.741247],[-68.4143261,-0.750283699999769],[-68.41630189999998,-0.746288799999946],[-68.424129,-0.75229030000017],[-68.4254274,-0.761027399999825],[-68.4302413,-0.759375300000109],[-68.429018,-0.75557119999982],[-68.4369944,-0.756941400000176],[-68.4395385,-0.7525222],[-68.4426851,-0.755967400000166],[-68.4429412,-0.751946200000074],[-68.4463551,-0.754358699999966],[-68.44788480000001,-0.7508178],[-68.4502938,-0.756779799999897],[-68.455119,-0.751895300000083],[-68.4581875,-0.75547980000003],[-68.4592756,-0.750880900000064],[-68.4624428,-0.755607599999914],[-68.4640945,-0.750661099999842],[-68.4641771,-0.755157899999807],[-68.4766719,-0.753028900000027],[-68.4803892,-0.757008],[-68.480206,-0.751311899999767],[-68.4885148,-0.75468320000021],[-68.487299,-0.7510097],[-68.4938217,-0.749231799999903],[-68.4972393,-0.757067599999846],[-68.5039113,-0.757327899999795],[-68.5108272,-0.751256299999828],[-68.5159586,-0.758250400000213],[-68.5135972,-0.752670699999913],[-68.5181135,-0.746163700000202],[-68.5235385,-0.756098799999941],[-68.524409,-0.75240789999997],[-68.538652,-0.748587799999845],[-68.5390045,-0.744107400000015],[-68.5441506,-0.748942199999823],[-68.54724,-0.744671100000034],[-68.5541304,-0.747117200000213],[-68.5619782,-0.73363330000021],[-68.5687809,-0.73906680000008],[-68.5669691,-0.735212199999845],[-68.5762569,-0.726772699999875],[-68.5777915,-0.730711499999905],[-68.5908451,-0.71934029999982],[-68.5897609,-0.72444620000012],[-68.5941011,-0.724811099999774],[-68.5991741,-0.715062499999979],[-68.6137998,-0.708463999999892],[-68.6180093,-0.697711400000025],[-68.6219593,-0.696851199999807],[-68.6195372,-0.682096399999793],[-68.6262965,-0.678713900000079],[-68.622868,-0.675170700000158],[-68.6250252,-0.663250799999836],[-68.637243,-0.656573600000026],[-68.6423881,-0.640220599999841],[-68.6578355,-0.624556899999741],[-68.6716767,-0.619714899999949],[-68.6735782,-0.606657000000183]]]}},{"type":"Feature","properties":{"CD_MUN":"1303601","NM_MUN":"Santa Isabel do Rio Negro","SIGLA_UF":"AM","CodigoIBGE":"1303601","SubRegiaoNumero":6,"CalhaSubRegiao":"Região do Alto Rio Negro"},"geometry":{"type":"Polygon","coordinates":[[[-64.5764355,0.943841],[-64.5701147,0.933532000000113],[-64.5521093,0.930541400000042],[-64.5495289,0.912261599999892],[-64.5430449,0.904315000000149],[-64.5217677,0.8947981],[-64.506914,0.897828500000021],[-64.4936127,0.876256],[-64.4758028,0.863838300000035],[-64.46588810000002,0.864881800000085],[-64.4480215,0.853266899999885],[-64.4410847,0.805423799999785],[-64.4246971,0.8079623],[-64.4210854,0.801269499999841],[-64.412471,0.801816100000066],[-64.3966387,0.793771900000187],[-64.3996901,0.78572119999986],[-64.3969135,0.777944699999924],[-64.3796906,0.774059599999827],[-64.3755223,0.759048199999972],[-64.3663567,0.758235399999939],[-64.3549737,0.735718899999779],[-64.3348656,0.738436800000224],[-64.3246389,0.734010099999815],[-64.3242122,0.72865049999983],[-64.3175018,0.732744700000132],[-64.3131843,0.725059699999786],[-64.3157072,0.72063339999995],[-64.309985,0.723215899999895],[-64.31191130000002,0.718100799999777],[-64.3085643,0.716109700000196],[-64.2921412,0.723587400000072],[-64.2901022,0.729486500000209],[-64.2860723,0.720038],[-64.267945,0.706991600000197],[-64.2588402,0.714709499999952],[-64.2398824,0.718263400000239],[-64.2458824,0.70278230000024],[-64.2419517,0.694154499999972],[-64.2333322,0.690526500000184],[-64.2409481,0.687559999999768],[-64.2401253,0.680684100000144],[-64.2185207,0.673866399999969],[-64.202464,0.653539700000256],[-64.186917,0.658520600000114],[-64.1802466,0.665485899999984],[-64.1644141,0.664042199999768],[-64.148858,0.643784499999796],[-64.1519109,0.634376800000189],[-64.1466328,0.627412300000257],[-64.1277459,0.620722800000144],[-64.1177479,0.607427599999766],[-64.103021,0.6007366],[-64.100242,0.584363699999921],[-64.0841379,0.581836700000248],[-64.0846918,0.574056400000093],[-64.0769161,0.571344199999806],[-64.0677481,0.54773599999975],[-64.0764814,0.539203199999844],[-64.0624378,0.505685599999674],[-64.0571037,0.502841400000011],[-64.0595903,0.499268299999797],[-64.0553485,0.492749000000321],[-64.0586031,0.49016079999984],[-64.0522249,0.482476800000156],[-64.0534855,0.478530799999859],[-64.0588461,0.478841400000181],[-64.0570471,0.473387399999892],[-64.0528388,0.47556689999973],[-64.0551518,0.469256999999686],[-64.0472529,0.458713600000218],[-64.0513618,0.453247699999878],[-64.0480664,0.44644219999992],[-64.0534549,0.445238900000046],[-64.0518674,0.428955299999607],[-64.0567476,0.42553760000027],[-64.0522453,0.424114100000293],[-64.0490361,0.404970399999914],[-64.0395375,0.4026165],[-64.0389958,0.39384520000006],[-64.0344849,0.395111699999913],[-64.038933,0.368672199999908],[-64.0294141,0.362704000000138],[-64.0255342,0.349306899999496],[-64.0191322,0.353265600000499],[-64.0123501,0.346282100000518],[-64.0082615,0.3476513000001],[-64.0103903,0.340715800000508],[-64.0063216,0.338527600000534],[-64.0083838,0.332648600000454],[-64.0051361,0.331027200000449],[-64.012069,0.317791900000517],[-64.0170521,0.321692400000329],[-64.017965,0.316798100000253],[-64.0260496,0.316161600000436],[-64.0198588,0.313817500000117],[-64.0262726,0.306557299999456],[-64.0245757,0.301776899999879],[-64.0197309,0.301922700000333],[-64.0237861,0.293913600000198],[-64.0112446,0.288658900000219],[-64.015137,0.284067000000601],[-64.0101218,0.280979900000084],[-64.0193027,0.280707000000384],[-64.0210391,0.272290800000241],[-64.0149303,0.271441599999733],[-64.02013,0.268501799999504],[-64.0084922,0.257527200000497],[-64.0051637,0.242212100000505],[-63.9971076,0.240739899999689],[-63.9963482,0.235106799999878],[-63.9904395,0.232102899999444],[-63.9945996,0.228052200000732],[-63.9876415,0.230451199999427],[-63.9969305,0.21907980000058],[-63.9867616,0.221974199999952],[-63.9900147,0.21277839999938],[-63.9854799,0.209850099999834],[-63.9846323,0.199685599999332],[-63.9919383,0.198581600000412],[-63.9952659,0.192851200000422],[-63.9882662,0.18803419999912],[-63.9836728,0.189916000000593],[-63.9843432,0.184700000000842],[-63.9766251,0.179452299999954],[-63.9784145,0.173714499999537],[-63.9662136,0.165000099999423],[-63.959823,0.150053299999441],[-63.9662018,0.149154499999812],[-63.9637462,0.144291099999795],[-63.9704568,0.138209999999718],[-63.9610258,0.133953000000641],[-63.965791,0.124026600000107],[-63.9623221,0.121903600000584],[-63.9698946,0.11225069999922],[-63.9746223,0.119550000000111],[-63.9822792,0.115131999999234],[-63.9849638,0.109244799998684],[-63.9793915,0.10168520000016],[-63.9846507,0.10236290000128],[-63.9883131,0.097714799999378],[-63.9835377,0.09417809999891],[-63.9833794,0.085116999999763],[-63.9885998,0.076928400000979],[-63.985199,0.073218999997839],[-63.9941044,0.062646199998108],[-63.9850857,0.061220200001625],[-63.9929103,0.051880500001033],[-63.9876765,0.051784399996648],[-63.9872332,0.046156000000162],[-63.9839617,0.046521899997409],[-63.9864544,0.043172900002461],[-63.9814863,0.041726100002037],[-63.9879706,0.018607200004384],[-63.9829097,0.010444899986786],[-63.9895955,0.007598200002378],[-63.9849492,0.000152500122282],[-64.0003412,-0.009224600009667],[-64.004916,-0.017323100003636],[-64.0021938,-0.021756599993747],[-64.0062701,-0.024325700005194],[-64.0042881,-0.033071899997421],[-64.0109052,-0.032685899995515],[-64.0117745,-0.039142599995644],[-64.0169913,-0.041281500004064],[-64.0162655,-0.056945000000934],[-64.0198804,-0.061360000001427],[-64.014809,-0.066599300002172],[-64.0259882,-0.075088800000996],[-64.0262904,-0.106816900000884],[-64.0353665,-0.102465799998966],[-64.0329138,-0.099995899998535],[-64.0389716,-0.095036600000779],[-64.0517583,-0.102596200001753],[-64.0532639,-0.113802600000093],[-64.0587149,-0.112420299999931],[-64.0638066,-0.116910299999182],[-64.0658716,-0.121345999998522],[-64.0620325,-0.125116299998914],[-64.0689791,-0.138945400000649],[-64.0717748,-0.133498100000564],[-64.078698,-0.14257860000034],[-64.0946522,-0.148333599999354],[-64.089253,-0.138146700001252],[-64.0972467,-0.140518699999137],[-64.101314,-0.13744389999968],[-64.101545,-0.142652099999124],[-64.1078191,-0.14056780000017],[-64.1054759,-0.135359299999968],[-64.1083527,-0.134730500000273],[-64.1163026,-0.146525900000084],[-64.1195337,-0.155343600000203],[-64.1164959,-0.161756900001076],[-64.097595,-0.172129599999966],[-64.0877898,-0.171763499999066],[-64.0999351,-0.183094000000514],[-64.0999278,-0.189764200000089],[-64.0948875,-0.191933900000766],[-64.0852725,-0.188103400000711],[-64.0778279,-0.19451920000092],[-64.0857409,-0.205245800000653],[-64.0851327,-0.234843300000291],[-64.0940655,-0.243207700000288],[-64.0810091,-0.253947900000403],[-64.0999696,-0.286634300000493],[-64.1530786,-0.299814099999859],[-64.192694,-0.327338000000306],[-64.2332478,-0.33813029999968],[-64.3204265,-0.330247499999513],[-64.4375767,-0.349688599999796],[-64.45938,-0.364180399999904],[-64.4697008,-0.380234900000321],[-64.4812766,-0.387763300000407],[-64.5010133,-0.386039399999967],[-64.5359609,-0.393772900000265],[-64.556263,-0.407982100000337],[-64.5936476,-0.416085299999662],[-64.6127549,-0.426511399999928],[-64.6454432,-0.429769799999844],[-64.6552078,-0.423778100000276],[-64.6726599,-0.438935199999912],[-64.6938427,-0.442861499999847],[-64.7084536,-0.454499399999639],[-64.7611964,-0.457773199999608],[-64.772428,-0.47061820000021],[-64.8192409,-0.494459800000077],[-64.8309397,-0.517352199999844],[-64.820883,-0.527035800000084],[-64.8258441,-0.537096399999749],[-64.8144861,-0.540471699999714],[-64.8237281,-0.55226230000015],[-64.8071884,-0.570508800000254],[-64.825581,-0.581252099999723],[-64.8215804,-0.584540699999751],[-64.8241093,-0.5897938],[-64.8200111,-0.591733300000269],[-64.8239489,-0.594953500000039],[-64.8212917,-0.602525500000174],[-64.8153336,-0.602149499999788],[-64.80592,-0.614418599999784],[-64.8178981,-0.628931600000058],[-64.803605,-0.639345600000208],[-64.810263,-0.64515719999978],[-64.8105675,-0.653479900000125],[-64.8221757,-0.65586830000015],[-64.8147115,-0.665204900000127],[-64.8083128,-0.664708299999901],[-64.8122693,-0.6834635000002],[-64.8051925,-0.685456299999749],[-64.8000579,-0.696909299999836],[-64.7974498,-0.691910700000251],[-64.79320430000001,-0.692900599999902],[-64.7948297,-0.700727300000073],[-64.8017368,-0.699091],[-64.8043772,-0.703759700000076],[-64.79627,-0.705259299999819],[-64.7971049,-0.715927599999947],[-64.8051708,-0.721839799999853],[-64.7964315,-0.730787000000116],[-64.8103224,-0.741808599999811],[-64.8044718,-0.741893100000227],[-64.8092461,-0.746531299999894],[-64.8043501,-0.751546499999952],[-64.7970566,-0.745952300000189],[-64.7984476,-0.751867200000017],[-64.7899099,-0.754904099999983],[-64.7940429,-0.765154399999917],[-64.8012677,-0.759415500000077],[-64.800408,-0.767392599999901],[-64.808782,-0.768945399999788],[-64.7983946,-0.778669200000174],[-64.7996369,-0.786418200000131],[-64.7930408,-0.788033200000183],[-64.7958766,-0.794750300000209],[-64.7915601,-0.80241759999985],[-64.8041563,-0.805010499999893],[-64.8096184,-0.800628099999939],[-64.815054,-0.808085800000094],[-64.811127,-0.81181049999987],[-64.8144651,-0.817579800000185],[-64.8115456,-0.82740210000007],[-64.8169154,-0.829375100000204],[-64.833598,-0.822483100000107],[-64.83406,-0.827358],[-64.8421222,-0.831853700000068],[-64.8378532,-0.836934999999861],[-64.849706,-0.848143300000162],[-64.8454298,-0.8538734],[-64.8489104,-0.860537199999797],[-64.8452472,-0.867294399999896],[-64.8475102,-0.872581300000012],[-64.8383292,-0.874775799999834],[-64.8342567,-0.883338400000153],[-64.8415834,-0.884447699999818],[-64.8420399,-0.915523099999875],[-64.8474317,-0.915000500000113],[-64.8469904,-0.922341800000182],[-64.8516142,-0.927781499999848],[-64.8652194,-0.930868500000198],[-64.8638032,-0.945697299999859],[-64.8549279,-0.945629800000148],[-64.8625311,-0.952883999999856],[-64.8572189,-0.95845249999997],[-64.8618944,-0.960434300000167],[-64.8601117,-0.966441099999931],[-64.8696697,-0.968429499999849],[-64.8715117,-0.980807900000031],[-64.8633776,-0.983998099999965],[-64.8723966,-0.9893886],[-64.8693312,-0.999818500000152],[-64.8777973,-0.999454400000054],[-64.88042,-1.006752799999936],[-64.8847335,-1.007427],[-64.8781926,-1.021534],[-64.8985164,-1.029680499999924],[-64.9042732,-1.02185809999993],[-64.9123067,-1.024931099999904],[-64.9167879,-1.014763600000117],[-64.9278084,-1.015601599999929],[-64.931904,-1.012094299999869],[-64.9371756,-1.017798400000029],[-64.9583563,-1.021134099999958],[-64.9508639,-1.0303035],[-64.959752,-1.032482799999968],[-64.9623223,-1.037460599999888],[-64.9525799,-1.037000199999922],[-64.9522873,-1.04336460000014],[-64.9607744,-1.041415300000079],[-64.9679006,-1.052653300000016],[-64.9781363,-1.052073899999911],[-64.9802268,-1.045406200000107],[-64.9849556,-1.0453606],[-64.9866888,-1.06201379999988],[-64.9803863,-1.0618425],[-64.9783943,-1.070196400000069],[-64.9817117,-1.072476],[-64.9678027,-1.080769000000112],[-64.9754707,-1.096126399999923],[-64.9666728,-1.104167300000015],[-64.9763616,-1.105256900000167],[-64.968508,-1.113203900000081],[-64.9839353,-1.116965900000078],[-64.9738208,-1.1204429],[-64.9744017,-1.132310999999896],[-64.9657802,-1.146793799999967],[-64.9708936,-1.149165799999976],[-64.9737461,-1.146141599999907],[-64.9874935,-1.154491399999968],[-64.9806301,-1.158538799999902],[-64.9862326,-1.169176800000054],[-64.9927291,-1.162321699999856],[-65.0035462,-1.167703900000011],[-65.0012962,-1.174295899999965],[-65.0119511,-1.169723500000065],[-65.0201607,-1.175005900000078],[-65.0206072,-1.170238300000158],[-65.0320348,-1.16640680000012],[-65.0381618,-1.175641600000153],[-65.0412479,-1.17308759999995],[-65.0473064,-1.177110199999951],[-65.0398505,-1.182631800000139],[-65.0458172,-1.189919599999951],[-65.0363262,-1.200653999999872],[-65.0389366,-1.205092799999882],[-65.0430527,-1.202977300000069],[-65.0408192,-1.2072194],[-65.0465586,-1.215261800000033],[-65.0429401,-1.216373399999921],[-65.0435635,-1.224388399999872],[-65.0368538,-1.220237100000087],[-65.0357601,-1.224786600000138],[-65.0385036,-1.230484800000036],[-65.0421767,-1.228425500000094],[-65.0457172,-1.23468740000005],[-65.047992,-1.229795499999917],[-65.065533,-1.244184999999898],[-65.0598375,-1.255193699999877],[-65.0537733,-1.258162400000066],[-65.0549483,-1.265450700000076],[-65.0490141,-1.262721600000023],[-65.0404442,-1.266806599999935],[-65.0394015,-1.2704671],[-65.0435178,-1.26842979999989],[-65.0441127,-1.272038299999957],[-65.0395761,-1.2802076],[-65.0478952,-1.28269],[-65.0502992,-1.288000199999919],[-65.0631565,-1.280464900000095],[-65.0677778,-1.283368200000117],[-65.0641299,-1.287519299999877],[-65.0708273,-1.285317600000081],[-65.0690066,-1.29446540000008],[-65.0745597,-1.301571200000057],[-65.0668366,-1.311741099999862],[-65.0713398,-1.311480699999941],[-65.0749281,-1.340226099999972],[-65.0784113,-1.342738400000084],[-65.0682221,-1.350082399999958],[-65.070322,-1.358122700000074],[-65.0724724,-1.354997100000047],[-65.075913,-1.359441600000074],[-65.0721147,-1.362297500000023],[-65.0746896,-1.365473199999935],[-65.0444889,-1.383864699999949],[-65.0461189,-1.392825100000019],[-65.0538271,-1.397461500000122],[-65.0514858,-1.402101100000095],[-65.0592459,-1.4100532],[-65.0573654,-1.419579],[-65.0622246,-1.419741],[-65.0639953,-1.42596480000005],[-65.0706014,-1.425505100000042],[-65.0703916,-1.434136500000096],[-65.078688,-1.434799299999876],[-65.0796697,-1.43977],[-65.0756175,-1.444236800000047],[-65.07261,-1.44011200000012],[-65.0724858,-1.446605800000023],[-65.0860653,-1.458465199999929],[-65.0927748,-1.454527600000125],[-65.0927372,-1.447063900000051],[-65.10352930000002,-1.45232160000009],[-65.1054778,-1.459450600000022],[-65.1184206,-1.451826399999933],[-65.1360747,-1.451706500000025],[-65.1422021,-1.45477919999989],[-65.142958,-1.462403900000022],[-65.1486511,-1.467532599999904],[-65.1567346,-1.461627599999936],[-65.1633915,-1.464568400000051],[-65.1697663,-1.4604302000001],[-65.1750259,-1.465257799999974],[-65.1829429,-1.463690299999904],[-65.1844792,-1.468065400000087],[-65.1875663,-1.464921799999975],[-65.1847756,-1.460276200000029],[-65.1921119,-1.458977700000092],[-65.1978048,-1.463962100000117],[-65.1980959,-1.473361299999943],[-65.20343,-1.47324270000006],[-65.2032824,-1.479021],[-65.2099597,-1.479431799999903],[-65.2113773,-1.475119600000063],[-65.2132545,-1.481117099999945],[-65.2160657,-1.478202799999975],[-65.2188629,-1.482353900000018],[-65.2283588,-1.475276800000092],[-65.2323568,-1.484203400000098],[-65.2392792,-1.48375259999992],[-65.2524063,-1.492396800000072],[-65.2539855,-1.481996600000028],[-65.26935920000001,-1.479003200000079],[-65.2751149,-1.485181099999943],[-65.2738239,-1.490283599999933],[-65.2834624,-1.484806199999949],[-65.2874335,-1.486492600000093],[-65.2835379,-1.487902099999969],[-65.28653,-1.494186300000033],[-65.2967044,-1.485317699999927],[-65.3026298,-1.487812700000054],[-65.298068,-1.516206899999916],[-65.3040152,-1.518946599999946],[-65.2980749,-1.529132700000048],[-65.3117614,-1.5364505],[-65.3076468,-1.545824500000095],[-65.3258546,-1.565156699999951],[-65.324665,-1.578408],[-65.3299694,-1.582447499999983],[-65.3310106,-1.590543299999947],[-65.3462818,-1.600577700000094],[-65.3466026,-1.615522899999962],[-65.351371,-1.612929199999955],[-65.3573139,-1.620277099999895],[-65.3532272,-1.633367199999957],[-65.3581729,-1.649268899999905],[-65.3741805,-1.659883],[-65.3793856,-1.671415],[-65.3706679,-1.689647099999949],[-65.3729925,-1.707366799999894],[-65.3579898,-1.713656399999942],[-65.3478095,-1.743103],[-65.3405046,-1.746525600000049],[-65.3243646,-1.739348500000087],[-65.3155829,-1.742159],[-65.3106163,-1.750154499999919],[-65.3111144,-1.778537200000088],[-65.3286701,-1.770543400000096],[-65.3718406,-1.762726199999934],[-65.4205058,-1.735479700000035],[-65.4389451,-1.733533700000078],[-65.4580025,-1.738765099999904],[-65.4741966,-1.751595],[-65.483445,-1.770333300000018],[-65.4886097,-1.79429110000003],[-65.4959516,-1.798385299999972],[-65.5140636,-1.792989900000038],[-65.5258631,-1.767201200000076],[-65.5250053,-1.697578800000092],[-65.5424518,-1.667928100000077],[-65.5597522,-1.660054899999914],[-65.6048932,-1.662915099999965],[-65.6171189,-1.657543800000076],[-65.64095180000001,-1.63617679999991],[-65.6479724,-1.605613499999939],[-65.6397251,-1.576012799999924],[-65.6395361,-1.556671900000069],[-65.6480074,-1.533333],[-65.6623369,-1.515801799999969],[-65.6995067,-1.498064499999902],[-65.7590863,-1.50307380000004],[-65.7832565,-1.49420519999998],[-65.8177857,-1.473195399999938],[-65.860505,-1.471598799999922],[-65.8707568,-1.466463700000102],[-65.9010677,-1.427090500000092],[-65.9422011,-1.412534200000019],[-65.9819241,-1.417100800000046],[-66.0015598,-1.413727699999927],[-66.0518106,-1.417542],[-66.1241174,-1.430579],[-66.1569494,-1.44672619999996],[-66.1928365,-1.472383899999987],[-66.2415072,-1.491952300000061],[-66.2585312,-1.507119200000111],[-66.2881206,-1.5485353],[-66.316846,-1.569223699999956],[-66.3457292,-1.563338499999883],[-66.3688696,-1.543514800000092],[-66.3721428,-1.533281],[-66.3637881,-1.485014899999893],[-66.3682345,-1.475102300000039],[-66.3870379,-1.469431900000073],[-66.4178448,-1.479388700000022],[-66.4406977,-1.475067500000083],[-66.4531741,-1.478709199999981],[-66.4866718,-1.514298799999934],[-66.5223378,-1.530807900000029],[-66.5518105,-1.536378600000015],[-66.6302032,-1.571308600000073],[-66.657457,-1.601407799999976],[-66.7151437,-1.625813899999904],[-66.7379506,-1.624092299999893],[-66.7829013,-1.599833],[-66.8086718,-1.597831499999894],[-66.8526805,-1.60779820000003],[-66.8821495,-1.605009799999968],[-66.9185689,-1.610244800000028],[-66.9731754,-1.590912199999935],[-67.0061804,-1.594612800000094],[-67.0497633,-1.581738599999945],[-67.0759566,-1.579840799999934],[-67.1100676,-1.582107099999983],[-67.1514513,-1.604343299999977],[-67.2148455,-1.608903],[-67.2436556,-1.62076910000003],[-67.2862877,-1.609603],[-67.3097859,-1.612092600000028],[-67.3304273,-1.619851600000045],[-67.3532911,-1.6201523],[-67.3693741,-1.6318248],[-67.3857625,-1.664316200000023],[-67.3939297,-1.665310200000072],[-67.4388766,-1.640700700000074],[-67.4892099,-1.652198],[-67.5266503,-1.650927599999964],[-67.5546774,-1.639955700000023],[-67.6147111,-1.605846800000046],[-67.6191734,-1.595994],[-67.6167315,-1.566592099999907],[-67.6495041,-1.512070200000041],[-67.6379698,-1.505665799999901],[-67.6160825,-1.473628500000079],[-67.6074719,-1.468537899999931],[-67.5562743,-1.461612800000058],[-67.5242964,-1.438649700000088],[-67.50910539999998,-1.407724699999949],[-67.505074,-1.371154400000068],[-67.4929606,-1.348837399999976],[-67.472185,-1.340695700000013],[-67.3778099,-1.28258909999995],[-67.2917902,-1.250440300000119],[-67.2243313,-1.197964],[-67.182068,-1.179446700000062],[-67.1255985,-1.134954900000112],[-67.0864896,-1.135160300000106],[-67.036021,-1.16403440000002],[-67.0159327,-1.166665799999974],[-66.9798761,-1.151861200000157],[-66.9477896,-1.148348799999982],[-66.9262702,-1.135837299999909],[-66.9149921,-1.123594900000149],[-66.9123487,-1.104918399999979],[-66.9307661,-1.069425799999942],[-66.9523985,-1.047628799999853],[-66.9544219,-1.035320900000083],[-66.9244836,-0.975189299999836],[-66.9124001,-0.972584000000184],[-66.8957877,-0.977213699999966],[-66.8429631,-0.968795299999911],[-66.789512,-0.9901008],[-66.76395560000002,-0.989236600000056],[-66.7574293,-0.985068199999831],[-66.7409553,-0.949282800000046],[-66.7396503,-0.901844100000014],[-66.7315093,-0.877780399999863],[-66.7163274,-0.853272900000036],[-66.6911741,-0.827701299999849],[-66.6945062,-0.810249499999833],[-66.7055364,-0.810084899999966],[-66.7236237,-0.817585800000174],[-66.726756,-0.809825400000044],[-66.7257278,-0.800005799999824],[-66.6984545,-0.750018699999777],[-66.7010072,-0.732130099999822],[-66.714592,-0.713108799999815],[-66.7167571,-0.700421499999819],[-66.7100878,-0.691620200000243],[-66.6809607,-0.677596999999782],[-66.6443851,-0.64803],[-66.608907,-0.633820800000251],[-66.5778601,-0.609136000000251],[-66.5159593,-0.591027000000258],[-66.4907684,-0.560163800000061],[-66.48248340000002,-0.556239100000145],[-66.4593823,-0.555519499999975],[-66.4241905,-0.593875500000134],[-66.4068421,-0.601720599999954],[-66.3337933,-0.578105799999806],[-66.2836317,-0.537690100000122],[-66.2852514,-0.508063200000173],[-66.2634828,-0.485192700000287],[-66.2532625,-0.481820600000201],[-66.22831410000002,-0.490017],[-66.2022018,-0.481167200000051],[-66.1622642,-0.486786400000161],[-66.1347733,-0.480053499999937],[-66.1292486,-0.471494799999681],[-66.1310864,-0.454194299999826],[-66.1204933,-0.426903400000031],[-66.0976672,-0.412393699999701],[-66.0926193,-0.367580700000386],[-66.0669956,-0.354459599999644],[-66.0253173,-0.357199699999957],[-66.0087326,-0.349515700000122],[-66.0081637,-0.34297799999967],[-65.9923722,-0.335582199999897],[-65.9879066,-0.327312300000537],[-65.9673015,-0.333682399999604],[-65.9406227,-0.331223699999863],[-65.9358025,-0.322295699999771],[-65.890679,-0.310411599999753],[-65.8877768,-0.259337499999813],[-65.8965107,-0.246763799999603],[-65.8960244,-0.231576399999309],[-65.9022414,-0.212478600000539],[-65.9227896,-0.184769399999477],[-65.9396779,-0.18561440000001],[-65.9452196,-0.194775299999256],[-65.9552596,-0.196552999999895],[-65.9654061,-0.194384800000405],[-65.9728876,-0.184065200000451],[-65.9781368,-0.183259599999394],[-65.9981693,-0.207598200000347],[-66.00407090000002,-0.224831900000787],[-66.0010322,-0.235833099999678],[-66.0153059,-0.243431600000138],[-66.0295689,-0.235523900000717],[-66.0418782,-0.24867039999974],[-66.045725,-0.246839299999335],[-66.0573222,-0.198669100000092],[-66.073355,-0.174773899999075],[-66.0803216,-0.171711700000767],[-66.08603379999998,-0.158281899998907],[-66.0986284,-0.16308769999891],[-66.0909413,-0.153801400000682],[-66.0817831,-0.151337599999137],[-66.0822593,-0.131643399999336],[-66.0766446,-0.125131999999048],[-66.0944338,-0.122469300001453],[-66.1020127,-0.133782700000363],[-66.11864460000001,-0.121280700000174],[-66.1172403,-0.115443299999877],[-66.0925205,-0.101496100000742],[-66.0818491,-0.082188199999762],[-66.0922928,-0.074010799998619],[-66.122443,-0.065263699997795],[-66.1310118,-0.066757200001729],[-66.1341964,-0.080127500001056],[-66.1390336,-0.07508860000166],[-66.1362446,-0.062723799997336],[-66.127368,-0.058651400001042],[-66.1295864,-0.049899600003274],[-66.1163129,-0.046626100002463],[-66.1182912,-0.031648300000408],[-66.1099237,-0.017221499992935],[-66.1197972,-0.000229600055846],[-66.1152291,0.00893939998356],[-66.1150565,0.032032899995454],[-66.12022190000002,0.040858100001395],[-66.1381631,0.04811350000296],[-66.14827620000001,0.068703699997592],[-66.1621521,0.072552400000048],[-66.1593868,0.083096800001179],[-66.1721247,0.094854100001107],[-66.1759755,0.10733100000152],[-66.1904346,0.111369899998801],[-66.2015873,0.11015079999997],[-66.2061636,0.105355799999362],[-66.218876,0.108402599999959],[-66.2244052,0.104259099999381],[-66.2323113,0.109147200000366],[-66.2460535,0.105662999999009],[-66.2718296,0.125740299999589],[-66.2778456,0.120886700000154],[-66.27800670000002,0.112714300001375],[-66.283303,0.112404099999082],[-66.2920964,0.131220199999402],[-66.301211,0.134210699998724],[-66.3071118,0.131059199999108],[-66.308512,0.137747999999407],[-66.3287624,0.144528400001011],[-66.3406125,0.165501400000531],[-66.356726,0.17382299999976],[-66.3773916,0.167558900000013],[-66.379442,0.173366300000272],[-66.3916165,0.176374700000192],[-66.3904804,0.190586599999416],[-66.3985585,0.194902899999126],[-66.4001872,0.202937100000318],[-66.4099564,0.200710399999379],[-66.4045959,0.210754700000525],[-66.4061027,0.216426600000196],[-66.4165602,0.22921180000055],[-66.4217688,0.229523899999761],[-66.4156574,0.234180800000254],[-66.4084874,0.227254399999429],[-66.4017151,0.228763400000756],[-66.3984362,0.241976499999524],[-66.3855207,0.251687700000119],[-66.3889464,0.257616700000574],[-66.3772871,0.254439799999533],[-66.3603658,0.272640300000541],[-66.3585381,0.269425899999888],[-66.3451991,0.26900040000038],[-66.3436835,0.282532599999788],[-66.3404438,0.277829700000261],[-66.3289823,0.283581999999476],[-66.3255009,0.273877499999696],[-66.3207081,0.273503299999969],[-66.3246681,0.301781800000248],[-66.3136665,0.314555599999759],[-66.3149809,0.323385899999579],[-66.3034943,0.327563099999613],[-66.3115041,0.333027299999979],[-66.31170529999999,0.339093199999675],[-66.3022701,0.343204699999511],[-66.2991225,0.338418200000465],[-66.29342750000002,0.340556699999688],[-66.293489,0.333612700000041],[-66.2884895,0.339586100000255],[-66.2914124,0.347306500000367],[-66.2884504,0.35267439999962],[-66.2963863,0.352717300000423],[-66.2889331,0.358141299999907],[-66.297097,0.360911599999673],[-66.2921439,0.368144799999611],[-66.3027877,0.380585199999759],[-66.2953509,0.404805200000232],[-66.31227610000002,0.420650000000107],[-66.3051831,0.431886800000361],[-66.3087451,0.451084099999644],[-66.3036934,0.4529801],[-66.2999841,0.447242900000372],[-66.29780730000002,0.453146100000326],[-66.2986769,0.460490499999713],[-66.303703,0.462239300000098],[-66.2914114,0.474679],[-66.2877708,0.469619400000019],[-66.282631,0.471892100000359],[-66.2886324,0.478390099999984],[-66.2758397,0.479360400000328],[-66.2758837,0.484262699999909],[-66.27393,0.481438300000127],[-66.2690869,0.484306500000065],[-66.2703772,0.497096100000355],[-66.2659638,0.495931499999719],[-66.2653667,0.50040269999997],[-66.258633,0.49766940000009],[-66.2556258,0.501935800000248],[-66.2549392,0.493115099999969],[-66.2443294,0.49262510000007],[-66.2395201,0.498825700000212],[-66.2404631,0.507990100000256],[-66.2303282,0.514042399999718],[-66.2313283,0.523984799999784],[-66.2249564,0.51887609999992],[-66.2128699,0.518633999999809],[-66.2014131,0.527223100000128],[-66.2078581,0.531298999999716],[-66.2013812,0.536155800000167],[-66.1931244,0.530326599999769],[-66.1756833,0.538768299999782],[-66.1729504,0.545284],[-66.1678709,0.539672799999826],[-66.1622375,0.555862600000081],[-66.1559731,0.555052600000117],[-66.1521731,0.559240599999868],[-66.1422296,0.556241400000222],[-66.143314,0.560972600000082],[-66.1380324,0.559264900000011],[-66.1318355,0.568500099999881],[-66.1231079,0.568323699999796],[-66.1239056,0.576334700000051],[-66.1304222,0.582631899999839],[-66.1216687,0.583357100000251],[-66.1215257,0.595434100000211],[-66.1155759,0.597386399999951],[-66.1179476,0.60253070000018],[-66.1224078,0.600043500000164],[-66.131168,0.604334399999891],[-66.128354,0.609443900000053],[-66.1335724,0.616666799999925],[-66.1365957,0.614776000000208],[-66.1387629,0.62915909999995],[-66.152716,0.637277900000038],[-66.1619958,0.63643369999989],[-66.1666787,0.646319699999932],[-66.1698608,0.645169499999821],[-66.1660858,0.65190310000012],[-66.1904511,0.661769],[-66.1994482,0.672468300000248],[-66.2090953,0.671377999999884],[-66.22597210000002,0.6825106],[-66.2264985,0.678473200000176],[-66.2323741,0.681968100000253],[-66.2351004,0.689717500000232],[-66.2431687,0.692262400000087],[-66.2463173,0.701404399999772],[-66.2553306,0.704870399999823],[-66.2551112,0.712143300000122],[-66.2591527,0.715314],[-66.2738001,0.71014220000008],[-66.2824444,0.718839199999959],[-66.2906146,0.718655499999838],[-66.2951629,0.727160099999948],[-66.3049924,0.728885000000231],[-66.3087887,0.7364797],[-66.3164795,0.736142099999766],[-66.3184951,0.752026200000092],[-66.3105714,0.745010300000065],[-66.1963357,0.781898599999825],[-66.1843313,0.779276399999955],[-66.1792332,0.762769799999806],[-66.1697086,0.763827400000165],[-66.1459756,0.747502099999948],[-66.12289220000001,0.747445499999824],[-66.1081293,0.765291200000231],[-66.0980344,0.766234600000201],[-66.0900422,0.759001],[-66.0778065,0.761217400000178],[-66.0757792,0.788171900000083],[-66.0661165,0.806877699999783],[-66.0352213,0.816519900000101],[-66.023393,0.807561200000069],[-66.0067606,0.804747500000094],[-65.9991682,0.814476999999806],[-65.9803868,0.822361300000023],[-65.96701,0.813867699999869],[-65.9671505,0.834853700000073],[-65.9532422,0.85140339999997],[-65.9544676,0.859023600000203],[-65.9397744,0.863919399999833],[-65.940863,0.891045200000028],[-65.9152779,0.897231799999899],[-65.9154504,0.889248699999981],[-65.9100668,0.889111900000192],[-65.8982112,0.902877099999833],[-65.8900199,0.902960399999939],[-65.8822212,0.919919999999823],[-65.8920845,0.920859099999822],[-65.8883596,0.928674900000164],[-65.8933718,0.934360100000123],[-65.881415,0.939849600000146],[-65.8787881,0.934902699999816],[-65.8546148,0.935311900000135],[-65.8279426,0.947212100000186],[-65.8211469,0.955790699999984],[-65.8161416,0.950740299999887],[-65.8128056,0.956712800000056],[-65.7995068,0.955799099999989],[-65.7964587,0.963579900000153],[-65.7919485,0.960434],[-65.7849752,0.965546200000108],[-65.7722953,0.958476],[-65.7703108,0.970761099999815],[-65.7644716,0.968905200000177],[-65.7641219,0.97840629999985],[-65.7549783,0.980962800000023],[-65.7427703,1.001008999999872],[-65.7187239,0.996800300000084],[-65.7137758,1.00182010000009],[-65.7058745,0.999052300000161],[-65.696438,1.002998800000072],[-65.6862992,0.984176799999852],[-65.6767704,1.000512300000109],[-65.6685946,1.000079199999971],[-65.6582979,1.011624400000012],[-65.6433418,1.004630500000113],[-65.6281432,0.988400099999924],[-65.62528,0.991639000000188],[-65.632123,0.999000800000078],[-65.6320335,1.005268899999884],[-65.6272888,1.01416810000006],[-65.6225161,1.0094784],[-65.6136421,1.011795400000117],[-65.6076297,1.001804400000058],[-65.5999028,0.998903900000059],[-65.5931356,0.998761100000116],[-65.5885217,1.004158100000135],[-65.5837119,0.990958100000063],[-65.5857222,0.981347099999933],[-65.5739141,0.985951299999968],[-65.5711055,0.995847900000046],[-65.5634532,0.992657000000174],[-65.559114,0.984212],[-65.564568,0.977988800000107],[-65.5644557,0.970815599999936],[-65.5574177,0.96673399999986],[-65.5430933,0.970505399999826],[-65.5462996,0.956442799999983],[-65.5336707,0.952427500000014],[-65.5368472,0.939507000000157],[-65.5299694,0.938647700000155],[-65.5228453,0.922093800000046],[-65.5140225,0.920184300000097],[-65.51236020000002,0.9077231],[-65.5080666,0.904536899999958],[-65.5117132,0.89230650000005],[-65.5026318,0.880892499999894],[-65.497478,0.880456799999914],[-65.4965798,0.874210700000155],[-65.5052827,0.860380100000091],[-65.5016897,0.852295899999987],[-65.5043963,0.835419600000157],[-65.5260316,0.827026],[-65.5318909,0.803772699999851],[-65.5412982,0.80248899999979],[-65.5428686,0.79505319999992],[-65.5457511,0.79759179999983],[-65.5507718,0.79463540000023],[-65.5422783,0.787639699999912],[-65.5457511,0.779730399999952],[-65.5519508,0.774218099999843],[-65.5645381,0.772999300000092],[-65.5688569,0.7646771],[-65.5748889,0.76325],[-65.5758063,0.744666599999767],[-65.5913674,0.721611],[-65.5763675,0.711586299999913],[-65.5710909,0.69270059999979],[-65.5727058,0.683268999999764],[-65.56835630000002,0.680774199999845],[-65.5665606,0.669523099999763],[-65.5563357,0.669170200000248],[-65.55570350000002,0.653380800000217],[-65.5428022,0.646587800000216],[-65.5295944,0.668646],[-65.505788,0.667596999999795],[-65.4985425,0.677983300000102],[-65.4856637,0.680136699999764],[-65.484236,0.685538099999836],[-65.473108,0.682392300000024],[-65.45602,0.684538199999937],[-65.4524009,0.690013399999859],[-65.44588490000001,0.68824879999995],[-65.4413716,0.70067910000007],[-65.4259479,0.703907099999942],[-65.4253268,0.721981400000014],[-65.4199945,0.722888],[-65.4228927,0.733645599999892],[-65.4166466,0.734330799999935],[-65.4101721,0.742190199999855],[-65.4169963,0.743782100000199],[-65.4178173,0.752712199999771],[-65.3998071,0.75125599999978],[-65.3989791,0.758144500000169],[-65.3908556,0.759022499999934],[-65.4005811,0.7666012],[-65.40076180000001,0.772595200000075],[-65.3953383,0.774345099999956],[-65.4018271,0.779713099999926],[-65.4009531,0.789910199999878],[-65.3968604,0.792188599999937],[-65.4118494,0.81228559999981],[-65.4085888,0.815734499999815],[-65.41192,0.823919899999782],[-65.4014599,0.81965589999994],[-65.3965804,0.821629700000186],[-65.3960355,0.840265600000079],[-65.3826536,0.845478300000139],[-65.3830627,0.850287900000062],[-65.3792841,0.846956699999984],[-65.3751724,0.849126799999963],[-65.3778374,0.855437100000088],[-65.3717079,0.864750300000048],[-65.3561213,0.86494129999994],[-65.3531386,0.873925499999893],[-65.3578839,0.880173200000157],[-65.3553658,0.885851400000098],[-65.3518335,0.883967499999849],[-65.3455803,0.890220700000066],[-65.3327312,0.923295200000031],[-65.3177215,0.920525499999964],[-65.3194919,0.928511],[-65.3043276,0.941337699999951],[-65.2879688,0.94067480000016],[-65.2906147,0.936058600000123],[-65.2857665,0.9335137],[-65.2712756,0.940380800000102],[-65.267861,0.931143799999845],[-65.2712879,0.924247200000035],[-65.2630796,0.92109660000013],[-65.2594358,0.924335199999813],[-65.2509158,0.917451700000011],[-65.2328081,0.9280759],[-65.2205367,0.929656600000093],[-65.2121974,0.925984400000024],[-65.2126733,0.902572499999989],[-65.2028573,0.9078548],[-65.1745246,0.94135569999995],[-65.1697479,0.972407700000097],[-65.16147920000002,0.981324699999929],[-65.1617338,0.997041099999938],[-65.1492609,1.00248279999985],[-65.1521853,1.011254699999979],[-65.16293390000001,1.0062567],[-65.1752936,1.015759400000041],[-65.1727059,1.023498599999859],[-65.1648002,1.028358700000105],[-65.1605645,1.047053300000079],[-65.156359,1.050446],[-65.1552578,1.073193700000023],[-65.1595052,1.084059500000115],[-65.1549987,1.085188099999967],[-65.1518369,1.108744699999927],[-65.1552158,1.116520600000034],[-65.1602673,1.117068099999911],[-65.1594143,1.123321300000118],[-65.1439775,1.126911899999904],[-65.1312467,1.1212],[-65.1216429,1.144292399999977],[-65.1174083,1.143761299999928],[-65.1054308,1.155912899999882],[-65.0876852,1.140996],[-65.0724204,1.152329500000064],[-65.0697488,1.144368700000135],[-65.0621402,1.142904200000064],[-65.0595427,1.130764099999892],[-65.0661629,1.11857490000014],[-65.0625806,1.11108409999993],[-65.0523513,1.117481299999844],[-65.0476828,1.1142833],[-65.0315358,1.117952399999901],[-65.0216249,1.106081499999913],[-65.0127203,1.109107],[-65.0055474,1.129576700000101],[-64.991662,1.13838960000004],[-64.9848184,1.15692280000013],[-64.9767511,1.160543200000147],[-64.9673056,1.179546400000048],[-64.9739188,1.192692799999861],[-64.9652669,1.197353699999911],[-64.9638109,1.206650799999976],[-64.9559537,1.215977199999844],[-64.9465074,1.222036300000136],[-64.9389459,1.212616599999898],[-64.9279338,1.210942700000087],[-64.925758,1.217381],[-64.9148534,1.22198789999987],[-64.9132315,1.2336776],[-64.9062646,1.235585099999946],[-64.9039537,1.2513471],[-64.8889976,1.246655700000128],[-64.8814309,1.224312599999859],[-64.8724617,1.223016799999939],[-64.8627045,1.23147480000013],[-64.8581384,1.252165300000116],[-64.8437394,1.26364140000013],[-64.84343540000002,1.27895580000007],[-64.8196054,1.294656100000083],[-64.8230306,1.278469400000012],[-64.8416582,1.250167900000138],[-64.8426929,1.237318600000094],[-64.845904,1.237638700000058],[-64.8451392,1.232701600000069],[-64.8511313,1.234352699999914],[-64.858796,1.217317299999936],[-64.8635853,1.192890900000024],[-64.8470499,1.178715799999935],[-64.83962,1.181375599999947],[-64.8261992,1.177212800000083],[-64.8284794,1.170399699999921],[-64.8201051,1.162286399999958],[-64.8234051,1.157217599999879],[-64.8177904,1.150465599999921],[-64.804659,1.142698299999878],[-64.8070045,1.141120299999953],[-64.8006429,1.137751100000116],[-64.8004419,1.1318275],[-64.7956988,1.134403399999983],[-64.7830953,1.119087399999849],[-64.7785456,1.123827299999944],[-64.7774295,1.116254799999886],[-64.77388,1.115851300000097],[-64.7751615,1.109181800000134],[-64.7715989,1.109413499999983],[-64.7708087,1.101740899999934],[-64.75988810000001,1.095965400000153],[-64.7600922,1.091472199999852],[-64.7515542,1.088301899999898],[-64.7469892,1.081397099999904],[-64.7429727,1.082643500000124],[-64.7432654,1.078339500000011],[-64.7286348,1.077392799999929],[-64.7179194,1.056838],[-64.6988981,1.042507200000172],[-64.701956,1.035517900000153],[-64.6978904,1.030444400000076],[-64.6718438,1.042467100000132],[-64.6544966,1.029398300000026],[-64.6455071,1.028253],[-64.6394152,1.040751499999979],[-64.623863,1.030721299999839],[-64.6185795,1.014085799999884],[-64.6080377,1.006205],[-64.6093622,0.995434499999967],[-64.6032684,0.989174900000112],[-64.5955684,0.98884539999988],[-64.5953259,0.985163000000149],[-64.5872785,0.985630900000133],[-64.589689,0.979085900000166],[-64.5863542,0.97948769999986],[-64.57810210000001,0.965740200000021],[-64.5764355,0.943841]]]}}]}