{"type":"FeatureCollection","name":"Região do Rio Negro/Solimões","features":[{"type":"Feature","properties":{"CD_MUN":"1301159","NM_MUN":"Careiro da Várzea","SIGLA_UF":"AM","CodigoIBGE":"1301159","SubRegiaoNumero":7,"CalhaSubRegiao":"Região do Rio Negro/Solimões"},"geometry":{"type":"Polygon","coordinates":[[[-59.2341834,-3.239593800000042],[-59.23352280000001,-3.3502975],[-59.2368294,-3.3598837],[-59.2493442,-3.372057900000017],[-59.2772626,-3.387526],[-59.2906116,-3.386655499999969],[-59.30641030000001,-3.3949493],[-59.3121649,-3.404189800000015],[-59.3260819,-3.40673110000004],[-59.3292458,-3.4149711],[-59.338864,-3.41474],[-59.3392605,-3.427284],[-59.3460321,-3.440656299999973],[-59.3591385,-3.44578069999997],[-59.3606979,-3.451166],[-59.374908,-3.452457599999979],[-59.3805693,-3.460809700000035],[-59.390556,-3.462163599999945],[-59.3972651,-3.473654099999958],[-59.3945254,-3.478717900000044],[-59.4015058,-3.4797234],[-59.3962005,-3.49625309999995],[-59.4077079,-3.494748100000047],[-59.4131888,-3.5045223],[-59.4512093,-3.492456],[-59.4732703,-3.500282600000051],[-59.4790053,-3.497528],[-59.4862747,-3.50139210000003],[-59.4885935,-3.4965808],[-59.4949063,-3.496146600000021],[-59.5057139,-3.501015900000028],[-59.5070919,-3.488602599999984],[-59.51014089999999,-3.492974400000013],[-59.5206792,-3.493537499999961],[-59.5174489,-3.499984899999984],[-59.5241137,-3.4986796],[-59.5228052,-3.505168400000033],[-59.541322,-3.514264499999947],[-59.5390232,-3.522563299999968],[-59.5334886,-3.523092299999969],[-59.5458925,-3.53965460000001],[-59.5842853,-3.5455197],[-59.5870037,-3.549342],[-59.5951156,-3.535004100000014],[-59.60475670000001,-3.532103899999985],[-59.6061345,-3.518319],[-59.6084619,-3.520458499999974],[-59.6140046,-3.515960099999983],[-59.6142829,-3.511488],[-59.619017,-3.515277600000021],[-59.6261345,-3.500378800000041],[-59.635448,-3.503089799999981],[-59.63628270000001,-3.49927],[-59.65352810000001,-3.496359200000051],[-59.6681397,-3.486126099999958],[-59.6762301,-3.469752899999989],[-59.6988708,-3.471194],[-59.7136157,-3.459640599999969],[-59.7382989,-3.471819900000023],[-59.7544897,-3.467419600000026],[-59.7635758,-3.469334],[-59.77500830000001,-3.4636003],[-59.7582177,-3.457216599999974],[-59.7480219,-3.457793900000039],[-59.7319292,-3.4470769],[-59.7212587,-3.433276],[-59.7069562,-3.441167],[-59.6973208,-3.441521499999966],[-59.6915835,-3.43528339999996],[-59.6930718,-3.427823400000029],[-59.6795676,-3.391617799999952],[-59.6567216,-3.372679699999987],[-59.671711,-3.353142300000024],[-59.6892671,-3.3527948],[-59.6927669,-3.343356100000029],[-59.706984,-3.345738399999966],[-59.711923,-3.353574500000037],[-59.7196121,-3.356008800000024],[-59.7514011,-3.336064500000017],[-59.7727854,-3.345799099999974],[-59.7984337,-3.344212900000044],[-59.8280864,-3.352679],[-59.8613552,-3.353423400000015],[-59.8784006,-3.344027399999968],[-59.8786279,-3.2982525],[-59.8641097,-3.28428749999996],[-59.8832229,-3.2878423],[-59.8941875,-3.273026500000032],[-59.9001017,-3.278147],[-59.9025429,-3.295675899999966],[-59.9095485,-3.294058],[-59.917245,-3.299366600000042],[-59.9224593,-3.296381],[-59.9271825,-3.301075],[-59.9363165,-3.296335900000022],[-59.9523483,-3.30509580000001],[-60.0277212,-3.379782599999971],[-60.05206170000001,-3.361448200000061],[-60.1859155,-3.361395900000022],[-60.1800062,-3.351058500000028],[-60.1519192,-3.350618699999955],[-60.1191973,-3.3416407],[-60.0186037,-3.294072799999977],[-59.944797,-3.284227900000034],[-59.9190724,-3.272154399999943],[-59.9038152,-3.25533139999998],[-59.89346590000001,-3.207575699999981],[-59.8954691,-3.156989799999978],[-59.9069985,-3.137799800000053],[-59.897282,-3.1260927],[-59.8596474,-3.098006900000013],[-59.81994550000001,-3.0780723],[-59.7698071,-3.064225299999969],[-59.7001697,-3.060890400000059],[-59.6264986,-3.085932300000044],[-59.5455554,-3.12147120000004],[-59.4796685,-3.128622300000057],[-59.390981,-3.1630657],[-59.3586368,-3.153022699999979],[-59.3837361,-3.181003],[-59.2341834,-3.239593800000042]]]}},{"type":"Feature","properties":{"CD_MUN":"1300300","NM_MUN":"Autazes","SIGLA_UF":"AM","CodigoIBGE":"1300300","SubRegiaoNumero":7,"CalhaSubRegiao":"Região do Rio Negro/Solimões"},"geometry":{"type":"Polygon","coordinates":[[[-58.9171926999999,-3.54758410000002],[-58.9329738,-3.555207100000042],[-58.9507889,-3.579509900000038],[-58.97894260000001,-3.604748899999981],[-59.0047616,-3.609669400000049],[-59.0996393,-3.691052700000036],[-59.1016476,-3.698958899999971],[-59.0546261,-3.765407300000033],[-59.0507882,-3.79065559999995],[-59.0533123,-3.806531499999977],[-59.09589,-3.869797699999977],[-59.1372177,-3.884898199999983],[-59.1710912,-3.888811199999956],[-59.1843311,-3.904040799999952],[-59.2082255,-3.92007439999997],[-59.5004286,-3.919156899999961],[-59.5259284,-3.9258052],[-59.5293688,-3.9339648],[-59.5278475,-3.955624399999962],[-59.5512364,-3.971274599999961],[-59.5575082,-3.982655700000029],[-59.558708,-4.0214449],[-59.5817577,-4.057625399999959],[-59.5875088,-4.0767949],[-59.5797131,-4.117074],[-59.5861452,-4.140783499999973],[-59.620154,-4.198588799999968],[-59.6441028,-4.2019445],[-59.675436,-4.188732],[-59.6944041,-4.212209800000011],[-59.9289188,-4.2128426],[-59.9418283,-4.219796900000039],[-59.9474225,-4.2276031],[-59.9405233,-4.2395878],[-59.9405218,-4.249107899999983],[-59.9671053,-4.257700700000011],[-59.9768344,-4.249449199999961],[-59.9887087,-4.25953],[-59.9827642,-4.284434500000012],[-59.9700873,-4.30751149999997],[-59.9679181,-4.3397524],[-59.947921,-4.3644281],[-59.9477593,-4.379138],[-59.9540449,-4.388513800000031],[-59.9791808,-4.3975131],[-59.9969781,-4.396784400000044],[-60.0205924,-4.408852500000031],[-60.0256372,-4.420590499999988],[-60.0325078,-4.422399899999983],[-60.0525707,-4.4114364],[-60.0536059,-4.399123200000022],[-60.0477748,-4.3841056],[-60.06423,-4.3785953],[-60.0804721,-4.388917599999972],[-60.0860993,-4.407836],[-60.1008529,-4.40738810000004],[-60.1094224,-4.394241099999983],[-60.12895549999999,-4.388149499999972],[-60.12501970000001,-4.378472399999985],[-60.1367734,-4.373894],[-60.1216633,-4.358955099999987],[-60.1236897,-4.3380884],[-60.1501665,-4.343713900000034],[-60.1666487,-4.336914900000016],[-60.1709148,-4.33214430000002],[-60.1721794,-4.316154299999978],[-60.1923326,-4.306498400000021],[-60.1912169,-4.2987789],[-60.1840186,-4.2954047],[-60.1872049,-4.2905285],[-60.2103202,-4.271822900000025],[-60.2184728,-4.276349700000028],[-60.2086561,-4.292569],[-60.2167092,-4.2945894],[-60.2294852,-4.2786698],[-60.2280761,-4.2633085],[-60.237645,-4.268095799999952],[-60.2502246,-4.255712100000035],[-60.2509151,-4.249058300000019],[-60.2617707,-4.250684099999969],[-60.2618285,-4.234430799999986],[-60.2761098,-4.2350493],[-60.2769391,-4.223990700000034],[-60.2680271,-4.21252560000003],[-60.2672287,-4.203811],[-60.2801459,-4.182398],[-60.2778276,-4.17179],[-60.2870022,-4.164507799999971],[-60.2289168,-4.15644840000004],[-60.2153621,-4.147603],[-60.1998422,-4.149879500000021],[-60.1881485,-4.137413099999981],[-60.1807289,-4.135571799999967],[-60.1731488,-4.137313799999983],[-60.1626912,-4.157245300000039],[-60.1490114,-4.165232799999982],[-60.1453327,-4.18701150000003],[-60.131261,-4.192826800000019],[-60.0998941,-4.151826299999978],[-60.09823140000001,-4.143857300000022],[-60.1000981,-4.127254599999985],[-60.1196464,-4.0917531],[-60.114249,-4.035997400000031],[-60.1181018,-4.031629299999953],[-60.1179416,-4.01971490000004],[-60.1072389,-4.020231400000036],[-60.1088848,-4.0113702],[-60.1021248,-3.997011599999989],[-60.0977858,-3.9969738],[-60.0985639,-4.003375900000017],[-60.0848497,-4.002144],[-60.0796586,-3.995305500000014],[-60.0842442,-3.991501900000022],[-60.0826427,-3.9881648],[-60.0782836,-3.989912599999961],[-60.0725303,-3.981174],[-60.0780959,-3.977953900000014],[-60.0716855,-3.9732698],[-60.0716578,-3.968233],[-60.0664196,-3.9690293],[-60.0647241,-3.961743199999974],[-60.0584359,-3.96585180000004],[-60.0538015,-3.958992099999982],[-60.0490274,-3.964106099999971],[-60.046778,-3.959949800000013],[-60.0411912,-3.96268379999996],[-60.0406949,-3.957268900000019],[-60.018994,-3.962692400000025],[-59.9999585,-3.949268399999965],[-59.9843573,-3.962468],[-59.9537643,-3.961578500000045],[-59.9453892,-3.976750800000031],[-59.93073540000001,-3.976114799999957],[-59.9237359,-3.988187800000024],[-59.9101356,-3.9839195],[-59.9037782,-3.975400600000024],[-59.9044252,-3.96814579999998],[-59.910126,-3.969137699999986],[-59.91373810000001,-3.963801299999981],[-59.9096064,-3.96484220000003],[-59.904434,-3.9589173],[-59.9043223,-3.953867599999981],[-59.9097906,-3.954569300000022],[-59.9061844,-3.953579200000031],[-59.9101092,-3.949460099999975],[-59.9071163,-3.949036199999974],[-59.9072779,-3.940306800000021],[-59.9035532,-3.942485699999972],[-59.9035184,-3.9385418],[-59.8927984,-3.932468600000013],[-59.8974303,-3.930252299999971],[-59.8968174,-3.919415],[-59.88845640000001,-3.9103905],[-59.8699924,-3.907334600000029],[-59.8700156,-3.8899087],[-59.8594443,-3.887043699999977],[-59.8551512,-3.865762599999973],[-59.8452614,-3.85743639999996],[-59.8437055,-3.8500275],[-59.8384005,-3.845889],[-59.8343219,-3.848082099999989],[-59.8280063,-3.838398499999947],[-59.8336507,-3.812425499999987],[-59.8398983,-3.810022400000024],[-59.8428492,-3.815052],[-59.8441919,-3.8049584],[-59.8363657,-3.803828800000039],[-59.8358625,-3.8074011],[-59.8304141,-3.801537500000026],[-59.8338706,-3.80083480000004],[-59.8356929,-3.788835199999955],[-59.8335446,-3.7519465],[-59.8290913,-3.745480800000047],[-59.8189587,-3.742768199999948],[-59.8202551,-3.737813699999961],[-59.826513,-3.737671399999958],[-59.8271686,-3.728206100000024],[-59.8198322,-3.715746899999975],[-59.821614,-3.704022900000041],[-59.8110871,-3.695472099999968],[-59.7872409,-3.500378700000012],[-59.77500830000001,-3.4636003],[-59.7635758,-3.469334],[-59.7544897,-3.467419600000026],[-59.7382989,-3.471819900000023],[-59.7136157,-3.459640599999969],[-59.6988708,-3.471194],[-59.6762301,-3.469752899999989],[-59.6681397,-3.486126099999958],[-59.65352810000001,-3.496359200000051],[-59.63628270000001,-3.49927],[-59.635448,-3.503089799999981],[-59.6261345,-3.500378800000041],[-59.619017,-3.515277600000021],[-59.6142829,-3.511488],[-59.6140046,-3.515960099999983],[-59.6084619,-3.520458499999974],[-59.6061345,-3.518319],[-59.60475670000001,-3.532103899999985],[-59.5951156,-3.535004100000014],[-59.5873434,-3.549342],[-59.5842853,-3.5455197],[-59.5458925,-3.53965460000001],[-59.5334886,-3.523092299999969],[-59.5390232,-3.522563299999968],[-59.541322,-3.514264499999947],[-59.5228052,-3.505168400000033],[-59.5241137,-3.4986796],[-59.5174489,-3.499984899999984],[-59.5206792,-3.493537499999961],[-59.51014089999999,-3.492974400000013],[-59.5070919,-3.488602599999984],[-59.5058031,-3.501006],[-59.4949063,-3.496146600000021],[-59.4885935,-3.4965808],[-59.4862747,-3.50139210000003],[-59.4790053,-3.497528],[-59.4732703,-3.500282600000051],[-59.4512093,-3.492456],[-59.4130304,-3.504490699999965],[-59.4077079,-3.494748100000047],[-59.3953324,-3.495370800000024],[-59.4015058,-3.4797234],[-59.3945254,-3.478717900000044],[-59.3972651,-3.473654099999958],[-59.390556,-3.462163599999945],[-59.3805693,-3.460809700000035],[-59.374908,-3.452457599999979],[-59.3606979,-3.451166],[-59.3591385,-3.44578069999997],[-59.3460321,-3.440656299999973],[-59.3392605,-3.427284],[-59.338864,-3.41474],[-59.3292458,-3.4149711],[-59.3260819,-3.40673110000004],[-59.3121649,-3.404189800000015],[-59.30641030000001,-3.3949493],[-59.2906116,-3.386655499999969],[-59.2837516,-3.3894037],[-59.2597453,-3.378366199999968],[-59.2368294,-3.3598837],[-59.23352280000001,-3.3502975],[-59.2341834,-3.239593800000042],[-59.17035640000001,-3.272033099999953],[-59.1382067,-3.2830085],[-59.1142692,-3.280939600000034],[-59.0337844,-3.248892299999952],[-59.0005319,-3.244721],[-58.9753601,-3.2575079],[-58.9532735,-3.27776],[-58.9406629,-3.295236],[-58.93980830000001,-3.311547],[-58.9030528,-3.362605400000052],[-58.8499313,-3.4007411],[-58.8207197,-3.3995823],[-58.7844131,-3.3796475],[-58.8032667,-3.450038100000035],[-58.8373881,-3.4495179],[-58.8622756,-3.467318400000043],[-58.9010021,-3.510798900000033],[-58.9171926999999,-3.54758410000002]]]}},{"type":"Feature","properties":{"CD_MUN":"1303569","NM_MUN":"Rio Preto da Eva","SIGLA_UF":"AM","CodigoIBGE":"1303569","SubRegiaoNumero":7,"CalhaSubRegiao":"Região do Rio Negro/Solimões"},"geometry":{"type":"Polygon","coordinates":[[[-59.8191358,-2.803350300000036],[-59.8153999,-2.788107099999968],[-59.8322473,-2.770582599999988],[-59.83025210000001,-2.742504300000026],[-59.8335161,-2.73552129999996],[-59.8475046,-2.726285699999987],[-59.87064680000001,-2.721729],[-59.8761116,-2.715710100000063],[-59.8736307,-2.683865],[-59.8963001,-2.659187600000056],[-59.90449180000001,-2.65767949999997],[-59.91211,-2.624018699999947],[-59.9202073,-2.610515200000055],[-59.9424212,-2.622236199999987],[-59.9464489,-2.615007600000022],[-59.9489703,-2.59223310000003],[-59.9411924,-2.578277800000038],[-59.9466329,-2.5727088],[-59.9624845,-2.570598500000068],[-59.966969,-2.564229100000053],[-59.9823521,-2.559041400000048],[-59.9965592,-2.566435700000047],[-59.9995579,-2.5494273],[-60.0126603,-2.539759799999988],[-60.0248984,-2.549788399999957],[-60.0332813,-2.549303900000019],[-60.0366726,-2.542054599999974],[-60.0357775,-2.500363100000077],[-60.024428,-2.448334600000046],[-60.0465613,-2.328262299999964],[-60.0396371,-2.26456],[-60.0278655,-2.2421672],[-59.9991782,-2.1432123],[-60.0004884,-2.1201904],[-59.9895167,-2.114747500000064],[-59.9841464,-2.118336],[-59.9786797,-2.11393169999997],[-59.9764625,-2.119607299999973],[-59.9697722,-2.115835899999968],[-59.9724444,-2.12323920000004],[-59.9660035,-2.115324799999949],[-59.9642908,-2.12137460000003],[-59.9565124,-2.117121699999936],[-59.9484263,-2.125893499999985],[-59.9332151,-2.1222739],[-59.9271239,-2.132413500000061],[-59.9094901,-2.129608600000054],[-59.8990133,-2.133799199999983],[-59.8956688,-2.129173800000078],[-59.8793504,-2.127256300000016],[-59.8763108,-2.1324872],[-59.8673307,-2.126745799999938],[-59.8676192,-2.138399299999942],[-59.8620416,-2.145472399999945],[-59.8534811,-2.14082809999993],[-59.8395963,-2.152850699999964],[-59.8320898,-2.148122299999967],[-59.8211357,-2.153813699999931],[-59.8210858,-2.159218800000071],[-59.8026644,-2.160954500000026],[-59.7905979,-2.171837100000061],[-59.7939435,-2.179466900000041],[-59.7845257,-2.1799413],[-59.766936,-2.204263800000041],[-59.7518537,-2.214910599999961],[-59.7405779,-2.208411799999943],[-59.7357385,-2.200183500000076],[-59.71231310000001,-2.185608300000077],[-59.6986856,-2.152307400000052],[-59.70435,-2.144364600000018],[-59.704825,-2.124303500000069],[-59.7135168,-2.106894100000063],[-59.7147673,-2.060174699999975],[-59.7095261,-2.051939],[-59.6837504,-2.045878100000074],[-59.6767132,-2.051537499999975],[-59.6786814,-2.069142],[-59.6726301,-2.076237100000066],[-59.6770727,-2.111902299999928],[-59.6698595,-2.116768500000074],[-59.6575965,-2.115613600000018],[-59.6233691,-2.141427099999944],[-59.6317361,-2.15599250000002],[-59.6278251,-2.163637100000075],[-59.6164976,-2.167623],[-59.6086266,-2.176435600000059],[-59.5912145,-2.175710099999964],[-59.5716817,-2.182047],[-59.5617343,-2.19508850000003],[-59.5570677,-2.221410600000042],[-59.5396017,-2.227803300000088],[-59.5199849,-2.251822299999973],[-59.5222019,-2.268901700000014],[-59.5095441,-2.279892600000022],[-59.5064012,-2.305251100000036],[-59.5001492,-2.3115362],[-59.48807990000001,-2.3069828],[-59.46829180000001,-2.311185800000034],[-59.4505037,-2.32349880000003],[-59.4354243,-2.350902400000011],[-59.43564090000001,-2.367736099999932],[-59.4278454,-2.371096],[-59.38826670000001,-2.36205],[-59.375392,-2.3721031],[-59.3478711,-2.370061399999947],[-59.331003,-2.3816684],[-59.3281658,-2.39896],[-59.290943,-2.434009],[-59.2871388,-2.452126],[-59.3007214,-2.462852],[-59.3006682,-2.4718751],[-59.2767968,-2.480105600000055],[-59.275943,-2.4883371],[-59.2495693,-2.482357300000053],[-59.2534637,-2.474887899999982],[-59.2463343,-2.470335],[-59.222826,-2.474240799999942],[-59.1968816,-2.470979],[-59.1741717,-2.4846282],[-59.1694964,-2.508136200000044],[-59.1558889,-2.517456300000037],[-59.1663802,-2.539339199999981],[-59.1884895,-2.5500583],[-59.2008833,-2.5643103],[-59.189187,-2.597666599999945],[-59.21043980000001,-2.633127400000037],[-59.2282413,-2.649423699999964],[-59.2314856,-2.703429099999967],[-59.2656913,-2.726702799999951],[-59.26821730000001,-2.738472],[-59.2620862,-2.744478900000064],[-59.2663654,-2.742449],[-59.2907504,-2.749260699999984],[-59.3072821,-2.7621596],[-59.3560705,-2.822855],[-59.3528003,-2.844643300000043],[-59.360892,-2.888152299999978],[-59.3675633,-2.894357399999985],[-59.3710325,-2.890471500000021],[-59.3680652,-2.87338870000002],[-59.374672,-2.867508299999971],[-59.3985516,-2.876571699999952],[-59.405839,-2.874220399999944],[-59.4093808,-2.888566899999945],[-59.4298682,-2.9264219],[-59.4863823,-2.964209600000024],[-59.4981092,-2.980774400000028],[-59.5060767,-2.9666946],[-59.5321515,-2.95119],[-59.5471517,-2.9567735],[-59.5963742,-2.958732499999976],[-59.62033730000001,-2.9644101],[-59.6372324,-2.961454200000016],[-59.6545313,-2.946761599999952],[-59.7061518,-2.939600800000037],[-59.7083782,-2.931325899999962],[-59.7212139,-2.919094400000032],[-59.7286047,-2.898789600000054],[-59.7156537,-2.881315699999952],[-59.7385458,-2.857938299999977],[-59.7382211,-2.85034360000004],[-59.7520712,-2.826905599999949],[-59.7596553,-2.82222239999995],[-59.782813,-2.8304843],[-59.8035491,-2.817481300000022],[-59.811156,-2.817249099999957],[-59.8191358,-2.803350300000036]]]}},{"type":"Feature","properties":{"CD_MUN":"1300102","NM_MUN":"Anori","SIGLA_UF":"AM","CodigoIBGE":"1300102","SubRegiaoNumero":7,"CalhaSubRegiao":"Região do Rio Negro/Solimões"},"geometry":{"type":"Polygon","coordinates":[[[-61.4792396,-3.684902299999984],[-61.4343159,-3.758704499999961],[-61.4227819,-3.8011815],[-61.4012142,-3.836317200000026],[-61.3721264,-3.871032500000028],[-61.3721659,-3.883963200000041],[-61.3926819,-3.9022644],[-61.4149469,-3.907812599999972],[-61.4311261,-3.919076699999957],[-61.4840097,-3.9876342],[-61.5035471,-4.00299749999997],[-61.5678384,-4.0710089],[-61.5898933,-4.139031],[-61.6433247,-4.211756],[-61.6782662,-4.251590199999955],[-61.6967691,-4.2538669],[-61.7252575,-4.242671599999969],[-61.7422019,-4.241222099999961],[-61.7700566,-4.2515735],[-61.7953735,-4.273320100000038],[-61.8393526,-4.275254],[-61.8428914,-4.270733099999963],[-61.8533671,-4.2722745],[-61.8522217,-4.261386],[-61.858966,-4.2650473],[-61.8645512,-4.262156400000011],[-61.8679815,-4.247931],[-61.8798515,-4.249060799999979],[-61.8845263,-4.238294100000029],[-61.887788,-4.245906099999983],[-61.9010285,-4.248076599999984],[-61.90898510000001,-4.262166299999988],[-61.9327954,-4.257184700000033],[-61.9444555,-4.26304369999997],[-61.9469272,-4.272402100000028],[-61.9577149,-4.263415700000025],[-61.9629168,-4.269886399999969],[-61.9579166,-4.277454799999965],[-61.9658355,-4.283433599999968],[-62.0073773,-4.284377299999984],[-62.0390314,-4.309844400000017],[-62.05314880000001,-4.311369399999967],[-62.0570254,-4.319000100000023],[-62.0547797,-4.3306601],[-62.0593373,-4.332480800000031],[-62.0574131,-4.340428],[-62.0631774,-4.340330199999975],[-62.0643606,-4.345487599999979],[-62.0567719,-4.3563624],[-62.0621449,-4.358647099999966],[-62.0586129,-4.370613899999953],[-62.0682954,-4.388195900000036],[-62.0808443,-4.400124599999962],[-62.0871661,-4.39320890000001],[-62.1275656,-4.412750399999984],[-62.1433967,-4.43423520000001],[-62.17777310000001,-4.453003600000032],[-62.1884206,-4.475834],[-62.2126887,-4.4900846],[-62.22198620000001,-4.493096],[-62.2299591,-4.490597299999963],[-62.25870290000001,-4.4689613],[-62.2766831,-4.470777],[-62.2917987,-4.48236],[-62.302766,-4.49817710000001],[-62.3075734,-4.533958900000029],[-62.31454690000001,-4.5508566],[-62.3274368,-4.562917599999973],[-62.3765742,-4.5818417],[-62.396076,-4.587807099999963],[-62.4401554,-4.59240330000003],[-62.4940724,-4.6116093],[-62.5390738,-4.616148],[-62.59735520000001,-4.635120500000027],[-62.6291054,-4.640112199999964],[-62.6400789,-4.638270599999971],[-62.6575812,-4.625585899999966],[-62.6846624,-4.623155100000038],[-62.7687702,-4.655745700000041],[-62.7951205,-4.674324799999984],[-62.8304541,-4.678354099999984],[-62.8364274,-4.673870900000014],[-62.8747924,-4.668012100000011],[-62.884895,-4.657320499999989],[-62.9082281,-4.647983900000027],[-62.9312727,-4.649341800000022],[-62.9454385,-4.662094099999988],[-62.9481448,-4.686846799999987],[-62.9540765,-4.698692],[-62.9548463,-4.734890400000022],[-62.9632206,-4.7539814],[-62.99988050000001,-4.79187490000003],[-63.0001905,-4.764091500000029],[-62.9901756,-4.744063900000032],[-63.0108101,-4.732948600000018],[-63.0169503,-4.717370100000015],[-63.0311476,-4.70516859999997],[-62.9542499,-4.518544300000031],[-62.9238228,-4.519950599999971],[-62.895111,-4.515063799999978],[-62.8882692,-4.4883728],[-62.8664159,-4.4775352],[-62.8379547,-4.475664799999964],[-62.8294175,-4.4791702],[-62.8118475,-4.468512600000028],[-62.7972445,-4.4707333],[-62.78869490000001,-4.482291799999988],[-62.7898075,-4.4954199],[-62.8038289,-4.503198899999976],[-62.8071597,-4.511065099999964],[-62.7877635,-4.512915200000012],[-62.77515540000001,-4.501764],[-62.7646452,-4.481931599999974],[-62.7627729,-4.45830229999998],[-62.7518887,-4.462845299999959],[-62.73679820000001,-4.483884799999956],[-62.7270233,-4.478708699999989],[-62.7209557,-4.454514],[-62.6936017,-4.432114200000036],[-62.6938996,-4.414518500000025],[-62.6983021,-4.405633400000025],[-62.6918535,-4.392094300000033],[-62.6880164,-4.394499799999988],[-62.6761409,-4.388367],[-62.6575425,-4.3890938],[-62.651802,-4.3983559],[-62.6514501,-4.419605300000026],[-62.6383332,-4.4234924],[-62.6183589,-4.442108099999981],[-62.5929412,-4.4344315],[-62.5883372,-4.4244503],[-62.5929049,-4.412834699999976],[-62.5875926,-4.409015500000042],[-62.5525643,-4.417040200000026],[-62.5491212,-4.4097726],[-62.5311543,-4.401988100000043],[-62.5506279,-4.386097300000029],[-62.5527301,-4.373290799999964],[-62.5351292,-4.3545108],[-62.5327128,-4.358478699999955],[-62.5193431,-4.356857099999967],[-62.5096349,-4.327509500000031],[-62.4958827,-4.321679200000037],[-62.4946745,-4.31376549999997],[-62.4980359,-4.313980100000028],[-62.4949775,-4.3099652],[-62.4844947,-4.310264],[-62.4745464,-4.302166199999972],[-62.4705308,-4.279099900000041],[-62.4767366,-4.263594],[-62.4524726,-4.257113299999966],[-62.4472706,-4.239496300000042],[-62.4348943,-4.229065899999972],[-62.4055331,-4.2344367],[-62.3826092,-4.250633300000016],[-62.3476245,-4.2537131],[-62.3182527,-4.248333],[-62.2902464,-4.249020899999967],[-62.2728536,-4.2408104],[-62.27071620000001,-4.234005899999984],[-62.2626461,-4.232482],[-62.2654318,-4.219365200000025],[-62.2765683,-4.21759940000004],[-62.2952644,-4.187607299999968],[-62.2873596,-4.183369699999964],[-62.2959213,-4.169274100000017],[-62.2838468,-4.170217500000011],[-62.2835635,-4.1660208],[-62.3180119,-4.142571400000018],[-62.3310056,-4.141431300000015],[-62.3366137,-4.136864],[-62.340024,-4.1311735],[-62.3351212,-4.1210503],[-62.36563670000001,-4.1057719],[-62.3618227,-4.090392400000013],[-62.309633,-4.086608600000045],[-62.3028288,-4.084228],[-62.294169,-4.0730372],[-62.2643748,-4.0619118],[-62.2539192,-4.076648],[-62.2310925,-4.0880226],[-62.2282635,-4.096808700000026],[-62.1839326,-4.116682200000025],[-62.1770657,-4.11463890000004],[-62.1476688,-4.0864797],[-62.1201223,-4.093195],[-62.0772762,-4.081698],[-62.0345916,-4.079658400000043],[-61.98564480000001,-4.089322],[-61.9514771,-4.119594099999964],[-61.90837530000001,-4.12944409999997],[-61.8904423,-4.130689900000031],[-61.8748205,-4.1261598],[-61.8650122,-4.1187118],[-61.8636906,-4.107835],[-61.8527221,-4.1048588],[-61.8547455,-4.1357956],[-61.8604385,-4.1403926],[-61.8698134,-4.1353409],[-61.8739292,-4.1513687],[-61.8578178,-4.1530015],[-61.8393505,-4.1439764],[-61.8204914,-4.11796530000002],[-61.7938252,-4.099560899999965],[-61.8099347,-4.09224110000004],[-61.8572769,-4.0838534],[-61.8656463,-4.086131899999981],[-61.8671807,-4.095991],[-61.8743435,-4.1012446],[-61.9074168,-4.088989700000036],[-61.9169518,-4.0918723],[-61.9215741,-4.085258300000024],[-61.9128856,-4.08259],[-61.9125498,-4.077950800000015],[-61.930051,-4.076834700000014],[-61.9367436,-4.0626772],[-61.9295702,-4.0531243],[-61.9279739,-4.042034100000022],[-61.9364449,-4.036027199999968],[-61.9192325,-4.0227661],[-61.9110015,-4.0250808],[-61.9109029,-4.038496399999986],[-61.8911809,-4.046676],[-61.8717695,-4.0280239],[-61.87076660000001,-4.037136299999981],[-61.8658456,-4.035861400000019],[-61.8540263,-4.042700400000047],[-61.8429853,-4.038339400000012],[-61.8416966,-4.045420200000033],[-61.8341292,-4.049155200000024],[-61.8151772,-4.043277100000021],[-61.8158388,-4.039663099999969],[-61.8359592,-4.0381257],[-61.8474356,-3.992628199999977],[-61.8641992,-3.974282800000039],[-61.8892141,-3.962373499999977],[-61.9009743,-3.948621800000051],[-61.8980542,-3.94443690000003],[-61.8619497,-3.933622499999967],[-61.8447824,-3.918623500000026],[-61.8234396,-3.888304899999977],[-61.8234865,-3.661818900000023],[-61.8140132,-3.653154200000044],[-61.7909605,-3.636588],[-61.7731827,-3.6313728],[-61.762824,-3.632653199999957],[-61.7396611,-3.645828300000053],[-61.6931525,-3.646232899999963],[-61.6608485,-3.674887600000023],[-61.6351278,-3.6715552],[-61.6220695,-3.660219799999983],[-61.5947382,-3.657849800000049],[-61.5632721,-3.670881900000035],[-61.5553783,-3.683850500000021],[-61.4792396,-3.684902299999984]]]}},{"type":"Feature","properties":{"CD_MUN":"1303205","NM_MUN":"Novo Airão","SIGLA_UF":"AM","CodigoIBGE":"1303205","SubRegiaoNumero":7,"CalhaSubRegiao":"Região do Rio Negro/Solimões"},"geometry":{"type":"Polygon","coordinates":[[[-60.7564315,-2.821788299999942],[-60.7871472,-2.830234700000014],[-60.8127008,-2.828873800000013],[-60.8520055,-2.84134840000006],[-60.8625807,-2.837511900000056],[-60.8732454,-2.82097],[-60.9135681,-2.8118731],[-60.942034,-2.842094199999951],[-60.9781227,-2.858865],[-60.983785,-2.865570399999946],[-60.9845681,-2.886259599999962],[-61.0005079,-2.883675399999959],[-61.0164517,-2.852222299999967],[-61.0338199,-2.8419012],[-61.0407874,-2.826725099999957],[-61.053152,-2.817270099999952],[-61.0613424,-2.8137643],[-61.1148525,-2.815182],[-61.1441237,-2.807951199999978],[-61.1530683,-2.802636400000022],[-61.1656543,-2.785491799999976],[-61.2219531,-2.7645133],[-61.2321178,-2.767761399999954],[-61.2351775,-2.775423499999939],[-61.244143,-2.769608100000043],[-61.2506264,-2.74102929999997],[-61.2768397,-2.7436617],[-61.3135965,-2.739401600000016],[-61.3371002,-2.745714899999951],[-61.3682349,-2.745668400000064],[-61.40270910000001,-2.7326949],[-61.4082649,-2.742534100000025],[-61.4042629,-2.761554899999977],[-61.4133198,-2.76592],[-61.44912140000001,-2.761061200000017],[-61.4661282,-2.7668832],[-61.4834851,-2.786616099999979],[-61.4967097,-2.790004199999979],[-61.5129619,-2.815133800000051],[-61.5209299,-2.820721399999963],[-61.5395116,-2.826501899999972],[-61.5732626,-2.8244543],[-61.6080988,-2.834446100000053],[-61.64059970000001,-2.828166400000043],[-61.6487624,-2.830138600000057],[-61.655296,-2.837651799999986],[-61.6559555,-2.855699600000011],[-61.6621529,-2.861136799999946],[-61.6723983,-2.859751],[-61.6886532,-2.8508853],[-61.7169027,-2.8437327],[-61.7302396,-2.8312219],[-61.7325447,-2.810218199999988],[-61.7055171,-2.77158749999996],[-61.6992902,-2.751666700000011],[-61.7086485,-2.734272700000016],[-61.7354315,-2.709210100000023],[-61.7462825,-2.692793600000035],[-61.7559287,-2.649774200000057],[-61.7726572,-2.625571300000017],[-61.8102941,-2.610069799999975],[-61.8611243,-2.6237583],[-61.8763747,-2.623564199999985],[-61.9132937,-2.60992949999994],[-61.9241553,-2.609549700000014],[-61.9638723,-2.636010100000056],[-62.020098,-2.642010199999946],[-62.048185,-2.653579300000058],[-62.0609338,-2.662737899999972],[-62.0829323,-2.703785800000059],[-62.1084339,-2.719510200000049],[-62.1584581,-2.729345800000014],[-62.1847069,-2.744666100000054],[-62.2442614,-2.765390799999949],[-62.2768459,-2.7704127],[-62.3015703,-2.765594099999973],[-62.3356307,-2.774663299999976],[-62.3543264,-2.774040899999953],[-62.3857667,-2.806624],[-62.4275855,-2.816795300000058],[-62.4494876,-2.829955600000053],[-62.4739934,-2.858816799999971],[-62.484519,-2.882088399999984],[-62.4960339,-2.981857],[-62.5314106,-3.064854799999954],[-62.5507986,-3.091096],[-62.5830899,-3.106760299999977],[-62.6342398,-3.091864099999989],[-62.6919934,-3.092721100000027],[-62.7111308,-3.088461800000053],[-62.7414352,-3.067081300000032],[-62.7799878,-3.020196099999973],[-62.7960447,-3.019003600000019],[-62.8280763,-3.003041300000037],[-62.8780423,-3.0025064],[-62.92883290000001,-3.008073300000011],[-62.93346120000001,-3.000941500000011],[-62.9331622,-2.990874399999963],[-62.9104606,-2.925334200000012],[-62.9151577,-2.881147699999945],[-62.9288574,-2.8536175],[-62.9591637,-2.84499359999994],[-63.0096618,-2.84080589999998],[-63.0497713,-2.814760299999971],[-63.0574909,-2.814058699999959],[-63.1054072,-2.834051899999973],[-63.1455454,-2.832569199999952],[-63.16960430000001,-2.840244299999984],[-63.1890164,-2.837129800000017],[-63.2185511,-2.819825099999957],[-63.2407555,-2.796254099999952],[-63.2592169,-2.7515611],[-63.2835521,-2.710792800000045],[-63.3049101,-2.700194400000061],[-63.3462891,-2.704121399999939],[-63.374136,-2.701889],[-63.4086592,-2.707487700000032],[-63.4630817,-2.7034447],[-63.4747174,-2.7079313],[-63.4972485,-2.73321],[-63.5250505,-2.753819],[-63.5639944,-2.762851699999964],[-63.5844709,-2.780382399999963],[-63.6091911,-2.786576500000059],[-63.6296666,-2.806752100000026],[-63.662461,-2.817887399999981],[-63.6915554,-2.834600300000018],[-63.7119674,-2.835151200000022],[-63.7246662,-2.824412],[-63.7283265,-2.815784300000036],[-63.72885740000001,-2.802997],[-63.7182715,-2.78233],[-63.7144903,-2.762425700000037],[-63.7295286,-2.693559],[-63.7501885,-2.6496849],[-63.7673264,-2.593152500000065],[-63.7884706,-2.5571956],[-63.8083819,-2.547274200000056],[-63.8184132,-2.547804499999974],[-63.836275,-2.56098479999994],[-63.8462188,-2.5632084],[-63.8756333,-2.56570269999993],[-63.9114684,-2.562166400000054],[-63.94588310000001,-2.574153],[-63.9646079,-2.575380199999952],[-63.9842779,-2.565401400000056],[-63.9885225,-2.55531169999996],[-63.98816690000001,-2.527929199999953],[-63.9812231,-2.505435],[-63.9570554,-2.466593699999971],[-63.9574946,-2.444758099999982],[-63.9063864,-2.439625300000035],[-63.8669103,-2.4453742],[-63.8319109,-2.430057700000025],[-63.8026321,-2.439672300000049],[-63.7504675,-2.438622499999965],[-63.7349956,-2.433018399999941],[-63.72582460000001,-2.423090500000017],[-63.706496,-2.3818506],[-63.6946688,-2.378499700000043],[-63.6466111,-2.393778900000034],[-63.633748,-2.3904239],[-63.6091937,-2.365901200000024],[-63.5934924,-2.356501299999961],[-63.5651063,-2.362771300000019],[-63.5283868,-2.391305400000038],[-63.4860817,-2.381828400000022],[-63.4656852,-2.38766920000003],[-63.4484406,-2.413419400000016],[-63.436437,-2.455794899999978],[-63.4240221,-2.47009619999996],[-63.389552,-2.488490099999966],[-63.3691597,-2.489919],[-63.3324356,-2.462822],[-63.3113571,-2.4352703],[-63.2968001,-2.428925599999947],[-63.2791919,-2.43616960000006],[-63.2567153,-2.467595899999957],[-63.2342191,-2.4830622],[-63.1982736,-2.484872500000076],[-63.1640514,-2.493984899999958],[-63.1418277,-2.490824500000036],[-63.12579310000001,-2.482728199999987],[-63.1050504,-2.482789800000057],[-63.0849628,-2.477424599999969],[-63.0405736,-2.483112899999982],[-63.0325805,-2.451331],[-63.0144328,-2.455062099999959],[-62.9833841,-2.434676299999935],[-62.9243775,-2.420720499999935],[-62.9120354,-2.412977],[-62.9068092,-2.415483799999953],[-62.8937592,-2.407886599999975],[-62.891609,-2.4008913],[-62.8853515,-2.398691400000027],[-62.88320980000001,-2.384032399999954],[-62.8743539,-2.377702299999985],[-62.87074290000001,-2.363492200000049],[-62.8602256,-2.349390799999983],[-62.8622604,-2.345340100000036],[-62.8326246,-2.323936],[-62.7993516,-2.319293499999931],[-62.7934886,-2.322173899999974],[-62.786093,-2.308960500000032],[-62.765325,-2.303145300000059],[-62.7584255,-2.2916338],[-62.7476429,-2.287998600000042],[-62.7400688,-2.293030599999921],[-62.7178586,-2.276444300000053],[-62.7100578,-2.284064799999933],[-62.6965725,-2.279832500000027],[-62.684715,-2.285324699999954],[-62.6788899,-2.280554600000013],[-62.6658598,-2.279990700000043],[-62.6511357,-2.290219399999978],[-62.6458282,-2.2850399],[-62.6370315,-2.2867923],[-62.6239947,-2.276418300000079],[-62.6210871,-2.280935900000063],[-62.6086868,-2.282878700000049],[-62.60054190000001,-2.278574400000018],[-62.5906053,-2.282651899999947],[-62.5853329,-2.278929700000036],[-62.5779864,-2.281054500000016],[-62.572197,-2.272040899999942],[-62.5713195,-2.276379599999978],[-62.5596374,-2.277102699999917],[-62.5491051,-2.269511399999989],[-62.5417491,-2.271087799999921],[-62.5389446,-2.2628078],[-62.5255099,-2.2591598],[-62.519327,-2.253488899999971],[-62.5209476,-2.24888330000005],[-62.5133276,-2.243714799999973],[-62.4914153,-2.244092100000027],[-62.489834,-2.237773500000042],[-62.4788425,-2.2359392],[-62.4788156,-2.229667],[-62.4723412,-2.22918480000008],[-62.4715133,-2.233512600000011],[-62.4656539,-2.231199],[-62.4531603,-2.2181372],[-62.4454042,-2.219660900000046],[-62.4404837,-2.214108],[-62.4366066,-2.2204038],[-62.4265545,-2.215764],[-62.4264795,-2.210788800000032],[-62.4232787,-2.213374299999953],[-62.4084516,-2.208048],[-62.4005896,-2.207426200000019],[-62.4026189,-2.211646],[-62.3987538,-2.213347400000021],[-62.3930124,-2.208092600000014],[-62.3925077,-2.211901199999984],[-62.3860138,-2.198886499999924],[-62.3784638,-2.203939299999933],[-62.3537118,-2.193812400000037],[-62.3557082,-2.185874200000045],[-62.3516039,-2.178506600000023],[-62.3434877,-2.178639],[-62.3417071,-2.170559500000028],[-62.3352627,-2.16587],[-62.3194097,-2.166754],[-62.32287920000001,-2.158627500000023],[-62.316018,-2.1531513],[-62.3022381,-2.148410499999922],[-62.2920996,-2.160279499999974],[-62.2712697,-2.148362799999981],[-62.2690165,-2.140634099999909],[-62.261096,-2.143827],[-62.2482348,-2.134496199999944],[-62.2378811,-2.132894699999983],[-62.2272393,-2.141420400000045],[-62.23292510000001,-2.141774899999946],[-62.2234923,-2.14713669999995],[-62.2099981,-2.12011349999994],[-62.1963241,-2.122687299999928],[-62.1907238,-2.127947400000073],[-62.1830324,-2.118527599999932],[-62.1785214,-2.130254099999947],[-62.1741704,-2.123009],[-62.168508,-2.123175900000013],[-62.1636631,-2.132183100000016],[-62.1588826,-2.132604700000069],[-62.1551518,-2.121931699999921],[-62.1495545,-2.121914699999981],[-62.1467119,-2.101991500000066],[-62.1374609,-2.10054130000006],[-62.1434945,-2.097278499999949],[-62.1336523,-2.096022100000027],[-62.1359533,-2.090155],[-62.1234233,-2.091175600000049],[-62.1215919,-2.083973],[-62.1100088,-2.078984400000029],[-62.1130361,-2.072669699999945],[-62.10971150000001,-2.054834699999909],[-62.1010408,-2.053384299999955],[-62.0819723,-2.0645303],[-62.0644993,-2.0586631],[-62.071309,-2.057774199999957],[-62.0727354,-2.048999499999959],[-62.0843769,-2.03700529999992],[-62.0776535,-2.032937799999916],[-62.0814646,-2.025888900000012],[-62.0726214,-2.00066270000008],[-62.0471215,-1.97505730000002],[-62.03776,-1.989154799999904],[-62.0219271,-1.999245500000024],[-62.0251853,-2.01843],[-62.0224813,-2.026036600000031],[-62.0134593,-2.022955500000085],[-62.0099382,-2.030568200000019],[-61.9953208,-2.025158300000045],[-61.9858412,-2.006808199999948],[-61.9797052,-2.010704100000023],[-61.9695549,-2.000478599999964],[-61.9559381,-1.970669399999921],[-61.9410835,-1.9674864],[-61.9283774,-1.958874399999974],[-61.9439571,-1.944406699999957],[-61.9382938,-1.936405800000016],[-61.9225721,-1.947516600000033],[-61.9144042,-1.93673290000004],[-61.9229327,-1.934299800000037],[-61.9204061,-1.926403699999906],[-61.8841224,-1.911243499999983],[-61.8767631,-1.915424],[-61.8824603,-1.934759900000076],[-61.8699032,-1.938560899999978],[-61.8534551,-1.9367565],[-61.8471772,-1.931999399999927],[-61.8452359,-1.9222706],[-61.8272593,-1.926196399999935],[-61.8166537,-1.941736500000099],[-61.8067391,-1.945537399999936],[-61.80093020000001,-1.937419299999916],[-61.7916224,-1.938142100000024],[-61.7787044,-1.92202630000006],[-61.763567,-1.919809899999954],[-61.7560855,-1.9118671],[-61.7581149,-1.903946799999952],[-61.7499319,-1.901939],[-61.7389802,-1.888429600000033],[-61.7293855,-1.88678769999992],[-61.725676,-1.897388799999924],[-61.720877,-1.899280099999944],[-61.7142769,-1.893797699999917],[-61.7138823,-1.882205700000039],[-61.7050196,-1.887012900000046],[-61.7023325,-1.89426640000006],[-61.6936953,-1.8886933],[-61.6831001,-1.892243],[-61.666467,-1.8695681],[-61.6545601,-1.87277069999992],[-61.6473503,-1.855700400000085],[-61.6542365,-1.837940700000088],[-61.6385585,-1.825544500000015],[-61.6346155,-1.826554700000022],[-61.6339218,-1.834949899999947],[-61.6183295,-1.83408759999993],[-61.615433,-1.826908299999944],[-61.608308,-1.834773399999988],[-61.5996911,-1.8330389],[-61.602844,-1.8384471],[-61.5929809,-1.843697700000056],[-61.5987724,-1.86559840000002],[-61.592472,-1.875768],[-61.5838846,-1.875488800000072],[-61.5716108,-1.86505049999997],[-61.5341217,-1.8697093],[-61.5306356,-1.885029899999912],[-61.5382865,-1.892212399999965],[-61.4965508,-1.969876599999936],[-61.4746173,-1.953694899999939],[-61.4498937,-1.947448],[-61.4477723,-1.931488],[-61.461622,-1.90153730000006],[-61.4558384,-1.900259],[-61.4516956,-1.906177899999959],[-61.4175781,-1.899769100000012],[-61.3945156,-1.900651300000048],[-61.3915906,-1.898234399999957],[-61.3958645,-1.8977399],[-61.3823705,-1.895168599999918],[-61.3863495,-1.863218400000027],[-61.4195415,-1.792768600000048],[-61.4246825,-1.767973800000026],[-61.4133145,-1.713823300000096],[-61.4174856,-1.666068100000011],[-61.4137888,-1.6369426],[-61.4231094,-1.620396200000037],[-61.4560682,-1.611776399999964],[-61.4685887,-1.597524100000071],[-61.4746776,-1.578967299999962],[-61.4755111,-1.553128800000045],[-61.46995780000001,-1.538127700000013],[-61.473291,-1.527849700000072],[-61.48134670000001,-1.517849800000031],[-61.5164822,-1.502430299999971],[-61.5330176,-1.465073299999982],[-61.5393974,-1.443964799999934],[-61.5382941,-1.433404199999989],[-61.5738424,-1.428689099999916],[-61.5819057,-1.409522000000113],[-61.6030145,-1.407302799999951],[-61.6146808,-1.402575800000104],[-61.6191215,-1.39479770000005],[-61.5999567,-1.367579100000076],[-61.5877348,-1.3614679],[-61.5821752,-1.353407299999871],[-61.5855081,-1.338685800000105],[-61.61162560000001,-1.308134300000052],[-61.6288495,-1.301467800000132],[-61.6269031,-1.293969999999871],[-61.6070712,-1.2744238000001],[-61.6083416,-1.252440400000069],[-61.5871347,-1.1944035],[-61.57071650000001,-1.182776400000057],[-61.5814666,-1.1684135],[-61.5811734,-1.156590900000073],[-61.5705211,-1.143498099999877],[-61.5661233,-1.129135],[-61.579512,-1.110668],[-61.5661233,-1.099724499999915],[-61.5792188,-1.08663139999993],[-61.5778506,-1.079987199999975],[-61.5461869,-1.070704699999924],[-61.5428642,-1.062203899999887],[-61.5440369,-1.029568299999964],[-61.5594779,-1.011198400000149],[-61.5438415,-1.003576899999934],[-61.5426687,-0.99273079999987],[-61.5509756,-0.9831549],[-61.5746256,-0.985109199999902],[-61.5807825,-0.977976099999881],[-61.5756029,-0.954720299999903],[-61.582737,-0.936936300000023],[-61.5764824,-0.911139599999822],[-61.5658301,-0.897557100000156],[-61.5523438,-0.889446700000058],[-61.5567415,-0.864920000000191],[-61.5383687,-0.848210499999956],[-61.5377824,-0.843910899999835],[-61.5484347,-0.833552900000162],[-61.5489233,-0.804237699999874],[-61.5356323,-0.75440120000009],[-61.5105164,-0.741502300000108],[-61.4846186,-0.716877000000149],[-61.4651708,-0.6601991],[-61.4581344,-0.654726699999751],[-61.43223660000001,-0.654042699999828],[-61.4287185,-0.649547499999949],[-61.4341912,-0.640557199999721],[-61.4335071,-0.633032600000274],[-61.4071207,-0.628488500000143],[-61.3923638,-0.614221200000288],[-61.372916,-0.607576100000064],[-61.3595274,-0.596924399999704],[-61.3465296,-0.594090400000242],[-61.3289387,-0.597217499999891],[-61.3018681,-0.574839100000144],[-61.277534,-0.575620899999807],[-61.2340453,-0.561939699999976],[-61.227693,-0.550994700000176],[-61.2294521,-0.538681599999782],[-61.2210475,-0.528909300000336],[-61.2292566,-0.516791600000312],[-61.2230998,-0.499885400000043],[-61.2114702,-0.499103599999695],[-61.19905880000001,-0.508191900000093],[-61.1848883,-0.506726099999859],[-61.168861,-0.516302999999888],[-61.161336,-0.512589500000157],[-61.158111,-0.498321799999682],[-61.1503905,-0.502035300000327],[-61.1334836,-0.496953700000086],[-61.117945,-0.506628299999895],[-61.106804,-0.499201300000345],[-61.0975199,-0.499005899999836],[-61.0701562,-0.513469000000328],[-61.06526980000001,-0.534284099999951],[-61.0568653,-0.543860999999892],[-61.0389811,-0.546890400000152],[-61.0304789,-0.542492799999707],[-61.0229538,-0.551287899999757],[-60.9836674,-0.561744300000184],[-60.9600173,-0.552460600000057],[-60.9477037,-0.55803080000003],[-60.9336309,-0.547867599999813],[-60.9308945,-0.55011519999975],[-60.9213172,-0.579041200000256],[-60.9269854,-0.589399800000068],[-60.9276695,-0.605523900000123],[-60.9174081,-0.612559899999857],[-60.9196559,-0.620377599999921],[-60.895224,-0.643928500000061],[-60.8714762,-0.6382607],[-60.8618012,-0.645492099999939],[-60.8576966,-0.655459599999818],[-60.8614103,-0.670411],[-60.8551557,-0.686339399999954],[-60.8185079,-0.689173300000136],[-60.80717150000001,-0.694254799999924],[-60.810201,-0.702854199999807],[-60.8030669,-0.722984500000121],[-60.8102988,-0.727284100000238],[-60.8061942,-0.740085400000144],[-60.7926101,-0.741746600000233],[-60.7915351,-0.751518499999911],[-60.7814692,-0.746437100000136],[-60.7712078,-0.7560625],[-60.7776578,-0.774335900000228],[-60.7881146,-0.7825442],[-60.7779021,-0.7888959],[-60.7601646,-0.787332399999839],[-60.7564998,-0.79119229999982],[-60.7695464,-0.800817500000164],[-60.7631941,-0.812641400000073],[-60.76915549999999,-0.822217700000158],[-60.7620092,-0.848589099999935],[-60.7763435,-0.875630400000126],[-60.7713368,-0.894526499999809],[-60.7821746,-0.937857600000066],[-60.78828510000001,-0.993409400000151],[-60.7993953,-0.999520000000164],[-60.79499650000001,-1.023586000000118],[-60.7774554,-1.051133900000099],[-60.7582,-1.067539600000044],[-60.7560048,-1.078016999999844],[-60.7776503,-1.07854369999984],[-60.7835032,-1.088294199999891],[-60.7915972,-1.091705499999954],[-60.8212593,-1.085578100000141],[-60.8277603,-1.091390199999982],[-60.82428070000001,-1.109960799999887],[-60.8267592,-1.124906000000115],[-60.8368677,-1.144171900000089],[-60.8448098,-1.143891699999982],[-60.8572926,-1.1332757],[-60.8627068,-1.140068900000011],[-60.8462312,-1.170728899999877],[-60.8514576,-1.177287099999891],[-60.8522566,-1.194806],[-60.840082,-1.209251300000106],[-60.8448347,-1.216367799999952],[-60.856398,-1.2173926],[-60.8548396,-1.22768980000011],[-60.8419611,-1.239269000000113],[-60.8556914,-1.261222500000107],[-60.8638655,-1.262934200000044],[-60.8729644,-1.259064999999864],[-60.8874715,-1.264523099999956],[-60.9059154,-1.251277100000068],[-60.9285545,-1.2645987],[-60.9328183,-1.279099400000021],[-60.9529508,-1.280039099999942],[-60.9629756,-1.314573600000106],[-60.9548295,-1.317734600000089],[-60.942667,-1.31295730000001],[-60.9297909,-1.317605300000076],[-60.9129316,-1.306593099999879],[-60.8881102,-1.309272400000069],[-60.8839748,-1.315185700000133],[-60.8826746,-1.333421700000085],[-60.8625115,-1.344644],[-60.847612,-1.35933530000002],[-60.8364174,-1.406903300000062],[-60.8555787,-1.419190499999893],[-60.8598819,-1.427626499999973],[-60.854241,-1.434289800000092],[-60.8358418,-1.434570599999884],[-60.8286017,-1.439657400000065],[-60.8369514,-1.47412750000008],[-60.8230513,-1.473973600000043],[-60.8062898,-1.4477014],[-60.7888447,-1.44121690000007],[-60.7503987,-1.445622800000074],[-60.73789759999999,-1.455899],[-60.7260916,-1.458328899999941],[-60.7161318,-1.468229699999947],[-60.6709242,-1.488009899999982],[-60.6670108,-1.498312600000022],[-60.66058360000001,-1.497341599999975],[-60.65431490000001,-1.5077083],[-60.6277314,-1.515828400000095],[-60.6239426,-1.524404700000058],[-60.6157004,-1.524976299999902],[-60.611129,-1.534061400000031],[-60.5895983,-1.5509025],[-60.5898348,-1.5642843],[-60.5806053,-1.575443699999936],[-60.57955720000001,-1.5875591],[-60.58459,-1.593721399999981],[-60.5812118,-1.604276700000017],[-60.5967078,-1.620182300000031],[-60.5983994,-1.633236899999887],[-60.6036531,-1.630971600000052],[-60.61174050000001,-1.634596899999959],[-60.6072298,-1.637078600000067],[-60.6079357,-1.64430189999994],[-60.6133958,-1.645968400000099],[-60.6118957,-1.653320699999893],[-60.6210827,-1.684974300000083],[-60.6275075,-1.692090200000055],[-60.6229241,-1.692992099999926],[-60.6225789,-1.7025663],[-60.6172749,-1.707778900000074],[-60.6211986,-1.710569599999972],[-60.6162305,-1.723182900000026],[-60.6244498,-1.7446158],[-60.6210502,-1.75330179999992],[-60.6253321,-1.786793700000076],[-60.6174695,-1.811580300000063],[-60.61982480000001,-1.822357300000053],[-60.6092662,-1.835950400000024],[-60.6161916,-1.850425599999948],[-60.6162428,-1.864287],[-60.5734093,-1.91396019999996],[-60.5533227,-1.920719100000031],[-60.4815028,-1.918226700000039],[-60.4537262,-1.936485],[-60.4445902,-1.949622100000022],[-60.3577562,-1.954464],[-60.37439160000001,-1.9683167],[-60.4126438,-1.988552900000044],[-60.4166408,-1.996832399999968],[-60.4800867,-2.016253800000043],[-60.5036232,-2.017454799999935],[-60.5425305,-2.002680799999954],[-60.559063,-2.0057252],[-60.5737802,-1.999645899999966],[-60.5989812,-1.9988342],[-60.6078385,-2.008636599999987],[-60.6222036,-2.046337300000079],[-60.6348178,-2.055699599999921],[-60.6426505,-2.056260799999985],[-60.6444814,-2.0646523],[-60.652759,-2.066272300000022],[-60.6530337,-2.073922699999941],[-60.6681733,-2.074606399999946],[-60.6750471,-2.089019399999966],[-60.6729534,-2.09767209999998],[-60.6820321,-2.108096800000023],[-60.6639797,-2.130685399999928],[-60.7001694,-2.1731506],[-60.7077919,-2.1707465],[-60.7217343,-2.179110299999988],[-60.729067,-2.176229600000048],[-60.7389514,-2.189352899999915],[-60.7165647,-2.220800100000016],[-60.7007621,-2.220989399999934],[-60.6978468,-2.236470400000078],[-60.6920593,-2.242665699999989],[-60.6998123,-2.259312399999967],[-60.7185118,-2.274820100000039],[-60.7044838,-2.283624599999936],[-60.7054853,-2.292285600000055],[-60.6994803,-2.307765400000063],[-60.71137,-2.320078100000015],[-60.7107068,-2.327923300000014],[-60.69531,-2.346176900000021],[-60.7174521,-2.35676890000003],[-60.7085391,-2.370869199999968],[-60.717058,-2.374025500000026],[-60.733402,-2.368153099999937],[-60.7357056,-2.38517049999993],[-60.7689269,-2.399484600000069],[-60.7674267,-2.407027800000034],[-60.75396,-2.414522599999935],[-60.7438421,-2.430435199999937],[-60.7433439,-2.440308],[-60.74946,-2.447695700000016],[-60.7737018,-2.453574600000077],[-60.781758,-2.460816099999942],[-60.7918145,-2.484482800000063],[-60.7964032,-2.52481890000006],[-60.8027272,-2.539225800000062],[-60.7564315,-2.821788299999942]]]}},{"type":"Feature","properties":{"CD_MUN":"1301209","NM_MUN":"Coari","SIGLA_UF":"AM","CodigoIBGE":"1301209","SubRegiaoNumero":7,"CalhaSubRegiao":"Região do Rio Negro/Solimões"},"geometry":{"type":"Polygon","coordinates":[[[-62.5775573,-3.925129899999956],[-62.5616537,-3.948086499999966],[-62.57181820000001,-3.9983939],[-62.56207460000001,-4.013212500000042],[-62.5260797,-4.03419569999998],[-62.4953673,-4.037363200000025],[-62.49544980000001,-4.04452229999997],[-62.4871996,-4.0467338],[-62.4793293,-4.057381600000033],[-62.4658759,-4.05653590000005],[-62.4470704,-4.066522900000039],[-62.4418253,-4.080909],[-62.4232272,-4.076664499999976],[-62.4074136,-4.08807],[-62.3965972,-4.078834400000016],[-62.3879036,-4.077002],[-62.3808071,-4.083836299999968],[-62.3610216,-4.0909454],[-62.36563670000001,-4.1057719],[-62.3351212,-4.1210503],[-62.340024,-4.1311735],[-62.3366137,-4.136864],[-62.3310056,-4.141431300000015],[-62.3180119,-4.142571400000018],[-62.2835635,-4.1660208],[-62.2838468,-4.170217500000011],[-62.2959213,-4.169274100000017],[-62.2873596,-4.183369699999964],[-62.2952644,-4.187607299999968],[-62.2765683,-4.21759940000004],[-62.2654318,-4.219365200000025],[-62.2626461,-4.232482],[-62.27071620000001,-4.234005899999984],[-62.2728536,-4.2408104],[-62.2902464,-4.249020899999967],[-62.3182527,-4.248333],[-62.3476245,-4.2537131],[-62.3826092,-4.250633300000016],[-62.4055331,-4.2344367],[-62.4348943,-4.229065899999972],[-62.4472706,-4.239496300000042],[-62.4524726,-4.257113299999966],[-62.4767366,-4.263594],[-62.4705308,-4.279099900000041],[-62.4745464,-4.302166199999972],[-62.4844947,-4.310264],[-62.4949775,-4.3099652],[-62.4980359,-4.313980100000028],[-62.4946745,-4.31376549999997],[-62.4958827,-4.321679200000037],[-62.5096349,-4.327509500000031],[-62.5193431,-4.356857099999967],[-62.5327128,-4.358478699999955],[-62.5351292,-4.3545108],[-62.5527301,-4.373290799999964],[-62.5506279,-4.386097300000029],[-62.5311543,-4.401988100000043],[-62.5491212,-4.4097726],[-62.5525643,-4.417040200000026],[-62.5875926,-4.409015500000042],[-62.5929049,-4.412834699999976],[-62.5883372,-4.4244503],[-62.5929412,-4.4344315],[-62.6183589,-4.442108099999981],[-62.6383332,-4.4234924],[-62.6514501,-4.419605300000026],[-62.651802,-4.3983559],[-62.6575425,-4.3890938],[-62.6761409,-4.388367],[-62.6880164,-4.394499799999988],[-62.6918535,-4.392094300000033],[-62.6983021,-4.405633400000025],[-62.6938996,-4.414518500000025],[-62.6936017,-4.432114200000036],[-62.7209557,-4.454514],[-62.7270233,-4.478708699999989],[-62.73679820000001,-4.483884799999956],[-62.7518887,-4.462845299999959],[-62.7627729,-4.45830229999998],[-62.7646452,-4.481931599999974],[-62.77515540000001,-4.501764],[-62.7877635,-4.512915200000012],[-62.8071597,-4.511065099999964],[-62.8038289,-4.503198899999976],[-62.7898075,-4.4954199],[-62.78869490000001,-4.482291799999988],[-62.7972445,-4.4707333],[-62.8118475,-4.468512600000028],[-62.8294175,-4.4791702],[-62.8379547,-4.475664799999964],[-62.8664159,-4.4775352],[-62.8882692,-4.4883728],[-62.895111,-4.515063799999978],[-62.9238228,-4.519950599999971],[-62.9542499,-4.518544300000031],[-63.0311476,-4.70516859999997],[-63.0519399,-4.7243093],[-63.093775,-4.7344864],[-63.1292502,-4.760639],[-63.1778591,-4.768180800000025],[-63.2068531,-4.789889100000035],[-63.224415,-4.824923799999954],[-63.2380829,-4.883418300000014],[-63.248439,-4.9066421],[-63.2782484,-4.926642799999964],[-63.3026901,-4.96295840000002],[-63.3360285,-4.990246199999981],[-63.34091140000001,-5.0006374],[-63.3419692,-5.0541528],[-63.3518335,-5.075764099999962],[-63.3594986,-5.1084468],[-63.3721324,-5.121777699999978],[-63.450609,-5.153014700000035],[-63.545304,-5.1571502],[-63.5619967,-5.153351699999988],[-63.5944141,-5.1370559],[-63.6291389,-5.14347060000001],[-63.6468355,-5.140485900000013],[-63.7022788,-5.1100188],[-63.7660586,-5.127858],[-63.7978113,-5.147177799999972],[-63.8251963,-5.152422],[-63.8549457,-5.169785499999978],[-63.88300550000001,-5.193757200000018],[-63.92680020000001,-5.210188499999971],[-63.9449769,-5.2361211],[-64.0257248,-5.2671542],[-64.0372535,-5.28089570000003],[-64.0490875,-5.3255309],[-64.06855590000002,-5.35537920000001],[-64.0821752,-5.366444],[-64.09022310000002,-5.4048171],[-64.10372260000001,-5.418818799999975],[-64.1278927,-5.426419899999974],[-64.1643412,-5.4257812],[-64.1883327,-5.437769599999972],[-64.2085625,-5.458713400000023],[-64.2323588,-5.473851],[-64.2986679,-5.480566],[-64.3672774,-5.5218068],[-64.3971991,-5.544766700000028],[-64.4374759,-5.5575384],[-64.4471984,-5.571242],[-64.4522226,-5.600247299999986],[-64.4739464,-5.6345543],[-64.4766662,-5.670341200000032],[-64.4927547,-5.689670300000035],[-64.5244257,-5.699759700000016],[-64.5322218,-5.697680499999971],[-64.5423915,-5.683976600000027],[-64.5506479,-5.6838034],[-64.6037818,-5.698407599999966],[-64.6248396,-5.7130731],[-64.6300013,-5.7288156],[-64.6516979,-5.746114800000019],[-64.6702264,-5.768625900000016],[-64.7050881,-5.7854428],[-64.7233383,-5.8026],[-64.741566,-5.806516099999981],[-64.7637586,-5.8048393],[-64.812894,-5.787005200000024],[-64.8558113,-5.784423800000032],[-64.9068975,-5.759253599999977],[-64.9613795,-5.74536190000002],[-64.9982304,-5.744569800000026],[-65.0616179,-5.754203500000019],[-65.0753379,-5.746997800000028],[-65.1111134,-5.708635300000034],[-65.1356438,-5.6970009],[-65.1464791,-5.696466800000027],[-65.1544487,-5.701019299999972],[-65.1968162,-5.734626499999977],[-65.223176,-5.746118800000025],[-65.2343429,-5.745912299999988],[-65.2654188,-5.7016167],[-65.28973079999999,-5.691335199999986],[-65.3237069,-5.6867605],[-65.3366494,-5.676520299999978],[-65.3566223,-5.645936900000017],[-65.3713478,-5.637256100000023],[-65.398647,-5.64490140000002],[-65.4276477,-5.669088700000015],[-65.4450674,-5.6751276],[-65.5294547,-5.6425071],[-65.5692643,-5.613434500000015],[-65.5947902,-5.582854],[-65.6028468,-5.564874],[-65.6096824,-5.527205],[-65.6157007,-5.521186],[-65.6260097,-5.522549200000015],[-65.6652815,-5.552935],[-65.6813115,-5.551437400000019],[-65.6946518,-5.54051],[-65.710176,-5.514132599999984],[-65.729985,-5.445910399999978],[-65.7369532,-5.442365800000033],[-65.7530981,-5.451458500000035],[-65.7717886,-5.480068499999967],[-65.7854867,-5.491656100000013],[-65.8212335,-5.497793],[-65.8447624,-5.492270600000011],[-65.8756511,-5.448164299999974],[-65.9005917,-5.4369759],[-65.8854565,-5.370387],[-65.866119,-5.3377416],[-65.8301197,-5.307609799999971],[-65.8038777,-5.299283200000024],[-65.7613488,-5.305988300000021],[-65.7533119,-5.3028426],[-65.7429006,-5.290607400000011],[-65.7273975,-5.2857919],[-65.7000655,-5.308316699999986],[-65.6908435,-5.310760399999974],[-65.6817874,-5.307574500000027],[-65.676624,-5.29941],[-65.6784802,-5.2612273],[-65.6964506,-5.222407599999983],[-65.7022845,-5.196693899999985],[-65.6904227,-5.173162699999971],[-65.6500611,-5.135020499999961],[-65.6449262,-5.118691599999972],[-65.6599254,-5.1067442],[-65.6852876,-5.1129901],[-65.6928401,-5.112191600000014],[-65.6978388,-5.105404],[-65.6970071,-5.078172399999957],[-65.68626140000002,-5.044789400000023],[-65.6808955,-5.037351600000032],[-65.6669516,-5.03229869999998],[-65.6483431,-5.031782299999967],[-65.6229827,-5.0237795],[-65.5971806,-4.981285399999972],[-65.5769555,-4.960617],[-65.5709758,-4.944197499999972],[-65.578285,-4.891465499999981],[-65.5699215,-4.87817679999997],[-65.5420028,-4.85512],[-65.516426,-4.8157579],[-65.4669804,-4.771317800000022],[-65.4571783,-4.73989989999997],[-65.4466441,-4.6802588],[-65.4315089,-4.667722],[-65.4050938,-4.666377699999972],[-65.3818222,-4.6537041],[-65.3682271,-4.627536800000012],[-65.3640029,-4.609960399999973],[-65.353594,-4.605954700000018],[-65.3188649,-4.62284109999998],[-65.2775567,-4.6256229],[-65.2575374,-4.620182200000027],[-65.21836660000001,-4.586396400000027],[-65.1848702,-4.565642899999982],[-65.1299225,-4.5226772],[-65.1189271,-4.510361100000038],[-65.1120302,-4.481390299999975],[-65.0990282,-4.46073810000002],[-65.0921382,-4.45510619999997],[-65.0391653,-4.44036829999998],[-65.0221992,-4.421842200000013],[-65.0162812,-4.4053188],[-65.0154697,-4.361809300000041],[-65.0066977,-4.319728300000015],[-64.9942868,-4.294479500000035],[-64.9858713,-4.287564299999963],[-64.9793965,-4.283455100000027],[-64.969479,-4.2848037],[-64.9454527,-4.298057299999965],[-64.934613,-4.2990727],[-64.8903333,-4.2829222],[-64.8639758,-4.2893063],[-64.8211721,-4.273365200000015],[-64.8092009,-4.259474],[-64.7856652,-4.214270099999976],[-64.7690818,-4.203824],[-64.7315004,-4.195898399999962],[-64.7248333,-4.188620200000021],[-64.7180044,-4.1425721],[-64.7037006,-4.119310699999988],[-64.6961081,-4.11667250000004],[-64.670028,-4.128416299999985],[-64.653165,-4.125027199999983],[-64.6360757,-4.104077799999967],[-64.6190866,-4.0711589],[-64.5767813,-4.048523399999987],[-64.5671437,-4.033245499999979],[-64.5631134,-4.0164438],[-64.5619979,-4.006622799999982],[-64.5670596,-4.0004048],[-64.5648355,-3.990126499999959],[-64.5420565,-3.964532899999972],[-64.5258648,-3.9594445],[-64.4841652,-3.9675772],[-64.4483883,-3.988178200000049],[-64.4392213,-3.987597399999968],[-64.4236615,-3.9782489],[-64.414173,-3.9808824],[-64.382406,-3.9658494],[-64.35021370000001,-3.975638200000045],[-64.3258908,-3.967041100000018],[-64.3169334,-3.951698700000034],[-64.3030135,-3.947793700000035],[-64.2925988,-3.951228],[-64.2934184,-3.947908599999984],[-64.2861192,-3.944404700000042],[-64.2887928,-3.938842799999974],[-64.2819053,-3.93925040000005],[-64.2780349,-3.925636700000034],[-64.2741006,-3.926799700000025],[-64.2689003,-3.92037270000001],[-64.2696261,-3.907394199999989],[-64.2605474,-3.9053984],[-64.2578953,-3.893460200000048],[-64.2519456,-3.888030800000042],[-64.2369965,-3.89362349999996],[-64.1900803,-3.871902099999962],[-64.1665576,-3.865547100000044],[-64.1579685,-3.829354399999987],[-64.1598902,-3.811649299999989],[-64.1109975,-3.759818499999972],[-64.0927759,-3.752874],[-64.08393970000002,-3.768792100000044],[-64.076496,-3.767406],[-64.0715793,-3.704084499999969],[-64.0173884,-3.70654709999996],[-64.0115018,-3.701239],[-63.98094050000001,-3.7115766],[-63.9824731,-3.720646],[-63.9739167,-3.745580700000017],[-63.977743,-3.764504700000034],[-63.9551322,-3.802260500000028],[-63.942111,-3.81286950000001],[-63.8670227,-3.811190300000049],[-63.7590796,-3.7982145],[-63.7705179,-3.78730449999997],[-63.7890422,-3.7797084],[-63.8025865,-3.783035899999968],[-63.8315798,-3.7801996],[-63.8381007,-3.7947557],[-63.8501709,-3.7995466],[-63.8815927,-3.792038199999989],[-63.8954206,-3.779017699999953],[-63.9017311,-3.764126799999955],[-63.9107977,-3.755106199999973],[-63.917215,-3.75626170000003],[-63.9255644,-3.742906599999979],[-63.9184539,-3.715041099999962],[-63.9197465,-3.692591299999985],[-63.9267421,-3.682125900000016],[-63.941481,-3.674473299999953],[-63.9363698,-3.666431899999977],[-63.94770650000002,-3.659933],[-63.941798,-3.656485600000013],[-63.9247277,-3.659752800000019],[-63.9200134,-3.669902400000012],[-63.9102353,-3.66339049999997],[-63.9292029,-3.641403100000022],[-63.9353864,-3.642239800000028],[-63.9413139,-3.637510900000029],[-63.9377796,-3.616588199999955],[-63.9454911,-3.600675],[-63.9498704,-3.599452400000041],[-63.9521085,-3.617157300000012],[-63.9630084,-3.633208399999983],[-63.971529,-3.631395700000021],[-63.9722904,-3.611517600000039],[-63.9805305,-3.6026556],[-63.9936887,-3.606126500000017],[-64.0172051,-3.6282036],[-64.0222561,-3.60151],[-64.0374455,-3.579611100000041],[-64.0532475,-3.571565600000026],[-64.0701742,-3.5751354],[-64.0785594,-3.567860800000019],[-64.078271,-3.5614483],[-64.0723429,-3.5574242],[-64.0554812,-3.557164],[-64.0625985,-3.543609],[-64.08731,-3.5292914],[-64.0972249,-3.5306843],[-64.1071928,-3.540655900000016],[-64.1194654,-3.520720600000037],[-64.1595101,-3.50947190000001],[-64.1591843,-3.479653199999986],[-64.13596,-3.450809400000014],[-64.1466017,-3.448523200000032],[-64.1517832,-3.441506500000018],[-64.1510244,-3.418470599999977],[-64.1311974,-3.390586499999961],[-64.1336142,-3.3781662],[-64.1275143,-3.363439],[-64.1100954,-3.368248],[-64.1016906,-3.360826500000016],[-64.0837908,-3.360148399999966],[-64.08744,-3.330316600000052],[-64.0997855,-3.315051],[-64.1086562,-3.325936700000049],[-64.1111095,-3.309086900000019],[-64.1078779,-3.301919400000048],[-64.1175655,-3.297694300000046],[-64.1157554,-3.286991499999989],[-64.1330337,-3.288791899999973],[-64.1377604,-3.266492399999953],[-64.1455891,-3.281762900000036],[-64.1432262,-3.29601560000004],[-64.1498285,-3.298046199999983],[-64.1546553,-3.2942655],[-64.1627999,-3.2808459],[-64.1498808,-3.267169899999983],[-64.1629514,-3.237597699999956],[-64.1684951,-3.247017700000031],[-64.1736575,-3.246623800000036],[-64.1838255,-3.231794699999983],[-64.1837851,-3.2457985],[-64.1922188,-3.253637799999964],[-64.2060303,-3.228021],[-64.2175,-3.2275841],[-64.2249543,-3.219162],[-64.2170001,-3.209699099999979],[-64.2270029,-3.209937700000058],[-64.2374189,-3.20338239999998],[-64.2365875,-3.188528],[-64.2508818,-3.1858707],[-64.2559744,-3.168802899999984],[-64.2903171,-3.1588745],[-64.2913828,-3.151763],[-64.2854891,-3.1420493],[-64.2873761,-3.133592600000017],[-64.2695868,-3.13690720000005],[-64.2726781,-3.121455400000049],[-64.2693049,-3.107835300000021],[-64.2619522,-3.098693],[-64.2567271,-3.108907],[-64.2511842,-3.10793489999995],[-64.2454603,-3.102687100000013],[-64.2476853,-3.097068600000036],[-64.255686,-3.0892384],[-64.2688116,-3.098277099999946],[-64.2708869,-3.091977499999972],[-64.2637229,-3.0862251],[-64.270807,-3.081884400000053],[-64.2881109,-3.08633829999996],[-64.2871709,-3.095872],[-64.2934954,-3.100555799999988],[-64.3212432,-3.0961756],[-64.3276369,-3.090356600000039],[-64.3247806,-3.082437299999961],[-64.3304425,-3.076286600000026],[-64.32891460000002,-3.057799],[-64.34020350000002,-3.0403207],[-64.3308504,-3.0308403],[-64.333701,-3.022329400000044],[-64.3692534,-3.0075516],[-64.3730548,-2.992797699999979],[-64.4052219,-2.973983400000026],[-64.4063134,-2.95998889999997],[-64.4232556,-2.957839500000043],[-64.4359228,-2.947867300000014],[-64.4483911,-2.927269499999987],[-64.4428633,-2.9174214],[-64.4522798,-2.888358800000032],[-64.4488343,-2.864186599999964],[-64.442001,-2.850512199999977],[-64.4565528,-2.8459193],[-64.4643332,-2.822998199999963],[-64.4760729,-2.813111699999945],[-64.4762194,-2.799703799999985],[-64.4960461,-2.795360700000069],[-64.4958236,-2.785211500000021],[-64.5023354,-2.778837599999968],[-64.4999836,-2.762420299999976],[-64.5099446,-2.7410063],[-64.4542998,-2.738798],[-64.44444510000001,-2.744092699999978],[-64.4325709,-2.739220500000043],[-64.4189955,-2.723893500000033],[-64.4186374,-2.718179300000061],[-64.4105053,-2.720077499999989],[-64.4050446,-2.7150731],[-64.3894114,-2.722299600000053],[-64.388849,-2.718698299999958],[-64.382197,-2.717984],[-64.3839046,-2.715261699999942],[-64.3578467,-2.720926099999983],[-64.3511982,-2.710299099999974],[-64.3531129,-2.707186799999942],[-64.33956,-2.697014900000024],[-64.3371532,-2.67629130000004],[-64.3495562,-2.658860199999971],[-64.3577047,-2.6552534],[-64.358779,-2.649578],[-64.415878,-2.643388200000017],[-64.4276381,-2.635328300000054],[-64.4288437,-2.621403499999986],[-64.4200359,-2.607746599999974],[-64.4373498,-2.573084799999944],[-64.4347014,-2.552128800000022],[-64.4561078,-2.537142200000041],[-64.46499760000002,-2.522394800000034],[-64.4576946,-2.480447300000047],[-64.4613309,-2.470813300000035],[-64.4781135,-2.471312299999989],[-64.4857508,-2.468336300000037],[-64.490335,-2.460287899999941],[-64.4918861,-2.430070099999987],[-64.5062792,-2.405276300000011],[-64.5249764,-2.35554370000008],[-64.5293301,-2.336790700000071],[-64.5180581,-2.311818],[-64.497186,-2.3201187],[-64.4676736,-2.322008299999943],[-64.4523444,-2.328087500000018],[-64.4480571,-2.323971800000061],[-64.450331,-2.283717],[-64.4432212,-2.280013399999976],[-64.4275834,-2.285960200000066],[-64.417198,-2.284417499999978],[-64.4029432,-2.271352],[-64.3672163,-2.265118900000019],[-64.3867193,-2.343204799999925],[-64.3708103,-2.360393],[-64.349678,-2.3688963],[-64.3404199,-2.367673900000037],[-64.3332381,-2.37077220000008],[-64.33266190000002,-2.375442099999942],[-64.2932285,-2.384883900000048],[-64.2824341,-2.400872],[-64.2675878,-2.40449869999997],[-64.2633524,-2.413655800000054],[-64.2504703,-2.414417699999925],[-64.2432049,-2.4249402],[-64.2370595,-2.4237702],[-64.231146,-2.4297354],[-64.2205231,-2.426565299999954],[-64.2108877,-2.4290251],[-64.2086599,-2.425850800000015],[-64.1923885,-2.427663],[-64.1859963,-2.432552899999964],[-64.1841318,-2.428907099999959],[-64.1730016,-2.429501699999962],[-64.1640233,-2.439349300000074],[-64.155243,-2.436194],[-64.1497976,-2.442465699999937],[-64.1439058,-2.4422661],[-64.1430463,-2.446518699999937],[-64.1214376,-2.4472867],[-64.1172171,-2.456306100000074],[-64.1004952,-2.463619899999946],[-64.1021268,-2.472205899999936],[-64.0979053,-2.482751899999958],[-64.1016109,-2.480654800000043],[-64.1030881,-2.484364699999956],[-64.10027270000002,-2.497923599999946],[-64.0836447,-2.507785600000048],[-64.0793531,-2.517719600000035],[-64.0861972,-2.522836599999943],[-64.0820094,-2.52618249999998],[-64.0841947,-2.5317909],[-64.0794266,-2.535983],[-64.07843830000002,-2.54646],[-64.0827451,-2.545163199999969],[-64.0849853,-2.550199599999973],[-64.0782675,-2.5551616],[-64.080186,-2.561113800000047],[-64.0746713,-2.562829600000034],[-64.0748218,-2.5750529],[-64.0722993,-2.57729039999994],[-64.0703922,-2.57402079999994],[-64.0635444,-2.581035],[-64.0676773,-2.585497300000011],[-64.06553190000001,-2.605563099999966],[-64.0623448,-2.606907800000041],[-64.0600583,-2.600691],[-64.0531336,-2.6090422],[-64.0461676,-2.607754],[-64.0453193,-2.6195091],[-64.0404534,-2.628598299999944],[-64.0376274,-2.626458700000019],[-64.0385583,-2.63623409999994],[-64.0295553,-2.642560500000021],[-64.032863,-2.644904],[-64.0288412,-2.653348600000029],[-64.0246272,-2.65038539999996],[-64.0190265,-2.66126150000005],[-64.0120008,-2.658735299999969],[-64.0162286,-2.6628544],[-64.0119398,-2.665923399999937],[-64.0101828,-2.662225899999932],[-64.0047609,-2.667218899999973],[-64.0000394,-2.655768200000053],[-63.9889254,-2.660228899999946],[-63.975952,-2.655901800000025],[-63.9685463,-2.665268300000053],[-63.9744168,-2.671761100000059],[-63.9638454,-2.6769274],[-63.9622586,-2.694443900000034],[-63.9541953,-2.6966662],[-63.9603053,-2.707215],[-63.9566527,-2.707481699999955],[-63.9596097,-2.710108500000028],[-63.9569083,-2.7144369],[-63.9641041,-2.719077600000046],[-63.9602949,-2.72217510000001],[-63.9645126,-2.7419307],[-63.9634285,-2.744692900000031],[-63.9592567,-2.740382500000049],[-63.9594701,-2.752622099999971],[-63.9634314,-2.754837699999985],[-63.9611391,-2.758633699999964],[-63.9671531,-2.7613053],[-63.9659116,-2.768402800000023],[-63.9614452,-2.7675348],[-63.9589911,-2.7728362],[-63.9647719,-2.773627199999986],[-63.9681612,-2.781366700000016],[-63.9619834,-2.781160400000065],[-63.9576139,-2.7886314],[-63.9623637,-2.790515],[-63.9581499,-2.793210399999938],[-63.9612586,-2.7984632],[-63.9671284,-2.7984283],[-63.9605897,-2.809284499999984],[-63.9680748,-2.808965299999984],[-63.9683561,-2.813858499999951],[-63.9630096,-2.8137119],[-63.96288409999999,-2.818234299999987],[-63.95960010000001,-2.816058099999986],[-63.9549829,-2.823915200000057],[-63.95180830000001,-2.820778899999929],[-63.9508811,-2.825594900000025],[-63.9475487,-2.824215900000012],[-63.9489595,-2.838942899999978],[-63.9555001,-2.839640199999946],[-63.9535495,-2.8437233],[-63.9437393,-2.852715700000022],[-63.9387212,-2.846918699999967],[-63.933586,-2.8527255],[-63.948362,-2.870232499999979],[-63.9449597,-2.874807],[-63.9481838,-2.8790505],[-63.9380294,-2.882814799999948],[-63.9343423,-2.892534900000049],[-63.9104743,-2.898878900000044],[-63.9122757,-2.9074528],[-63.904903,-2.904658299999963],[-63.8987429,-2.91184009999997],[-63.90327,-2.913747300000031],[-63.8989557,-2.921402300000037],[-63.906299,-2.923620400000027],[-63.9051404,-2.93007],[-63.9114283,-2.927796300000026],[-63.9057086,-2.9406264],[-63.9102056,-2.943632600000015],[-63.9012622,-2.944649399999964],[-63.8969334,-2.95304389999994],[-63.8998144,-2.955166499999949],[-63.8942649,-2.9542348],[-63.8975171,-2.957576900000044],[-63.8926695,-2.9645716],[-63.8848486,-2.9619151],[-63.8860291,-2.966562],[-63.8894024,-2.965605399999961],[-63.8867657,-2.9740626],[-63.8841305,-2.969872599999971],[-63.8793474,-2.972462299999959],[-63.881439,-2.97740609999996],[-63.8756772,-2.973542099999971],[-63.873291,-2.978900400000019],[-63.8784208,-2.991686800000031],[-63.8729175,-2.992038900000058],[-63.8710707,-2.996225500000044],[-63.8747511,-2.9975415],[-63.86907,-2.998395599999975],[-63.8738481,-3.011722800000018],[-63.8635063,-3.01948109999995],[-63.8700492,-3.025518099999965],[-63.8743143,-3.024516599999977],[-63.8767282,-3.028723500000053],[-63.8719218,-3.031250700000034],[-63.8783028,-3.031362900000055],[-63.8817016,-3.03753569999995],[-63.8687795,-3.047227699999963],[-63.8739014,-3.048568500000018],[-63.8702038,-3.053227600000018],[-63.8728672,-3.0581469],[-63.8649555,-3.059333400000027],[-63.8591022,-3.067356200000021],[-63.8625727,-3.076318299999975],[-63.857341,-3.09295170000002],[-63.8536559,-3.087772500000038],[-63.8458912,-3.0986584],[-63.8489611,-3.104869800000056],[-63.8442886,-3.108121],[-63.8424456,-3.115873699999969],[-63.8458762,-3.120232200000039],[-63.8428182,-3.121840500000015],[-63.8449556,-3.122730199999935],[-63.8487583,-3.1182014],[-63.8502579,-3.127481399999958],[-63.8391503,-3.129189699999963],[-63.8420436,-3.136720699999973],[-63.828165,-3.133428],[-63.8221196,-3.134436],[-63.8222557,-3.1400994],[-63.8165826,-3.137173399999946],[-63.8173409,-3.1474185],[-63.8106771,-3.151443799999987],[-63.8114774,-3.15654949999997],[-63.815024,-3.1565113],[-63.8139211,-3.165290799999951],[-63.8036325,-3.174385699999939],[-63.7919229,-3.175252499999986],[-63.797896,-3.181112199999976],[-63.7887516,-3.183129600000027],[-63.7913589,-3.1881345],[-63.7824574,-3.177661099999977],[-63.7752526,-3.182311],[-63.7758585,-3.2000063],[-63.7817394,-3.20962460000005],[-63.7796065,-3.216233700000016],[-63.7744601,-3.213121799999939],[-63.7731625,-3.224396600000035],[-63.7520097,-3.22410819999996],[-63.7513664,-3.232333499999953],[-63.7445817,-3.234523900000055],[-63.7459484,-3.243132700000027],[-63.7322818,-3.241470400000018],[-63.72865130000001,-3.236069600000027],[-63.7236198,-3.243233],[-63.7219591,-3.236733300000021],[-63.7182365,-3.245678],[-63.7233473,-3.2535542],[-63.7232079,-3.267733100000046],[-63.7120007,-3.273006299999965],[-63.7078749,-3.2706783],[-63.706851,-3.276892399999964],[-63.6940149,-3.2752915],[-63.6937743,-3.285058],[-63.6879742,-3.285128800000042],[-63.6868569,-3.289637300000047],[-63.6665625,-3.301180100000011],[-63.6670614,-3.306420699999975],[-63.6746895,-3.308063500000049],[-63.6742589,-3.316216199999973],[-63.6593615,-3.323027899999969],[-63.6540912,-3.337726299999989],[-63.6403338,-3.3323241],[-63.6253027,-3.346193599999955],[-63.623138,-3.3539106],[-63.6058279,-3.359770499999946],[-63.5975829,-3.359573399999944],[-63.58924720000001,-3.343726],[-63.562383,-3.366293400000013],[-63.5525469,-3.366272900000023],[-63.4771666,-3.394302800000039],[-63.4543842,-3.4247344],[-63.3674412,-3.49306949999995],[-63.3444654,-3.503872900000028],[-63.2768876,-3.517277500000034],[-63.2625829,-3.5251034],[-63.2363532,-3.54833380000002],[-63.19888490000001,-3.599403],[-63.1836936,-3.611251499999966],[-63.150858,-3.6185181],[-63.1231619,-3.61418570000002],[-63.0816359,-3.594941399999972],[-63.0468325,-3.568906399999974],[-63.0143819,-3.567030200000039],[-62.5805723,-3.857846699999949],[-62.5775573,-3.925129899999956]]]}},{"type":"Feature","properties":{"CD_MUN":"1302504","NM_MUN":"Manacapuru","SIGLA_UF":"AM","CodigoIBGE":"1302504","SubRegiaoNumero":7,"CalhaSubRegiao":"Região do Rio Negro/Solimões"},"geometry":{"type":"Polygon","coordinates":[[[-61.4105011,-3.622147500000037],[-61.3767198,-3.599351900000028],[-61.3270094,-3.604405699999977],[-61.2884475,-3.600287300000045],[-61.2938725,-3.566955700000012],[-61.2896517,-3.5493745],[-61.2962923,-3.537283800000049],[-61.3026544,-3.53997479999998],[-61.29712390000001,-3.512228],[-61.3023569,-3.500398599999948],[-61.211483,-3.494883099999961],[-61.2019025,-3.47314979999995],[-61.2042505,-3.46456],[-61.1973174,-3.440574600000052],[-61.1895154,-3.4373955],[-61.1841385,-3.428154099999977],[-61.1495085,-3.408716200000026],[-61.1190743,-3.416535599999968],[-61.1033258,-3.433058900000038],[-61.1006915,-3.451165799999968],[-61.0820581,-3.449535100000019],[-61.0720971,-3.435094899999946],[-61.0758815,-3.39680190000003],[-61.0671428,-3.390698899999973],[-61.074924,-3.390489099999958],[-61.0734817,-3.385336200000022],[-61.080424,-3.372393800000042],[-61.0869413,-3.370519499999983],[-61.0882326,-3.3571378],[-61.1048232,-3.349926],[-61.1129311,-3.3403098],[-61.1144175,-3.316746399999971],[-61.1081197,-3.301565600000044],[-61.0980127,-3.290642199999975],[-61.1028114,-3.280460199999986],[-61.0997274,-3.267508300000046],[-61.1189588,-3.2529496],[-61.150626,-3.253631],[-61.1810957,-3.242801200000033],[-61.1973448,-3.243969299999982],[-61.2273182,-3.236417299999959],[-61.28282,-3.2046387],[-61.3064308,-3.207412599999961],[-61.3189566,-3.1975181],[-61.320846,-3.14790680000002],[-61.3525106,-3.108881699999979],[-61.3510706,-3.067018100000018],[-61.3591895,-3.0048832],[-61.3818591,-2.992384499999958],[-61.3841118,-2.9712711],[-61.4092395,-2.895668400000024],[-61.4075695,-2.882367100000034],[-61.4176563,-2.873675100000043],[-61.4139514,-2.8693324],[-61.43337,-2.865373],[-61.43690260000001,-2.84583],[-61.4426893,-2.838907099999982],[-61.483285,-2.812755700000033],[-61.4834851,-2.786616099999979],[-61.4727616,-2.773386599999945],[-61.4661282,-2.7668832],[-61.44912140000001,-2.761061200000017],[-61.4133198,-2.76592],[-61.4042629,-2.761554899999977],[-61.4082649,-2.742534100000025],[-61.40270910000001,-2.7326949],[-61.3682349,-2.745668400000064],[-61.3371002,-2.745714899999951],[-61.3135965,-2.739401600000016],[-61.2768397,-2.7436617],[-61.2506264,-2.74102929999997],[-61.244143,-2.769608100000043],[-61.2351775,-2.775423499999939],[-61.2321178,-2.767761399999954],[-61.2219531,-2.7645133],[-61.1656543,-2.785491799999976],[-61.1530683,-2.802636400000022],[-61.1441237,-2.807951199999978],[-61.1148525,-2.815182],[-61.0613424,-2.8137643],[-61.053152,-2.817270099999952],[-61.0407874,-2.826725099999957],[-61.0338199,-2.8419012],[-61.0164517,-2.852222299999967],[-61.0005079,-2.883675399999959],[-60.9845681,-2.886259599999962],[-60.9616173,-2.927885900000017],[-60.978865,-2.940122],[-60.9773197,-2.977495],[-60.9947023,-2.987960399999985],[-60.9905719,-3.000303399999981],[-60.9760373,-3.0064472],[-60.9475654,-3.0033667],[-60.9380655,-3.0161688],[-60.9178707,-3.02757419999997],[-60.9088425,-3.048973500000022],[-60.9017848,-3.052852399999972],[-60.8877872,-3.044590100000033],[-60.8741222,-3.052606299999941],[-60.8688662,-3.046597899999965],[-60.8606267,-3.049559400000053],[-60.8543743,-3.06490950000004],[-60.8320192,-3.082123899999972],[-60.81936480000001,-3.083501500000013],[-60.8103087,-3.099301199999978],[-60.7857511,-3.099436899999934],[-60.7632854,-3.092824900000056],[-60.7179805,-3.104304899999955],[-60.6894564,-3.133238199999937],[-60.6870134,-3.154414100000044],[-60.6785281,-3.164033800000039],[-60.6825719,-3.144201799999951],[-60.6140653,-3.1304566],[-60.5862811,-3.115679],[-60.5478901,-3.124076900000031],[-60.5335033,-3.116340299999965],[-60.4590086,-3.117275200000021],[-60.36808090000001,-3.132903799999961],[-60.3656351,-3.13425880000006],[-60.3786648,-3.1483816],[-60.37427550000001,-3.167229100000045],[-60.3560938,-3.181163300000049],[-60.3525232,-3.200852700000013],[-60.3423315,-3.2041955],[-60.3446953,-3.223885399999975],[-60.3397274,-3.235585700000044],[-60.3310048,-3.242620600000023],[-60.3284488,-3.236681300000041],[-60.3208401,-3.234040199999982],[-60.3175393,-3.239177199999979],[-60.3105758,-3.2695909],[-60.354654,-3.3055764],[-60.3969914,-3.306269499999963],[-60.6399007,-3.448195500000032],[-60.6287078,-3.480765899999969],[-60.6368722,-3.508909499999957],[-60.6282601,-3.5471225],[-60.6641182,-3.609148],[-60.6667835,-3.6166389],[-60.662569,-3.63218379999996],[-60.6827868,-3.667687599999969],[-60.693764,-3.706336899999959],[-60.707893,-3.715502299999985],[-60.776042,-3.725052100000038],[-60.8066491,-3.736598],[-60.8754546,-3.743580199999947],[-60.8968411,-3.767117599999976],[-60.9191247,-3.775148400000024],[-60.938397,-3.761563100000047],[-60.9727564,-3.766703299999983],[-61.0005368,-3.782093300000042],[-61.0154588,-3.782611499999974],[-61.0447363,-3.821456899999962],[-61.0621479,-3.794854499999968],[-61.0867084,-3.792661099999961],[-61.1138523,-3.796619],[-61.12546,-3.7940763],[-61.1286485,-3.787366],[-61.145893,-3.790121],[-61.1532123,-3.784210300000031],[-61.1448715,-3.778364899999985],[-61.1471011,-3.7695454],[-61.1386239,-3.765577500000034],[-61.1439604,-3.754247299999951],[-61.1608202,-3.750683300000028],[-61.1466213,-3.728648499999955],[-61.1468885,-3.700795800000046],[-61.3323234,-3.696200699999977],[-61.4105011,-3.622147500000037]]]}},{"type":"Feature","properties":{"CD_MUN":"1302553","NM_MUN":"Manaquiri","SIGLA_UF":"AM","CodigoIBGE":"1302553","SubRegiaoNumero":7,"CalhaSubRegiao":"Região do Rio Negro/Solimões"},"geometry":{"type":"Polygon","coordinates":[[[-60.444621,-3.652499199999986],[-60.4505078,-3.677375699999978],[-60.4343723,-3.681915100000037],[-60.4234262,-3.704256300000042],[-60.4245964,-3.7118239],[-60.4486207,-3.7175437],[-60.4756991,-3.765362099999987],[-60.4872584,-3.777434199999983],[-60.5241188,-3.8005394],[-60.5400067,-3.81920080000002],[-60.5715039,-3.8303894],[-60.5757591,-3.847410800000028],[-60.5748694,-3.873148599999974],[-60.5916733,-3.901427700000037],[-60.5958989,-3.919085799999946],[-60.5935055,-3.959165900000023],[-60.6059285,-3.981159299999971],[-60.6050699,-4.0254139],[-60.7980699,-4.168098],[-60.8070978,-4.181597],[-60.8122983,-4.1799496],[-60.8079948,-4.1767537],[-60.8160844,-4.170033199999958],[-60.8102738,-4.167047100000035],[-60.8182959,-4.1623977],[-60.8297499,-4.1671866],[-60.8269137,-4.159433800000036],[-60.8360206,-4.152569500000029],[-60.8411687,-4.154617],[-60.8420858,-4.164642099999977],[-60.8491504,-4.172117500000025],[-60.855587,-4.1700872],[-60.857679,-4.16189],[-60.8712663,-4.156068],[-60.8765873,-4.1626488],[-60.88888630000001,-4.1651516],[-60.8864975,-4.167075099999989],[-60.8899541,-4.17050179999996],[-60.9009442,-4.167239100000026],[-60.897733,-4.163159600000034],[-60.9002341,-4.152756299999965],[-60.90390330000001,-4.1488287],[-60.9171,-4.147986199999973],[-60.9251609,-4.129757200000029],[-60.93891630000001,-4.124928],[-60.9435838,-4.136747400000012],[-60.950076,-4.131598099999988],[-60.9550431,-4.132975],[-60.9548955,-4.129828400000032],[-60.9650831,-4.134511100000037],[-60.9667878,-4.129156],[-60.9730749,-4.127585199999964],[-60.9659707,-4.1203604],[-60.9667162,-4.106331199999984],[-60.9778326,-4.0974923],[-60.9967647,-4.103048],[-60.9994587,-4.093569700000021],[-61.0057764,-4.091878900000034],[-61.0060259,-4.08349159999997],[-61.0101126,-4.085954099999954],[-61.0094905,-4.080622099999965],[-61.0160304,-4.07874079999998],[-61.0270094,-4.08151710000001],[-61.0341243,-4.094224],[-61.0328162,-4.100276500000035],[-61.0398258,-4.102330199999976],[-61.0548509,-4.129685200000051],[-61.0733488,-4.1192207],[-61.0795863,-4.1267731],[-61.0937515,-4.1277451],[-61.0933664,-4.13606180000003],[-61.0970302,-4.136734900000014],[-61.0976699,-4.132706899999985],[-61.1151189,-4.1344955],[-61.1187147,-4.129756],[-61.1271076,-4.130870799999967],[-61.1324206,-4.125146899999961],[-61.1370046,-4.128685199999975],[-61.1406914,-4.124643699999977],[-61.1552087,-4.129987599999954],[-61.1608024,-4.136619899999987],[-61.1578952,-4.140510899999952],[-61.1637082,-4.140704099999985],[-61.1636533,-3.974907899999959],[-61.1367576,-3.958574],[-61.1102581,-3.926930799999955],[-61.0876526,-3.918020599999974],[-61.0750978,-3.90703220000004],[-61.0506526,-3.865229699999964],[-61.0447363,-3.821456899999962],[-61.0154588,-3.782611499999974],[-61.0005368,-3.782093300000042],[-60.9727564,-3.766703299999983],[-60.9472067,-3.762194400000024],[-60.9307083,-3.764687199999984],[-60.9191247,-3.775148400000024],[-60.8968411,-3.767117599999976],[-60.8754546,-3.743580199999947],[-60.8066491,-3.736598],[-60.776042,-3.725052100000038],[-60.7241239,-3.720228500000033],[-60.693764,-3.706336899999959],[-60.6827868,-3.667687599999969],[-60.662569,-3.63218379999996],[-60.6667835,-3.6166389],[-60.6641182,-3.609148],[-60.6282601,-3.5471225],[-60.6368722,-3.508909499999957],[-60.6287078,-3.480765899999969],[-60.6399007,-3.448195500000032],[-60.3952957,-3.3055192],[-60.3431882,-3.305672700000047],[-60.32165,-3.310258699999988],[-60.2828014,-3.329185200000033],[-60.2501391,-3.353760699999979],[-60.2319071,-3.360015599999957],[-60.219695,-3.361617800000023],[-60.1867888,-3.350611100000028],[-60.1825588,-3.358729100000045],[-60.1913823,-3.360225299999944],[-60.194467,-3.371359100000029],[-60.2046204,-3.36469149999996],[-60.2130232,-3.367458799999965],[-60.219172,-3.380909800000056],[-60.230819,-3.382758900000023],[-60.2512019,-3.396860499999961],[-60.2567511,-3.410158200000028],[-60.2709944,-3.423066500000016],[-60.2847425,-3.423133],[-60.2869541,-3.430467399999954],[-60.3017956,-3.438824],[-60.28796,-3.47170749999996],[-60.2764447,-3.479733600000013],[-60.2636185,-3.501445699999946],[-60.2693106,-3.512569200000019],[-60.2816589,-3.519985200000031],[-60.2904704,-3.520331300000027],[-60.2965126,-3.52771639999997],[-60.2922658,-3.547276],[-60.2953434,-3.5619308],[-60.3144459,-3.590441399999968],[-60.31344270000001,-3.598610700000025],[-60.3052604,-3.607974],[-60.3087884,-3.643362200000024],[-60.3275381,-3.657678799999963],[-60.4093403,-3.590689700000033],[-60.4303738,-3.600688500000034],[-60.4524594,-3.622982800000041],[-60.454456,-3.63032850000004],[-60.444621,-3.652499199999986]]]}},{"type":"Feature","properties":{"CD_MUN":"1300839","NM_MUN":"Caapiranga","SIGLA_UF":"AM","CodigoIBGE":"1300839","SubRegiaoNumero":7,"CalhaSubRegiao":"Região do Rio Negro/Solimões"},"geometry":{"type":"Polygon","coordinates":[[[-61.2759064,-3.207934300000049],[-61.2637883,-3.218259],[-61.2273182,-3.236417299999959],[-61.1973448,-3.243969299999982],[-61.1810957,-3.242801200000033],[-61.150626,-3.253631],[-61.1189588,-3.2529496],[-61.0997274,-3.267508300000046],[-61.1028114,-3.280460199999986],[-61.0980127,-3.290642199999975],[-61.1081197,-3.301565600000044],[-61.1144175,-3.316746399999971],[-61.1144058,-3.334205399999967],[-61.10966350000001,-3.345704],[-61.0882326,-3.3571378],[-61.0869413,-3.370519499999983],[-61.080424,-3.372393800000042],[-61.0734817,-3.385336200000022],[-61.074924,-3.390489099999958],[-61.0671428,-3.390698899999973],[-61.0758815,-3.39680190000003],[-61.0720971,-3.435094899999946],[-61.0780572,-3.446922],[-61.0896914,-3.45233610000001],[-61.0996734,-3.451742200000034],[-61.1033258,-3.433058900000038],[-61.1190743,-3.416535599999968],[-61.1298003,-3.4110554],[-61.1510571,-3.409083900000038],[-61.1841385,-3.428154099999977],[-61.1895154,-3.4373955],[-61.1973174,-3.440574600000052],[-61.2042505,-3.46456],[-61.2019025,-3.47314979999995],[-61.211483,-3.494883099999961],[-61.3023569,-3.500398599999948],[-61.300068,-3.480018099999986],[-61.3063999,-3.468247599999976],[-61.2940373,-3.459027600000048],[-61.2866107,-3.461464],[-61.279099,-3.449988200000019],[-61.2830779,-3.437632800000019],[-61.3140653,-3.4439082],[-61.3195036,-3.4532141],[-61.3270402,-3.454389199999952],[-61.4700168,-3.4538623],[-61.4667944,-3.44323429999997],[-61.4960741,-3.4427195],[-61.5051185,-3.425736100000037],[-61.5179344,-3.416651],[-61.5338188,-3.416724399999973],[-61.5467891,-3.406572499999985],[-61.5646844,-3.400417099999958],[-61.5825155,-3.405459600000041],[-61.6182089,-3.381897699999976],[-61.6383739,-3.394228299999988],[-61.64942520000001,-3.42033370000004],[-61.656568,-3.4266509],[-61.6653531,-3.426849],[-61.6830712,-3.418882200000044],[-61.7256588,-3.382003399999958],[-61.7623786,-3.363634399999986],[-61.78615460000001,-3.318253699999971],[-61.8221822,-3.289426399999986],[-61.8376855,-3.282476300000026],[-61.9074039,-3.283856300000032],[-61.9257645,-3.288951],[-61.9529574,-3.3112738],[-61.9872112,-3.355579399999989],[-62.0043766,-3.3671185],[-62.021459,-3.369611],[-62.037904,-3.36124720000001],[-62.0474062,-3.347074],[-62.0423772,-3.280787500000023],[-62.0451555,-3.272696699999985],[-62.0615758,-3.262463699999986],[-62.0774594,-3.276271],[-62.087993,-3.278102700000049],[-62.1025407,-3.267708499999961],[-62.1110123,-3.2693757],[-62.1256016,-3.282116399999979],[-62.1516831,-3.32327],[-62.166326,-3.337654599999961],[-62.1945192,-3.352782900000024],[-62.2557679,-3.368023400000013],[-62.2703208,-3.375726],[-62.2779959,-3.401894499999956],[-62.2723451,-3.443662],[-62.2767932,-3.452189699999979],[-62.292298,-3.455080500000047],[-62.2994933,-3.452510399999955],[-62.3111017,-3.437938600000031],[-62.3953207,-3.442120599999959],[-62.4247652,-3.4358486],[-62.44004670000001,-3.427823],[-62.4448204,-3.421135100000032],[-62.45026880000001,-3.39287749999996],[-62.4574597,-3.29374310000004],[-62.4771302,-3.2374315],[-62.5218233,-3.164176300000012],[-62.5677429,-3.126789299999981],[-62.5830899,-3.106760299999977],[-62.5507986,-3.091096],[-62.5314106,-3.064854799999954],[-62.4960339,-2.981857],[-62.484519,-2.882088399999984],[-62.4692931,-2.85190049999996],[-62.4417405,-2.824716399999978],[-62.4275855,-2.816795300000058],[-62.3857667,-2.806624],[-62.3543264,-2.774040899999953],[-62.3356307,-2.774663299999976],[-62.3015703,-2.765594099999973],[-62.2768459,-2.7704127],[-62.2442614,-2.765390799999949],[-62.1847069,-2.744666100000054],[-62.1584581,-2.729345800000014],[-62.1084339,-2.719510200000049],[-62.0829323,-2.703785800000059],[-62.0609338,-2.662737899999972],[-62.0285748,-2.644534],[-61.9638723,-2.636010100000056],[-61.9241553,-2.609549700000014],[-61.9132937,-2.60992949999994],[-61.8763747,-2.623564199999985],[-61.8611243,-2.6237583],[-61.8102941,-2.610069799999975],[-61.7797979,-2.61985679999994],[-61.7601243,-2.640338],[-61.7462825,-2.692793600000035],[-61.7018751,-2.744005199999978],[-61.6992902,-2.751666700000011],[-61.7055171,-2.77158749999996],[-61.7325447,-2.810218199999988],[-61.7302396,-2.8312219],[-61.7169027,-2.8437327],[-61.6621529,-2.861136799999946],[-61.6559555,-2.855699600000011],[-61.655296,-2.837651799999986],[-61.6487624,-2.830138600000057],[-61.64059970000001,-2.828166400000043],[-61.6080988,-2.834446100000053],[-61.5732626,-2.8244543],[-61.5299315,-2.824780499999952],[-61.5129619,-2.815133800000051],[-61.4967097,-2.790004199999979],[-61.4834851,-2.786616099999979],[-61.4820437,-2.815217],[-61.4426893,-2.838907099999982],[-61.43690260000001,-2.84583],[-61.43337,-2.865373],[-61.4139514,-2.8693324],[-61.4176563,-2.873675100000043],[-61.4075695,-2.882367100000034],[-61.4092395,-2.895668400000024],[-61.3841118,-2.9712711],[-61.3818591,-2.992384499999958],[-61.3591895,-3.0048832],[-61.3510706,-3.067018100000018],[-61.3525106,-3.108881699999979],[-61.320846,-3.14790680000002],[-61.3189566,-3.1975181],[-61.3064308,-3.207412599999961],[-61.2909542,-3.203594299999959],[-61.2759064,-3.207934300000049]]]}},{"type":"Feature","properties":{"CD_MUN":"1302603","NM_MUN":"Manaus","SIGLA_UF":"AM","CodigoIBGE":"1302603","SubRegiaoNumero":7,"CalhaSubRegiao":"Região do Rio Negro/Solimões"},"geometry":{"type":"Polygon","coordinates":[[[-59.91211,-2.624018699999947],[-59.90449180000001,-2.65767949999997],[-59.8963001,-2.659187600000056],[-59.8736307,-2.683865],[-59.8761116,-2.715710100000063],[-59.87064680000001,-2.721729],[-59.8475046,-2.726285699999987],[-59.8335161,-2.73552129999996],[-59.83025210000001,-2.742504300000026],[-59.8322473,-2.770582599999988],[-59.8153999,-2.788107099999968],[-59.8191358,-2.803350300000036],[-59.811156,-2.817249099999957],[-59.8035491,-2.817481300000022],[-59.782813,-2.8304843],[-59.7596553,-2.82222239999995],[-59.7520712,-2.826905599999949],[-59.7382211,-2.85034360000004],[-59.7385458,-2.857938299999977],[-59.7156537,-2.881315699999952],[-59.7286047,-2.898789600000054],[-59.7212139,-2.919094400000032],[-59.7083782,-2.931325899999962],[-59.7061518,-2.939600800000037],[-59.6545313,-2.946761599999952],[-59.6372324,-2.961454200000016],[-59.62033730000001,-2.9644101],[-59.5963742,-2.958732499999976],[-59.5471517,-2.9567735],[-59.5321515,-2.95119],[-59.5250919,-2.953877],[-59.5211798,-2.960379399999943],[-59.5003077,-2.971895800000033],[-59.5004803,-2.988301],[-59.4855025,-2.993823100000035],[-59.4553311,-3.029749099999942],[-59.4313407,-3.0484995],[-59.4051414,-3.054340400000016],[-59.3738939,-3.0716152],[-59.3415584,-3.106644699999949],[-59.3231364,-3.1143276],[-59.3045319,-3.1319016],[-59.2621154,-3.129017599999971],[-59.1599483,-3.168427900000056],[-59.1683863,-3.178844499999972],[-59.2069989,-3.179743800000024],[-59.2648034,-3.153696],[-59.3518989,-3.145600100000038],[-59.3586368,-3.153022699999979],[-59.390981,-3.1630657],[-59.4796685,-3.128622300000057],[-59.5455554,-3.12147120000004],[-59.6264986,-3.085932300000044],[-59.7001697,-3.060890400000059],[-59.7467507,-3.062305699999956],[-59.7976963,-3.07013],[-59.8687807,-3.103729299999987],[-59.897282,-3.1260927],[-59.9173648,-3.152011699999985],[-59.9332521,-3.16144910000004],[-59.9352862,-3.170566600000043],[-59.9459344,-3.179088599999953],[-59.9534462,-3.2027837],[-59.9607243,-3.199718299999983],[-59.9633664,-3.208022100000031],[-59.9707834,-3.213656300000046],[-59.994466,-3.222208799999973],[-60.0000287,-3.212785399999957],[-59.9914006,-3.210992099999981],[-60.0039262,-3.199526900000025],[-59.9861714,-3.196971799999964],[-59.9923629,-3.189777200000063],[-60.0234229,-3.1746458],[-60.0406165,-3.159068799999949],[-60.0541186,-3.1679476],[-60.0705845,-3.162345900000018],[-60.0743387,-3.159061299999952],[-60.0724208,-3.147200100000013],[-60.0858225,-3.127688],[-60.0934497,-3.136189399999944],[-60.0970047,-3.149074800000023],[-60.1126108,-3.150201899999965],[-60.1406699,-3.137592500000051],[-60.1445107,-3.130846],[-60.1688603,-3.127652499999959],[-60.1955315,-3.099543],[-60.2305894,-3.082762300000016],[-60.2462557,-3.079886399999946],[-60.26256020000001,-3.082604700000051],[-60.2901706,-3.09873339999997],[-60.2940331,-3.084183099999963],[-60.3040916,-3.079881699999961],[-60.3122871,-3.079724500000042],[-60.3152899,-3.094565199999975],[-60.3288945,-3.100956100000026],[-60.3667854,-3.093271],[-60.3827297,-3.098081799999956],[-60.4307882,-3.095212499999958],[-60.4455058,-3.090683],[-60.4545673,-3.078128],[-60.4552889,-3.064109400000063],[-60.4573189,-3.079998500000027],[-60.4696215,-3.090267099999966],[-60.5053395,-3.092151],[-60.5191446,-3.081320199999986],[-60.5145632,-3.07488859999997],[-60.5005381,-3.073401399999952],[-60.5050936,-3.062114],[-60.5445661,-3.0350349],[-60.5685627,-3.03313770000002],[-60.5821735,-3.024087299999978],[-60.6000129,-2.982446199999946],[-60.6206438,-2.965458800000033],[-60.6340383,-2.945481],[-60.65253830000001,-2.935902199999975],[-60.6646148,-2.914171500000068],[-60.701485,-2.879317900000027],[-60.7055924,-2.861886],[-60.7564315,-2.821788299999942],[-60.8027272,-2.539225800000062],[-60.7964032,-2.52481890000006],[-60.7918145,-2.484482800000063],[-60.781758,-2.460816099999942],[-60.7737018,-2.453574600000077],[-60.74946,-2.447695700000016],[-60.7433439,-2.440308],[-60.7438421,-2.430435199999937],[-60.75396,-2.414522599999935],[-60.7674267,-2.407027800000034],[-60.7689269,-2.399484600000069],[-60.7357056,-2.38517049999993],[-60.733402,-2.368153099999937],[-60.717058,-2.374025500000026],[-60.7085391,-2.370869199999968],[-60.7174521,-2.35676890000003],[-60.69531,-2.346176900000021],[-60.7107068,-2.327923300000014],[-60.71137,-2.320078100000015],[-60.6994803,-2.307765400000063],[-60.7054853,-2.292285600000055],[-60.7044838,-2.283624599999936],[-60.7185118,-2.274820100000039],[-60.6998123,-2.259312399999967],[-60.6920593,-2.242665699999989],[-60.6978468,-2.236470400000078],[-60.7007621,-2.220989399999934],[-60.7165647,-2.220800100000016],[-60.7389514,-2.189352899999915],[-60.729067,-2.176229600000048],[-60.7217343,-2.179110299999988],[-60.7077919,-2.1707465],[-60.7001694,-2.1731506],[-60.6639797,-2.130685399999928],[-60.6820321,-2.108096800000023],[-60.6729534,-2.09767209999998],[-60.6750471,-2.089019399999966],[-60.6681733,-2.074606399999946],[-60.6530337,-2.073922699999941],[-60.652759,-2.066272300000022],[-60.6444814,-2.0646523],[-60.6426505,-2.056260799999985],[-60.6348178,-2.055699599999921],[-60.6222036,-2.046337300000079],[-60.6078385,-2.008636599999987],[-60.5989812,-1.9988342],[-60.5737802,-1.999645899999966],[-60.559063,-2.0057252],[-60.5425305,-2.002680799999954],[-60.5036232,-2.017454799999935],[-60.4800867,-2.016253800000043],[-60.4166408,-1.996832399999968],[-60.4126438,-1.988552900000044],[-60.37439160000001,-1.9683167],[-60.3577562,-1.954464],[-60.3397535,-1.952610399999963],[-60.281118,-1.9243044],[-60.2935041,-1.941635700000032],[-60.297427,-1.957424799999946],[-60.2670573,-1.986496799999963],[-60.2329808,-2.003194499999981],[-60.21848,-2.00004],[-60.2047245,-2.004048],[-60.1678081,-2.027657299999956],[-60.1596729,-2.027579500000078],[-60.1486997,-2.04209679999998],[-60.1332248,-2.043370700000013],[-60.1067325,-2.061737699999913],[-60.0912827,-2.059988500000052],[-60.0834781,-2.076367100000025],[-60.0697529,-2.087688],[-60.0605856,-2.087868100000022],[-60.0508974,-2.102654400000011],[-60.0334218,-2.09762359999995],[-60.0148393,-2.101849300000064],[-60.0124729,-2.110601399999924],[-60.0004884,-2.1201904],[-59.9971746,-2.134253],[-60.0278655,-2.2421672],[-60.0396371,-2.26456],[-60.0465613,-2.328262299999964],[-60.024428,-2.448334600000046],[-60.0357775,-2.500363100000077],[-60.0366726,-2.542054599999974],[-60.0332813,-2.549303900000019],[-60.0248984,-2.549788399999957],[-60.0126603,-2.539759799999988],[-60.0059171,-2.543422900000027],[-59.9995579,-2.5494273],[-59.9965592,-2.566435700000047],[-59.9823521,-2.559041400000048],[-59.966969,-2.564229100000053],[-59.9624845,-2.570598500000068],[-59.9466329,-2.5727088],[-59.9411924,-2.578277800000038],[-59.9489703,-2.59223310000003],[-59.9464489,-2.615007600000022],[-59.9424212,-2.622236199999987],[-59.9202073,-2.610515200000055],[-59.91211,-2.624018699999947]]]}},{"type":"Feature","properties":{"CD_MUN":"1301308","NM_MUN":"Codajás","SIGLA_UF":"AM","CodigoIBGE":"1301308","SubRegiaoNumero":7,"CalhaSubRegiao":"Região do Rio Negro/Solimões"},"geometry":{"type":"Polygon","coordinates":[[[-61.8969765,-3.9538183],[-61.8641992,-3.974282800000039],[-61.8474356,-3.992628199999977],[-61.8359592,-4.0381257],[-61.8158388,-4.039663099999969],[-61.8151772,-4.043277100000021],[-61.8341292,-4.049155200000024],[-61.8416966,-4.045420200000033],[-61.8429853,-4.038339400000012],[-61.8540263,-4.042700400000047],[-61.8658456,-4.035861400000019],[-61.87076660000001,-4.037136299999981],[-61.8717695,-4.0280239],[-61.8911809,-4.046676],[-61.9050939,-4.043400400000012],[-61.9118613,-4.037408399999969],[-61.911129,-4.0249163],[-61.9212853,-4.02286150000001],[-61.9364107,-4.035814],[-61.9279739,-4.042034100000022],[-61.9295702,-4.0531243],[-61.9368414,-4.061090400000034],[-61.930279,-4.076625599999976],[-61.912903,-4.077534299999981],[-61.9128856,-4.08259],[-61.9215741,-4.085258300000024],[-61.9169518,-4.0918723],[-61.9074168,-4.088989700000036],[-61.8764736,-4.101501299999985],[-61.8671807,-4.095991],[-61.8656463,-4.086131899999981],[-61.8572769,-4.0838534],[-61.8099347,-4.09224110000004],[-61.7938252,-4.099560899999965],[-61.8204914,-4.11796530000002],[-61.8397611,-4.144322699999961],[-61.8578178,-4.1530015],[-61.8705771,-4.1535948],[-61.8740425,-4.149095899999973],[-61.8698134,-4.1353409],[-61.8604385,-4.1403926],[-61.8547455,-4.1357956],[-61.8527221,-4.1048588],[-61.8636906,-4.107835],[-61.8650122,-4.1187118],[-61.8748205,-4.1261598],[-61.8904423,-4.130689900000031],[-61.90837530000001,-4.12944409999997],[-61.9514771,-4.119594099999964],[-61.98564480000001,-4.089322],[-62.0345916,-4.079658400000043],[-62.0772762,-4.081698],[-62.1201223,-4.093195],[-62.1476688,-4.0864797],[-62.1770657,-4.11463890000004],[-62.1839326,-4.116682200000025],[-62.2282635,-4.096808700000026],[-62.2310925,-4.0880226],[-62.2539192,-4.076648],[-62.2643748,-4.0619118],[-62.294169,-4.0730372],[-62.3028288,-4.084228],[-62.309633,-4.086608600000045],[-62.3618227,-4.090392400000013],[-62.3914706,-4.0768349],[-62.4074136,-4.08807],[-62.4232272,-4.076664499999976],[-62.4418253,-4.080909],[-62.4470704,-4.066522900000039],[-62.4658759,-4.05653590000005],[-62.4793293,-4.057381600000033],[-62.4871996,-4.0467338],[-62.4949235,-4.045173799999981],[-62.4969484,-4.036698700000033],[-62.5279595,-4.0333422],[-62.56207460000001,-4.013212500000042],[-62.5706989,-4.002255700000023],[-62.5616537,-3.948086499999966],[-62.5784586,-3.92302],[-62.5805723,-3.857846699999949],[-63.0143819,-3.567030200000039],[-63.0468325,-3.568906399999974],[-63.0816359,-3.594941399999972],[-63.1231619,-3.61418570000002],[-63.150858,-3.6185181],[-63.1836936,-3.611251499999966],[-63.19888490000001,-3.599403],[-63.2363532,-3.54833380000002],[-63.2625829,-3.5251034],[-63.2768876,-3.517277500000034],[-63.3444654,-3.503872900000028],[-63.3674412,-3.49306949999995],[-63.4543842,-3.4247344],[-63.4771666,-3.394302800000039],[-63.5525469,-3.366272900000023],[-63.562383,-3.366293400000013],[-63.58924720000001,-3.343726],[-63.5975829,-3.359573399999944],[-63.6058279,-3.359770499999946],[-63.623138,-3.3539106],[-63.6253027,-3.346193599999955],[-63.6403338,-3.3323241],[-63.6533845,-3.338220699999979],[-63.6593615,-3.323027899999969],[-63.6742589,-3.316216199999973],[-63.6746895,-3.308063500000049],[-63.6670614,-3.306420699999975],[-63.6665625,-3.301180100000011],[-63.6868569,-3.289637300000047],[-63.6879742,-3.285128800000042],[-63.6937743,-3.285058],[-63.6940149,-3.2752915],[-63.706851,-3.276892399999964],[-63.7078749,-3.2706783],[-63.7120007,-3.273006299999965],[-63.7232079,-3.267733100000046],[-63.7233473,-3.2535542],[-63.7182365,-3.245678],[-63.7219591,-3.236733300000021],[-63.7236198,-3.243233],[-63.72865130000001,-3.236069600000027],[-63.7322818,-3.241470400000018],[-63.7459484,-3.243132700000027],[-63.7445817,-3.234523900000055],[-63.7513664,-3.232333499999953],[-63.7520097,-3.22410819999996],[-63.7731625,-3.224396600000035],[-63.7744601,-3.213121799999939],[-63.7796065,-3.216233700000016],[-63.7817394,-3.20962460000005],[-63.7758585,-3.2000063],[-63.7752526,-3.182311],[-63.7824574,-3.177661099999977],[-63.7866118,-3.185701299999952],[-63.7913589,-3.1881345],[-63.7887516,-3.183129600000027],[-63.797896,-3.181112199999976],[-63.7919229,-3.175252499999986],[-63.8036325,-3.174385699999939],[-63.8139211,-3.165290799999951],[-63.815024,-3.1565113],[-63.8114774,-3.15654949999997],[-63.8106771,-3.151443799999987],[-63.8173409,-3.1474185],[-63.8165826,-3.137173399999946],[-63.8222557,-3.1400994],[-63.8221196,-3.134436],[-63.828165,-3.133428],[-63.8420436,-3.136720699999973],[-63.8391503,-3.129189699999963],[-63.8502579,-3.127481399999958],[-63.8487583,-3.1182014],[-63.8449556,-3.122730199999935],[-63.8428182,-3.121840500000015],[-63.8458762,-3.120232200000039],[-63.8424456,-3.115873699999969],[-63.8442886,-3.108121],[-63.8489611,-3.104869800000056],[-63.8458912,-3.0986584],[-63.8536559,-3.087772500000038],[-63.857341,-3.09295170000002],[-63.8625727,-3.076318299999975],[-63.8591022,-3.067356200000021],[-63.8649555,-3.059333400000027],[-63.8728672,-3.0581469],[-63.8702038,-3.053227600000018],[-63.8739014,-3.048568500000018],[-63.8687795,-3.047227699999963],[-63.8817016,-3.03753569999995],[-63.8783028,-3.031362900000055],[-63.8719218,-3.031250700000034],[-63.8767282,-3.028723500000053],[-63.8743143,-3.024516599999977],[-63.8700492,-3.025518099999965],[-63.8635063,-3.01948109999995],[-63.8738481,-3.011722800000018],[-63.86907,-2.998395599999975],[-63.8747511,-2.9975415],[-63.8710707,-2.996225500000044],[-63.8729175,-2.992038900000058],[-63.8784208,-2.991686800000031],[-63.873291,-2.978900400000019],[-63.8756772,-2.973542099999971],[-63.881439,-2.97740609999996],[-63.8793474,-2.972462299999959],[-63.8841305,-2.969872599999971],[-63.8867657,-2.9740626],[-63.8894024,-2.965605399999961],[-63.8860291,-2.966562],[-63.8848486,-2.9619151],[-63.8926695,-2.9645716],[-63.8975171,-2.957576900000044],[-63.8942649,-2.9542348],[-63.8998144,-2.955166499999949],[-63.8969334,-2.95304389999994],[-63.9012622,-2.944649399999964],[-63.9102056,-2.943632600000015],[-63.9057086,-2.9406264],[-63.9114283,-2.927796300000026],[-63.9051404,-2.93007],[-63.906299,-2.923620400000027],[-63.8989557,-2.921402300000037],[-63.90327,-2.913747300000031],[-63.8987429,-2.91184009999997],[-63.904903,-2.904658299999963],[-63.9122757,-2.9074528],[-63.9104743,-2.898878900000044],[-63.9343423,-2.892534900000049],[-63.9380294,-2.882814799999948],[-63.9481838,-2.8790505],[-63.9449597,-2.874807],[-63.948362,-2.870232499999979],[-63.933586,-2.8527255],[-63.9387212,-2.846918699999967],[-63.9437393,-2.852715700000022],[-63.9535495,-2.8437233],[-63.9555001,-2.839640199999946],[-63.9489595,-2.838942899999978],[-63.9475487,-2.824215900000012],[-63.9508811,-2.825594900000025],[-63.95180830000001,-2.820778899999929],[-63.9549829,-2.823915200000057],[-63.95960010000001,-2.816058099999986],[-63.96288409999999,-2.818234299999987],[-63.9630096,-2.8137119],[-63.9683561,-2.813858499999951],[-63.9680748,-2.808965299999984],[-63.9605897,-2.809284499999984],[-63.9671284,-2.7984283],[-63.9612586,-2.7984632],[-63.9581499,-2.793210399999938],[-63.9623637,-2.790515],[-63.9576139,-2.7886314],[-63.9619834,-2.781160400000065],[-63.9681612,-2.781366700000016],[-63.9647719,-2.773627199999986],[-63.9589911,-2.7728362],[-63.9614452,-2.7675348],[-63.9659116,-2.768402800000023],[-63.9671531,-2.7613053],[-63.9611391,-2.758633699999964],[-63.9634314,-2.754837699999985],[-63.9594701,-2.752622099999971],[-63.9592567,-2.740382500000049],[-63.9634285,-2.744692900000031],[-63.9645126,-2.7419307],[-63.9602949,-2.72217510000001],[-63.9641041,-2.719077600000046],[-63.9569083,-2.7144369],[-63.9596097,-2.710108500000028],[-63.9566527,-2.707481699999955],[-63.9603053,-2.707215],[-63.9541953,-2.6966662],[-63.9622586,-2.694443900000034],[-63.9638454,-2.6769274],[-63.9744168,-2.671761100000059],[-63.9685463,-2.665268300000053],[-63.975952,-2.655901800000025],[-63.9889254,-2.660228899999946],[-64.0000394,-2.655768200000053],[-64.0047609,-2.667218899999973],[-64.0101828,-2.662225899999932],[-64.0119398,-2.665923399999937],[-64.0162286,-2.6628544],[-64.0120008,-2.658735299999969],[-64.0190265,-2.66126150000005],[-64.0246272,-2.65038539999996],[-64.0288412,-2.653348600000029],[-64.032863,-2.644904],[-64.0295553,-2.642560500000021],[-64.0385583,-2.63623409999994],[-64.0376274,-2.626458700000019],[-64.0404534,-2.628598299999944],[-64.0453193,-2.6195091],[-64.0461676,-2.607754],[-64.0531336,-2.6090422],[-64.0600583,-2.600691],[-64.0623448,-2.606907800000041],[-64.06553190000001,-2.605563099999966],[-64.0676773,-2.585497300000011],[-64.0635444,-2.581035],[-64.0703922,-2.57402079999994],[-64.0722993,-2.57729039999994],[-64.0748218,-2.5750529],[-64.0746713,-2.562829600000034],[-64.080186,-2.561113800000047],[-64.0782675,-2.5551616],[-64.0849853,-2.550199599999973],[-64.0827451,-2.545163199999969],[-64.07843830000002,-2.54646],[-64.0794266,-2.535983],[-64.0841947,-2.5317909],[-64.0820094,-2.52618249999998],[-64.0861972,-2.522836599999943],[-64.0793531,-2.517719600000035],[-64.0836447,-2.507785600000048],[-64.10027270000002,-2.497923599999946],[-64.1030881,-2.484364699999956],[-64.1016109,-2.480654800000043],[-64.0979053,-2.482751899999958],[-64.1021268,-2.472205899999936],[-64.1004035,-2.463745399999937],[-64.1172171,-2.456306100000074],[-64.1214376,-2.4472867],[-64.1430463,-2.446518699999937],[-64.1439058,-2.4422661],[-64.1497976,-2.442465699999937],[-64.155243,-2.436194],[-64.1640233,-2.439349300000074],[-64.1730016,-2.429501699999962],[-64.1841318,-2.428907099999959],[-64.1859963,-2.432552899999964],[-64.1923885,-2.427663],[-64.2086599,-2.425850800000015],[-64.2108877,-2.4290251],[-64.2205231,-2.426565299999954],[-64.231146,-2.4297354],[-64.2370595,-2.4237702],[-64.2432049,-2.4249402],[-64.2504703,-2.414417699999925],[-64.2633524,-2.413655800000054],[-64.2675878,-2.40449869999997],[-64.2824341,-2.400872],[-64.2932285,-2.384883900000048],[-64.33266190000002,-2.375442099999942],[-64.3332381,-2.37077220000008],[-64.3404199,-2.367673900000037],[-64.349678,-2.3688963],[-64.3708103,-2.360393],[-64.3867193,-2.343204799999925],[-64.3672163,-2.265118900000019],[-64.3377466,-2.277724200000054],[-64.3083889,-2.260863],[-64.3033824,-2.240738900000018],[-64.2926697,-2.2233606],[-64.260026,-2.20516],[-64.2538833,-2.12416],[-64.2485357,-2.116216599999984],[-64.2234386,-2.103911500000087],[-64.201582,-2.103376600000018],[-64.1852715,-2.113625399999966],[-64.1689062,-2.131450899999964],[-64.1614938,-2.165025500000012],[-64.1556669,-2.171616],[-64.1348557,-2.179501400000078],[-64.1167395,-2.1809826],[-64.0858002,-2.191796800000049],[-64.0750786,-2.190817399999948],[-64.0287772,-2.160662599999919],[-64.0200851,-2.1580936],[-64.0113008,-2.161695],[-64.0127763,-2.18765930000007],[-63.9929451,-2.21591329999996],[-64.0024114,-2.242127600000049],[-63.9998333,-2.272128299999979],[-64.0070551,-2.303561500000059],[-64.0068359,-2.328458800000024],[-63.9772737,-2.373501400000013],[-63.974442,-2.422732900000056],[-63.9574946,-2.444758099999982],[-63.9551922,-2.459019100000064],[-63.9848593,-2.515153699999958],[-63.9892548,-2.5417297],[-63.9842779,-2.565401400000056],[-63.9646079,-2.575380199999952],[-63.9546899,-2.575473800000059],[-63.9114684,-2.562166400000054],[-63.8756333,-2.56570269999993],[-63.8462188,-2.5632084],[-63.836275,-2.56098479999994],[-63.8184132,-2.547804499999974],[-63.8083819,-2.547274200000056],[-63.7884706,-2.5571956],[-63.7673264,-2.593152500000065],[-63.7501885,-2.6496849],[-63.7295286,-2.693559],[-63.7144903,-2.762425700000037],[-63.7182715,-2.78233],[-63.72885740000001,-2.802997],[-63.7283265,-2.815784300000036],[-63.7194972,-2.830088200000028],[-63.7035258,-2.836819899999954],[-63.6915554,-2.834600300000018],[-63.662461,-2.817887399999981],[-63.6296666,-2.806752100000026],[-63.6091911,-2.786576500000059],[-63.5844709,-2.780382399999963],[-63.5639944,-2.762851699999964],[-63.5173878,-2.749322300000025],[-63.4972485,-2.73321],[-63.4813791,-2.7133492],[-63.4630817,-2.7034447],[-63.4086592,-2.707487700000032],[-63.374136,-2.701889],[-63.3462891,-2.704121399999939],[-63.3049101,-2.700194400000061],[-63.2835521,-2.710792800000045],[-63.2592169,-2.7515611],[-63.2407555,-2.796254099999952],[-63.2185511,-2.819825099999957],[-63.1890164,-2.837129800000017],[-63.16960430000001,-2.840244299999984],[-63.1455454,-2.832569199999952],[-63.1054072,-2.834051899999973],[-63.0574909,-2.814058699999959],[-63.0497713,-2.814760299999971],[-63.0096618,-2.84080589999998],[-62.9378276,-2.8493402],[-62.9288574,-2.8536175],[-62.9179358,-2.870758699999961],[-62.9104606,-2.925334200000012],[-62.9331622,-2.990874399999963],[-62.93346120000001,-3.000941500000011],[-62.92883290000001,-3.008073300000011],[-62.8780423,-3.0025064],[-62.8280763,-3.003041300000037],[-62.7960447,-3.019003600000019],[-62.7799878,-3.020196099999973],[-62.7414352,-3.067081300000032],[-62.7209062,-3.083617300000053],[-62.6919934,-3.092721100000027],[-62.6265218,-3.093081700000017],[-62.5830899,-3.106760299999977],[-62.5677429,-3.126789299999981],[-62.5218233,-3.164176300000012],[-62.4938302,-3.206197699999983],[-62.467015,-3.2631557],[-62.4557691,-3.304439699999961],[-62.4489614,-3.4008071],[-62.4448204,-3.421135100000032],[-62.4324623,-3.4331679],[-62.3953207,-3.442120599999959],[-62.3193223,-3.4364356],[-62.3111017,-3.437938600000031],[-62.2994933,-3.452510399999955],[-62.2767932,-3.452189699999979],[-62.2723451,-3.443662],[-62.2779959,-3.401894499999956],[-62.2703208,-3.375726],[-62.2557679,-3.368023400000013],[-62.1945192,-3.352782900000024],[-62.1759317,-3.343562499999969],[-62.1516831,-3.32327],[-62.1180123,-3.27387950000004],[-62.1025407,-3.267708499999961],[-62.0939574,-3.272486200000032],[-62.0790439,-3.291939200000045],[-62.0769894,-3.301555799999968],[-62.0856559,-3.400811799999966],[-62.08016,-3.418256899999986],[-62.06976250000001,-3.432825199999971],[-62.0382381,-3.45192219999997],[-62.03920560000001,-3.470702299999967],[-62.0264362,-3.50451089999998],[-62.0348202,-3.544665200000022],[-62.0332415,-3.572035899999985],[-62.0287092,-3.580933200000023],[-62.0122377,-3.594215699999977],[-61.943355,-3.61812290000003],[-61.888959,-3.6642585],[-61.8716028,-3.66725030000004],[-61.8234865,-3.661818900000023],[-61.8234396,-3.888304899999977],[-61.8447824,-3.918623500000026],[-61.8619497,-3.933622499999967],[-61.8980542,-3.94443690000003],[-61.9007795,-3.949084299999984],[-61.8943416,-3.952364500000026],[-61.8969765,-3.9538183]]]}},{"type":"Feature","properties":{"CD_MUN":"1301852","NM_MUN":"Iranduba","SIGLA_UF":"AM","CodigoIBGE":"1301852","SubRegiaoNumero":7,"CalhaSubRegiao":"Região do Rio Negro/Solimões"},"geometry":{"type":"Polygon","coordinates":[[[-60.072297,-3.147837399999984],[-60.0743387,-3.159061299999952],[-60.0705845,-3.162345900000018],[-60.0541186,-3.1679476],[-60.0406165,-3.159068799999949],[-60.0234229,-3.1746458],[-59.9923629,-3.189777200000063],[-59.9861714,-3.196971799999964],[-60.0039262,-3.199526900000025],[-59.9914006,-3.210992099999981],[-60.0000287,-3.212785399999957],[-59.994466,-3.222208799999973],[-59.9707834,-3.213656300000046],[-59.9633664,-3.208022100000031],[-59.9607243,-3.199718299999983],[-59.9534462,-3.2027837],[-59.9438391,-3.174864899999942],[-59.9352862,-3.170566600000043],[-59.9332521,-3.16144910000004],[-59.9173648,-3.152011699999985],[-59.9069985,-3.137799800000053],[-59.8954691,-3.156989799999978],[-59.8926714,-3.177396799999938],[-59.8954221,-3.22685649999998],[-59.9100915,-3.2651573],[-59.944797,-3.284227900000034],[-60.0315282,-3.298418600000039],[-60.1191973,-3.3416407],[-60.1519192,-3.350618699999955],[-60.177799,-3.3506647],[-60.1825361,-3.354506799999969],[-60.1914716,-3.350927500000014],[-60.219695,-3.361617800000023],[-60.2319071,-3.360015599999957],[-60.2501391,-3.353760699999979],[-60.2763788,-3.333233599999976],[-60.3155515,-3.312519699999988],[-60.354654,-3.3055764],[-60.3105758,-3.2695909],[-60.31896780000001,-3.23590139999997],[-60.328358,-3.236613899999939],[-60.3308233,-3.242644199999979],[-60.3397274,-3.235585700000044],[-60.3446953,-3.223885399999975],[-60.3423315,-3.2041955],[-60.3525232,-3.200852700000013],[-60.3560938,-3.181163300000049],[-60.3745712,-3.166534],[-60.3786648,-3.1483816],[-60.3672575,-3.1331873],[-60.4590086,-3.117275200000021],[-60.5335033,-3.116340299999965],[-60.5478901,-3.124076900000031],[-60.5862811,-3.115679],[-60.6140653,-3.1304566],[-60.6825719,-3.144201799999951],[-60.6785281,-3.164033800000039],[-60.6870134,-3.154414100000044],[-60.6894564,-3.133238199999937],[-60.7179805,-3.104304899999955],[-60.7632854,-3.092824900000056],[-60.7857511,-3.099436899999934],[-60.8103087,-3.099301199999978],[-60.81936480000001,-3.083501500000013],[-60.8320192,-3.082123899999972],[-60.8543743,-3.06490950000004],[-60.8606267,-3.049559400000053],[-60.8688662,-3.046597899999965],[-60.8741222,-3.052606299999941],[-60.8877872,-3.044590100000033],[-60.9017848,-3.052852399999972],[-60.9088425,-3.048973500000022],[-60.9178707,-3.02757419999997],[-60.9380655,-3.0161688],[-60.9475654,-3.0033667],[-60.9836792,-3.005616599999951],[-60.9905719,-3.000303399999981],[-60.9947023,-2.987960399999985],[-60.9773197,-2.977495],[-60.978865,-2.940122],[-60.9616173,-2.927885900000017],[-60.9845681,-2.886259599999962],[-60.983785,-2.865570399999946],[-60.9781227,-2.858865],[-60.942034,-2.842094199999951],[-60.9135681,-2.8118731],[-60.8732454,-2.82097],[-60.8625807,-2.837511900000056],[-60.8520055,-2.84134840000006],[-60.8127008,-2.828873800000013],[-60.7871472,-2.830234700000014],[-60.7564315,-2.821788299999942],[-60.7055924,-2.861886],[-60.701485,-2.879317900000027],[-60.6646148,-2.914171500000068],[-60.65253830000001,-2.935902199999975],[-60.6340383,-2.945481],[-60.6206438,-2.965458800000033],[-60.6000129,-2.982446199999946],[-60.5821735,-3.024087299999978],[-60.5685627,-3.03313770000002],[-60.5445661,-3.0350349],[-60.5050936,-3.062114],[-60.5005381,-3.073401399999952],[-60.5145632,-3.07488859999997],[-60.5191446,-3.081320199999986],[-60.5053395,-3.092151],[-60.4696215,-3.090267099999966],[-60.4573189,-3.079998500000027],[-60.4552889,-3.064109400000063],[-60.4545673,-3.078128],[-60.4455058,-3.090683],[-60.4307882,-3.095212499999958],[-60.3827297,-3.098081799999956],[-60.3667854,-3.093271],[-60.3288945,-3.100956100000026],[-60.3152899,-3.094565199999975],[-60.3122871,-3.079724500000042],[-60.3040916,-3.079881699999961],[-60.2940331,-3.084183099999963],[-60.2901706,-3.09873339999997],[-60.26256020000001,-3.082604700000051],[-60.2462557,-3.079886399999946],[-60.2020121,-3.095152700000028],[-60.1688603,-3.127652499999959],[-60.1445107,-3.130846],[-60.1406699,-3.137592500000051],[-60.1126108,-3.150201899999965],[-60.0970047,-3.149074800000023],[-60.0934497,-3.136189399999944],[-60.0858225,-3.127688],[-60.072297,-3.147837399999984]]]}},{"type":"Feature","properties":{"CD_MUN":"1300631","NM_MUN":"Beruri","SIGLA_UF":"AM","CodigoIBGE":"1300631","SubRegiaoNumero":7,"CalhaSubRegiao":"Região do Rio Negro/Solimões"},"geometry":{"type":"Polygon","coordinates":[[[-61.4105011,-3.622147500000037],[-61.3323234,-3.696200699999977],[-61.1468885,-3.700795800000046],[-61.1466213,-3.728648499999955],[-61.1608202,-3.750683300000028],[-61.1439604,-3.754247299999951],[-61.1386239,-3.765577500000034],[-61.1471011,-3.7695454],[-61.1448715,-3.778364899999985],[-61.1532123,-3.784210300000031],[-61.145893,-3.790121],[-61.1286485,-3.787366],[-61.12546,-3.7940763],[-61.1138523,-3.796619],[-61.0867084,-3.792661099999961],[-61.0621479,-3.794854499999968],[-61.0447363,-3.821456899999962],[-61.0506526,-3.865229699999964],[-61.0750978,-3.90703220000004],[-61.0876526,-3.918020599999974],[-61.1102581,-3.926930799999955],[-61.1367576,-3.958574],[-61.1636533,-3.974907899999959],[-61.1637082,-4.140704099999985],[-61.1578952,-4.140510899999952],[-61.1608024,-4.136619899999987],[-61.1552087,-4.129987599999954],[-61.1406914,-4.124643699999977],[-61.1370046,-4.128685199999975],[-61.1324206,-4.125146899999961],[-61.1271076,-4.130870799999967],[-61.1187147,-4.129756],[-61.1151189,-4.1344955],[-61.0976699,-4.132706899999985],[-61.0970302,-4.136734900000014],[-61.0933664,-4.13606180000003],[-61.0937515,-4.1277451],[-61.0795863,-4.1267731],[-61.0733488,-4.1192207],[-61.0548509,-4.129685200000051],[-61.0398258,-4.102330199999976],[-61.0328162,-4.100276500000035],[-61.0341243,-4.094224],[-61.0270094,-4.08151710000001],[-61.014847,-4.079062300000018],[-61.0094905,-4.080622099999965],[-61.0101126,-4.085954099999954],[-61.0060259,-4.08349159999997],[-61.0057764,-4.091878900000034],[-60.9994587,-4.093569700000021],[-60.9967647,-4.103048],[-60.9778326,-4.0974923],[-60.9667162,-4.106331199999984],[-60.9659707,-4.1203604],[-60.9730749,-4.127585199999964],[-60.9667878,-4.129156],[-60.9650831,-4.134511100000037],[-60.9548955,-4.129828400000032],[-60.9550431,-4.132975],[-60.950076,-4.131598099999988],[-60.9435838,-4.136747400000012],[-60.9390164,-4.124966100000016],[-60.9272185,-4.1285507],[-60.9171,-4.147986199999973],[-60.90390330000001,-4.1488287],[-60.9002341,-4.152756299999965],[-60.897733,-4.163159600000034],[-60.9012171,-4.166817799999957],[-60.8939025,-4.16720529999997],[-60.894327,-4.170422200000026],[-60.8896855,-4.170367500000022],[-60.88318360000001,-4.16188790000001],[-60.8705217,-4.159081699999981],[-60.8712663,-4.156068],[-60.857679,-4.16189],[-60.855587,-4.1700872],[-60.8491504,-4.172117500000025],[-60.8377832,-4.152572899999973],[-60.8269137,-4.159433800000036],[-60.8297499,-4.1671866],[-60.8182959,-4.1623977],[-60.8102738,-4.167047100000035],[-60.8160844,-4.170033199999958],[-60.8079948,-4.1767537],[-60.8122983,-4.1799496],[-60.8070978,-4.181597],[-60.8258102,-4.233504100000025],[-60.8489643,-4.282191500000036],[-61.0093905,-4.4234954],[-61.1678288,-4.544239],[-61.2486071,-4.62765],[-61.2714876,-4.662467499999986],[-61.3085997,-4.749319400000011],[-61.3187055,-4.76305630000003],[-61.4191927,-4.8545975],[-61.443789,-4.89148],[-61.48994660000001,-4.91611029999996],[-61.5247099,-4.940186199999964],[-61.7839175,-5.167168600000031],[-61.8608713,-5.215544400000014],[-61.942076,-5.2945065],[-62.0102512,-5.3213873],[-62.0811621,-5.41560379999997],[-62.1028197,-5.459931500000016],[-62.5771848,-5.000684599999974],[-62.6501086,-4.900466700000035],[-62.6744717,-4.909489600000016],[-62.6936585,-4.962427200000016],[-62.7179082,-4.97412],[-62.7331579,-4.9688129],[-62.73747010000001,-4.960721200000016],[-62.7366043,-4.944351799999986],[-62.7304618,-4.936010199999973],[-62.7013284,-4.916682],[-62.6951271,-4.901034899999967],[-62.7061608,-4.8507949],[-62.7189148,-4.837945],[-62.7267757,-4.835779699999974],[-62.7570887,-4.844595500000012],[-62.7632139,-4.839872899999986],[-62.7695742,-4.840823900000022],[-62.7857169,-4.82403039999997],[-62.7997545,-4.8002027],[-62.8260188,-4.791552700000015],[-62.83396110000001,-4.79571940000002],[-62.8549375,-4.7933385],[-62.8589705,-4.797358400000025],[-62.8761095,-4.798168299999976],[-62.8823456,-4.803296100000028],[-62.8937709,-4.797640699999984],[-62.9012787,-4.787614600000026],[-62.9204491,-4.785673199999988],[-62.9322349,-4.7934358],[-62.9451949,-4.821016799999974],[-62.9631335,-4.816972499999969],[-62.9687403,-4.805924500000037],[-62.99988050000001,-4.79187490000003],[-62.9632206,-4.7539814],[-62.9548463,-4.734890400000022],[-62.9540765,-4.698692],[-62.9481448,-4.686846799999987],[-62.9454385,-4.662094099999988],[-62.9312727,-4.649341800000022],[-62.9082281,-4.647983900000027],[-62.884895,-4.657320499999989],[-62.8747924,-4.668012100000011],[-62.8364274,-4.673870900000014],[-62.8304541,-4.678354099999984],[-62.7951205,-4.674324799999984],[-62.7687702,-4.655745700000041],[-62.6846624,-4.623155100000038],[-62.6575812,-4.625585899999966],[-62.6400789,-4.638270599999971],[-62.6291054,-4.640112199999964],[-62.59735520000001,-4.635120500000027],[-62.5390738,-4.616148],[-62.4940724,-4.6116093],[-62.4401554,-4.59240330000003],[-62.396076,-4.587807099999963],[-62.3765742,-4.5818417],[-62.3274368,-4.562917599999973],[-62.31454690000001,-4.5508566],[-62.3075734,-4.533958900000029],[-62.302766,-4.49817710000001],[-62.2917987,-4.48236],[-62.2766831,-4.470777],[-62.25870290000001,-4.4689613],[-62.2299591,-4.490597299999963],[-62.22198620000001,-4.493096],[-62.2126887,-4.4900846],[-62.1884206,-4.475834],[-62.17777310000001,-4.453003600000032],[-62.1433967,-4.43423520000001],[-62.1275656,-4.412750399999984],[-62.0871661,-4.39320890000001],[-62.0808443,-4.400124599999962],[-62.0682954,-4.388195900000036],[-62.0586129,-4.370613899999953],[-62.0621449,-4.358647099999966],[-62.0567719,-4.3563624],[-62.0643606,-4.345487599999979],[-62.0631774,-4.340330199999975],[-62.0574131,-4.340428],[-62.0593373,-4.332480800000031],[-62.0547797,-4.3306601],[-62.0570254,-4.319000100000023],[-62.05314880000001,-4.311369399999967],[-62.0390314,-4.309844400000017],[-62.0073773,-4.284377299999984],[-61.9658355,-4.283433599999968],[-61.9579166,-4.277454799999965],[-61.9629168,-4.269886399999969],[-61.9577149,-4.263415700000025],[-61.9469272,-4.272402100000028],[-61.9444555,-4.26304369999997],[-61.9327954,-4.257184700000033],[-61.90898510000001,-4.262166299999988],[-61.9010285,-4.248076599999984],[-61.887788,-4.245906099999983],[-61.8845263,-4.238294100000029],[-61.8798515,-4.249060799999979],[-61.8679815,-4.247931],[-61.8645512,-4.262156400000011],[-61.858966,-4.2650473],[-61.8522217,-4.261386],[-61.8533671,-4.2722745],[-61.8428914,-4.270733099999963],[-61.8393526,-4.275254],[-61.7953735,-4.273320100000038],[-61.7700566,-4.2515735],[-61.7422019,-4.241222099999961],[-61.7252575,-4.242671599999969],[-61.6967691,-4.2538669],[-61.6782662,-4.251590199999955],[-61.6433247,-4.211756],[-61.5898933,-4.139031],[-61.5678384,-4.0710089],[-61.5035471,-4.00299749999997],[-61.4840097,-3.9876342],[-61.4311261,-3.919076699999957],[-61.4149469,-3.907812599999972],[-61.3926819,-3.9022644],[-61.3721659,-3.883963200000041],[-61.3721264,-3.871032500000028],[-61.4012142,-3.836317200000026],[-61.4227819,-3.8011815],[-61.4343159,-3.758704499999961],[-61.4792396,-3.684902299999984],[-61.4512326,-3.655453500000014],[-61.4105011,-3.622147500000037]]]}},{"type":"Feature","properties":{"CD_MUN":"1301100","NM_MUN":"Careiro","SIGLA_UF":"AM","CodigoIBGE":"1301100","SubRegiaoNumero":7,"CalhaSubRegiao":"Região do Rio Negro/Solimões"},"geometry":{"type":"Polygon","coordinates":[[[-60.2512019,-3.396860499999961],[-60.2193402,-3.381058199999975],[-60.2136904,-3.368058799999953],[-60.2064699,-3.364803900000013],[-60.194467,-3.371359100000029],[-60.1917812,-3.360728099999954],[-60.1854195,-3.358630600000018],[-60.1859155,-3.361395900000022],[-60.05206170000001,-3.361448200000061],[-60.0277212,-3.379782599999971],[-59.9523483,-3.30509580000001],[-59.9363165,-3.296335900000022],[-59.9271825,-3.301075],[-59.9224593,-3.296381],[-59.917245,-3.299366600000042],[-59.9095485,-3.294058],[-59.9025429,-3.295675899999966],[-59.9001017,-3.278147],[-59.8941875,-3.273026500000032],[-59.8832229,-3.2878423],[-59.8641097,-3.28428749999996],[-59.8786279,-3.2982525],[-59.8784006,-3.344027399999968],[-59.8707941,-3.349858400000032],[-59.8613552,-3.353423400000015],[-59.8280864,-3.352679],[-59.7984337,-3.344212900000044],[-59.7727854,-3.345799099999974],[-59.7514011,-3.336064500000017],[-59.7196121,-3.356008800000024],[-59.711923,-3.353574500000037],[-59.706984,-3.345738399999966],[-59.6927669,-3.343356100000029],[-59.6892671,-3.3527948],[-59.671711,-3.353142300000024],[-59.6598452,-3.365259399999971],[-59.6567216,-3.372679699999987],[-59.6795676,-3.391617799999952],[-59.6930718,-3.427823400000029],[-59.6915835,-3.43528339999996],[-59.6973208,-3.441521499999966],[-59.7069562,-3.441167],[-59.7212587,-3.433276],[-59.7319292,-3.4470769],[-59.7480219,-3.457793900000039],[-59.7582177,-3.457216599999974],[-59.77500830000001,-3.4636003],[-59.7872409,-3.500378700000012],[-59.8110871,-3.695472099999968],[-59.821614,-3.704022900000041],[-59.8198322,-3.715746899999975],[-59.8271686,-3.728206100000024],[-59.826513,-3.737671399999958],[-59.8202551,-3.737813699999961],[-59.8189587,-3.742768199999948],[-59.8290913,-3.745480800000047],[-59.8335446,-3.7519465],[-59.8356929,-3.788835199999955],[-59.8338706,-3.80083480000004],[-59.8304141,-3.801537500000026],[-59.8358625,-3.8074011],[-59.8363657,-3.803828800000039],[-59.8441919,-3.8049584],[-59.8428492,-3.815052],[-59.8398983,-3.810022400000024],[-59.8336507,-3.812425499999987],[-59.8280063,-3.838398499999947],[-59.8343219,-3.848082099999989],[-59.8384005,-3.845889],[-59.8437055,-3.8500275],[-59.8452614,-3.85743639999996],[-59.8551512,-3.865762599999973],[-59.8594443,-3.887043699999977],[-59.8700156,-3.8899087],[-59.8699924,-3.907334600000029],[-59.88845640000001,-3.9103905],[-59.8968174,-3.919415],[-59.8974303,-3.930252299999971],[-59.8927984,-3.932468600000013],[-59.9035184,-3.9385418],[-59.9035532,-3.942485699999972],[-59.9072779,-3.940306800000021],[-59.9071163,-3.949036199999974],[-59.9101092,-3.949460099999975],[-59.9061844,-3.953579200000031],[-59.9097906,-3.954569300000022],[-59.9043223,-3.953867599999981],[-59.904434,-3.9589173],[-59.9096064,-3.96484220000003],[-59.91373810000001,-3.963801299999981],[-59.910126,-3.969137699999986],[-59.9044252,-3.96814579999998],[-59.9037782,-3.975400600000024],[-59.9101356,-3.9839195],[-59.9237359,-3.988187800000024],[-59.93073540000001,-3.976114799999957],[-59.9453892,-3.976750800000031],[-59.9537643,-3.961578500000045],[-59.9843573,-3.962468],[-60.0005486,-3.9492689],[-60.018994,-3.962692400000025],[-60.0406949,-3.957268900000019],[-60.0411912,-3.96268379999996],[-60.046778,-3.959949800000013],[-60.0490274,-3.964106099999971],[-60.0538015,-3.958992099999982],[-60.0582351,-3.9658516],[-60.0646161,-3.961681500000017],[-60.0664196,-3.9690293],[-60.0716578,-3.968233],[-60.0716855,-3.9732698],[-60.0780959,-3.977953900000014],[-60.0725303,-3.981174],[-60.0782836,-3.989912599999961],[-60.0826427,-3.9881648],[-60.0842442,-3.991501900000022],[-60.0796586,-3.995305500000014],[-60.0848497,-4.002144],[-60.095693,-4.003962800000036],[-60.0980033,-3.996765699999971],[-60.1042015,-3.99896470000004],[-60.1088848,-4.0113702],[-60.1072389,-4.020231400000036],[-60.1175585,-4.0194739],[-60.1186632,-4.023042799999987],[-60.114249,-4.035997400000031],[-60.1196464,-4.0917531],[-60.1000981,-4.127254599999985],[-60.09823140000001,-4.143857300000022],[-60.0998941,-4.151826299999978],[-60.131261,-4.192826800000019],[-60.1453327,-4.18701150000003],[-60.1490114,-4.165232799999982],[-60.1626912,-4.157245300000039],[-60.1731488,-4.137313799999983],[-60.1807289,-4.135571799999967],[-60.1881485,-4.137413099999981],[-60.1998422,-4.149879500000021],[-60.2153621,-4.147603],[-60.2289168,-4.15644840000004],[-60.2446242,-4.156000200000021],[-60.2672315,-4.16301610000003],[-60.3037817,-4.16211680000004],[-60.3077866,-4.168069100000035],[-60.2994015,-4.178107900000027],[-60.3176705,-4.190109799999965],[-60.3301849,-4.181672299999981],[-60.3483243,-4.1862131],[-60.3574386,-4.184790599999963],[-60.3619999,-4.178664600000044],[-60.3710581,-4.180633199999954],[-60.36747350000001,-4.190196500000017],[-60.3805609,-4.180027699999973],[-60.3900035,-4.183212],[-60.3831571,-4.175012500000015],[-60.3768905,-4.178115700000014],[-60.3767575,-4.172419300000044],[-60.3901675,-4.1721096],[-60.3956072,-4.1624171],[-60.3885078,-4.161704],[-60.3971008,-4.161034399999962],[-60.4003045,-4.156030700000017],[-60.4038209,-4.164145899999983],[-60.4176567,-4.174624499999966],[-60.4357237,-4.164363100000028],[-60.4415231,-4.167433900000034],[-60.4417809,-4.1734088],[-60.4497384,-4.173064800000041],[-60.4579947,-4.16341910000001],[-60.4525353,-4.1533269],[-60.4781463,-4.1397089],[-60.4755557,-4.130134700000037],[-60.4884364,-4.138952700000044],[-60.4935723,-4.128806800000015],[-60.493074,-4.149572899999979],[-60.50337170000001,-4.1390766],[-60.5122067,-4.154809300000012],[-60.5159842,-4.141192699999968],[-60.5241453,-4.148417699999967],[-60.522563,-4.1544891],[-60.5276848,-4.159362799999977],[-60.5224465,-4.165858700000037],[-60.5244389,-4.169422499999976],[-60.5381169,-4.1500002],[-60.5495016,-4.149209400000043],[-60.5500407,-4.152903099999969],[-60.543932,-4.155348899999967],[-60.5450045,-4.164856],[-60.5606652,-4.153750800000036],[-60.56475,-4.164905800000015],[-60.5721573,-4.163488700000014],[-60.5744365,-4.174931],[-60.5863391,-4.184249599999978],[-60.586263,-4.177654300000015],[-60.5919551,-4.173953],[-60.6006166,-4.174439],[-60.6044047,-4.186522800000022],[-60.6102068,-4.1755773],[-60.6179394,-4.174389],[-60.6262068,-4.18267509999998],[-60.6234597,-4.201244599999975],[-60.6284014,-4.198934399999964],[-60.6295426,-4.18937040000003],[-60.6382104,-4.1864195],[-60.6391995,-4.200818600000033],[-60.6538279,-4.2029721],[-60.6551139,-4.213000100000046],[-60.6630031,-4.205085699999959],[-60.6727927,-4.205544300000015],[-60.6714604,-4.2139962],[-60.6751216,-4.218014399999967],[-60.6838053,-4.20565730000001],[-60.6895314,-4.222841699999975],[-60.7073054,-4.209111499999963],[-60.6965725,-4.202462500000014],[-60.7006079,-4.195935600000032],[-60.7117934,-4.1958748],[-60.7022891,-4.187137199999953],[-60.7047417,-4.1847028],[-60.7115541,-4.186200400000023],[-60.72,-4.1992059],[-60.7343939,-4.1942167],[-60.7445079,-4.1984691],[-60.7443279,-4.193085500000023],[-60.7480794,-4.196650599999971],[-60.7498292,-4.190502599999983],[-60.761967,-4.193798100000038],[-60.7548285,-4.196185100000039],[-60.7545244,-4.202432599999988],[-60.7572326,-4.198593600000036],[-60.7585737,-4.202153199999956],[-60.7694757,-4.197755899999986],[-60.7643724,-4.195629799999978],[-60.7675634,-4.191119499999963],[-60.7587046,-4.187446900000019],[-60.7688265,-4.186701],[-60.7765497,-4.180951699999989],[-60.7778761,-4.190950500000011],[-60.7959202,-4.180899299999981],[-60.8033296,-4.1859137],[-60.8070978,-4.181597],[-60.7980699,-4.168098],[-60.6050699,-4.0254139],[-60.6059285,-3.981159299999971],[-60.5935055,-3.959165900000023],[-60.5958989,-3.919085799999946],[-60.5916733,-3.901427700000037],[-60.5748694,-3.873148599999974],[-60.5757591,-3.847410800000028],[-60.5715039,-3.8303894],[-60.5400067,-3.81920080000002],[-60.5241188,-3.8005394],[-60.4872584,-3.777434199999983],[-60.4756991,-3.765362099999987],[-60.4486207,-3.7175437],[-60.4245964,-3.7118239],[-60.4234262,-3.704256300000042],[-60.4343723,-3.681915100000037],[-60.4505078,-3.677375699999978],[-60.444621,-3.652499199999986],[-60.454456,-3.63032850000004],[-60.4478691,-3.6166979],[-60.4303738,-3.600688500000034],[-60.4093403,-3.590689700000033],[-60.3275381,-3.657678799999963],[-60.3087884,-3.643362200000024],[-60.3052604,-3.607974],[-60.31344270000001,-3.598610700000025],[-60.3144459,-3.590441399999968],[-60.2953434,-3.5619308],[-60.2922658,-3.547276],[-60.2965126,-3.52771639999997],[-60.2904704,-3.520331300000027],[-60.2816589,-3.519985200000031],[-60.2693106,-3.512569200000019],[-60.2636185,-3.501445699999946],[-60.2764447,-3.479733600000013],[-60.28796,-3.47170749999996],[-60.3017956,-3.438824],[-60.2869541,-3.430467399999954],[-60.2847425,-3.423133],[-60.2709944,-3.423066500000016],[-60.2567511,-3.410158200000028],[-60.2512019,-3.396860499999961]]]}},{"type":"Feature","properties":{"CD_MUN":"1300086","NM_MUN":"Anamã","SIGLA_UF":"AM","CodigoIBGE":"1300086","SubRegiaoNumero":7,"CalhaSubRegiao":"Região do Rio Negro/Solimões"},"geometry":{"type":"Polygon","coordinates":[[[-61.5632721,-3.670881900000035],[-61.5866772,-3.658490599999947],[-61.6132667,-3.658203699999966],[-61.6220695,-3.660219799999983],[-61.6351278,-3.6715552],[-61.6608485,-3.674887600000023],[-61.6931525,-3.646232899999963],[-61.7396611,-3.645828300000053],[-61.762824,-3.632653199999957],[-61.7731827,-3.6313728],[-61.7909605,-3.636588],[-61.8234865,-3.661818900000023],[-61.8795444,-3.666552799999957],[-61.8964305,-3.6602782],[-61.943355,-3.61812290000003],[-62.0122377,-3.594215699999977],[-62.0221235,-3.587340100000046],[-62.0332415,-3.572035899999985],[-62.0348202,-3.544665200000022],[-62.0264362,-3.50451089999998],[-62.03920560000001,-3.470702299999967],[-62.0382381,-3.45192219999997],[-62.06976250000001,-3.432825199999971],[-62.08016,-3.418256899999986],[-62.0856559,-3.400811799999966],[-62.0769894,-3.301555799999968],[-62.087993,-3.278102700000049],[-62.0774594,-3.276271],[-62.0615758,-3.262463699999986],[-62.0451555,-3.272696699999985],[-62.0410421,-3.298334300000049],[-62.0474062,-3.347074],[-62.037904,-3.36124720000001],[-62.021459,-3.369611],[-62.0043766,-3.3671185],[-61.9872112,-3.355579399999989],[-61.9529574,-3.3112738],[-61.9257645,-3.288951],[-61.9074039,-3.283856300000032],[-61.8376855,-3.282476300000026],[-61.8221822,-3.289426399999986],[-61.78615460000001,-3.318253699999971],[-61.7623786,-3.363634399999986],[-61.7256588,-3.382003399999958],[-61.6830712,-3.418882200000044],[-61.6653531,-3.426849],[-61.656568,-3.4266509],[-61.64942520000001,-3.42033370000004],[-61.6383739,-3.394228299999988],[-61.6182089,-3.381897699999976],[-61.5825155,-3.405459600000041],[-61.5646844,-3.400417099999958],[-61.5467891,-3.406572499999985],[-61.5338188,-3.416724399999973],[-61.5179344,-3.416651],[-61.5051185,-3.425736100000037],[-61.4960741,-3.4427195],[-61.4667944,-3.44323429999997],[-61.4700168,-3.4538623],[-61.3270402,-3.454389199999952],[-61.3195036,-3.4532141],[-61.3140653,-3.4439082],[-61.2830779,-3.437632800000019],[-61.279099,-3.449988200000019],[-61.2866107,-3.461464],[-61.297493,-3.460347100000051],[-61.3066034,-3.469388099999969],[-61.300068,-3.480018099999986],[-61.3034818,-3.4948284],[-61.2971272,-3.5116231],[-61.3026544,-3.53997479999998],[-61.2962923,-3.537283800000049],[-61.2896517,-3.5493745],[-61.2938725,-3.566955700000012],[-61.2884475,-3.600287300000045],[-61.3270094,-3.604405699999977],[-61.3767198,-3.599351900000028],[-61.4512326,-3.655453500000014],[-61.4792396,-3.684902299999984],[-61.5553783,-3.683850500000021],[-61.5632721,-3.670881900000035]]]}}]}