{"type":"FeatureCollection","name":"AM_Municipios_2024_PowerBI","crs":{"type":"name","properties":{"name":"urn:ogc:def:crs:EPSG::4674"}},"features":[{"type":"Feature","properties":{"CD_MUN":"1301159","NM_MUN":"Careiro da Várzea","SIGLA_UF":"AM","CodigoIBGE":"1301159","SubRegiaoNumero":7,"CalhaSubRegiao":"Região do Rio Negro/Solimões"},"geometry":{"type":"Polygon","coordinates":[[[-59.2341834,-3.239593800000042],[-59.23352280000001,-3.3502975],[-59.2368294,-3.3598837],[-59.2493442,-3.372057900000017],[-59.2772626,-3.387526],[-59.2906116,-3.386655499999969],[-59.30641030000001,-3.3949493],[-59.3121649,-3.404189800000015],[-59.3260819,-3.40673110000004],[-59.3292458,-3.4149711],[-59.338864,-3.41474],[-59.3392605,-3.427284],[-59.3460321,-3.440656299999973],[-59.3591385,-3.44578069999997],[-59.3606979,-3.451166],[-59.374908,-3.452457599999979],[-59.3805693,-3.460809700000035],[-59.390556,-3.462163599999945],[-59.3972651,-3.473654099999958],[-59.3945254,-3.478717900000044],[-59.4015058,-3.4797234],[-59.3962005,-3.49625309999995],[-59.4077079,-3.494748100000047],[-59.4131888,-3.5045223],[-59.4512093,-3.492456],[-59.4732703,-3.500282600000051],[-59.4790053,-3.497528],[-59.4862747,-3.50139210000003],[-59.4885935,-3.4965808],[-59.4949063,-3.496146600000021],[-59.5057139,-3.501015900000028],[-59.5070919,-3.488602599999984],[-59.51014089999999,-3.492974400000013],[-59.5206792,-3.493537499999961],[-59.5174489,-3.499984899999984],[-59.5241137,-3.4986796],[-59.5228052,-3.505168400000033],[-59.541322,-3.514264499999947],[-59.5390232,-3.522563299999968],[-59.5334886,-3.523092299999969],[-59.5458925,-3.53965460000001],[-59.5842853,-3.5455197],[-59.5870037,-3.549342],[-59.5951156,-3.535004100000014],[-59.60475670000001,-3.532103899999985],[-59.6061345,-3.518319],[-59.6084619,-3.520458499999974],[-59.6140046,-3.515960099999983],[-59.6142829,-3.511488],[-59.619017,-3.515277600000021],[-59.6261345,-3.500378800000041],[-59.635448,-3.503089799999981],[-59.63628270000001,-3.49927],[-59.65352810000001,-3.496359200000051],[-59.6681397,-3.486126099999958],[-59.6762301,-3.469752899999989],[-59.6988708,-3.471194],[-59.7136157,-3.459640599999969],[-59.7382989,-3.471819900000023],[-59.7544897,-3.467419600000026],[-59.7635758,-3.469334],[-59.77500830000001,-3.4636003],[-59.7582177,-3.457216599999974],[-59.7480219,-3.457793900000039],[-59.7319292,-3.4470769],[-59.7212587,-3.433276],[-59.7069562,-3.441167],[-59.6973208,-3.441521499999966],[-59.6915835,-3.43528339999996],[-59.6930718,-3.427823400000029],[-59.6795676,-3.391617799999952],[-59.6567216,-3.372679699999987],[-59.671711,-3.353142300000024],[-59.6892671,-3.3527948],[-59.6927669,-3.343356100000029],[-59.706984,-3.345738399999966],[-59.711923,-3.353574500000037],[-59.7196121,-3.356008800000024],[-59.7514011,-3.336064500000017],[-59.7727854,-3.345799099999974],[-59.7984337,-3.344212900000044],[-59.8280864,-3.352679],[-59.8613552,-3.353423400000015],[-59.8784006,-3.344027399999968],[-59.8786279,-3.2982525],[-59.8641097,-3.28428749999996],[-59.8832229,-3.2878423],[-59.8941875,-3.273026500000032],[-59.9001017,-3.278147],[-59.9025429,-3.295675899999966],[-59.9095485,-3.294058],[-59.917245,-3.299366600000042],[-59.9224593,-3.296381],[-59.9271825,-3.301075],[-59.9363165,-3.296335900000022],[-59.9523483,-3.30509580000001],[-60.0277212,-3.379782599999971],[-60.05206170000001,-3.361448200000061],[-60.1859155,-3.361395900000022],[-60.1800062,-3.351058500000028],[-60.1519192,-3.350618699999955],[-60.1191973,-3.3416407],[-60.0186037,-3.294072799999977],[-59.944797,-3.284227900000034],[-59.9190724,-3.272154399999943],[-59.9038152,-3.25533139999998],[-59.89346590000001,-3.207575699999981],[-59.8954691,-3.156989799999978],[-59.9069985,-3.137799800000053],[-59.897282,-3.1260927],[-59.8596474,-3.098006900000013],[-59.81994550000001,-3.0780723],[-59.7698071,-3.064225299999969],[-59.7001697,-3.060890400000059],[-59.6264986,-3.085932300000044],[-59.5455554,-3.12147120000004],[-59.4796685,-3.128622300000057],[-59.390981,-3.1630657],[-59.3586368,-3.153022699999979],[-59.3837361,-3.181003],[-59.2341834,-3.239593800000042]]]}},{"type":"Feature","properties":{"CD_MUN":"1303700","NM_MUN":"Santo Antônio do Içá","SIGLA_UF":"AM","CodigoIBGE":"1303700","SubRegiaoNumero":1,"CalhaSubRegiao":"Região do Alto Solimões"},"geometry":{"type":"Polygon","coordinates":[[[-68.0447084,-2.974289],[-67.7549845,-2.971805700000047],[-67.7661544,-2.997178600000028],[-67.7892108,-3.111303900000034],[-67.7917945,-3.145124900000047],[-67.8055447,-3.1726785],[-67.81001820000002,-3.197912300000046],[-67.8251023,-3.231680500000014],[-67.8312433,-3.2565997],[-67.8340705,-3.301238899999968],[-67.8279056,-3.3265612],[-67.834039,-3.334378],[-67.9428496,-3.329587],[-67.9243206,-3.271925900000047],[-67.9217951,-3.2354869],[-67.9512169,-3.167478800000041],[-67.9661256,-3.146974500000039],[-67.9727185,-3.145615],[-67.9754757,-3.136436300000041],[-67.9864356,-3.136231100000046],[-68.0356919,-3.162107099999972],[-68.0513269,-3.154596500000014],[-68.0610977,-3.128049399999986],[-68.0739632,-3.112497],[-68.079383,-3.11329429999997],[-68.08054,-3.120505499999978],[-68.0720834,-3.1214132],[-68.0722423,-3.126186800000032],[-68.0783498,-3.127781599999982],[-68.083241,-3.122366200000055],[-68.0981498,-3.141879199999944],[-68.1012004,-3.125792900000039],[-68.1125369,-3.112409799999979],[-68.1299014,-3.117474799999953],[-68.1290999,-3.132839399999975],[-68.1340546,-3.134791699999957],[-68.1439998,-3.129566699999962],[-68.159916,-3.109882299999974],[-68.17702049999998,-3.114038499999982],[-68.1801268,-3.0867424],[-68.1712201,-3.085937600000036],[-68.1786629,-3.080419900000053],[-68.173745,-3.070982],[-68.177479,-3.064840399999951],[-68.1938873,-3.0780017],[-68.2018752,-3.075259],[-68.209542,-3.0816965],[-68.2141183,-3.077800799999969],[-68.207224,-3.072806500000026],[-68.2109308,-3.068786699999946],[-68.2421013,-3.087125900000062],[-68.2409467,-3.099173400000036],[-68.2311304,-3.105159300000041],[-68.2298147,-3.113794100000013],[-68.2348736,-3.123118500000052],[-68.2486268,-3.127340500000015],[-68.2593013,-3.121613100000033],[-68.2646913,-3.112872],[-68.2767755,-3.113259599999986],[-68.27792060000002,-3.10549260000005],[-68.2853965,-3.103124099999989],[-68.2892351,-3.088557699999937],[-68.2780296,-3.084601700000012],[-68.2845645,-3.0776147],[-68.3124692,-3.097454900000054],[-68.3373531,-3.091525499999975],[-68.3455978,-3.097148600000051],[-68.3538952,-3.087899699999973],[-68.35176470000002,-3.1016647],[-68.3548307,-3.103724800000041],[-68.3645571,-3.093141800000014],[-68.3738174,-3.09233079999997],[-68.3760986,-3.086718499999974],[-68.38132769999999,-3.086185199999958],[-68.3746563,-3.096961500000029],[-68.3816194,-3.10612270000005],[-68.3944068,-3.083898100000054],[-68.4025471,-3.080695500000045],[-68.4197845,-3.0938975],[-68.4194876,-3.1304399],[-68.4093835,-3.138478600000037],[-68.41874230000002,-3.137304600000017],[-68.4209937,-3.1412194],[-68.4161104,-3.165757799999976],[-68.4224996,-3.163217599999964],[-68.428315,-3.1485148],[-68.4320304,-3.158167499999975],[-68.452365,-3.161075599999946],[-68.4579813,-3.158416699999972],[-68.4616848,-3.182004600000045],[-68.4908238,-3.173117699999957],[-68.5104701,-3.175237600000033],[-68.5231691,-3.193705899999957],[-68.5371761,-3.197799],[-68.5471628,-3.190005900000047],[-68.5554851,-3.2007247],[-68.5665722,-3.178483500000048],[-68.59338830000002,-3.182682900000045],[-68.613157,-3.201597300000024],[-68.6111053,-3.20728349999996],[-68.6044167,-3.205306500000039],[-68.5941635,-3.210253600000056],[-68.5979565,-3.21387860000001],[-68.6092877,-3.211462599999967],[-68.6154228,-3.216246700000053],[-68.6152737,-3.224703599999954],[-68.6111448,-3.221176300000026],[-68.601264,-3.222149700000019],[-68.5990286,-3.232590900000015],[-68.60496680000001,-3.237274700000027],[-68.6330678,-3.229806599999961],[-68.6273131,-3.221888],[-68.630959,-3.218509599999988],[-68.6464093,-3.22306040000001],[-68.6489424,-3.233161600000036],[-68.6642725,-3.2315193],[-68.6740397,-3.241358100000048],[-68.67758560000001,-3.230248],[-68.7046773,-3.231622],[-68.7055896,-3.201589],[-68.726832,-3.172428],[-68.7419698,-3.167248100000024],[-68.7709413,-3.182305899999957],[-68.7766786,-3.181543300000047],[-68.7772904,-3.190289099999956],[-68.7818329,-3.193465700000012],[-68.7950425,-3.194731199999982],[-68.7990327,-3.191723],[-68.7911909,-3.1888924],[-68.79033219999998,-3.18379],[-68.801106,-3.172594800000048],[-68.8118162,-3.17794609999995],[-68.8136338,-3.1862167],[-68.8284872,-3.188593899999945],[-68.8355509,-3.19862870000004],[-68.839383,-3.196200300000025],[-68.8333826,-3.182694899999987],[-68.8421031,-3.18394439999997],[-68.8426942,-3.188071399999971],[-68.8523667,-3.185857200000017],[-68.8549314,-3.193169500000014],[-68.85143669999998,-3.20112459999997],[-68.8605024,-3.206521399999951],[-68.8780308,-3.205137799999984],[-68.8721378,-3.21014],[-68.8726713,-3.217445500000042],[-68.9103665,-3.207357199999989],[-68.9290679,-3.214532],[-68.9341668,-3.223445899999965],[-68.9616495,-3.225468399999952],[-68.9810035,-3.234152400000053],[-68.983632,-3.23949279999996],[-68.9965326,-3.2288237],[-69.0020908,-3.230908900000023],[-69.006367,-3.240928],[-69.0149834,-3.236229900000047],[-69.0229844,-3.25648880000002],[-69.03392,-3.259944699999952],[-69.0323782,-3.278634200000047],[-69.042107,-3.2812868],[-69.0511508,-3.292919399999981],[-69.0617251,-3.295458399999946],[-69.0687975,-3.308762400000021],[-69.0817903,-3.308322099999988],[-69.0838353,-3.3126202],[-69.09599380000002,-3.296987],[-69.1162256,-3.2904198],[-69.1723719,-3.28889940000003],[-69.1822444,-3.2963526],[-69.1883385,-3.326169400000049],[-69.1855906,-3.333215900000045],[-69.1971407,-3.34107849999997],[-69.2047316,-3.352614200000013],[-69.2061026,-3.35744],[-69.2021016,-3.3598054],[-69.2215026,-3.360652900000022],[-69.23169,-3.3665005],[-69.24190750000001,-3.384046200000022],[-69.2444345,-3.403258899999968],[-69.250468,-3.400336299999983],[-69.2552248,-3.40752329999996],[-69.2746668,-3.408508],[-69.2837702,-3.403858500000033],[-69.2888648,-3.408379499999958],[-69.291924,-3.406366699999975],[-69.2935096,-3.4130581],[-69.2995566,-3.408329300000021],[-69.3029229,-3.4133619],[-69.31857260000001,-3.404282700000016],[-69.3189234,-3.393864500000014],[-69.3274316,-3.394120500000031],[-69.33723539999998,-3.409544],[-69.3384584,-3.404033100000025],[-69.3421944,-3.405930500000037],[-69.3473103,-3.431885300000021],[-69.3566216,-3.4387586],[-69.359815,-3.454849300000024],[-69.3662165,-3.450043],[-69.3702462,-3.456312800000041],[-69.3698081,-3.453454499999977],[-69.3793612,-3.452934900000039],[-69.383485,-3.467361299999985],[-69.3936965,-3.464602200000016],[-69.393125,-3.46728919999995],[-69.4013264,-3.468113500000045],[-69.39998040000002,-3.4765221],[-69.4087902,-3.479087900000046],[-69.4078281,-3.486468599999969],[-69.4120862,-3.48525639999997],[-69.41227360000002,-3.488509900000033],[-69.4136426,-3.485329],[-69.4189419,-3.492551200000028],[-69.4319233,-3.490098400000016],[-69.4404851,-3.49729089999997],[-69.4397931,-3.500874600000026],[-69.4480308,-3.501601699999966],[-69.4489244,-3.497823400000019],[-69.457922,-3.500142099999974],[-69.4626201,-3.509908299999965],[-69.4692782,-3.512578700000044],[-69.4726037,-3.513455900000024],[-69.474021,-3.5088241],[-69.47958279999999,-3.513252],[-69.484427,-3.506385699999965],[-69.4939934,-3.5050425],[-69.5031676,-3.521817299999963],[-69.5009055,-3.527935900000033],[-69.512793,-3.532964899999949],[-69.5151947,-3.540910900000012],[-69.524742,-3.5437381],[-69.5208861,-3.550037899999948],[-69.5130419,-3.549242799999957],[-69.5066306,-3.553947],[-69.49725750000002,-3.583663099999953],[-69.5011418,-3.583133399999974],[-69.5064807,-3.591715499999953],[-69.5123555,-3.591906399999981],[-69.51259190000002,-3.595335600000024],[-69.5181591,-3.601005],[-69.5289542,-3.59519949999997],[-69.5362127,-3.599590900000021],[-69.5560796,-3.5857927],[-69.5639882,-3.5859875],[-69.5695286,-3.592617799999949],[-69.5895722,-3.5912827],[-69.6007055,-3.609525],[-69.5994991,-3.617892300000039],[-69.6053199,-3.632681300000021],[-69.6186775,-3.652932900000025],[-69.626522,-3.657778699999952],[-69.6272688,-3.684717],[-69.6662378,-3.698713199999966],[-69.6947361,-3.726431899999974],[-69.7078755,-3.727599200000016],[-69.7156069,-3.719979400000017],[-69.73339960000001,-3.71570610000003],[-69.7390512,-3.7179658],[-69.7963822,-3.710217],[-69.8118886,-3.6950226],[-69.8375503,-3.686631700000048],[-69.6136248,-2.44019890000001],[-69.50677080000001,-2.449427500000022],[-69.4870746,-2.457570600000012],[-69.4704946,-2.474385],[-69.4378317,-2.483856900000051],[-69.4317167,-2.491456899999938],[-69.4418526,-2.531151099999937],[-69.4264391,-2.534094400000015],[-69.4140778,-2.5299183],[-69.3755711,-2.531415899999954],[-69.3563821,-2.5417719],[-69.3170731,-2.588893299999977],[-69.3165773,-2.6017857],[-69.3087695,-2.61558629999996],[-69.2392155,-2.593490500000029],[-69.2290176,-2.605881199999986],[-69.2158275,-2.602445099999938],[-69.2045799,-2.6070597],[-69.183465,-2.642872299999956],[-69.1828828,-2.6810489],[-69.1719674,-2.706055799999934],[-69.1766868,-2.726362900000049],[-69.1734624,-2.735813300000037],[-69.1515725,-2.728226100000045],[-69.1402141,-2.734552199999972],[-69.1275463,-2.74752730000001],[-69.1169884,-2.774117900000044],[-69.0890202,-2.793727199999968],[-69.0666057,-2.838125500000015],[-69.0568021,-2.84096879999998],[-69.0459368,-2.834959200000059],[-69.0376563,-2.825692399999949],[-69.0227441,-2.793242599999955],[-69.0004898,-2.781356],[-68.9868011,-2.789692600000052],[-68.9730205,-2.8111555],[-68.9652657,-2.81594010000002],[-68.9570481,-2.816077600000013],[-68.9262171,-2.799722400000024],[-68.90763,-2.801474200000034],[-68.8793556,-2.793379099999945],[-68.840327,-2.805848299999951],[-68.8056857,-2.778330400000019],[-68.77563060000001,-2.7819783],[-68.7635186,-2.7779263],[-68.7366057,-2.7514651],[-68.7029903,-2.733824300000046],[-68.6949065,-2.741985700000055],[-68.6895176,-2.76836810000002],[-68.6824956,-2.775641],[-68.6375436,-2.788620099999974],[-68.62904539999998,-2.805083699999944],[-68.5952954,-2.845084500000012],[-68.57843809999999,-2.85061769999997],[-68.5522968,-2.843370599999938],[-68.5270707,-2.848645800000017],[-68.4981328,-2.840720099999935],[-68.4883836,-2.841594500000054],[-68.4821592,-2.8499945],[-68.4717365,-2.852348900000036],[-68.4248532,-2.847917199999946],[-68.383933,-2.851983399999962],[-68.37802230000001,-2.8568667],[-68.37845870000001,-2.876993899999952],[-68.3500406,-2.882498],[-68.3159019,-2.90117349999997],[-68.2784651,-2.894278499999939],[-68.2531553,-2.898806199999961],[-68.2458464,-2.908290499999989],[-68.2424355,-2.942319],[-68.2360711,-2.948221200000057],[-68.2161829,-2.9400485],[-68.2074636,-2.941876300000017],[-68.2000162,-2.962017400000051],[-68.1943494,-2.969739],[-68.1851282,-2.9731623],[-68.1594335,-2.961821600000044],[-68.1532443,-2.966541799999982],[-68.144075,-2.965022],[-68.1344032,-2.949679],[-68.12399160000001,-2.948],[-68.1103236,-2.959536],[-68.0928192,-2.962571499999961],[-68.088574,-2.970856800000018],[-68.0604353,-2.979249500000053],[-68.0447084,-2.974289]]]}},{"type":"Feature","properties":{"CD_MUN":"1300706","NM_MUN":"Boca do Acre","SIGLA_UF":"AM","CodigoIBGE":"1300706","SubRegiaoNumero":3,"CalhaSubRegiao":"Região do Purus"},"geometry":{"type":"Polygon","coordinates":[[[-67.1052719,-8.8451252],[-67.0990263,-8.8495192],[-67.0985274,-8.8667099],[-67.0820556,-8.8839648],[-67.0938643,-8.9131564],[-67.0862489,-8.9274072],[-67.087666,-8.935643299999983],[-67.0965271,-8.93809830000002],[-67.1084666,-8.9279483],[-67.1141648,-8.9422278],[-67.1293073,-8.95004849999998],[-67.1399177,-8.971978],[-67.1686911,-8.9561121],[-67.1706717,-8.970674],[-67.1928383,-8.9781036],[-67.1989399,-8.984240499999988],[-67.194526,-9.000478799999978],[-67.1707204,-9.017023100000019],[-67.1742806,-9.024000199999984],[-67.1975046,-9.0298627],[-67.2089144,-9.051621500000014],[-67.2077408,-9.06147480000002],[-67.2395661,-9.062079199999985],[-67.2503765,-9.092507600000019],[-67.2491533,-9.10418180000001],[-67.2569054,-9.1134579],[-67.2769675,-9.122106],[-67.2927089,-9.15038909999999],[-67.2944011,-9.1666192],[-67.281512,-9.1865535],[-67.2815937,-9.1971026],[-67.292191,-9.219839599999979],[-67.2857766,-9.2297916],[-67.2852065,-9.249621399999969],[-67.2985309,-9.272646500000011],[-67.2969181,-9.28853730000001],[-67.3124164,-9.307852299999984],[-67.3126693,-9.3158818],[-67.2940866,-9.332840299999987],[-67.2774993,-9.334749799999988],[-67.2736711,-9.358973900000018],[-67.2868028,-9.367162],[-67.27650330000002,-9.389843899999981],[-67.2828388,-9.4037874],[-67.2853974,-9.4290216],[-67.2949419,-9.443173399999985],[-67.2858621,-9.4745583],[-67.2836146,-9.512532399999975],[-67.2945278,-9.5272118],[-67.3061175,-9.5649258],[-67.3260491,-9.5923437],[-67.516882,-9.560906700000023],[-68.6471864,-9.049416600000022],[-69.212982,-8.5643745],[-69.2021503,-8.566167500000017],[-69.1896436,-8.5783297],[-69.16692980000002,-8.5849229],[-69.1525688,-8.57422660000001],[-69.11942770000002,-8.5682997],[-69.098982,-8.549308],[-69.0915377,-8.54731390000001],[-69.0813341,-8.5504871],[-69.0722309,-8.5728849],[-69.0573462,-8.568729899999981],[-69.0240919,-8.5754713],[-69.0145328,-8.573142400000018],[-69.0213381,-8.55739449999998],[-69.0052561,-8.5378308],[-68.98914910000002,-8.530983700000014],[-68.9876707,-8.5233349],[-68.9717259,-8.525349299999988],[-68.96467570000002,-8.522259499999983],[-68.9543914,-8.509981699999976],[-68.9469737,-8.5074386],[-68.9393731,-8.482374699999982],[-68.9117011,-8.441296099999988],[-68.919395,-8.425970100000013],[-68.9124796,-8.411085099999982],[-68.9150673,-8.394937800000019],[-68.9035622,-8.382557400000023],[-68.854845,-8.349276399999981],[-68.8531736,-8.3418042],[-68.86345,-8.329580400000015],[-68.85792439999999,-8.323658],[-68.8610653,-8.3157683],[-68.8527851,-8.276644500000014],[-68.8645305,-8.265064499999985],[-68.8734486,-8.242445300000014],[-68.8720364,-8.218255399999975],[-68.8622535,-8.204384199999987],[-68.8614812,-8.195284800000021],[-68.873226,-8.1781153],[-68.8726407,-8.170575400000018],[-68.85064420000002,-8.1601662],[-68.840586,-8.146253499999984],[-68.8171148,-8.145823799999985],[-68.7888342,-8.106394899999989],[-68.7813093,-8.1042764],[-68.7736967,-8.107766600000012],[-68.7540354,-8.0947346],[-68.7182785,-8.0837694],[-68.69847,-8.0713928],[-68.6780912,-8.0713084],[-68.6708692,-8.0651066],[-68.6335943,-8.068755],[-68.6163902,-8.0822565],[-68.6042243,-8.081388799999974],[-68.5910588,-8.0861888],[-68.5899795,-8.0836102],[-68.576618,-8.090690399999986],[-68.5732682,-8.0850464],[-68.5652349,-8.086545299999987],[-68.5653465,-8.0819765],[-68.5458388,-8.078492300000015],[-68.5397243,-8.0730835],[-68.5334425,-8.07514659999999],[-68.527579,-8.0616779],[-68.52319930000002,-8.065029799999985],[-68.512053,-8.0640165],[-68.5126706,-8.060315500000016],[-68.508011,-8.060441799999987],[-68.5103269,-8.057140700000021],[-68.5001345,-8.0541423],[-68.5000066,-8.04896940000002],[-68.4943374,-8.052964],[-68.4912686,-8.050865500000024],[-68.4900669,-8.0572192],[-68.4859225,-8.0544378],[-68.4875485,-8.058591700000015],[-68.477458,-8.0636502],[-68.464964,-8.0436235],[-68.46124729999998,-8.043250199999981],[-68.4610832,-8.048804],[-68.4571158,-8.045786099999988],[-68.4492918,-8.0520153],[-68.4435715,-8.049707],[-68.4417976,-8.041950300000016],[-68.4358626,-8.048010700000019],[-68.4304587,-8.04713330000003],[-68.4344208,-8.051386499999976],[-68.4320975,-8.0571423],[-68.4165249,-8.0623633],[-68.4066008,-8.060250499999984],[-68.3944934,-8.0780756],[-68.3821254,-8.075669700000018],[-68.3830175,-8.081606],[-68.3812211,-8.085361799999983],[-68.3787664,-8.078752600000017],[-68.3678795,-8.083617800000011],[-68.3608801,-8.0770176],[-68.3474901,-8.077746099999988],[-68.3468859,-8.0833832],[-68.34126420000001,-8.0744152],[-68.33235870000001,-8.079701700000015],[-68.32927,-8.0770294],[-68.3262081,-8.078063800000017],[-68.3282828,-8.0827664],[-68.3238865,-8.080519400000018],[-68.3197799,-8.08552989999998],[-68.3124301,-8.0860234],[-68.3078228,-8.09411059999998],[-68.3007387,-8.090016900000014],[-68.29867560000001,-8.095077499999976],[-68.273236,-8.082867299999974],[-68.2619394,-8.092898900000014],[-68.2549184,-8.0918562],[-68.254551,-8.084108600000011],[-68.243054,-8.0921444],[-68.2375812,-8.0899304],[-68.2366602,-8.084204300000014],[-68.2205132,-8.092050400000012],[-68.2240319,-8.0828849],[-68.1973386,-8.079058399999967],[-68.2000142,-8.0841924],[-68.1953885,-8.082590299999985],[-68.1956089,-8.0854619],[-68.2011523,-8.0895],[-68.1932013,-8.091182700000013],[-68.1976191,-8.095317],[-68.1945786,-8.098238900000013],[-68.1913963,-8.0955376],[-68.192733,-8.101346500000021],[-68.1791581,-8.093434599999984],[-68.1747421,-8.1091346],[-68.180076,-8.112237499999976],[-68.1671102,-8.117427400000015],[-68.1669556,-8.126352],[-68.1742908,-8.12757],[-68.1732104,-8.132661],[-68.168211,-8.135356499999977],[-68.1593739,-8.1300757],[-68.1628553,-8.132897],[-68.16125040000001,-8.139532100000013],[-68.1432021,-8.1361028],[-68.1396196,-8.127940299999983],[-68.1293798,-8.127123],[-68.1294921,-8.1235304],[-68.105443,-8.128967700000011],[-68.1055345,-8.1330964],[-68.0877631,-8.1294658],[-68.0929285,-8.143344],[-68.07180270000002,-8.138770299999978],[-68.0692411,-8.152386199999986],[-68.0618594,-8.153191400000013],[-68.0658839,-8.156854599999987],[-68.0564046,-8.160199400000016],[-68.0537907,-8.156661699999983],[-68.05343510000002,-8.1624525],[-68.0499804,-8.157127399999974],[-68.042275,-8.161301799999986],[-68.0284433,-8.184588],[-68.0191094,-8.182803600000012],[-68.008362,-8.1727058],[-68.0076029,-8.179678699999982],[-67.9977736,-8.1833441],[-67.9994329,-8.1952358],[-67.994445,-8.19761019999998],[-67.9911889,-8.19358860000001],[-67.9797521,-8.198924299999987],[-67.9754149,-8.226991900000018],[-67.9778221,-8.233747599999989],[-67.9668601,-8.2337264],[-67.964904,-8.2304356],[-67.9570107,-8.2348562],[-67.9574059,-8.24929580000002],[-67.9473858,-8.250996300000011],[-67.9457464,-8.246804300000015],[-67.9422173,-8.2509445],[-67.9483218,-8.263612500000013],[-67.9292628,-8.26784170000001],[-67.9351461,-8.2856743],[-67.9262572,-8.290264],[-67.9278216,-8.2950151],[-67.9230264,-8.3060659],[-67.9184628,-8.30627640000002],[-67.9199617,-8.310913899999974],[-67.9146057,-8.3088322],[-67.90879980000001,-8.323675299999987],[-67.9129269,-8.332397],[-67.8990419,-8.33685089999999],[-67.9163487,-8.3503973],[-67.903663,-8.349563],[-67.9009782,-8.357118799999983],[-67.8969423,-8.353064200000018],[-67.8889248,-8.364472],[-67.8815214,-8.3594936],[-67.8691239,-8.3736906],[-67.8558109,-8.372163],[-67.8447619,-8.378219599999985],[-67.8458078,-8.369963599999975],[-67.8365946,-8.370078800000012],[-67.8227041,-8.3849206],[-67.8067661,-8.3770204],[-67.8045646,-8.385638],[-67.7909689,-8.3828492],[-67.797751,-8.410209],[-67.7831794,-8.3981294],[-67.7797947,-8.4178443],[-67.7737085,-8.4159495],[-67.7756529,-8.410812800000015],[-67.7660654,-8.411021099999983],[-67.75181,-8.4312825],[-67.7410997,-8.4197267],[-67.7356882,-8.434698200000016],[-67.7317374,-8.435162799999985],[-67.7298798,-8.429922],[-67.7233429,-8.441116799999989],[-67.7188078,-8.43786],[-67.7024879,-8.44369860000001],[-67.7011855,-8.438561],[-67.69356660000001,-8.4407483],[-67.694997,-8.4483089],[-67.6800514,-8.4477585],[-67.6746056,-8.46830349999998],[-67.6723171,-8.4631433],[-67.667049,-8.4642001],[-67.6679682,-8.4584294],[-67.6592993,-8.46114770000001],[-67.6556798,-8.4798313],[-67.66778880000001,-8.48311760000001],[-67.6658636,-8.485777400000014],[-67.6595703,-8.4876972],[-67.6465441,-8.483496499999978],[-67.6429959,-8.489408799999984],[-67.6312391,-8.48069090000001],[-67.6201838,-8.483874400000024],[-67.6156806,-8.481095199999976],[-67.609119,-8.4933512],[-67.601853,-8.49424940000001],[-67.60500369999998,-8.5054322],[-67.6002361,-8.514703600000017],[-67.5945631,-8.5126933],[-67.58785369999998,-8.5399126],[-67.5836579,-8.53922589999998],[-67.5823577,-8.5284734],[-67.5735732,-8.532307],[-67.5679187,-8.553231099999984],[-67.5590098,-8.5414425],[-67.5512547,-8.544895800000019],[-67.5495431,-8.554763499999984],[-67.5455716,-8.5479803],[-67.5384945,-8.54663330000001],[-67.5248043,-8.5615064],[-67.5346256,-8.567434600000015],[-67.5306794,-8.578145],[-67.5221865,-8.5775897],[-67.517619,-8.5691414],[-67.508033,-8.5767264],[-67.4977754,-8.5733836],[-67.4956307,-8.579705600000016],[-67.4982261,-8.563982200000012],[-67.4949351,-8.5616296],[-67.4850165,-8.5646449],[-67.4863357,-8.57340620000001],[-67.4786755,-8.580311800000022],[-67.4746147,-8.5690917],[-67.4794601,-8.558183800000016],[-67.4686614,-8.561797400000014],[-67.4643795,-8.551998699999988],[-67.4663318,-8.5465112],[-67.4614875,-8.5518764],[-67.4588939,-8.5455237],[-67.4497692,-8.5485968],[-67.4403718,-8.5579787],[-67.4393971,-8.5462491],[-67.4292539,-8.546115299999988],[-67.4288389,-8.5409159],[-67.422133,-8.539105],[-67.4137753,-8.5076429],[-67.05775329999999,-8.505171399999984],[-67.0608293,-8.547396600000017],[-67.0768862,-8.569573499999981],[-67.0926362,-8.5765778],[-67.0981091,-8.583622099999987],[-67.0968325,-8.6004561],[-67.0845292,-8.630161699999984],[-67.0947174,-8.642838799999973],[-67.1129118,-8.645542],[-67.1186075,-8.65158810000001],[-67.12272020000002,-8.676657399999986],[-67.138943,-8.6937077],[-67.1475552,-8.7170529],[-67.1468352,-8.7259224],[-67.1296081,-8.741913],[-67.11584989999999,-8.771951399999988],[-67.0860297,-8.8041094],[-67.0873628,-8.8203479],[-67.1053568,-8.83734279999998],[-67.1052719,-8.8451252]]]}},{"type":"Feature","properties":{"CD_MUN":"1304237","NM_MUN":"Tonantins","SIGLA_UF":"AM","CodigoIBGE":"1304237","SubRegiaoNumero":1,"CalhaSubRegiao":"Região do Alto Solimões"},"geometry":{"type":"Polygon","coordinates":[[[-67.7549845,-2.971805700000047],[-68.0447084,-2.974289],[-68.0604353,-2.979249500000053],[-68.088574,-2.970856800000018],[-68.0928192,-2.962571499999961],[-68.1103236,-2.959536],[-68.12399160000001,-2.948],[-68.1344032,-2.949679],[-68.144075,-2.965022],[-68.1532443,-2.966541799999982],[-68.1594335,-2.961821600000044],[-68.1851282,-2.9731623],[-68.1943494,-2.969739],[-68.2000162,-2.962017400000051],[-68.2074636,-2.941876300000017],[-68.2161829,-2.9400485],[-68.2360711,-2.948221200000057],[-68.2424355,-2.942319],[-68.2458464,-2.908290499999989],[-68.2531553,-2.898806199999961],[-68.2784651,-2.894278499999939],[-68.3159019,-2.90117349999997],[-68.3500406,-2.882498],[-68.37845870000001,-2.876993899999952],[-68.37802230000001,-2.8568667],[-68.383933,-2.851983399999962],[-68.4248532,-2.847917199999946],[-68.4717365,-2.852348900000036],[-68.4821592,-2.8499945],[-68.4883836,-2.841594500000054],[-68.4981328,-2.840720099999935],[-68.5270707,-2.848645800000017],[-68.5522968,-2.843370599999938],[-68.57843809999999,-2.85061769999997],[-68.5952954,-2.845084500000012],[-68.62904539999998,-2.805083699999944],[-68.6375436,-2.788620099999974],[-68.6824956,-2.775641],[-68.6895176,-2.76836810000002],[-68.6949065,-2.741985700000055],[-68.7029903,-2.733824300000046],[-68.6958519,-2.729058299999986],[-68.677493,-2.727350099999962],[-68.6533504,-2.711873800000038],[-68.6349929,-2.6755785],[-68.6126304,-2.646716699999956],[-68.5859596,-2.652340799999964],[-68.5706044,-2.661730200000036],[-68.5627118,-2.656022799999988],[-68.5523279,-2.619198],[-68.5394634,-2.604203099999944],[-68.508434,-2.602352],[-68.491988,-2.593264499999931],[-68.4834862,-2.593736100000056],[-68.4770742,-2.59845190000001],[-68.4674042,-2.598077800000025],[-68.4535219,-2.608435599999967],[-68.4374851,-2.608246800000036],[-68.4026544,-2.619610499999939],[-68.3848808,-2.614767799999978],[-68.3574062,-2.61625],[-68.3381794,-2.596111299999953],[-68.335824,-2.580415700000023],[-68.32021,-2.546034900000034],[-68.30826870000001,-2.530081200000019],[-68.29874179999999,-2.528113],[-68.2447914,-2.542007500000021],[-68.2386299,-2.552453600000013],[-68.2140176,-2.571668399999982],[-68.1902077,-2.572628700000033],[-68.1831263,-2.569072099999933],[-68.1739573,-2.554237400000048],[-68.1663242,-2.551082600000048],[-68.1461024,-2.552027],[-68.1094019,-2.543033599999961],[-68.0896827,-2.560881099999978],[-68.0749354,-2.553656],[-68.0586536,-2.553909700000046],[-68.0512599,-2.571616499999939],[-68.0585725,-2.597394400000032],[-68.055961,-2.609018500000011],[-68.0072923,-2.670400600000019],[-67.9980461,-2.66962519999997],[-67.9925977,-2.677624699999959],[-67.96904350000001,-2.6891795],[-67.9512637,-2.6681857],[-67.9437963,-2.6694979],[-67.9275682,-2.687896],[-67.888402,-2.6934153],[-67.8684383,-2.702863799999985],[-67.8566556,-2.716827],[-67.8238739,-2.733045799999954],[-67.8118465,-2.718048600000049],[-67.7965144,-2.708209099999966],[-67.7627631,-2.714558900000049],[-67.7567876,-2.709635500000048],[-67.7532658,-2.685614499999955],[-67.7354029,-2.666988800000027],[-67.7434819,-2.63308450000004],[-67.7251802,-2.618546599999956],[-67.6978818,-2.605667499999976],[-67.6944544,-2.59008890000004],[-67.6686262,-2.585885],[-67.64648970000002,-2.569656400000028],[-67.641119,-2.561217800000046],[-67.6394527,-2.530666500000067],[-67.6312904,-2.493558100000046],[-67.6216543,-2.488642900000029],[-67.6044837,-2.488103700000046],[-67.5920416,-2.47628410000004],[-67.5717312,-2.47479],[-67.565015,-2.457342800000021],[-67.5647311,-2.428774400000018],[-67.5550115,-2.41014],[-67.5589908,-2.392737099999948],[-67.5564556,-2.385485099999959],[-67.5420095,-2.372303700000071],[-67.5208728,-2.369558600000034],[-67.4897049,-2.345368499999947],[-67.4745131,-2.337370399999978],[-67.465149,-2.337837500000027],[-67.4510966,-2.325807399999976],[-67.4199265,-2.309264299999932],[-67.3930393,-2.30480679999992],[-67.3738962,-2.2759666],[-67.3425952,-2.263890399999947],[-67.3380682,-2.248839099999948],[-67.346232,-2.233384799999975],[-67.3450079,-2.225189599999956],[-67.3093494,-2.173120499999981],[-67.2777392,-2.218077499999942],[-67.2762125,-2.225964600000064],[-67.2593252,-2.236201600000025],[-67.2445233,-2.2374203],[-67.2409004,-2.242800599999967],[-67.2419196,-2.265226700000052],[-67.2536884,-2.28103509999994],[-67.2636286,-2.283080599999967],[-67.2719926,-2.292983799999974],[-67.2735706,-2.305380599999981],[-67.2664028,-2.308760499999935],[-67.2622932,-2.304109800000028],[-67.2525301,-2.302993],[-67.2162393,-2.318974700000034],[-67.2025601,-2.335764099999946],[-67.2014146,-2.346622399999946],[-67.1853916,-2.362271499999928],[-67.1783835,-2.3836605],[-67.1699378,-2.393324600000017],[-67.1754971,-2.422398399999941],[-67.1825671,-2.417601800000023],[-67.1803433,-2.409237600000019],[-67.19297290000002,-2.4076772],[-67.1984891,-2.422569500000039],[-67.1970529,-2.430273599999964],[-67.2087579,-2.426746],[-67.2164392,-2.440301399999921],[-67.2150639,-2.44865319999997],[-67.2281144,-2.450510499999966],[-67.2302967,-2.463612],[-67.2331274,-2.456473299999964],[-67.23636120000002,-2.457446599999982],[-67.2463656,-2.477091799999954],[-67.2150865,-2.520495],[-67.2084883,-2.586487],[-67.2009329,-2.59794],[-67.173302,-2.605102099999943],[-67.1451914,-2.620529400000019],[-67.1305706,-2.6236963],[-67.14678770000002,-2.659197799999962],[-67.1626201,-2.6802562],[-67.1913817,-2.689834600000045],[-67.2112312,-2.686129399999952],[-67.2234358,-2.670791900000047],[-67.2361049,-2.642111699999986],[-67.2435831,-2.589664899999967],[-67.2553189,-2.5580867],[-67.271909,-2.54372590000006],[-67.2910968,-2.542334],[-67.2909569,-2.883378499999978],[-67.3060366,-2.8838578],[-67.3407047,-2.859502200000011],[-67.3513499,-2.871301799999988],[-67.3512641,-2.87917539999998],[-67.3682342,-2.883417],[-67.38342930000002,-2.878400699999985],[-67.423594,-2.89218],[-67.4400396,-2.891559300000027],[-67.442879,-2.88303269999997],[-67.4519033,-2.881037299999965],[-67.46193159999999,-2.868960200000036],[-67.4689921,-2.8726031],[-67.4817517,-2.870195199999951],[-67.4844121,-2.876136900000056],[-67.4906424,-2.877941499999979],[-67.5029429,-2.872503100000044],[-67.5072171,-2.879422700000012],[-67.5166154,-2.877528],[-67.519551,-2.881832],[-67.5272833,-2.881270799999978],[-67.5393278,-2.891942499999982],[-67.550715,-2.889501600000016],[-67.5544893,-2.898167900000062],[-67.5616692,-2.890381199999975],[-67.5690998,-2.8954734],[-67.5752334,-2.8929464],[-67.5754311,-2.9185792],[-67.5812482,-2.9191423],[-67.5884174,-2.933340300000029],[-67.6063806,-2.94250270000005],[-67.6261249,-2.928642899999943],[-67.6550136,-2.8990166],[-67.6713755,-2.893827700000047],[-67.6894563,-2.895330900000029],[-67.7107985,-2.9038528],[-67.7368754,-2.926374200000036],[-67.74626430000002,-2.94143450000004],[-67.7549845,-2.971805700000047]]]}},{"type":"Feature","properties":{"CD_MUN":"1304203","NM_MUN":"Tefé","SIGLA_UF":"AM","CodigoIBGE":"1304203","SubRegiaoNumero":2,"CalhaSubRegiao":"Região do Triângulo Jutaí/Solimões/Juruá"},"geometry":{"type":"Polygon","coordinates":[[[-64.5220188,-3.32699859999997],[-64.5088633,-3.351246599999974],[-64.4628827,-3.413914100000027],[-64.4381328,-3.473988100000044],[-64.3870631,-3.5034261],[-64.3549691,-3.536764300000036],[-64.2915463,-3.570549599999947],[-64.2157973,-3.624588600000043],[-64.1773806,-3.662553],[-64.1296407,-3.6877362],[-64.071599,-3.7043105],[-64.076496,-3.767406],[-64.08393970000002,-3.768792100000044],[-64.0927759,-3.752874],[-64.1109975,-3.759818499999972],[-64.1598902,-3.811649299999989],[-64.1579685,-3.829354399999987],[-64.1665576,-3.865547100000044],[-64.1900803,-3.871902099999962],[-64.2369965,-3.89362349999996],[-64.2519456,-3.888030800000042],[-64.2578953,-3.893460200000048],[-64.2605474,-3.9053984],[-64.2696261,-3.907394199999989],[-64.2689003,-3.92037270000001],[-64.2741006,-3.926799700000025],[-64.2780349,-3.925636700000034],[-64.2819053,-3.93925040000005],[-64.2887928,-3.938842799999974],[-64.2861192,-3.944404700000042],[-64.2934184,-3.947908599999984],[-64.2925988,-3.951228],[-64.3030135,-3.947793700000035],[-64.3169334,-3.951698700000034],[-64.3217745,-3.9630255],[-64.33626450000001,-3.971872299999982],[-64.35547320000002,-3.976164499999985],[-64.3655082,-3.968954399999979],[-64.3770889,-3.9700183],[-64.382406,-3.9658494],[-64.414173,-3.9808824],[-64.4236615,-3.9782489],[-64.4392213,-3.987597399999968],[-64.4483883,-3.988178200000049],[-64.4841652,-3.9675772],[-64.5258648,-3.9594445],[-64.5420565,-3.964532899999972],[-64.5648355,-3.990126499999959],[-64.5670596,-4.0004048],[-64.5619979,-4.006622799999982],[-64.5631134,-4.0164438],[-64.5671437,-4.033245499999979],[-64.5767813,-4.048523399999987],[-64.6190866,-4.0711589],[-64.6360757,-4.104077799999967],[-64.653165,-4.125027199999983],[-64.670028,-4.128416299999985],[-64.6961081,-4.11667250000004],[-64.7037006,-4.119310699999988],[-64.7180044,-4.1425721],[-64.7248333,-4.188620200000021],[-64.7315004,-4.195898399999962],[-64.7690818,-4.203824],[-64.7856652,-4.214270099999976],[-64.8092009,-4.259474],[-64.8211721,-4.273365200000015],[-64.8639758,-4.2893063],[-64.8903333,-4.2829222],[-64.934613,-4.2990727],[-64.9793965,-4.283455100000027],[-64.9942868,-4.294479500000035],[-65.0092784,-4.3298689],[-65.0154697,-4.361809300000041],[-65.0162812,-4.4053188],[-65.0221992,-4.421842200000013],[-65.0391653,-4.44036829999998],[-65.0921382,-4.45510619999997],[-65.0990282,-4.46073810000002],[-65.1088091,-4.4734036],[-65.1232,-4.516875499999988],[-65.1658052,-4.551659700000022],[-65.21836660000001,-4.586396400000027],[-65.2408094,-4.60852030000003],[-65.267614,-4.623765],[-65.3188649,-4.62284109999998],[-65.3442302,-4.6082568],[-65.353594,-4.605954700000018],[-65.3640029,-4.609960399999973],[-65.3682271,-4.627536800000012],[-65.3818222,-4.6537041],[-65.4050938,-4.666377699999972],[-65.4315089,-4.667722],[-65.4397062,-4.672877],[-65.4466441,-4.6802588],[-65.4571783,-4.73989989999997],[-65.4669804,-4.771317800000022],[-65.516426,-4.8157579],[-65.5420028,-4.85512],[-65.5699215,-4.87817679999997],[-65.578285,-4.891465499999981],[-65.5709758,-4.944197499999972],[-65.5769555,-4.960617],[-65.5971806,-4.981285399999972],[-65.6229827,-5.0237795],[-65.6483431,-5.031782299999967],[-65.6669516,-5.03229869999998],[-65.6808955,-5.037351600000032],[-65.68626140000002,-5.044789400000023],[-65.6970071,-5.078172399999957],[-65.6978388,-5.105404],[-65.6928401,-5.112191600000014],[-65.6852876,-5.1129901],[-65.6599254,-5.1067442],[-65.6449262,-5.118691599999972],[-65.6500611,-5.135020499999961],[-65.6904227,-5.173162699999971],[-65.7022845,-5.196693899999985],[-65.6964506,-5.222407599999983],[-65.6784802,-5.2612273],[-65.674823,-5.2881625],[-65.6817874,-5.307574500000027],[-65.6908435,-5.310760399999974],[-65.7000655,-5.308316699999986],[-65.7273975,-5.2857919],[-65.7429006,-5.290607400000011],[-65.7533119,-5.3028426],[-65.7613488,-5.305988300000021],[-65.8038777,-5.299283200000024],[-65.8301197,-5.307609799999971],[-65.866119,-5.3377416],[-65.8854565,-5.370387],[-65.90412030000002,-5.443798],[-65.9409854,-5.4070238],[-65.9563999,-5.399273],[-65.9648746,-5.3983945],[-65.997871,-5.417025600000013],[-66.0577925,-5.422237899999982],[-66.0897279,-5.409991400000022],[-66.094064,-5.402578],[-66.08454240000002,-5.37912169999998],[-66.0916525,-5.3727548],[-66.1160552,-5.370059100000019],[-66.1276249,-5.382717399999985],[-66.14407,-5.3904562],[-66.1512626,-5.386068700000016],[-66.1577604,-5.369859],[-66.1661509,-5.367554899999986],[-66.2685954,-5.356576599999983],[-66.2943161,-5.360185399999982],[-66.3368763,-5.385914899999984],[-66.3521549,-5.3819958],[-66.3671274,-5.39083009999997],[-66.3758985,-5.404375699999969],[-66.3890439,-5.4141915],[-66.4285382,-5.4320824],[-66.4707394,-5.433794900000012],[-66.4789473,-5.438339600000025],[-66.4949033,-5.433509199999974],[-66.5178208,-5.4447883],[-66.5324909,-5.438950599999982],[-66.5377394,-5.421158799999985],[-66.5519341,-5.4120274],[-66.5441,-5.395129100000013],[-66.5552671,-5.3710879],[-66.5620985,-5.366702099999979],[-66.5758784,-5.372368700000028],[-66.57646,-5.380352199999969],[-66.5647885,-5.393581300000033],[-66.572129,-5.409298399999967],[-66.57358920000001,-5.435265],[-66.5816554,-5.449805],[-66.5840392,-5.466938800000011],[-66.6305392,-5.487171900000022],[-66.6393184,-5.502647399999988],[-66.6421005,-5.520294900000015],[-66.6487418,-5.523954],[-66.6565686,-5.520170099999966],[-66.6642102,-5.5233674],[-66.6742703,-5.547377099999974],[-66.6852906,-5.559376599999958],[-66.7055132,-5.55980750000002],[-66.7150401,-5.545809799999976],[-66.7226535,-5.544810499999969],[-66.7804018,-5.553905899999982],[-66.7856524,-5.547158900000016],[-66.7831272,-5.531156100000021],[-66.788483,-5.525078199999966],[-66.7961827,-5.522999500000028],[-66.8097629,-5.530648500000019],[-66.8537925,-5.5279547],[-66.8576258,-5.520028899999978],[-66.8776846,-5.5048793],[-66.8857951,-5.502617400000022],[-66.891935,-5.507189299999987],[-66.8988997,-5.5033106],[-66.9032367,-5.496911400000027],[-66.9034052,-5.452479600000014],[-66.9075465,-5.44409],[-66.9227612,-5.440729599999971],[-66.9413505,-5.4251422],[-66.9581868,-5.419878800000011],[-66.9630987,-5.404182099999986],[-66.9736028,-5.3924875],[-66.9717915,-5.376243700000038],[-66.9572949,-5.3567593],[-66.9541274,-5.3331158],[-66.9333763,-5.3197198],[-66.9316531,-5.303136099999983],[-66.9384026,-5.277549699999978],[-66.9333798,-5.261349600000023],[-66.9259554,-5.258837599999974],[-66.9095746,-5.263746],[-66.9010145,-5.2596052],[-66.9004639,-5.2514025],[-66.8817474,-5.215056599999969],[-66.8724443,-5.2147907],[-66.8684225,-5.205233199999976],[-66.8597146,-5.1987117],[-66.839083,-5.193598299999975],[-66.8229632,-5.1798471],[-66.8155998,-5.162148800000018],[-66.7909325,-5.152202599999976],[-66.7802052,-5.130294400000034],[-66.7739038,-5.093374099999957],[-66.7637102,-5.0784269],[-66.7238913,-5.058254],[-66.7088984,-5.055830100000024],[-66.6571258,-5.0690565],[-66.6340129,-5.084413100000019],[-66.6183166,-5.082567300000016],[-66.5931497,-5.0609509],[-66.5799565,-5.0283072],[-66.5646253,-5.010763200000026],[-66.5631757,-5.000746],[-66.5482646,-4.989302699999984],[-66.5241545,-4.944972800000022],[-66.4916798,-4.9215832],[-66.4725986,-4.91497029999998],[-66.460707,-4.8921235],[-66.4086221,-4.8543223],[-66.3874847,-4.824333099999981],[-66.36318,-4.828001],[-66.3545146,-4.82502519999997],[-66.3398157,-4.804752899999967],[-66.3193746,-4.7907461],[-66.3047014,-4.784542699999975],[-66.2697902,-4.7803885],[-66.2547629,-4.768537400000023],[-66.2438125,-4.7177125],[-66.2456533,-4.683784700000032],[-66.242265,-4.6751592],[-66.2385085,-4.66818459999998],[-66.2109544,-4.652264099999977],[-66.1996514,-4.638915599999971],[-66.1959783,-4.594975899999969],[-66.2062935,-4.571082700000028],[-66.2012237,-4.55388360000001],[-66.20162089999998,-4.535068899999959],[-66.2139543,-4.509349199999964],[-66.2137045,-4.5009874],[-66.2105417,-4.4924258],[-66.1880531,-4.481653699999987],[-66.1670088,-4.453367799999977],[-66.1532952,-4.444160500000025],[-66.1507945,-4.424917200000018],[-66.145622,-4.4189127],[-66.1250686,-4.4036737],[-66.100516,-4.3954738],[-66.0831174,-4.4011028],[-66.0594244,-4.4008684],[-65.9501758,-4.294642299999969],[-65.9403988,-4.302630599999972],[-65.9209404,-4.3045918],[-65.914063,-4.3013041],[-65.90400570000001,-4.28323770000003],[-65.8960947,-4.279268100000027],[-65.8726996,-4.2526008],[-65.8459243,-4.249160799999977],[-65.8091414,-4.2173085],[-65.7964283,-4.221786500000015],[-65.7640126,-4.213884500000029],[-65.7422069,-4.1926985],[-65.7342538,-4.195753099999969],[-65.7296824,-4.189796699999977],[-65.72692710000001,-4.1915408],[-65.7244934,-4.182853],[-65.7153792,-4.182599599999978],[-65.7009565,-4.1692382],[-65.6934212,-4.167385199999969],[-65.6936276,-4.163355600000018],[-65.6760815,-4.1627597],[-65.6670397,-4.154209499999963],[-65.6664176,-4.139403899999965],[-65.657126,-4.128572099999983],[-65.6311199,-4.127293],[-65.6282312,-4.1213533],[-65.6214028,-4.122882400000029],[-65.6147178,-4.1162511],[-65.5999281,-4.114763399999986],[-65.596489,-4.110222899999961],[-65.5837677,-4.114617499999973],[-65.57242249999999,-4.107818600000017],[-65.5721713,-4.101637],[-65.5661653,-4.1052745],[-65.5492862,-4.0995124],[-65.5489907,-4.093841],[-65.5418651,-4.0942525],[-65.5379472,-4.087705699999966],[-65.5334084,-4.0927745],[-65.51565220000002,-4.087858100000029],[-65.5024785,-4.0745357],[-65.502905,-4.070079099999971],[-65.4941334,-4.06425250000003],[-65.4870651,-4.065467300000018],[-65.4800289,-4.050561500000032],[-65.4657218,-4.048126899999977],[-65.4655362,-4.044383100000015],[-65.4562895,-4.039879099999974],[-65.4445079,-4.043025],[-65.4434856,-4.0385717],[-65.4391878,-4.039309499999984],[-65.4395135,-4.035402299999969],[-65.4254612,-4.02678],[-65.4106259,-4.0326764],[-65.4055063,-4.031123],[-65.4025105,-4.023119500000019],[-65.3978036,-4.0277268],[-65.3967672,-4.0185588],[-65.3879108,-4.012358],[-65.3910512,-4.005831400000013],[-65.3720985,-4.000946],[-65.372634,-3.993745300000016],[-65.3697758,-3.9973439],[-65.356974,-3.991049400000027],[-65.3534955,-3.994974800000016],[-65.3518738,-3.986038700000028],[-65.3454052,-3.982934100000023],[-65.3415887,-3.985702299999985],[-65.3415096,-3.981306299999979],[-65.3347889,-3.980297200000035],[-65.3360164,-3.970840699999977],[-65.3308701,-3.975548900000034],[-65.3189639,-3.971444700000015],[-65.3159312,-3.975129800000039],[-65.3126418,-3.972532400000013],[-65.3150694,-3.968104900000026],[-65.3049621,-3.962583499999973],[-65.2854203,-3.964044399999985],[-65.2772501,-3.949837400000037],[-65.2541,-3.954224600000024],[-65.2507089,-3.9458675],[-65.2446046,-3.946693500000036],[-65.2474885,-3.943354399999959],[-65.2388093,-3.946270499999967],[-65.2352668,-3.936366],[-65.2338419,-3.940724],[-65.2252072,-3.933278900000024],[-65.2161926,-3.9358425],[-65.2081906,-3.933050499999954],[-65.199532,-3.916884699999979],[-65.1861662,-3.910952400000043],[-65.1857103,-3.907065],[-65.1804631,-3.912216899999965],[-65.170886,-3.909343400000036],[-65.1666772,-3.9030289],[-65.1711992,-3.899175],[-65.1676387,-3.89646530000002],[-65.1576418,-3.905473600000013],[-65.1571479,-3.8877661],[-65.1501807,-3.8867838],[-65.1445669,-3.891695699999965],[-65.1398726,-3.8888298],[-65.1450285,-3.884388499999967],[-65.1443453,-3.878089599999976],[-65.1357913,-3.874946300000014],[-65.128975,-3.879018500000017],[-65.1235172,-3.8688709],[-65.1187111,-3.870179500000014],[-65.1210305,-3.860183799999981],[-65.123896,-3.862691799999957],[-65.122193,-3.858330899999958],[-65.1284815,-3.855565800000047],[-65.120564,-3.8449581],[-65.1210387,-3.839178500000033],[-65.1175306,-3.840509200000023],[-65.1154427,-3.836379099999989],[-65.1186499,-3.8326023],[-65.1020363,-3.821984900000026],[-65.0993225,-3.815066799999987],[-65.1030379,-3.811912599999988],[-65.0944207,-3.810211600000032],[-65.0943716,-3.800886699999954],[-65.0905669,-3.8005388],[-65.0934384,-3.7976472],[-65.0834647,-3.7991392],[-65.076055,-3.787943400000036],[-65.0529886,-3.79505870000004],[-65.0442855,-3.786415299999968],[-65.03399,-3.789452699999975],[-65.0300651,-3.784379299999967],[-65.026611,-3.790282899999966],[-65.0194945,-3.783605599999977],[-65.0218585,-3.755907900000049],[-65.0271909,-3.747981899999972],[-65.0244335,-3.744884499999974],[-65.0300709,-3.727251],[-65.026366,-3.7157847],[-65.0152042,-3.71733],[-65.0186027,-3.70960590000001],[-65.0258654,-3.70614810000001],[-65.0147609,-3.70171359999998],[-65.0133785,-3.687085900000021],[-65.0264214,-3.682384600000042],[-65.0269255,-3.668546699999987],[-65.0356189,-3.6701937],[-65.037811,-3.66439629999997],[-65.0141887,-3.655947300000039],[-65.0034803,-3.648479600000035],[-64.996528,-3.636610699999959],[-64.9721068,-3.626211100000038],[-64.97623649999998,-3.615980099999945],[-64.9736456,-3.607094099999951],[-64.9798831,-3.613278],[-64.9831389,-3.611620600000036],[-64.9846523,-3.5954634],[-64.991262,-3.58848310000002],[-64.9853985,-3.580388],[-64.9899163,-3.578549400000053],[-64.9924294,-3.569716600000043],[-64.9830833,-3.5684515],[-64.9824654,-3.556042],[-64.9758281,-3.554066200000011],[-64.9719956,-3.543411400000029],[-64.9609636,-3.534516],[-64.9661331,-3.521701100000013],[-64.980382,-3.51043739999996],[-64.9749733,-3.4904191],[-64.9570836,-3.493329699999973],[-64.9456877,-3.487632399999971],[-64.9224489,-3.452911199999959],[-64.8955969,-3.431071099999969],[-64.8858776,-3.39267449999995],[-64.8498842,-3.381634099999962],[-64.81243310000002,-3.34130349999995],[-64.7988963,-3.3375803],[-64.78880320000002,-3.31656460000005],[-64.7727449,-3.30781789999995],[-64.7257982,-3.295043],[-64.7223431,-3.293145],[-64.7218964,-3.278165799999972],[-64.7087768,-3.273009599999974],[-64.69214460000002,-3.279319],[-64.67603380000001,-3.2790007],[-64.6712787,-3.273828500000052],[-64.6745704,-3.263723099999979],[-64.6206099,-3.288716800000049],[-64.5438736,-3.311768399999955],[-64.5220188,-3.32699859999997]]]}},{"type":"Feature","properties":{"CD_MUN":"1304260","NM_MUN":"Uarini","SIGLA_UF":"AM","CodigoIBGE":"1304260","SubRegiaoNumero":2,"CalhaSubRegiao":"Região do Triângulo Jutaí/Solimões/Juruá"},"geometry":{"type":"Polygon","coordinates":[[[-64.9742298,-3.081019199999964],[-64.9794201,-3.100843599999981],[-65.0356685,-3.1713714],[-65.0477551,-3.194194699999977],[-65.0458675,-3.2108741],[-65.0522801,-3.247784300000025],[-65.0677234,-3.302094400000017],[-65.1252503,-3.3824958],[-65.1320894,-3.387213300000029],[-65.1574467,-3.389365699999979],[-65.1647553,-3.404079],[-65.1665624,-3.426920199999952],[-65.1772862,-3.4388221],[-65.2173126,-3.4650623],[-65.2500057,-3.465452300000036],[-65.2851425,-3.481931800000037],[-65.36064220000002,-3.497218],[-65.37556,-3.507108800000035],[-65.4046998,-3.537442500000019],[-65.4261117,-3.575660800000025],[-65.4745004,-3.6004141],[-65.4845358,-3.600387200000011],[-65.4882846,-3.592132300000028],[-65.5026187,-3.581059],[-65.5420638,-3.6249359],[-65.5826168,-3.627023200000014],[-65.6295642,-3.620299199999981],[-65.6395894,-3.6214052],[-65.6527,-3.631499799999982],[-65.6586689,-3.692641900000028],[-65.6746416,-3.702989500000046],[-65.7073672,-3.738055799999946],[-65.7169789,-3.762538599999963],[-65.7199573,-3.7994476],[-65.72406590000001,-3.8075459],[-65.784008,-3.8378385],[-65.7970898,-3.860919],[-65.7973717,-3.8816481],[-65.8026986,-3.8909605],[-65.8404757,-3.9304948],[-65.8554764,-3.957867700000048],[-65.8626724,-3.977212799999986],[-65.8633928,-3.99764670000003],[-65.8557005,-4.030801900000015],[-65.8422243,-4.053248299999963],[-65.8406204,-4.068979799999969],[-65.8458702,-4.08534990000002],[-65.8619225,-4.106589600000023],[-65.8633676,-4.127784],[-65.8701993,-4.13289879999996],[-65.8792856,-4.124389],[-65.8892873,-4.0957948],[-65.9063665,-4.069464599999975],[-65.9209248,-4.034586],[-65.949647,-4.010838299999955],[-65.9551151,-3.998765599999983],[-65.9482849,-3.957782200000036],[-65.9634267,-3.924429199999987],[-65.9809781,-3.902726700000025],[-65.9842589,-3.885997299999985],[-65.9866708,-3.858269],[-65.9829767,-3.7934614],[-65.9743144,-3.778544899999986],[-65.9533703,-3.760911],[-65.9495074,-3.751801900000028],[-65.953987,-3.735614300000037],[-65.9615043,-3.731070700000034],[-65.9915048,-3.728058],[-65.9946162,-3.720582599999966],[-65.9852058,-3.684705300000017],[-65.9925362,-3.642294],[-65.9845901,-3.566574599999952],[-65.983064,-3.496172],[-65.9781163,-3.487337899999965],[-65.956922,-3.4762205],[-65.9425092,-3.461758900000025],[-65.9214525,-3.417775],[-65.9145619,-3.381961200000012],[-65.8745851,-3.350261],[-65.8690043,-3.30424070000002],[-65.8394827,-3.267451],[-65.8321476,-3.2407748],[-65.8023389,-3.183766899999976],[-65.785395,-3.174330200000032],[-65.7637023,-3.170968499999979],[-65.7523417,-3.156347700000031],[-65.7347841,-3.102560399999972],[-65.7319459,-3.076310900000029],[-65.7022842,-3.043595299999947],[-65.6574764,-2.954078799999946],[-65.6409268,-2.937201400000046],[-65.6147795,-2.9288198],[-65.6076988,-2.921776399999975],[-65.6043678,-2.89023510000005],[-65.5974772,-2.873447799999944],[-65.5892275,-2.871633799999966],[-65.5598163,-2.888545700000042],[-65.546478,-2.886907500000011],[-65.5315619,-2.883935600000026],[-65.4971977,-2.8589063],[-65.4689081,-2.867630400000024],[-65.458333,-2.855210699999971],[-65.449258,-2.85527320000004],[-65.4267276,-2.873406],[-65.3811731,-2.8540584],[-65.3461158,-2.819853],[-65.3364317,-2.780401899999955],[-65.37695150000002,-2.71775],[-65.3852864,-2.679901400000066],[-65.379435,-2.666500199999988],[-65.3600187,-2.648130200000046],[-65.3130824,-2.638469799999978],[-65.2679051,-2.61211409999996],[-65.2585546,-2.601228200000014],[-65.2541132,-2.581822100000041],[-65.2564813,-2.563988500000052],[-65.2764656,-2.536324600000058],[-65.283105,-2.5338],[-65.314561,-2.476669099999989],[-65.3401684,-2.473841799999946],[-65.3383151,-2.460432],[-65.3285877,-2.446725800000065],[-65.3095609,-2.431467700000022],[-65.3078092,-2.412289399999978],[-65.3249004,-2.401219600000044],[-65.3471223,-2.394892700000012],[-65.3876783,-2.4006161],[-65.3891395,-2.3933908],[-65.3849163,-2.3827132],[-65.3701246,-2.369025900000054],[-65.3560812,-2.363552300000018],[-65.326256,-2.361370300000026],[-65.2478814,-2.386499300000057],[-65.2294875,-2.3880113],[-65.2215207,-2.384221600000049],[-65.216029,-2.380429],[-65.2122503,-2.364891800000015],[-65.2195454,-2.290588200000014],[-65.2129306,-2.279587299999982],[-65.1922577,-2.28470229999993],[-65.1863582,-2.3189926],[-65.1757495,-2.3256194],[-65.151295,-2.3258036],[-65.1390395,-2.337397599999922],[-65.1163551,-2.394968799999941],[-65.0979417,-2.421992200000039],[-65.0558362,-2.507017400000021],[-64.998094,-2.560305499999979],[-64.9863581,-2.5771996],[-64.98077540000001,-2.597929300000032],[-64.9936496,-2.640176499999973],[-65.0036087,-2.703221800000035],[-65.00129290000001,-2.71339840000004],[-64.9855433,-2.721832599999964],[-64.9726635,-2.72278879999993],[-64.9061661,-2.710282200000013],[-64.8831156,-2.71411949999997],[-64.8723548,-2.723328900000026],[-64.8663941,-2.7354179],[-64.866296,-2.746992299999987],[-64.8771006,-2.812536700000026],[-64.8918039,-2.843984500000023],[-64.8958824,-2.865214899999971],[-64.8924568,-2.875001099999947],[-64.8572584,-2.907663700000022],[-64.816752,-2.936838800000023],[-64.8106116,-2.947243200000044],[-64.8038294,-3.014575400000016],[-64.7921713,-3.035587199999952],[-64.7580327,-3.075279399999944],[-64.7349958,-3.084638699999948],[-64.7137192,-3.110397600000051],[-64.7260286,-3.123341599999952],[-64.751308,-3.127015699999949],[-64.7825422,-3.138426699999943],[-64.7874329,-3.149008900000017],[-64.7849892,-3.158776400000026],[-64.8033806,-3.149391900000014],[-64.8260113,-3.112222900000043],[-64.8718507,-3.095717800000032],[-64.8919206,-3.100184500000021],[-64.9147991,-3.077125299999974],[-64.9398905,-3.062503900000036],[-64.974134,-3.0577287],[-64.9742298,-3.081019199999964]]]}},{"type":"Feature","properties":{"CD_MUN":"1301654","NM_MUN":"Guajará","SIGLA_UF":"AM","CodigoIBGE":"1301654","SubRegiaoNumero":4,"CalhaSubRegiao":"Região do Juruá"},"geometry":{"type":"Polygon","coordinates":[[[-72.1695321,-7.6006009],[-72.5847656,-7.5520042],[-73.7382002,-7.1346838],[-73.7087976,-7.0411515],[-73.6662243,-7.0007151],[-73.6836651,-6.980651300000019],[-73.6857525,-6.969792300000012],[-73.6804641,-6.953947499999987],[-73.6560245,-6.9504049],[-73.6279182,-6.9365761],[-73.6118086,-6.9387143],[-73.5681335,-6.930201300000022],[-73.5356551,-6.942153299999983],[-73.5223185,-6.930389799999984],[-73.5063882,-6.9266374],[-73.4986252,-6.932855800000013],[-73.4889715,-6.934036],[-73.4535533,-6.9290397],[-73.437785,-6.952033299999989],[-73.4013861,-6.943792],[-73.3593778,-6.9494454],[-73.3174106,-6.940696500000012],[-73.2983091,-6.942980899999972],[-73.2601621,-6.920586699999986],[-73.221021,-6.924211199999989],[-73.193191,-6.918298400000026],[-73.1784025,-6.9297958],[-73.1470791,-6.940586400000014],[-73.1221959,-6.977610499999988],[-73.1069153,-6.9814383],[-73.0821113,-6.996382400000019],[-73.0101086,-7.028294599999986],[-72.9571308,-7.020194400000021],[-72.9017669,-6.996202199999977],[-72.8789136,-6.9946115],[-72.8510832,-7.000031500000016],[-72.8201876,-6.979712499999986],[-72.784912,-6.9722852],[-72.7621565,-6.937978299999974],[-72.7245172,-6.908422],[-72.7020196,-6.903380600000022],[-72.6852425,-6.904351],[-72.6726126,-6.9159954],[-72.663576,-6.9504622],[-72.6780063,-6.9592745],[-72.6970421,-6.960911],[-72.7000633,-6.969100599999989],[-72.6985491,-7.0098721],[-72.6838869,-7.018520500000033],[-72.6677353,-7.050037300000026],[-72.6448306,-7.074749900000016],[-72.6219346,-7.108736400000011],[-72.61495909999998,-7.111722],[-72.5995498,-7.1076818],[-72.5842102,-7.114802699999973],[-72.5694922,-7.113765100000015],[-72.55535,-7.1240238],[-72.5332115,-7.132174],[-72.4870151,-7.127188200000016],[-72.4752741,-7.1173404],[-72.4328219,-7.1124777],[-72.421074,-7.123114700000011],[-72.40521850000002,-7.1546652],[-72.3710097,-7.182991899999985],[-72.3872843,-7.204522600000023],[-72.3875738,-7.2139164],[-72.37902529999998,-7.215922],[-72.3584889,-7.2030247],[-72.3329901,-7.207583600000023],[-72.315574,-7.2054023],[-72.2828493,-7.1770291],[-72.2673553,-7.1862948],[-72.2402722,-7.1913285],[-72.2155142,-7.1809093],[-72.195611,-7.1455603],[-72.183488,-7.1332262],[-72.0900432,-7.126460699999987],[-72.051883,-7.1029407],[-72.0507279,-7.1985267],[-72.0560382,-7.2029977],[-72.0474355,-7.2115583],[-72.05584909999999,-7.215670200000027],[-72.0593754,-7.2230486],[-72.04974089999999,-7.2262585],[-72.0423671,-7.2395446],[-72.0552334,-7.236528700000022],[-72.0622468,-7.2395327],[-72.0633152,-7.2339447],[-72.0699501,-7.236567900000019],[-72.0659179,-7.2432609],[-72.07897469999999,-7.26903210000001],[-72.084317,-7.266322500000014],[-72.0889626,-7.2747988],[-72.09856090000001,-7.275499800000024],[-72.0996232,-7.271891800000012],[-72.104855,-7.278991800000028],[-72.1147907,-7.2772094],[-72.1145035,-7.2731224],[-72.1224787,-7.275387900000023],[-72.1218376,-7.278895200000012],[-72.1255178,-7.273745099999983],[-72.131397,-7.276063899999983],[-72.1285023,-7.278968799999985],[-72.1309838,-7.2973707],[-72.1500284,-7.298472800000029],[-72.1529579,-7.306521300000018],[-72.1628246,-7.307233299999983],[-72.1642631,-7.3147988],[-72.1716812,-7.319552099999975],[-72.1553205,-7.341739900000012],[-72.1485366,-7.368781800000019],[-72.1457053,-7.4014826],[-72.15744039999998,-7.4145297],[-72.14596419999998,-7.4251602],[-72.14707720000001,-7.4686122],[-72.1425997,-7.4854374],[-72.1507356,-7.500559400000019],[-72.1601816,-7.499205800000013],[-72.1747957,-7.51245890000001],[-72.1718802,-7.553370200000018],[-72.18307510000001,-7.574848],[-72.182322,-7.584481300000021],[-72.1695321,-7.6006009]]]}},{"type":"Feature","properties":{"CD_MUN":"1300300","NM_MUN":"Autazes","SIGLA_UF":"AM","CodigoIBGE":"1300300","SubRegiaoNumero":7,"CalhaSubRegiao":"Região do Rio Negro/Solimões"},"geometry":{"type":"Polygon","coordinates":[[[-58.9171926999999,-3.54758410000002],[-58.9329738,-3.555207100000042],[-58.9507889,-3.579509900000038],[-58.97894260000001,-3.604748899999981],[-59.0047616,-3.609669400000049],[-59.0996393,-3.691052700000036],[-59.1016476,-3.698958899999971],[-59.0546261,-3.765407300000033],[-59.0507882,-3.79065559999995],[-59.0533123,-3.806531499999977],[-59.09589,-3.869797699999977],[-59.1372177,-3.884898199999983],[-59.1710912,-3.888811199999956],[-59.1843311,-3.904040799999952],[-59.2082255,-3.92007439999997],[-59.5004286,-3.919156899999961],[-59.5259284,-3.9258052],[-59.5293688,-3.9339648],[-59.5278475,-3.955624399999962],[-59.5512364,-3.971274599999961],[-59.5575082,-3.982655700000029],[-59.558708,-4.0214449],[-59.5817577,-4.057625399999959],[-59.5875088,-4.0767949],[-59.5797131,-4.117074],[-59.5861452,-4.140783499999973],[-59.620154,-4.198588799999968],[-59.6441028,-4.2019445],[-59.675436,-4.188732],[-59.6944041,-4.212209800000011],[-59.9289188,-4.2128426],[-59.9418283,-4.219796900000039],[-59.9474225,-4.2276031],[-59.9405233,-4.2395878],[-59.9405218,-4.249107899999983],[-59.9671053,-4.257700700000011],[-59.9768344,-4.249449199999961],[-59.9887087,-4.25953],[-59.9827642,-4.284434500000012],[-59.9700873,-4.30751149999997],[-59.9679181,-4.3397524],[-59.947921,-4.3644281],[-59.9477593,-4.379138],[-59.9540449,-4.388513800000031],[-59.9791808,-4.3975131],[-59.9969781,-4.396784400000044],[-60.0205924,-4.408852500000031],[-60.0256372,-4.420590499999988],[-60.0325078,-4.422399899999983],[-60.0525707,-4.4114364],[-60.0536059,-4.399123200000022],[-60.0477748,-4.3841056],[-60.06423,-4.3785953],[-60.0804721,-4.388917599999972],[-60.0860993,-4.407836],[-60.1008529,-4.40738810000004],[-60.1094224,-4.394241099999983],[-60.12895549999999,-4.388149499999972],[-60.12501970000001,-4.378472399999985],[-60.1367734,-4.373894],[-60.1216633,-4.358955099999987],[-60.1236897,-4.3380884],[-60.1501665,-4.343713900000034],[-60.1666487,-4.336914900000016],[-60.1709148,-4.33214430000002],[-60.1721794,-4.316154299999978],[-60.1923326,-4.306498400000021],[-60.1912169,-4.2987789],[-60.1840186,-4.2954047],[-60.1872049,-4.2905285],[-60.2103202,-4.271822900000025],[-60.2184728,-4.276349700000028],[-60.2086561,-4.292569],[-60.2167092,-4.2945894],[-60.2294852,-4.2786698],[-60.2280761,-4.2633085],[-60.237645,-4.268095799999952],[-60.2502246,-4.255712100000035],[-60.2509151,-4.249058300000019],[-60.2617707,-4.250684099999969],[-60.2618285,-4.234430799999986],[-60.2761098,-4.2350493],[-60.2769391,-4.223990700000034],[-60.2680271,-4.21252560000003],[-60.2672287,-4.203811],[-60.2801459,-4.182398],[-60.2778276,-4.17179],[-60.2870022,-4.164507799999971],[-60.2289168,-4.15644840000004],[-60.2153621,-4.147603],[-60.1998422,-4.149879500000021],[-60.1881485,-4.137413099999981],[-60.1807289,-4.135571799999967],[-60.1731488,-4.137313799999983],[-60.1626912,-4.157245300000039],[-60.1490114,-4.165232799999982],[-60.1453327,-4.18701150000003],[-60.131261,-4.192826800000019],[-60.0998941,-4.151826299999978],[-60.09823140000001,-4.143857300000022],[-60.1000981,-4.127254599999985],[-60.1196464,-4.0917531],[-60.114249,-4.035997400000031],[-60.1181018,-4.031629299999953],[-60.1179416,-4.01971490000004],[-60.1072389,-4.020231400000036],[-60.1088848,-4.0113702],[-60.1021248,-3.997011599999989],[-60.0977858,-3.9969738],[-60.0985639,-4.003375900000017],[-60.0848497,-4.002144],[-60.0796586,-3.995305500000014],[-60.0842442,-3.991501900000022],[-60.0826427,-3.9881648],[-60.0782836,-3.989912599999961],[-60.0725303,-3.981174],[-60.0780959,-3.977953900000014],[-60.0716855,-3.9732698],[-60.0716578,-3.968233],[-60.0664196,-3.9690293],[-60.0647241,-3.961743199999974],[-60.0584359,-3.96585180000004],[-60.0538015,-3.958992099999982],[-60.0490274,-3.964106099999971],[-60.046778,-3.959949800000013],[-60.0411912,-3.96268379999996],[-60.0406949,-3.957268900000019],[-60.018994,-3.962692400000025],[-59.9999585,-3.949268399999965],[-59.9843573,-3.962468],[-59.9537643,-3.961578500000045],[-59.9453892,-3.976750800000031],[-59.93073540000001,-3.976114799999957],[-59.9237359,-3.988187800000024],[-59.9101356,-3.9839195],[-59.9037782,-3.975400600000024],[-59.9044252,-3.96814579999998],[-59.910126,-3.969137699999986],[-59.91373810000001,-3.963801299999981],[-59.9096064,-3.96484220000003],[-59.904434,-3.9589173],[-59.9043223,-3.953867599999981],[-59.9097906,-3.954569300000022],[-59.9061844,-3.953579200000031],[-59.9101092,-3.949460099999975],[-59.9071163,-3.949036199999974],[-59.9072779,-3.940306800000021],[-59.9035532,-3.942485699999972],[-59.9035184,-3.9385418],[-59.8927984,-3.932468600000013],[-59.8974303,-3.930252299999971],[-59.8968174,-3.919415],[-59.88845640000001,-3.9103905],[-59.8699924,-3.907334600000029],[-59.8700156,-3.8899087],[-59.8594443,-3.887043699999977],[-59.8551512,-3.865762599999973],[-59.8452614,-3.85743639999996],[-59.8437055,-3.8500275],[-59.8384005,-3.845889],[-59.8343219,-3.848082099999989],[-59.8280063,-3.838398499999947],[-59.8336507,-3.812425499999987],[-59.8398983,-3.810022400000024],[-59.8428492,-3.815052],[-59.8441919,-3.8049584],[-59.8363657,-3.803828800000039],[-59.8358625,-3.8074011],[-59.8304141,-3.801537500000026],[-59.8338706,-3.80083480000004],[-59.8356929,-3.788835199999955],[-59.8335446,-3.7519465],[-59.8290913,-3.745480800000047],[-59.8189587,-3.742768199999948],[-59.8202551,-3.737813699999961],[-59.826513,-3.737671399999958],[-59.8271686,-3.728206100000024],[-59.8198322,-3.715746899999975],[-59.821614,-3.704022900000041],[-59.8110871,-3.695472099999968],[-59.7872409,-3.500378700000012],[-59.77500830000001,-3.4636003],[-59.7635758,-3.469334],[-59.7544897,-3.467419600000026],[-59.7382989,-3.471819900000023],[-59.7136157,-3.459640599999969],[-59.6988708,-3.471194],[-59.6762301,-3.469752899999989],[-59.6681397,-3.486126099999958],[-59.65352810000001,-3.496359200000051],[-59.63628270000001,-3.49927],[-59.635448,-3.503089799999981],[-59.6261345,-3.500378800000041],[-59.619017,-3.515277600000021],[-59.6142829,-3.511488],[-59.6140046,-3.515960099999983],[-59.6084619,-3.520458499999974],[-59.6061345,-3.518319],[-59.60475670000001,-3.532103899999985],[-59.5951156,-3.535004100000014],[-59.5873434,-3.549342],[-59.5842853,-3.5455197],[-59.5458925,-3.53965460000001],[-59.5334886,-3.523092299999969],[-59.5390232,-3.522563299999968],[-59.541322,-3.514264499999947],[-59.5228052,-3.505168400000033],[-59.5241137,-3.4986796],[-59.5174489,-3.499984899999984],[-59.5206792,-3.493537499999961],[-59.51014089999999,-3.492974400000013],[-59.5070919,-3.488602599999984],[-59.5058031,-3.501006],[-59.4949063,-3.496146600000021],[-59.4885935,-3.4965808],[-59.4862747,-3.50139210000003],[-59.4790053,-3.497528],[-59.4732703,-3.500282600000051],[-59.4512093,-3.492456],[-59.4130304,-3.504490699999965],[-59.4077079,-3.494748100000047],[-59.3953324,-3.495370800000024],[-59.4015058,-3.4797234],[-59.3945254,-3.478717900000044],[-59.3972651,-3.473654099999958],[-59.390556,-3.462163599999945],[-59.3805693,-3.460809700000035],[-59.374908,-3.452457599999979],[-59.3606979,-3.451166],[-59.3591385,-3.44578069999997],[-59.3460321,-3.440656299999973],[-59.3392605,-3.427284],[-59.338864,-3.41474],[-59.3292458,-3.4149711],[-59.3260819,-3.40673110000004],[-59.3121649,-3.404189800000015],[-59.30641030000001,-3.3949493],[-59.2906116,-3.386655499999969],[-59.2837516,-3.3894037],[-59.2597453,-3.378366199999968],[-59.2368294,-3.3598837],[-59.23352280000001,-3.3502975],[-59.2341834,-3.239593800000042],[-59.17035640000001,-3.272033099999953],[-59.1382067,-3.2830085],[-59.1142692,-3.280939600000034],[-59.0337844,-3.248892299999952],[-59.0005319,-3.244721],[-58.9753601,-3.2575079],[-58.9532735,-3.27776],[-58.9406629,-3.295236],[-58.93980830000001,-3.311547],[-58.9030528,-3.362605400000052],[-58.8499313,-3.4007411],[-58.8207197,-3.3995823],[-58.7844131,-3.3796475],[-58.8032667,-3.450038100000035],[-58.8373881,-3.4495179],[-58.8622756,-3.467318400000043],[-58.9010021,-3.510798900000033],[-58.9171926999999,-3.54758410000002]]]}},{"type":"Feature","properties":{"CD_MUN":"1302108","NM_MUN":"Japurá","SIGLA_UF":"AM","CodigoIBGE":"1302108","SubRegiaoNumero":2,"CalhaSubRegiao":"Região do Triângulo Jutaí/Solimões/Juruá"},"geometry":{"type":"Polygon","coordinates":[[[-68.6922853,-0.586118],[-68.6735782,-0.606657000000183],[-68.6716767,-0.619714899999949],[-68.6578355,-0.624556899999741],[-68.6423881,-0.640220599999841],[-68.637243,-0.656573600000026],[-68.6250252,-0.663250799999836],[-68.622868,-0.675170700000158],[-68.6262965,-0.678713900000079],[-68.6195372,-0.682096399999793],[-68.6219593,-0.696851199999807],[-68.6180093,-0.697711400000025],[-68.6137998,-0.708463999999892],[-68.5991741,-0.715062499999979],[-68.5941011,-0.724811099999774],[-68.5897609,-0.72444620000012],[-68.5908451,-0.71934029999982],[-68.5777915,-0.730711499999905],[-68.5762569,-0.726772699999875],[-68.5669691,-0.735212199999845],[-68.5687809,-0.73906680000008],[-68.5619782,-0.73363330000021],[-68.5541304,-0.747117200000213],[-68.54724,-0.744671100000034],[-68.5441506,-0.748942199999823],[-68.5390045,-0.744107400000015],[-68.538652,-0.748587799999845],[-68.524409,-0.75240789999997],[-68.5235385,-0.756098799999941],[-68.5181135,-0.746163700000202],[-68.5135972,-0.752670699999913],[-68.5159586,-0.758250400000213],[-68.5108272,-0.751256299999828],[-68.5039113,-0.757327899999795],[-68.4972393,-0.757067599999846],[-68.4938217,-0.749231799999903],[-68.487299,-0.7510097],[-68.4885148,-0.75468320000021],[-68.480206,-0.751311899999767],[-68.4803892,-0.757008],[-68.4766719,-0.753028900000027],[-68.4641771,-0.755157899999807],[-68.4640945,-0.750661099999842],[-68.4624428,-0.755607599999914],[-68.4592756,-0.750880900000064],[-68.4581875,-0.75547980000003],[-68.455119,-0.751895300000083],[-68.4502938,-0.756779799999897],[-68.44788480000001,-0.7508178],[-68.4463551,-0.754358699999966],[-68.4429412,-0.751946200000074],[-68.4426851,-0.755967400000166],[-68.4395385,-0.7525222],[-68.4369944,-0.756941400000176],[-68.429018,-0.75557119999982],[-68.4302413,-0.759375300000109],[-68.4254274,-0.761027399999825],[-68.424129,-0.75229030000017],[-68.41630189999998,-0.746288799999946],[-68.4143261,-0.750283699999769],[-68.4099361,-0.741247],[-68.404969,-0.741516800000138],[-68.4046211,-0.735023100000231],[-68.3886299,-0.733813799999956],[-68.38959290000001,-0.739359400000224],[-68.3858696,-0.732985600000137],[-68.3821577,-0.736806299999963],[-68.3744912,-0.731267799999986],[-68.3717003,-0.73480719999997],[-68.3692884,-0.72987],[-68.3680381,-0.733655200000045],[-68.3609697,-0.73317889999991],[-68.3571169,-0.728391099999847],[-68.35841580000002,-0.721969],[-68.3537837,-0.72322339999987],[-68.3524658,-0.717959800000174],[-68.3486518,-0.721806099999961],[-68.3473769,-0.71714930000013],[-68.34418930000001,-0.721167099999951],[-68.3418112,-0.7164106],[-68.3364099,-0.717301200000123],[-68.3327908,-0.70922199999984],[-68.3257865,-0.709794700000036],[-68.3222618,-0.69999339999986],[-68.3157061,-0.70190900000024],[-68.3117626,-0.694639000000239],[-68.29922469999998,-0.698678599999808],[-68.2979952,-0.690960099999881],[-68.303876,-0.685658699999734],[-68.2939488,-0.692095900000231],[-68.2884129,-0.688925599999888],[-68.2901303,-0.680794499999753],[-68.2771057,-0.678440300000238],[-68.2761696,-0.674670100000133],[-68.2679456,-0.683681899999919],[-68.2644371,-0.679103700000077],[-68.2676913,-0.675059699999912],[-68.262224,-0.67089289999996],[-68.2655998,-0.665949599999971],[-68.25300640000002,-0.668118900000218],[-68.2568571,-0.672333499999813],[-68.2495739,-0.676206200000172],[-68.2419658,-0.667297699999794],[-68.2386886,-0.671080199999882],[-68.2329832,-0.665993600000186],[-68.2299626,-0.668472699999915],[-68.2243015,-0.660999499999751],[-68.2147039,-0.66454339999993],[-68.2131308,-0.659122400000216],[-68.21100370000002,-0.66680559999995],[-68.1956732,-0.664991200000231],[-68.1927395,-0.668584900000098],[-68.1883548,-0.665342900000109],[-68.1854817,-0.672373199999957],[-68.181072,-0.671856300000212],[-68.1820855,-0.663034799999982],[-68.1760163,-0.670933299999734],[-68.1673189,-0.665571099999884],[-68.1611162,-0.999070499999852],[-68.160696,-1.483431900000051],[-68.1271932,-1.499739499999963],[-68.08885629999999,-1.4987713],[-68.0611377,-1.482657800000121],[-68.0268262,-1.474387100000107],[-67.9735259,-1.485256200000097],[-67.9341246,-1.5126039],[-67.9175872,-1.518182100000083],[-67.8780706,-1.508563499999925],[-67.8538694,-1.489525000000105],[-67.8317202,-1.48192380000011],[-67.8004763,-1.486721499999949],[-67.74477220000001,-1.522007900000093],[-67.72174309999998,-1.527665299999893],[-67.6956855,-1.525247700000074],[-67.6495041,-1.512070200000041],[-67.6199306,-1.558218399999961],[-67.6167315,-1.566592099999907],[-67.6191734,-1.595994],[-67.6085981,-1.612210599999982],[-67.5900374,-1.616976499999911],[-67.5546774,-1.639955700000023],[-67.5266503,-1.650927599999964],[-67.4892099,-1.652198],[-67.4388766,-1.640700700000074],[-67.3939297,-1.665310200000072],[-67.3857625,-1.664316200000023],[-67.3693741,-1.6318248],[-67.3532911,-1.6201523],[-67.3304273,-1.619851600000045],[-67.3097859,-1.612092600000028],[-67.2862877,-1.609603],[-67.2436556,-1.62076910000003],[-67.2148455,-1.608903],[-67.1514513,-1.604343299999977],[-67.1100676,-1.582107099999983],[-67.0759566,-1.579840799999934],[-67.0497633,-1.581738599999945],[-67.0061804,-1.594612800000094],[-66.9731754,-1.590912199999935],[-66.9185689,-1.610244800000028],[-66.8821495,-1.605009799999968],[-66.8526805,-1.60779820000003],[-66.8184563,-1.5989185],[-66.7922585,-1.59871710000001],[-66.775256,-1.601654100000047],[-66.7379506,-1.624092299999893],[-66.7051739,-1.623879999999899],[-66.657457,-1.601407799999976],[-66.6302032,-1.571308600000073],[-66.5518105,-1.536378600000015],[-66.5223378,-1.530807900000029],[-66.4866718,-1.514298799999934],[-66.4531741,-1.478709199999981],[-66.4406977,-1.475067500000083],[-66.4068384,-1.478098299999886],[-66.3870379,-1.469431900000073],[-66.3682345,-1.475102300000039],[-66.3637881,-1.485014899999893],[-66.3721428,-1.533281],[-66.3688696,-1.543514800000092],[-66.3457292,-1.563338499999883],[-66.316846,-1.569223699999956],[-66.2881206,-1.5485353],[-66.2585312,-1.507119200000111],[-66.2415072,-1.491952300000061],[-66.1928365,-1.472383899999987],[-66.1485039,-1.441825200000124],[-66.09747890000001,-1.423083800000015],[-66.0015598,-1.413727699999927],[-66.0013638,-2.144831299999939],[-66.0182263,-2.141549600000054],[-66.0255391,-2.12088270000005],[-66.03879440000001,-2.114590799999961],[-66.0353905,-2.100718],[-66.0395159,-2.087230500000053],[-66.0564824,-2.073932599999917],[-66.0726909,-2.072151300000051],[-66.090108,-2.078346199999982],[-66.1209587,-2.07182419999996],[-66.1361714,-2.075042400000023],[-66.1386701,-2.064124599999957],[-66.1452302,-2.062616599999974],[-66.151759,-2.070437899999984],[-66.1624973,-2.060977100000015],[-66.1731154,-2.064022599999932],[-66.1801354,-2.043130199999931],[-66.1784825,-2.034792900000011],[-66.1728342,-2.031821599999923],[-66.1522923,-2.033498600000077],[-66.1623451,-2.020988699999974],[-66.1640152,-1.985442],[-66.1876769,-1.990149],[-66.2206218,-2.0099148],[-66.2435734,-2.0162149],[-66.256043,-2.025011499999964],[-66.2587249,-2.033214499999978],[-66.2622315,-2.025028499999958],[-66.2679015,-2.0233273],[-66.30522,-2.029785],[-66.3174467,-2.0405941],[-66.3111258,-2.05706240000008],[-66.3246053,-2.0572873],[-66.3360142,-2.067924500000021],[-66.3355192,-2.077700500000087],[-66.3493212,-2.08392769999994],[-66.3503295,-2.067083],[-66.3373667,-2.056392699999964],[-66.34100849999999,-2.0497288],[-66.3574772,-2.043913699999966],[-66.4050379,-1.995862200000037],[-66.4101477,-1.971580700000062],[-66.422953,-1.957809300000048],[-66.4261749,-1.94023],[-66.4318712,-1.932732399999935],[-66.4517638,-1.931792399999945],[-66.5098427,-1.9718724],[-66.5302307,-1.993271600000022],[-66.53868,-2.024463099999911],[-66.5280396,-2.055785699999953],[-66.529177,-2.06430730000002],[-66.5466501,-2.0841663],[-66.5584825,-2.10789250000005],[-66.5741692,-2.1157145],[-66.5998146,-2.117804899999927],[-66.6130654,-2.147163599999932],[-66.6407871,-2.1531899],[-66.6661779,-2.146114699999935],[-66.7141517,-2.1658471],[-66.7527355,-2.151012400000084],[-66.7719249,-2.149504100000035],[-66.7788462,-2.153656799999963],[-66.7857583,-2.195671900000068],[-66.791068,-2.202447399999975],[-66.8175116,-2.197796800000058],[-66.848263,-2.216846799999986],[-66.8949805,-2.228672299999937],[-66.9217869,-2.2295011],[-66.9530955,-2.248030100000066],[-67.0327657,-2.2538063],[-67.07087,-2.273947],[-67.0873769,-2.2723032],[-67.1049011,-2.268162599999968],[-67.1232319,-2.249460299999987],[-67.1427369,-2.248009900000043],[-67.1765931,-2.252752],[-67.2040938,-2.2458645],[-67.2094065,-2.221964699999929],[-67.231514,-2.205183099999927],[-67.2637058,-2.196077399999978],[-67.2923676,-2.172130099999986],[-67.3093494,-2.173120499999981],[-67.3450079,-2.225189599999956],[-67.346232,-2.233384799999975],[-67.3380682,-2.248839099999948],[-67.3425952,-2.263890399999947],[-67.3738962,-2.2759666],[-67.3930393,-2.30480679999992],[-67.4199265,-2.309264299999932],[-67.4510966,-2.325807399999976],[-67.465149,-2.337837500000027],[-67.4745131,-2.337370399999978],[-67.4897049,-2.345368499999947],[-67.5208728,-2.369558600000034],[-67.5420095,-2.372303700000071],[-67.5564556,-2.385485099999959],[-67.5589908,-2.392737099999948],[-67.5550115,-2.41014],[-67.5647311,-2.428774400000018],[-67.565015,-2.457342800000021],[-67.5717312,-2.47479],[-67.5920416,-2.47628410000004],[-67.6044837,-2.488103700000046],[-67.6216543,-2.488642900000029],[-67.6312904,-2.493558100000046],[-67.6394527,-2.530666500000067],[-67.641119,-2.561217800000046],[-67.64648970000002,-2.569656400000028],[-67.6686262,-2.585885],[-67.6944544,-2.59008890000004],[-67.6978818,-2.605667499999976],[-67.7251802,-2.618546599999956],[-67.7434819,-2.63308450000004],[-67.7354029,-2.666988800000027],[-67.7532658,-2.685614499999955],[-67.7567876,-2.709635500000048],[-67.7627631,-2.714558900000049],[-67.7965144,-2.708209099999966],[-67.8118465,-2.718048600000049],[-67.8238739,-2.733045799999954],[-67.8566556,-2.716827],[-67.8684383,-2.702863799999985],[-67.888402,-2.6934153],[-67.9275682,-2.687896],[-67.9437963,-2.6694979],[-67.9512637,-2.6681857],[-67.96904350000001,-2.6891795],[-67.9925977,-2.677624699999959],[-67.9980461,-2.66962519999997],[-68.0072923,-2.670400600000019],[-68.055961,-2.609018500000011],[-68.0585725,-2.597394400000032],[-68.0512599,-2.571616499999939],[-68.0586536,-2.553909700000046],[-68.0749354,-2.553656],[-68.0896827,-2.560881099999978],[-68.1094019,-2.543033599999961],[-68.1461024,-2.552027],[-68.1663242,-2.551082600000048],[-68.1739573,-2.554237400000048],[-68.1831263,-2.569072099999933],[-68.1902077,-2.572628700000033],[-68.2140176,-2.571668399999982],[-68.2386299,-2.552453600000013],[-68.2447914,-2.542007500000021],[-68.29874179999999,-2.528113],[-68.30826870000001,-2.530081200000019],[-68.32021,-2.546034900000034],[-68.335824,-2.580415700000023],[-68.3381794,-2.596111299999953],[-68.3574062,-2.61625],[-68.3848808,-2.614767799999978],[-68.4026544,-2.619610499999939],[-68.4374851,-2.608246800000036],[-68.4535219,-2.608435599999967],[-68.4674042,-2.598077800000025],[-68.4770742,-2.59845190000001],[-68.4834862,-2.593736100000056],[-68.491988,-2.593264499999931],[-68.508434,-2.602352],[-68.5394634,-2.604203099999944],[-68.5523279,-2.619198],[-68.5627118,-2.656022799999988],[-68.5706044,-2.661730200000036],[-68.5859596,-2.652340799999964],[-68.6126304,-2.646716699999956],[-68.6349929,-2.6755785],[-68.6533504,-2.711873800000038],[-68.677493,-2.727350099999962],[-68.6958519,-2.729058299999986],[-68.7097169,-2.739452100000034],[-68.7271839,-2.744680300000045],[-68.7635186,-2.7779263],[-68.77563060000001,-2.7819783],[-68.8056857,-2.778330400000019],[-68.840327,-2.805848299999951],[-68.8793556,-2.793379099999945],[-68.90763,-2.801474200000034],[-68.9175461,-2.799007500000021],[-68.9347745,-2.802081899999984],[-68.9402426,-2.809036899999945],[-68.9570481,-2.816077600000013],[-68.9730205,-2.8111555],[-68.9868011,-2.789692600000052],[-69.0004898,-2.781356],[-69.0227441,-2.793242599999955],[-69.0376563,-2.825692399999949],[-69.0459368,-2.834959200000059],[-69.0568021,-2.84096879999998],[-69.0666057,-2.838125500000015],[-69.0890202,-2.793727199999968],[-69.1169884,-2.774117900000044],[-69.1275463,-2.74752730000001],[-69.1402141,-2.734552199999972],[-69.1515725,-2.728226100000045],[-69.1734624,-2.735813300000037],[-69.1766868,-2.726362900000049],[-69.1719674,-2.706055799999934],[-69.1828828,-2.6810489],[-69.183465,-2.642872299999956],[-69.2045799,-2.6070597],[-69.2158275,-2.602445099999938],[-69.2290176,-2.605881199999986],[-69.2392155,-2.593490500000029],[-69.3087695,-2.61558629999996],[-69.3165773,-2.6017857],[-69.3170731,-2.588893299999977],[-69.3563821,-2.5417719],[-69.3755711,-2.531415899999954],[-69.4140778,-2.5299183],[-69.4264391,-2.534094400000015],[-69.4418526,-2.531151099999937],[-69.4317167,-2.491456899999938],[-69.4378317,-2.483856900000051],[-69.4704946,-2.474385],[-69.4870746,-2.457570600000012],[-69.50677080000001,-2.449427500000022],[-69.6136248,-2.44019890000001],[-69.4517125,-1.5389494],[-69.4570142,-1.491589500000016],[-69.4338433,-1.457544100000076],[-69.43421890000002,-1.398243700000122],[-69.4231648,-1.379827500000079],[-69.4000761,-1.366986200000021],[-69.3971222,-1.360296699999923],[-69.4086769,-1.326935899999932],[-69.4085031,-1.284192300000098],[-69.4266605,-1.2470089],[-69.43091739999998,-1.226940299999921],[-69.41658270000002,-1.186455500000124],[-69.4131076,-1.154658499999928],[-69.3969485,-1.1398894],[-69.3951241,-1.123990900000086],[-69.4046806,-1.103835399999882],[-69.4331533,-1.070936299999838],[-69.4312332,-1.0664011],[-69.4248415,-1.0719569],[-69.419808,-1.069464599999965],[-69.4305939,-1.061004300000087],[-69.4256002,-1.060796799999831],[-69.4185732,-1.043976200000013],[-69.4243,-1.046410700000154],[-69.4284221,-1.043422799999903],[-69.4292244,-1.034874200000061],[-69.4332913,-1.041098899999853],[-69.4316452,-1.036257500000123],[-69.4427529,-1.033739899999899],[-69.4449799,-1.02394629999985],[-69.437436,-1.028883100000116],[-69.4384232,-1.02333770000003],[-69.4313962,-1.020031700000115],[-69.4345174,-1.014292199999985],[-69.4203991,-1.0122438],[-69.4325394,-1.007944800000102],[-69.4291276,-1.00386119999992],[-69.4200256,-1.006765999999858],[-69.4188278,-0.997943199999951],[-69.4337947,-1.003854800000114],[-69.4382134,-0.990765400000111],[-69.4490707,-0.996868],[-69.4560334,-0.99081089999993],[-69.4590547,-0.993619],[-69.4592324,-0.988571599999983],[-69.4673367,-0.982102400000039],[-69.4635114,-0.979518300000038],[-69.462,-0.967677600000145],[-69.4685489,-0.965182200000121],[-69.4708879,-0.957709300000013],[-69.4750277,-0.959666899999963],[-69.4853525,-0.947891900000071],[-69.4918034,-0.952667900000037],[-69.4922426,-0.944311399999962],[-69.4995804,-0.94928989999985],[-69.4965756,-0.943720999999846],[-69.5084842,-0.939108599999966],[-69.510192,-0.927304600000049],[-69.5161308,-0.932343],[-69.5185687,-0.924702200000054],[-69.5280956,-0.924806699999922],[-69.5235825,-0.920903200000043],[-69.5291323,-0.91786220000018],[-69.5265884,-0.908610800000125],[-69.5347828,-0.9048789],[-69.5317565,-0.900428000000136],[-69.5226262,-0.902172299999905],[-69.5204082,-0.899200599999949],[-69.5309311,-0.894766199999852],[-69.5215972,-0.892645200000095],[-69.5251544,-0.890395599999883],[-69.5223355,-0.885666700000142],[-69.5301738,-0.878714400000135],[-69.5234014,-0.874781400000159],[-69.5319078,-0.872879899999835],[-69.5261796,-0.873441799999912],[-69.5257548,-0.868001300000139],[-69.53111480000001,-0.867270099999919],[-69.5337848,-0.858419399999832],[-69.5358358,-0.866877200000037],[-69.5391052,-0.858179900000039],[-69.5450088,-0.861629000000165],[-69.5488942,-0.850921400000046],[-69.55534149999998,-0.851844400000116],[-69.5570134,-0.844348399999949],[-69.5647866,-0.846499900000093],[-69.5730707,-0.83846999999983],[-69.5727669,-0.831680200000122],[-69.5680133,-0.831896999999817],[-69.5581426,-0.818148900000062],[-69.5642451,-0.806660699999939],[-69.569481,-0.8038640000002],[-69.56921850000002,-0.808657999999873],[-69.5745769,-0.809476199999819],[-69.574548,-0.798498100000176],[-69.57844,-0.8025352000002],[-69.578935,-0.798549300000069],[-69.5836208,-0.799667399999845],[-69.5890321,-0.788896099999905],[-69.584633,-0.787299199999848],[-69.586348,-0.781312800000051],[-69.601106,-0.784104300000172],[-69.5967563,-0.778107700000022],[-69.6015127,-0.777801799999959],[-69.6031216,-0.767205999999832],[-69.6066487,-0.769695499999956],[-69.6122217,-0.764579099999868],[-69.6067125,-0.754094699999939],[-69.6186787,-0.756818499999808],[-69.6153391,-0.745405700000166],[-69.6188139,-0.742690299999979],[-69.6253532,-0.745788499999921],[-69.6164752,-0.736474099999919],[-69.6234408,-0.736460400000224],[-69.6238823,-0.728642900000106],[-69.619,-0.731915000000178],[-69.6161567,-0.726656399999927],[-69.6081921,-0.725607900000148],[-69.6159175,-0.718016799999756],[-69.6058744,-0.7203656000002],[-69.6033176,-0.714920900000211],[-69.6083024,-0.710543099999933],[-69.601789,-0.711745200000171],[-69.6021772,-0.701382799999829],[-69.5981991,-0.698495399999803],[-69.6025435,-0.695910000000161],[-69.5958345,-0.693417099999873],[-69.5991431,-0.687562699999801],[-69.592669,-0.690958500000126],[-69.595007,-0.685195500000169],[-69.5827162,-0.680358300000153],[-69.5850707,-0.671381999999872],[-69.5791899,-0.671924600000031],[-69.5758578,-0.666131299999935],[-69.5803119,-0.66605030000019],[-69.5816752,-0.660637799999832],[-69.5735786,-0.661300899999743],[-69.5776874,-0.659008],[-69.5741997,-0.6566115],[-69.5754432,-0.6500082999998],[-69.5622153,-0.636124100000046],[-69.5672142,-0.630566],[-69.5738672,-0.631256300000089],[-69.5755074,-0.627903300000192],[-69.569641,-0.621693200000123],[-69.57758430000001,-0.614139500000193],[-69.5824035,-0.618922],[-69.5863583,-0.617431999999863],[-69.5828082,-0.614746500000267],[-69.5903866,-0.606156400000026],[-69.5886943,-0.602256900000283],[-69.60326249999999,-0.595267099999718],[-69.60371550000002,-0.589438600000044],[-69.5950632,-0.579483299999954],[-69.5965009,-0.565502699999761],[-69.5914679,-0.56057159999995],[-69.5965906,-0.5572681],[-69.5944797,-0.550866900000136],[-69.5973457,-0.55381859999991],[-69.5984635,-0.547790999999869],[-69.603055,-0.547183700000287],[-69.5989656,-0.54438179999968],[-69.6141112,-0.533994199999824],[-69.614661,-0.519590100000079],[-69.6079044,-0.514877799999722],[-69.6105949,-0.511710099999683],[-69.6072497,-0.504882800000238],[-69.6115533,-0.502109100000062],[-69.6082854,-0.500370599999804],[-69.6201546,-0.495776400000288],[-69.6243987,-0.4999785],[-69.6255436,-0.494300799999744],[-69.6319387,-0.491415199999692],[-69.6341236,-0.495772],[-69.6358097,-0.49108070000019],[-69.6409677,-0.493363099999889],[-69.64239950000001,-0.479892199999793],[-69.6530356,-0.47588],[-69.662047,-0.46644010000017],[-69.664039,-0.47000829999993],[-69.6660022,-0.464374000000347],[-69.6792771,-0.466723499999948],[-69.6809013,-0.460310799999853],[-69.6855659,-0.463092199999893],[-69.6837353,-0.460768800000027],[-69.6916351,-0.455277300000311],[-69.6944503,-0.459218999999824],[-69.6929762,-0.453475599999665],[-69.69727829999998,-0.454705500000125],[-69.69664219999999,-0.450453100000353],[-69.7044088,-0.45434680000005],[-69.7058284,-0.450106399999972],[-69.708987,-0.453904100000077],[-69.7112115,-0.447972600000345],[-69.72010889999999,-0.448745799999982],[-69.7193323,-0.443090399999806],[-69.7215146,-0.447121400000308],[-69.7221162,-0.441837899999951],[-69.7234015,-0.445425899999843],[-69.7266655,-0.44536780000033],[-69.7309092,-0.437371999999837],[-69.7384826,-0.437345299999718],[-69.7415212,-0.421483699999654],[-69.7441349,-0.424815099999977],[-69.7444381,-0.419710600000104],[-69.7493815,-0.42014809999993],[-69.7487098,-0.414509999999647],[-69.75225229999998,-0.410982900000269],[-69.7549543,-0.413592699999744],[-69.7534344,-0.408185000000386],[-69.7654667,-0.403383600000319],[-69.7749926,-0.394291299999957],[-69.7740221,-0.390911799999671],[-69.779976,-0.395348500000305],[-69.7901499,-0.392365399999718],[-69.79391309999998,-0.3873494],[-69.7919038,-0.383557800000351],[-69.801534,-0.381321600000203],[-69.81150930000001,-0.3724289000003],[-69.8287982,-0.375419300000105],[-69.8325424,-0.353695900000229],[-69.844795,-0.337082699999489],[-69.8682061,-0.340058799999622],[-69.8824443,-0.333754200000519],[-69.8897845,-0.341851999999574],[-69.9208415,-0.325626100000505],[-69.9352279,-0.304526400000284],[-69.9356986,-0.293913999999778],[-69.94553610000001,-0.293294500000307],[-69.9519388,-0.284419000000427],[-69.9503904,-0.279334800000542],[-69.9708955,-0.267538300000031],[-69.9826516,-0.246009599999783],[-69.9937663,-0.241639700000222],[-69.9935616,-0.232315699999611],[-70.0001545,-0.221881599999534],[-70.027784,-0.206205100000663],[-70.040904,-0.1920729000003],[-70.05457789999998,-0.188291500000784],[-70.0650244,-0.16390390000049],[-70.048524,-0.141769699999129],[-70.0465964,-0.1276956000003],[-70.04711995691349,0.068338832419749],[-70.013214,0.065327899998568],[-69.9921909,0.053748799999194],[-69.9855758,0.038552000003991],[-69.9892453,0.006258700025584],[-69.984548,-0.005742199980001],[-69.9613259,-0.010959000009505],[-69.951861,-0.020585299996363],[-69.9464372,-0.074990499999342],[-69.9418779,-0.085352200001333],[-69.9211894,-0.102422999999198],[-69.9062966,-0.108419000000328],[-69.8988839,-0.116817299998786],[-69.89499120000002,-0.131037900000789],[-69.8834965,-0.143353100000668],[-69.8666565,-0.143212899999275],[-69.8481273,-0.123228300000389],[-69.8126094,-0.118388600000354],[-69.8048514,-0.106737899998613],[-69.7979937,-0.08134010000058],[-69.7896555,-0.074043599999842],[-69.7745983,-0.077664000001371],[-69.75765880000002,-0.098589399998681],[-69.7554358,-0.106605599998477],[-69.760434,-0.132723200001207],[-69.7563592,-0.148424799999203],[-69.7479327,-0.159991999999834],[-69.7188002,-0.1711723],[-69.6768682,-0.167602599999815],[-69.6601633,-0.175405900000027],[-69.647136,-0.194631099999122],[-69.6041821,-0.220874899999688],[-69.6057625,-0.298332499999845],[-69.603876,-0.310548500000439],[-69.5917701,-0.325764299999663],[-69.5751268,-0.334299400000387],[-69.5432128,-0.338238799999686],[-69.5017686,-0.360981999999648],[-69.4876931,-0.371474500000117],[-69.48579580000002,-0.401024300000413],[-69.4769175,-0.408925599999679],[-69.4574661,-0.402163299999893],[-69.4347431,-0.405191600000282],[-69.4212047,-0.4007971000004],[-69.4089407,-0.40693209999992],[-69.3966936,-0.424119900000015],[-69.3743529,-0.438651400000036],[-69.3540147,-0.477168699999921],[-69.3452701,-0.483412899999957],[-69.3094066,-0.489454999999662],[-69.2864039,-0.516834599999733],[-69.2582842,-0.521440899999725],[-69.2189668,-0.511509799999753],[-69.1810177,-0.523718900000153],[-69.1586389,-0.53853609999968],[-69.1379501,-0.533331799999828],[-69.1175419,-0.53398520000018],[-69.1046949,-0.5158486],[-69.0824947,-0.510548000000291],[-69.0634753,-0.499727900000215],[-69.032632,-0.503118999999658],[-69.0304696,-0.49301150000032],[-69.0193003,-0.491400399999964],[-69.0140852,-0.484985900000132],[-68.9833374,-0.488558899999731],[-68.9610569,-0.47728300000021],[-68.9440662,-0.484867399999884],[-68.9200635,-0.484566799999778],[-68.9071698,-0.496488299999939],[-68.8628582,-0.511390299999739],[-68.8499524,-0.525782699999835],[-68.8155112,-0.529593399999966],[-68.7820178,-0.550399],[-68.7650755,-0.549690100000155],[-68.75038890000002,-0.559862800000295],[-68.7189191,-0.562777],[-68.6989524,-0.569573300000156],[-68.6972962,-0.578239399999759],[-68.6913767,-0.580657199999945],[-68.6922853,-0.586118]]]}},{"type":"Feature","properties":{"CD_MUN":"1303403","NM_MUN":"Parintins","SIGLA_UF":"AM","CodigoIBGE":"1303403","SubRegiaoNumero":9,"CalhaSubRegiao":"Região do Baixo Amazonas"},"geometry":{"type":"Polygon","coordinates":[[[-56.7334723,-2.73414580000002],[-56.7541582,-2.724475399999942],[-56.7857329,-2.729840499999955],[-56.8058497,-2.742145699999939],[-56.8217747,-2.764227699999956],[-56.84035080000001,-2.743379099999979],[-56.850713,-2.744017800000015],[-56.8904089,-2.772976499999985],[-56.9010531,-2.774483799999941],[-56.9493302,-2.747076300000014],[-56.9261185,-2.729135200000064],[-56.9241271,-2.721614200000024],[-56.9290688,-2.717743799999969],[-56.9264967,-2.708007900000034],[-56.9201227,-2.698792],[-56.9142344,-2.6979305],[-56.9170237,-2.690313700000056],[-56.9096581,-2.680573700000037],[-56.9119412,-2.677675099999968],[-56.9329084,-2.6816364],[-56.9414826,-2.666156399999966],[-56.9796869,-2.67810190000005],[-56.9863621,-2.68941990000005],[-57.0220948,-2.691192500000039],[-57.0283654,-2.7040884],[-57.0369539,-2.710801400000029],[-57.0689012,-2.7217543],[-57.0855385,-2.7222044],[-57.0939803,-2.72889949999998],[-57.1055424,-2.717317700000067],[-57.1161975,-2.72268889999996],[-57.13956610000001,-2.716331400000036],[-57.165233,-2.722821300000051],[-57.1801535,-2.720535299999983],[-57.1825539,-2.714938900000021],[-57.178207,-2.696951799999968],[-57.1832837,-2.686396299999974],[-57.1923053,-2.686769499999961],[-57.1967904,-2.681167600000053],[-57.2237368,-2.693520200000071],[-57.263942,-2.676425200000013],[-57.281326,-2.662981099999989],[-57.287465,-2.650545100000059],[-57.2992085,-2.644367300000047],[-57.2987337,-2.635976699999958],[-57.3030239,-2.632887900000071],[-57.3477429,-2.634298700000061],[-57.3613191,-2.643400100000014],[-57.3763548,-2.643869599999956],[-57.39964350000001,-2.624435],[-57.4127765,-2.621199400000048],[-57.4147961,-2.596639900000038],[-57.4290116,-2.589818299999969],[-57.2892284,-2.489242800000028],[-57.3135998,-2.474403099999984],[-57.3304061,-2.4577627],[-57.3334878,-2.440949699999988],[-57.3495724,-2.41962510000003],[-57.4086155,-2.381387900000065],[-57.2633656,-2.349765299999941],[-57.2387244,-2.380205700000058],[-57.2178193,-2.39165250000001],[-57.2051193,-2.370959],[-57.1911074,-2.3647945],[-57.180592,-2.3391277],[-57.1719916,-2.331937899999986],[-57.1434295,-2.336421499999982],[-57.1140433,-2.3326133],[-57.1032639,-2.33397],[-57.087254,-2.34537060000001],[-57.0577664,-2.355916100000026],[-57.0363581,-2.379120799999923],[-57.0044412,-2.376729],[-56.9939009,-2.382020699999986],[-56.978815,-2.382292299999976],[-56.9694205,-2.380779599999972],[-56.9536038,-2.367209599999927],[-56.9470619,-2.367842199999974],[-56.9373864,-2.377251099999968],[-56.926812,-2.368356500000012],[-56.9359533,-2.393917300000064],[-56.9308045,-2.397855800000013],[-56.9270633,-2.411605400000018],[-56.9457717,-2.417982400000072],[-56.9486512,-2.4255834],[-56.8828829,-2.424999599999954],[-56.8779345,-2.416999500000049],[-56.8814068,-2.402784599999985],[-56.8759934,-2.400468600000065],[-56.8642961,-2.404743300000017],[-56.8651856,-2.418316099999961],[-56.8606682,-2.422981699999988],[-56.8487469,-2.420945100000022],[-56.8413569,-2.409880900000023],[-56.8324492,-2.406795599999935],[-56.7731814,-2.420098400000057],[-56.7707351,-2.408595400000047],[-56.7804424,-2.385350700000017],[-56.7358604,-2.379175800000017],[-56.7173456,-2.371914500000016],[-56.6741076,-2.385205099999983],[-56.6775741,-2.371522399999979],[-56.6432835,-2.356997800000053],[-56.6236867,-2.320537399999956],[-56.6097394,-2.319102299999975],[-56.5906158,-2.324989899999928],[-56.5339089,-2.285510799999959],[-56.5401749,-2.261695],[-56.5169195,-2.242535799999942],[-56.4951167,-2.2497291],[-56.4913534,-2.265723700000078],[-56.4819442,-2.267235900000015],[-56.4692935,-2.25956170000001],[-56.4478623,-2.279950400000049],[-56.4287401,-2.275240199999986],[-56.4197751,-2.277703199999935],[-56.4050842,-2.26110960000004],[-56.4030881,-2.2641014],[-56.4102329,-2.274921],[-56.3892493,-2.27852339999993],[-56.4127577,-2.321715500000069],[-56.4208334,-2.360191799999922],[-56.4655948,-2.423115099999984],[-56.462267,-2.433917299999949],[-56.4374562,-2.440227700000018],[-56.4254293,-2.449135],[-56.4079303,-2.450164200000031],[-56.40210720000001,-2.456516799999956],[-56.5004881,-2.660511899999955],[-56.8100974,-3.332978099999989],[-56.8219955,-3.323653199999971],[-56.8381906,-3.322440599999974],[-56.8519973,-3.301012399999981],[-56.8606654,-3.301710900000045],[-56.86705890000001,-3.29715280000003],[-56.8871285,-3.301346900000043],[-56.9293396,-3.279767],[-56.9379276,-3.26908779999998],[-56.9417573,-3.233514],[-56.9686095,-3.206287600000012],[-56.9823478,-3.216855],[-56.992469,-3.218154399999946],[-57.005873,-3.214692],[-57.0262369,-3.216936299999978],[-57.0455638,-3.20899309999995],[-57.0407569,-3.190407699999969],[-57.0475799,-3.184583800000026],[-57.0475805,-3.178561699999961],[-57.0210384,-3.138935499999955],[-57.019654,-3.117638400000049],[-56.9960688,-3.070528900000046],[-57.0021121,-3.0569758],[-56.9965828,-3.044038],[-56.9988036,-3.032813099999982],[-57.0192886,-3.01937980000004],[-57.0416688,-3.030045699999951],[-57.0468791,-3.026168600000017],[-57.030671,-3.013947599999977],[-57.0200641,-2.981763899999969],[-57.0163681,-2.932573500000053],[-57.0083082,-2.926696200000046],[-56.9833248,-2.91981],[-56.967811,-2.906237300000019],[-56.9478635,-2.910085699999932],[-56.9176476,-2.894325600000048],[-56.8998078,-2.898261499999968],[-56.8850138,-2.9083204],[-56.872399,-2.907006900000019],[-56.8593425,-2.919910199999969],[-56.8335985,-2.878014599999952],[-56.8358322,-2.854056],[-56.8110302,-2.783515499999947],[-56.7889428,-2.753693599999989],[-56.7458131,-2.747224499999981],[-56.7368829,-2.742113600000069],[-56.7334723,-2.73414580000002]]]}},{"type":"Feature","properties":{"CD_MUN":"1301704","NM_MUN":"Humaitá","SIGLA_UF":"AM","CodigoIBGE":"1301704","SubRegiaoNumero":5,"CalhaSubRegiao":"Região do Madeira"},"geometry":{"type":"Polygon","coordinates":[[[-62.8666166,-7.975868299999984],[-63.6212491,-7.9765317],[-63.6191896,-7.958728099999989],[-63.6241231,-7.9434273],[-63.6199007,-7.921554],[-63.6250427,-7.9062464],[-63.6202981,-7.8942166],[-63.6291673,-7.883121899999988],[-63.6341851,-7.8830089],[-63.6345783,-7.873864699999979],[-63.6218914,-7.855848600000022],[-63.61261970000001,-7.8565562],[-63.5998976,-7.846198],[-63.5850757,-7.847701500000024],[-63.5838744,-7.842314300000015],[-63.5680461,-7.846976799999978],[-63.5582841,-7.84376670000001],[-63.5469429,-7.824025400000023],[-63.5479753,-7.808470399999984],[-63.5332891,-7.811241899999978],[-63.5363758,-7.805787899999984],[-63.5341442,-7.803535500000017],[-63.532883,-7.80740979999998],[-63.5330962,-7.802086],[-63.5270278,-7.798635],[-63.5292727,-7.795885599999989],[-63.5226762,-7.795757699999985],[-63.5224297,-7.7908388],[-63.5137906,-7.78398540000001],[-63.5139177,-7.789041799999973],[-63.5080964,-7.7890271],[-63.5073778,-7.781779300000017],[-63.5010498,-7.777980499999985],[-63.5036925,-7.7752925],[-63.4957342,-7.7690293],[-63.4918353,-7.77147619999998],[-63.484795,-7.7604238],[-63.4823256,-7.7634681],[-63.4779022,-7.760740400000011],[-63.4761723,-7.7571197],[-63.4799477,-7.755937400000016],[-63.4753265,-7.7487604],[-63.4694946,-7.746093],[-63.4540311,-7.750492800000013],[-63.4587724,-7.747449800000016],[-63.4553119,-7.745292200000018],[-63.4432195,-7.7477513],[-63.4396424,-7.744728900000028],[-63.443251,-7.739540100000013],[-63.4373055,-7.736175799999975],[-63.436894,-7.74136890000002],[-63.4286005,-7.742947600000023],[-63.4164016,-7.7344],[-63.4171756,-7.7385879],[-63.41005470000001,-7.7383044],[-63.4007287,-7.729560599999981],[-63.39987820000001,-7.7207207],[-63.3955616,-7.72324859999998],[-63.3967727,-7.7174262],[-63.4004026,-7.718024200000012],[-63.3934595,-7.7148224],[-63.39763820000001,-7.708276600000028],[-63.395545,-7.6893034],[-63.3853277,-7.6824246],[-63.3879683,-7.676466],[-63.3836538,-7.67673530000002],[-63.3860816,-7.6701283],[-63.3815271,-7.6708416],[-63.3797588,-7.662555],[-63.3872232,-7.655893800000018],[-63.3954812,-7.656525499999988],[-63.3923914,-7.6484638],[-63.3940293,-7.6457815],[-63.3972218,-7.649023200000017],[-63.3953646,-7.6360851],[-63.4072746,-7.629548100000012],[-63.4192579,-7.629433100000011],[-63.4214835,-7.6199007],[-63.4162882,-7.621157499999986],[-63.4223816,-7.6165902],[-63.42208,-7.609547],[-63.42656070000001,-7.6112758],[-63.4293417,-7.606406699999982],[-63.4223678,-7.6065989],[-63.4262659,-7.5998737],[-63.4135745,-7.587666],[-63.40771860000001,-7.5913652],[-63.4031288,-7.58918420000002],[-63.4076684,-7.581856600000012],[-63.4015544,-7.585031800000018],[-63.4041106,-7.5743425],[-63.393911,-7.568963200000011],[-63.3992569,-7.5681869],[-63.3952628,-7.5580717],[-63.3841255,-7.556403600000019],[-63.3816831,-7.551476399999989],[-63.3725573,-7.553223],[-63.3735831,-7.5484011],[-63.3818182,-7.547579399999987],[-63.3736182,-7.545975500000019],[-63.3771329,-7.542271699999975],[-63.3763877,-7.5347158],[-63.3710176,-7.532899700000018],[-63.374022,-7.5283245],[-63.365907,-7.5302974],[-63.3688827,-7.5255584],[-63.361498,-7.527658099999984],[-63.35998,-7.523443],[-63.3481146,-7.523338599999987],[-63.3397805,-7.508584199999985],[-63.33575410000001,-7.509704799999986],[-63.3358839,-7.503008600000017],[-63.3307072,-7.5001278],[-63.3358817,-7.4977648],[-63.3331273,-7.492125500000014],[-63.3265647,-7.489024600000021],[-63.299575,-7.492417800000015],[-63.3179837,-7.476668500000013],[-63.3142885,-7.471237699999979],[-63.31696,-7.466639100000011],[-63.3094504,-7.469072100000024],[-63.3047417,-7.466081700000021],[-63.3040521,-7.4604034],[-63.3118547,-7.46048539999998],[-63.3031849,-7.449377499999982],[-63.30835,-7.4464084],[-63.3083135,-7.441387400000013],[-63.3135744,-7.440823300000016],[-63.3211224,-7.447914299999976],[-63.3217337,-7.4397311],[-63.3272486,-7.4384249],[-63.322981,-7.434166600000021],[-63.3299146,-7.4354739],[-63.3289972,-7.4290273],[-63.3333117,-7.43232580000001],[-63.3340154,-7.424087599999983],[-63.3296819,-7.420124900000017],[-63.3393387,-7.4172585],[-63.3315924,-7.414088],[-63.3397479,-7.4141336],[-63.3428396,-7.4098954],[-63.336677,-7.403051400000013],[-63.3207097,-7.3970996],[-63.3209701,-7.4034876],[-63.3166053,-7.405504700000018],[-63.3132131,-7.400722399999975],[-63.3144098,-7.406402800000023],[-63.3095468,-7.409733300000022],[-63.3026753,-7.3980536],[-63.2992022,-7.399303199999979],[-63.2999512,-7.405228],[-63.2950563,-7.4006671],[-63.2950797,-7.407069300000012],[-63.2867368,-7.401248100000014],[-63.2683336,-7.419266199999976],[-63.263891,-7.4113112],[-63.2682586,-7.401462900000031],[-63.25677180000001,-7.402722399999976],[-63.2484512,-7.3956083],[-63.2438464,-7.398653800000025],[-63.2457803,-7.393059199999981],[-63.2518188,-7.393262900000031],[-63.2451666,-7.372368],[-63.2541264,-7.372970100000012],[-63.2507027,-7.3516473],[-63.2633161,-7.356578],[-63.2641357,-7.350084700000016],[-63.2686443,-7.356944399999988],[-63.2674142,-7.3495669],[-63.2731776,-7.352189100000013],[-63.3038902,-7.342320900000019],[-63.2996391,-7.3342285],[-63.2919989,-7.3367013],[-63.2887627,-7.3311506],[-63.2956737,-7.322078699999989],[-63.292917,-7.316952599999987],[-63.2996481,-7.301828800000017],[-63.2971987,-7.295084700000021],[-63.3033508,-7.2960461],[-63.3065662,-7.291703800000018],[-63.2985366,-7.276519499999985],[-63.3045727,-7.276874200000019],[-63.2998179,-7.272862900000025],[-63.295923,-7.275036499999985],[-63.2980928,-7.2697627],[-63.2915666,-7.26989070000002],[-63.2933754,-7.265183],[-63.2845063,-7.269678900000012],[-63.2884265,-7.2587331],[-63.2830827,-7.260656600000018],[-63.2813107,-7.255974499999978],[-63.2856784,-7.25143010000002],[-63.2800906,-7.245636599999973],[-63.2833022,-7.23869830000002],[-63.2992538,-7.234403900000022],[-63.2945052,-7.229127299999987],[-63.3013481,-7.2291452],[-63.3002004,-7.204763900000022],[-63.3205741,-7.2052729],[-63.3281207,-7.197422],[-63.3128098,-7.189218699999977],[-63.3161658,-7.182275200000021],[-63.3127655,-7.1632452],[-63.3089454,-7.164290399999989],[-63.3046815,-7.156601200000032],[-63.3093731,-7.148989199999987],[-63.3131584,-7.152843599999985],[-63.3158201,-7.1484697],[-63.3120975,-7.1451108],[-63.3143897,-7.140378799999975],[-63.3076294,-7.1328216],[-63.3054899,-7.1383132],[-63.3010032,-7.129045499999986],[-63.3039568,-7.12188610000001],[-63.3008982,-7.118148400000014],[-63.30781240000001,-7.1171118],[-63.3075534,-7.103782099999986],[-63.3032596,-7.099673200000026],[-63.2983042,-7.102081499999988],[-63.2974611,-7.09579],[-63.2889206,-7.10179849999998],[-63.2785812,-7.0919138],[-63.2784819,-7.0970916],[-63.2690717,-7.088670099999983],[-63.2643246,-7.087546199999982],[-63.2635171,-7.091329300000027],[-63.2605328,-7.080145400000014],[-63.2561209,-7.085062300000016],[-63.2554035,-7.079685499999985],[-63.249464,-7.0765209],[-63.2409549,-7.079505300000024],[-63.2385201,-7.0864076],[-63.2372143,-7.07538320000002],[-63.2314821,-7.069863600000015],[-63.2277197,-7.074841600000011],[-63.2222268,-7.059399799999986],[-63.2203586,-7.068524199999973],[-63.2161373,-7.059913799999976],[-63.2093474,-7.057938],[-63.2073146,-7.0618559],[-63.2085535,-7.0559645],[-63.2036199,-7.053014200000017],[-63.2105151,-7.0465751],[-63.2051928,-7.042911],[-63.2196075,-7.038839599999985],[-63.2116171,-7.034047499999972],[-63.2185182,-7.028064699999978],[-63.2136808,-7.0254751],[-63.216454,-7.0185417],[-63.209157,-7.025802500000019],[-63.2050265,-7.0203274],[-63.2088613,-7.013868199999986],[-63.200642,-7.0164561],[-63.200817,-7.023121799999982],[-63.1862308,-7.010413799999977],[-63.1763744,-7.016579400000013],[-63.1740484,-7.0085418],[-63.16742570000001,-7.0115282],[-63.1580914,-6.9842466],[-63.1489139,-6.98657859999998],[-63.150626,-6.9819704],[-63.139972,-6.981837100000029],[-63.1353196,-6.9774712],[-63.1435018,-6.97347729999998],[-63.1322936,-6.9661617],[-63.13248320000001,-6.9572819],[-63.1360397,-6.966704399999983],[-63.1399516,-6.964003499999989],[-63.1322047,-6.9532381],[-63.1441495,-6.9468309],[-63.1428553,-6.9383374],[-63.1543702,-6.938545899999974],[-63.1503031,-6.925358299999977],[-63.1576557,-6.9247199],[-63.1532795,-6.918710299999988],[-63.1454661,-6.9171679],[-63.145887,-6.9055676],[-63.152621,-6.908684100000021],[-63.1564824,-6.903821600000017],[-63.1530244,-6.882177900000018],[-63.1580418,-6.877793699999989],[-63.1488352,-6.866529300000018],[-63.15998660000001,-6.8647597],[-63.1654012,-6.859165400000022],[-63.1611202,-6.849333200000016],[-63.165189,-6.852775699999989],[-63.1685291,-6.849968299999976],[-63.1650283,-6.845984299999976],[-63.0497677,-6.8444891],[-63.0102678,-6.783328],[-62.9701949,-6.688116900000013],[-62.9416137,-6.544458399999982],[-62.9264589,-6.5201662],[-62.8949128,-6.486540499999984],[-62.881161,-6.453816099999986],[-62.8635663,-6.4299446],[-62.8539776,-6.4381182],[-62.8404083,-6.432591499999979],[-62.8299116,-6.43576],[-62.8256744,-6.423048],[-62.80960420000001,-6.420037599999988],[-62.8041174,-6.4149009],[-62.7940745,-6.425950200000022],[-62.7890763,-6.420582799999969],[-62.7786754,-6.4215133],[-62.7776884,-6.415391799999973],[-62.7722023,-6.4161847],[-62.774059,-6.4139565],[-62.7634101,-6.423779299999968],[-62.76637070000001,-6.418646699999971],[-62.7587077,-6.4165667],[-62.7473628,-6.4193453],[-62.7366141,-6.4165969],[-62.7303342,-6.423265100000021],[-62.7216449,-6.4175062],[-62.7219729,-6.420734],[-62.7165022,-6.421389299999969],[-62.7191561,-6.424929],[-62.7136837,-6.433774599999976],[-62.7147259,-6.443083100000017],[-62.7040821,-6.436767900000016],[-62.7033445,-6.44440020000001],[-62.6935707,-6.448838199999981],[-62.6906227,-6.445528699999975],[-62.6834335,-6.451260699999982],[-62.67733410000001,-6.444011700000016],[-62.6735035,-6.447648499999986],[-62.6713112,-6.443138399999986],[-62.66635560000001,-6.443560900000016],[-62.6417834,-6.4571528],[-62.6212037,-6.44792440000001],[-62.6216154,-6.4445088],[-62.6148859,-6.441848200000019],[-62.6171107,-6.43836469999997],[-62.6130639,-6.4407858],[-62.6116713,-6.4360772],[-62.6056787,-6.436002100000015],[-62.6021682,-6.431163500000016],[-62.6073628,-6.41724529999998],[-62.595424,-6.4223966],[-62.5820779,-6.411278900000028],[-62.5884253,-6.390350800000024],[-62.5716805,-6.380991199999969],[-62.5573124,-6.3819672],[-62.5394676,-6.411235299999988],[-62.5049188,-6.4146921],[-62.49448610000001,-6.4056422],[-62.4846545,-6.379948799999986],[-62.4438523,-6.355937399999975],[-62.4260634,-6.359525900000023],[-62.4010478,-6.34756580000002],[-62.377661,-6.323147900000029],[-62.3438509,-6.32324980000002],[-62.3135662,-6.3333248],[-62.2991871,-6.3261092],[-62.2902088,-6.334691],[-62.285817,-6.333386699999976],[-62.2825991,-6.3164513],[-62.2768101,-6.316317],[-62.2769853,-6.308655699999981],[-62.2721049,-6.308780400000031],[-62.2746925,-6.280568200000021],[-62.267422,-6.2742553],[-62.2652484,-6.251177100000032],[-62.2007488,-6.207886200000023],[-62.1512769,-6.1899973],[-62.1222154,-6.193864199999968],[-62.0763633,-6.229095300000014],[-61.9652877,-6.260544700000011],[-61.9379839,-6.263842899999981],[-61.9055459,-6.253225699999985],[-61.8546013,-6.2585958],[-61.8400996,-6.2486586],[-61.8306042,-6.233617099999985],[-61.8258528,-6.215068],[-61.827547,-6.1781163],[-61.8221815,-6.154473199999981],[-61.8069606,-6.1441909],[-61.78404,-6.143491699999983],[-61.7925299,-6.159532600000029],[-61.7743465,-6.1754852],[-61.7718198,-6.1965828],[-61.7446722,-6.2244527],[-61.744982,-6.241791299999966],[-61.7391644,-6.2514585],[-61.7918535,-6.263819100000014],[-61.8064334,-6.256693400000016],[-61.8145389,-6.257702100000029],[-61.8371412,-6.2688368],[-61.84294640000001,-6.289757299999978],[-61.8192891,-6.311949],[-61.8159662,-6.328074600000028],[-61.8052479,-6.3408222],[-61.7794266,-6.345117500000018],[-61.76767730000001,-6.3557139],[-61.7691715,-6.360301900000031],[-61.7983464,-6.362466399999988],[-61.80504289999999,-6.3694104],[-61.7916915,-6.4229685],[-61.7655976,-6.429894900000016],[-61.728969,-6.4055064],[-61.6981026,-6.4097921],[-61.6992625,-6.417153699999989],[-61.7304294,-6.4572303],[-61.7492327,-6.45455720000002],[-61.7509636,-6.47013659999998],[-61.7354578,-6.4799542],[-61.7169749,-6.481297800000018],[-61.7177994,-6.4867274],[-61.7290817,-6.494942299999988],[-61.7272297,-6.513143300000019],[-61.72082910000001,-6.5124693],[-61.7069818,-6.494683400000021],[-61.6892604,-6.5026235],[-61.6888151,-6.514397300000022],[-61.7006089,-6.5199656],[-61.7072338,-6.5182704],[-61.7111479,-6.524402799999978],[-61.7013016,-6.5347593],[-61.6858359,-6.541046100000014],[-61.6792348,-6.5622146],[-61.6615671,-6.586420599999973],[-61.6734082,-6.612177900000023],[-61.6875199,-6.620164],[-61.6813236,-6.65096970000001],[-61.6910946,-6.665627800000023],[-61.6918179,-6.6749026],[-61.676661,-6.7018095],[-61.651889,-6.7040584],[-61.6367302,-6.719809],[-61.645016,-6.7278737],[-61.6580774,-6.7266545],[-61.665354,-6.735074100000023],[-61.6873891,-6.7404821],[-61.6813938,-6.7444842],[-61.6851347,-6.7536276],[-61.6745039,-6.771575699999976],[-61.6760646,-6.802262099999968],[-61.6801581,-6.8016275],[-61.6835107,-6.791531599999987],[-61.6951444,-6.7860615],[-61.7121804,-6.8006934],[-61.7029188,-6.82119580000002],[-61.7355409,-6.816830800000017],[-61.718923,-6.834642400000024],[-61.7141547,-6.8484949],[-61.7221839,-6.866574599999983],[-61.734181,-6.8753445],[-61.7508316,-6.874098600000023],[-61.754358,-6.866954],[-61.7598317,-6.865911100000025],[-61.7668271,-6.8856747],[-61.7709852,-6.875017],[-61.7755868,-6.8755827],[-61.7776472,-6.893523100000018],[-61.7586726,-6.9159835],[-61.7680968,-6.91947480000001],[-61.7780776,-6.91342560000003],[-61.7963018,-6.918357399999982],[-61.8005861,-6.9257448],[-61.8142354,-6.928182899999987],[-61.8170275,-6.933170800000027],[-61.8094852,-6.940552199999977],[-61.7915355,-6.9389307],[-61.7916694,-6.9471441],[-61.8007957,-6.945238300000012],[-61.8075409,-6.960415599999987],[-61.8125252,-6.959348199999983],[-61.8126805,-6.948526299999983],[-61.8160247,-6.9479183],[-61.8258486,-6.9668109],[-61.8420255,-6.9604744],[-61.8502885,-6.966133499999986],[-61.8533031,-6.981836700000024],[-61.8443645,-7.006895400000023],[-61.8464271,-7.012996600000014],[-61.8300722,-7.003786300000022],[-61.8162791,-7.0080322],[-61.8126425,-7.0163816],[-61.8407927,-7.031738100000014],[-61.8501133,-7.0206718],[-61.8560745,-7.022342700000021],[-61.8566826,-7.031283],[-61.8460492,-7.045922699999989],[-61.8538827,-7.067781600000012],[-61.8604892,-7.070648],[-61.8693825,-7.066987800000015],[-61.86782370000001,-7.045145300000029],[-61.8780465,-7.0396531],[-61.9005588,-7.052019400000027],[-61.9048582,-7.060650399999986],[-61.9035203,-7.0715706],[-61.9168697,-7.0609058],[-61.9148596,-7.091495100000027],[-61.9280809,-7.1065148],[-61.9208147,-7.121245],[-61.9198459,-7.1371411],[-61.9289156,-7.1556891],[-61.9348971,-7.1602832],[-61.9421919,-7.152581199999973],[-61.9347689,-7.140810400000015],[-61.9364712,-7.1346717],[-61.9508213,-7.136330199999981],[-61.9618228,-7.148596],[-61.9560923,-7.162537299999975],[-61.95867290000001,-7.173077300000011],[-61.9683114,-7.174572500000012],[-61.9930637,-7.167464800000014],[-61.9957874,-7.1703985],[-61.9792426,-7.1853785],[-61.9766779,-7.199667],[-62.0033726,-7.199239499999973],[-62.0046335,-7.21405170000002],[-62.0110442,-7.218225099999984],[-62.0218067,-7.215424600000019],[-62.0347702,-7.205241300000019],[-62.0457901,-7.213115900000012],[-62.0029207,-7.239725399999985],[-61.9912144,-7.242739800000013],[-61.98787260000001,-7.236539699999981],[-61.9839555,-7.238868300000013],[-61.9831554,-7.2765974],[-61.9729671,-7.277948200000011],[-61.9567988,-7.300125],[-61.9494968,-7.298215700000025],[-61.9443537,-7.289346100000015],[-61.93373170000001,-7.287999299999989],[-61.9155479,-7.298092799999979],[-61.91617260000001,-7.2864839],[-61.9017139,-7.2884074],[-61.8929858,-7.297674],[-61.8878495,-7.315205200000023],[-61.8447281,-7.3233609],[-61.8428849,-7.3420636],[-61.8360334,-7.3511494],[-61.8428374,-7.357514500000019],[-61.8429134,-7.3691748],[-61.8554353,-7.381692899999988],[-61.8560445,-7.3928588],[-61.8235046,-7.426809700000028],[-61.8266292,-7.451814399999987],[-61.8369306,-7.461925799999972],[-61.8417792,-7.4837461],[-61.8516821,-7.493794100000011],[-61.8536232,-7.5057601],[-61.8655533,-7.518255099999981],[-61.8793001,-7.543251900000017],[-61.8795083,-7.5600778],[-61.8634943,-7.5671448],[-61.8566509,-7.579848],[-61.8520188,-7.612674600000014],[-61.84145,-7.626408099999975],[-61.84945530000001,-7.63861589999998],[-61.8186369,-7.650767800000011],[-61.8261987,-7.6664924],[-61.813602,-7.667934],[-61.8198861,-7.6796661],[-61.8119681,-7.689709],[-61.8218861,-7.701661600000032],[-61.8137261,-7.716079900000017],[-61.8204311,-7.71602090000002],[-61.83842640000001,-7.704605400000018],[-61.8373412,-7.719844399999984],[-61.828859,-7.720767800000026],[-61.82769840000001,-7.727688899999978],[-61.8378769,-7.730245299999974],[-61.8462594,-7.7247753],[-61.8488933,-7.7334176],[-61.8445773,-7.736768100000019],[-61.8493229,-7.74007749999998],[-61.8444361,-7.742586199999985],[-61.85243950000001,-7.750457200000014],[-61.85019230000001,-7.757302],[-61.8547686,-7.764028199999989],[-61.8616324,-7.755451599999989],[-61.8687406,-7.75467],[-61.8748332,-7.759380599999982],[-61.8762592,-7.770984299999983],[-61.8867255,-7.761810399999973],[-61.8943234,-7.7636016],[-61.8883632,-7.788867600000029],[-61.8959146,-7.784143600000019],[-61.908767,-7.7916216],[-61.9028915,-7.8054315],[-61.909808,-7.812373299999983],[-61.916123,-7.8082525],[-61.9214,-7.811437300000018],[-61.9195134,-7.824076199999985],[-61.9140186,-7.8251302],[-61.9120601,-7.832851300000018],[-61.9307106,-7.827002600000011],[-61.9292604,-7.838512400000015],[-61.9509282,-7.8406517],[-61.9600419,-7.8340639],[-61.9612554,-7.842876299999983],[-61.971482,-7.844993499999987],[-61.9740186,-7.850079600000013],[-61.95634110000001,-7.8558042],[-61.9666502,-7.856561],[-61.9762177,-7.875046199999988],[-61.9747724,-7.881719800000014],[-61.9974117,-7.880623700000012],[-62.0164638,-7.9004169],[-62.0251372,-7.898347400000012],[-62.0169188,-7.907184799999972],[-62.0331141,-7.910005899999973],[-62.0350496,-7.915758200000018],[-62.0306801,-7.926615699999984],[-62.0387676,-7.93098170000001],[-62.0465709,-7.9560734],[-62.0538506,-7.96176280000001],[-62.0504802,-7.975121300000017],[-62.0614259,-7.9739205],[-62.063755,-7.9771799],[-62.0584479,-7.9841469],[-62.06183750000001,-7.9868999],[-62.0560036,-7.989396],[-62.0542558,-7.9964419],[-62.05701160000001,-7.995251700000011],[-62.0590979,-8.002754],[-62.0518271,-8.0168624],[-62.0375993,-8.01065970000002],[-62.0395657,-8.018725500000018],[-62.030649,-8.016099899999986],[-62.02684880000001,-8.0261574],[-62.0164439,-8.0257416],[-62.0120911,-8.018546],[-62.0099018,-8.026886900000019],[-62.01407660000001,-8.037525200000012],[-61.9972033,-8.04144719999998],[-62.0033836,-8.0505393],[-62.0024368,-8.0578521],[-61.9982537,-8.0475084],[-61.9851397,-8.048369499999989],[-61.9843718,-8.0421843],[-61.972257,-8.049847299999987],[-61.9791745,-8.054284100000018],[-61.9725957,-8.064842199999983],[-61.9776929,-8.069799],[-61.9744565,-8.0721564],[-61.9767787,-8.0763097],[-61.9630833,-8.0758671],[-61.9629928,-8.0882872],[-61.956168,-8.0900673],[-61.9582206,-8.09593649999998],[-61.9698694,-8.090430400000022],[-61.9596887,-8.103183400000015],[-61.9625424,-8.10966850000002],[-61.9534702,-8.113201],[-61.9437012,-8.10921159999998],[-61.940817,-8.1180326],[-61.9518598,-8.11674350000002],[-61.9377014,-8.1279684],[-61.9375569,-8.137041399999987],[-61.9413493,-8.1396908],[-61.93655840000001,-8.144787],[-61.9407476,-8.1477472],[-61.9324865,-8.151411900000012],[-61.9305684,-8.1686152],[-61.9232097,-8.1767378],[-61.9166893,-8.1769291],[-61.9184908,-8.187029800000017],[-61.91444,-8.1877885],[-61.9176157,-8.190293],[-61.9143978,-8.1947222],[-61.9191571,-8.201505899999976],[-61.9178509,-8.212015],[-61.9234613,-8.21490939999999],[-61.9193405,-8.217174],[-61.9224465,-8.2190468],[-61.918164,-8.22388],[-61.9206972,-8.226634300000025],[-61.9160937,-8.2258568],[-61.920892,-8.231234100000016],[-61.9138337,-8.230763299999984],[-61.921113,-8.236309399999987],[-61.9172143,-8.244383499999985],[-61.9222383,-8.2432802],[-61.9297192,-8.2507553],[-61.9264554,-8.255407399999982],[-61.9338885,-8.260455300000018],[-61.9246459,-8.2693934],[-61.9270989,-8.273006199999983],[-61.9228548,-8.273424599999975],[-61.9201293,-8.281110100000019],[-61.9235021,-8.2879971],[-61.919198,-8.2889611],[-61.9228081,-8.29155960000002],[-61.9196367,-8.29454320000002],[-61.9227902,-8.297084399999976],[-61.918465,-8.298950699999972],[-61.9218776,-8.301190399999971],[-61.9168863,-8.3017284],[-61.9220908,-8.304129100000017],[-61.9200727,-8.3160646],[-61.9176011,-8.318758200000014],[-61.9133737,-8.3148461],[-61.9062704,-8.3283811],[-61.91129870000001,-8.336221],[-61.9087269,-8.346997499999986],[-61.9205542,-8.360344500000023],[-61.9209264,-8.3713864],[-61.9251391,-8.3712274],[-61.9319335,-8.385080300000018],[-61.9386177,-8.3859439],[-61.9376335,-8.389688900000012],[-61.949962,-8.398783900000023],[-61.94627890000001,-8.40589],[-61.9536879,-8.420705],[-61.9639793,-8.426406099999978],[-61.9626118,-8.431897],[-61.97138,-8.4386683],[-61.9705068,-8.449236200000023],[-61.9811344,-8.4542577],[-61.96961120000001,-8.4718242],[-61.9717567,-8.4819529],[-61.9768261,-8.481649799999982],[-61.981543,-8.4874984],[-61.9717447,-8.4976003],[-61.9803744,-8.522314300000012],[-61.9768019,-8.5425579],[-61.9910395,-8.5553243],[-61.9873251,-8.5675891],[-61.9903685,-8.576349199999978],[-61.9813873,-8.584993399999982],[-61.9848182,-8.58890870000001],[-61.9835254,-8.602033500000015],[-61.9747285,-8.614688199999973],[-61.979168,-8.6202174],[-61.9714449,-8.621639499999986],[-61.9616877,-8.64164209999998],[-61.9725098,-8.6463408],[-61.9764285,-8.6591344],[-61.9815643,-8.661191400000025],[-61.976699,-8.666974499999986],[-61.9909523,-8.678922599999984],[-61.9915549,-8.6875227],[-61.9981175,-8.686733799999988],[-61.9991337,-8.7094271],[-61.9950648,-8.710241200000018],[-62.0010844,-8.7172055],[-61.9968845,-8.721463699999983],[-61.9957488,-8.7472251],[-61.9866837,-8.7549812],[-61.984593,-8.777309700000014],[-61.9704018,-8.7993304],[-61.9451087,-8.8167695],[-61.9203424,-8.8598411],[-61.9030007,-8.862892200000013],[-61.9058859,-8.8745104],[-61.9381066,-8.8814117],[-61.97914,-8.873244599999975],[-61.9852219,-8.87860630000001],[-61.9902211,-8.8726588],[-61.9970289,-8.840739],[-62.0039716,-8.8300839],[-62.0213332,-8.823597900000015],[-62.031061,-8.799710099999977],[-62.0505221,-8.796270199999974],[-62.0743019,-8.7985702],[-62.0980029,-8.8089214],[-62.1249717,-8.8016711],[-62.1550309,-8.7396423],[-62.1570318,-8.732212199999985],[-62.1488018,-8.718308799999988],[-62.1541929,-8.710438799999974],[-62.1678059,-8.7032278],[-62.1717727,-8.69507490000001],[-62.165087,-8.6793938],[-62.1814416,-8.6578789],[-62.2005306,-8.6442928],[-62.19580530000001,-8.636828],[-62.1766425,-8.636919699999988],[-62.1746915,-8.628203],[-62.1883884,-8.590558700000017],[-62.2031399,-8.594946899999986],[-62.2286045,-8.5905684],[-62.2428105,-8.5806617],[-62.2688885,-8.5757586],[-62.2742794,-8.582932],[-62.2893569,-8.5889045],[-62.2932829,-8.595991],[-62.2943077,-8.6054408],[-62.2793343,-8.629169899999987],[-62.2813041,-8.638589900000012],[-62.2895024,-8.6390966],[-62.3357776,-8.6094846],[-62.3419985,-8.5948432],[-62.3258047,-8.563707399999975],[-62.3343346,-8.546194400000024],[-62.3332224,-8.527762800000014],[-62.3373587,-8.5166389],[-62.3539778,-8.511701399999987],[-62.3660512,-8.4935617],[-62.3637203,-8.4782272],[-62.3692809,-8.44611909999997],[-62.3599712,-8.40699760000002],[-62.3650823,-8.391022099999981],[-62.3840279,-8.377555799999989],[-62.4162207,-8.376627600000024],[-62.4322478,-8.3720281],[-62.4654746,-8.33974],[-62.4789156,-8.3456734],[-62.486948,-8.3592122],[-62.5008286,-8.3661277],[-62.5184725,-8.3847382],[-62.526136,-8.3830545],[-62.5254683,-8.3753472],[-62.539557,-8.358109500000012],[-62.5515268,-8.3581947],[-62.5491145,-8.3421429],[-62.5552726,-8.319387100000018],[-62.5611623,-8.3138318],[-62.5559412,-8.3067587],[-62.561919,-8.284006699999983],[-62.5692257,-8.287278600000011],[-62.5853879,-8.27188060000002],[-62.5927712,-8.2749698],[-62.6000575,-8.272238699999972],[-62.6103628,-8.2598004],[-62.649946,-8.2370262],[-62.6550016,-8.2290564],[-62.6510262,-8.222030099999976],[-62.6598885,-8.199633600000011],[-62.6735247,-8.192735],[-62.682999,-8.1805655],[-62.6852542,-8.1657184],[-62.6730277,-8.14531060000002],[-62.6855005,-8.1164376],[-62.6788391,-8.11144490000002],[-62.6905553,-8.100904300000021],[-62.6922801,-8.0929083],[-62.7128298,-8.080583399999979],[-62.7439725,-8.045286100000023],[-62.7862003,-8.026343],[-62.8099965,-8.025339599999986],[-62.8328333,-7.994371599999981],[-62.8416098,-7.9949727],[-62.84505570000001,-7.9865313],[-62.8533606,-7.9875633],[-62.8666166,-7.975868299999984]]]}},{"type":"Feature","properties":{"CD_MUN":"1300409","NM_MUN":"Barcelos","SIGLA_UF":"AM","CodigoIBGE":"1300409","SubRegiaoNumero":6,"CalhaSubRegiao":"Região do Alto Rio Negro"},"geometry":{"type":"Polygon","coordinates":[[[-61.9060054,-1.371591200000028],[-61.8966239,-1.395355299999968],[-61.8693993,-1.401745000000123],[-61.826905,-1.401742700000118],[-61.8171838,-1.399517200000065],[-61.7980094,-1.38063],[-61.7696844,-1.382855099999922],[-61.7407891,-1.392018099999983],[-61.7180136,-1.409793199999873],[-61.6355147,-1.433964199999981],[-61.6049547,-1.4481315],[-61.57217760000001,-1.478130000000101],[-61.5446819,-1.525626699999985],[-61.4910623,-1.574800900000047],[-61.4827365,-1.580633099999919],[-61.4746776,-1.578967299999962],[-61.4624579,-1.606899100000104],[-61.4229638,-1.620532699999956],[-61.4137888,-1.6369426],[-61.4174856,-1.666068100000011],[-61.4124575,-1.703191199999963],[-61.4246825,-1.767973800000026],[-61.4195415,-1.792768600000048],[-61.3863495,-1.863218400000027],[-61.3823705,-1.895168599999918],[-61.3958645,-1.8977399],[-61.3915906,-1.898234399999957],[-61.3945156,-1.900651300000048],[-61.4175781,-1.899769100000012],[-61.4516956,-1.906177899999959],[-61.4597723,-1.900157400000053],[-61.462018,-1.906430799999963],[-61.4477723,-1.931488],[-61.4481776,-1.945512599999956],[-61.4746173,-1.953694899999939],[-61.4965508,-1.969876599999936],[-61.5382865,-1.892212399999965],[-61.5306356,-1.885029899999912],[-61.5341217,-1.8697093],[-61.5716108,-1.86505049999997],[-61.5838846,-1.875488800000072],[-61.592472,-1.875768],[-61.5987724,-1.86559840000002],[-61.5929809,-1.843697700000056],[-61.602844,-1.8384471],[-61.5996911,-1.8330389],[-61.608308,-1.834773399999988],[-61.615433,-1.826908299999944],[-61.6183295,-1.83408759999993],[-61.6339218,-1.834949899999947],[-61.6377853,-1.825322199999913],[-61.6542365,-1.837940700000088],[-61.6473503,-1.855700400000085],[-61.6545601,-1.87277069999992],[-61.666467,-1.8695681],[-61.6831001,-1.892243],[-61.6936953,-1.8886933],[-61.7023325,-1.89426640000006],[-61.7050196,-1.887012900000046],[-61.7138823,-1.882205700000039],[-61.7142769,-1.893797699999917],[-61.720877,-1.899280099999944],[-61.725676,-1.897388799999924],[-61.7293855,-1.88678769999992],[-61.7389802,-1.888429600000033],[-61.7499319,-1.901939],[-61.7581149,-1.903946799999952],[-61.7560855,-1.9118671],[-61.763567,-1.919809899999954],[-61.7787044,-1.92202630000006],[-61.7916224,-1.938142100000024],[-61.80093020000001,-1.937419299999916],[-61.8067391,-1.945537399999936],[-61.8166537,-1.941736500000099],[-61.8272593,-1.926196399999935],[-61.8452359,-1.9222706],[-61.8471772,-1.931999399999927],[-61.8534551,-1.9367565],[-61.8699032,-1.938560899999978],[-61.8824603,-1.934759900000076],[-61.8767631,-1.915424],[-61.8841224,-1.911243499999983],[-61.9204061,-1.926403699999906],[-61.9229327,-1.934299800000037],[-61.9144042,-1.93673290000004],[-61.9225721,-1.947516600000033],[-61.9382938,-1.936405800000016],[-61.9439571,-1.944406699999957],[-61.9283774,-1.958874399999974],[-61.9410835,-1.9674864],[-61.9559381,-1.970669399999921],[-61.9695549,-2.000478599999964],[-61.9797052,-2.010704100000023],[-61.9858412,-2.006808199999948],[-61.9953208,-2.025158300000045],[-62.0099382,-2.030568200000019],[-62.0134593,-2.022955500000085],[-62.0224813,-2.026036600000031],[-62.0251853,-2.01843],[-62.0219271,-1.999245500000024],[-62.03776,-1.989154799999904],[-62.0471215,-1.97505730000002],[-62.0726214,-2.00066270000008],[-62.0814646,-2.025888900000012],[-62.0776535,-2.032937799999916],[-62.0843769,-2.03700529999992],[-62.0727354,-2.048999499999959],[-62.071309,-2.057774199999957],[-62.0644993,-2.0586631],[-62.0819723,-2.0645303],[-62.1010408,-2.053384299999955],[-62.10971150000001,-2.054834699999909],[-62.1130361,-2.072669699999945],[-62.1100088,-2.078984400000029],[-62.1215919,-2.083973],[-62.1234233,-2.091175600000049],[-62.1359533,-2.090155],[-62.1336523,-2.096022100000027],[-62.1434945,-2.097278499999949],[-62.1374609,-2.10054130000006],[-62.1467119,-2.101991500000066],[-62.1495545,-2.121914699999981],[-62.1551518,-2.121931699999921],[-62.1588826,-2.132604700000069],[-62.1636631,-2.132183100000016],[-62.168508,-2.123175900000013],[-62.1741704,-2.123009],[-62.1785214,-2.130254099999947],[-62.1830324,-2.118527599999932],[-62.1907238,-2.127947400000073],[-62.1963241,-2.122687299999928],[-62.2099981,-2.12011349999994],[-62.2234923,-2.14713669999995],[-62.23292510000001,-2.141774899999946],[-62.2272393,-2.141420400000045],[-62.2378811,-2.132894699999983],[-62.2482348,-2.134496199999944],[-62.261096,-2.143827],[-62.2690165,-2.140634099999909],[-62.2712697,-2.148362799999981],[-62.2920996,-2.160279499999974],[-62.3022381,-2.148410499999922],[-62.316018,-2.1531513],[-62.32287920000001,-2.158627500000023],[-62.3194097,-2.166754],[-62.3352627,-2.16587],[-62.3417071,-2.170559500000028],[-62.3434877,-2.178639],[-62.3516039,-2.178506600000023],[-62.3557082,-2.185874200000045],[-62.3537118,-2.193812400000037],[-62.3784638,-2.203939299999933],[-62.3860138,-2.198886499999924],[-62.3925077,-2.211901199999984],[-62.3930124,-2.208092600000014],[-62.3987538,-2.213347400000021],[-62.4026189,-2.211646],[-62.4005896,-2.207426200000019],[-62.4084516,-2.208048],[-62.4232787,-2.213374299999953],[-62.4264795,-2.210788800000032],[-62.4265545,-2.215764],[-62.4366066,-2.2204038],[-62.4404837,-2.214108],[-62.4454042,-2.219660900000046],[-62.4531603,-2.2181372],[-62.4656539,-2.231199],[-62.4715133,-2.233512600000011],[-62.4723412,-2.22918480000008],[-62.4788156,-2.229667],[-62.4788425,-2.2359392],[-62.489834,-2.237773500000042],[-62.4914153,-2.244092100000027],[-62.5133276,-2.243714799999973],[-62.5209476,-2.24888330000005],[-62.519327,-2.253488899999971],[-62.5255099,-2.2591598],[-62.5389446,-2.2628078],[-62.5417491,-2.271087799999921],[-62.5491051,-2.269511399999989],[-62.5596374,-2.277102699999917],[-62.5713195,-2.276379599999978],[-62.572197,-2.272040899999942],[-62.5779864,-2.281054500000016],[-62.5853329,-2.278929700000036],[-62.5906053,-2.282651899999947],[-62.60054190000001,-2.278574400000018],[-62.6086868,-2.282878700000049],[-62.6210871,-2.280935900000063],[-62.6239947,-2.276418300000079],[-62.6370315,-2.2867923],[-62.6458282,-2.2850399],[-62.6511357,-2.290219399999978],[-62.6658598,-2.279990700000043],[-62.6788899,-2.280554600000013],[-62.684715,-2.285324699999954],[-62.6965725,-2.279832500000027],[-62.7100578,-2.284064799999933],[-62.7178586,-2.276444300000053],[-62.7400688,-2.293030599999921],[-62.7476429,-2.287998600000042],[-62.7583138,-2.291581500000055],[-62.765325,-2.303145300000059],[-62.786093,-2.308960500000032],[-62.7934886,-2.322173899999974],[-62.7993516,-2.319293499999931],[-62.8305772,-2.323302100000021],[-62.8462346,-2.336387],[-62.8542349,-2.336436399999987],[-62.8623186,-2.345431799999953],[-62.8602256,-2.349390799999983],[-62.87074290000001,-2.363492200000049],[-62.8743539,-2.377702299999985],[-62.8832754,-2.384159899999967],[-62.8860245,-2.399828199999945],[-62.891609,-2.4008913],[-62.8937592,-2.407886599999975],[-62.9026818,-2.413536400000025],[-62.9121654,-2.4130105],[-62.9243775,-2.420720499999935],[-62.9833841,-2.434676299999935],[-63.0144328,-2.455062099999959],[-63.0325805,-2.451331],[-63.0405736,-2.483112899999982],[-63.0849628,-2.477424599999969],[-63.1050504,-2.482789800000057],[-63.12579310000001,-2.482728199999987],[-63.1418277,-2.490824500000036],[-63.1640514,-2.493984899999958],[-63.1982736,-2.484872500000076],[-63.2342191,-2.4830622],[-63.2567153,-2.467595899999957],[-63.2791919,-2.43616960000006],[-63.2968001,-2.428925599999947],[-63.3113571,-2.4352703],[-63.3324356,-2.462822],[-63.3691597,-2.489919],[-63.389552,-2.488490099999966],[-63.4240221,-2.47009619999996],[-63.436437,-2.455794899999978],[-63.4484406,-2.413419400000016],[-63.4656852,-2.38766920000003],[-63.4860817,-2.381828400000022],[-63.5283868,-2.391305400000038],[-63.5651063,-2.362771300000019],[-63.5842489,-2.356252299999972],[-63.60094,-2.359421],[-63.633748,-2.3904239],[-63.6466111,-2.393778900000034],[-63.6946688,-2.378499700000043],[-63.706496,-2.3818506],[-63.72582460000001,-2.423090500000017],[-63.7349956,-2.433018399999941],[-63.7504675,-2.438622499999965],[-63.8026321,-2.439672300000049],[-63.8319109,-2.430057700000025],[-63.8669103,-2.4453742],[-63.9063864,-2.439625300000035],[-63.9574946,-2.444758099999982],[-63.974442,-2.422732900000056],[-63.9772737,-2.373501400000013],[-64.0068359,-2.328458800000024],[-64.0070551,-2.303561500000059],[-63.9998333,-2.272128299999979],[-64.0024114,-2.242127600000049],[-63.9929451,-2.21591329999996],[-64.0127763,-2.18765930000007],[-64.0113008,-2.161695],[-64.0200851,-2.1580936],[-64.0287772,-2.160662599999919],[-64.0750786,-2.190817399999948],[-64.0858002,-2.191796800000049],[-64.1167395,-2.1809826],[-64.1348557,-2.179501400000078],[-64.1556669,-2.171616],[-64.1614938,-2.165025500000012],[-64.1689062,-2.131450899999964],[-64.1852715,-2.113625399999966],[-64.201582,-2.103376600000018],[-64.2234386,-2.103911500000087],[-64.2485357,-2.116216599999984],[-64.2568005,-2.133993600000076],[-64.260026,-2.20516],[-64.2864396,-2.216933600000077],[-64.3033824,-2.240738900000018],[-64.3083889,-2.260863],[-64.3377466,-2.277724200000054],[-64.3672163,-2.265118900000019],[-64.3673937,-2.253497599999948],[-64.4076328,-2.207857900000064],[-64.4338303,-2.200285],[-64.4625579,-2.185452500000043],[-64.4872728,-2.180824299999915],[-64.4965036,-2.180565899999924],[-64.5039708,-2.191729200000033],[-64.5086945,-2.226453800000051],[-64.5117998,-2.235488],[-64.5209485,-2.242624900000055],[-64.5335003,-2.245311],[-64.5621954,-2.240100200000033],[-64.5986127,-2.221310699999965],[-64.6061937,-2.225248900000047],[-64.6160819,-2.241333399999913],[-64.6232532,-2.2384727],[-64.6300566,-2.2208306],[-64.6368884,-2.214512899999928],[-64.6633349,-2.214200700000045],[-64.6659175,-2.194687899999928],[-64.70691720000002,-2.154996900000029],[-64.7118641,-2.142474500000044],[-64.7104427,-2.1283333],[-64.6947756,-2.08966],[-64.6879694,-2.05768029999994],[-64.6918065,-2.037234200000031],[-64.7044449,-2.019644899999956],[-64.7129745,-2.01557129999997],[-64.7504901,-2.0361304],[-64.7801161,-2.042822200000027],[-64.78692,-2.04682079999996],[-64.8028934,-2.073307500000055],[-64.8125314,-2.078628399999964],[-64.837059,-2.074260200000027],[-64.85814290000002,-2.0761597],[-64.8867251,-2.100172499999953],[-64.9306711,-2.110066199999954],[-64.9359453,-2.094254900000051],[-64.9246918,-2.034583900000017],[-64.9496113,-2.000339],[-64.9513644,-1.992325],[-64.9351721,-1.910666899999919],[-64.9372236,-1.892660900000054],[-64.9437227,-1.887087700000066],[-64.96208070000002,-1.885036700000088],[-64.9866317,-1.8919423],[-65.0108897,-1.905508400000027],[-65.0352747,-1.932907899999939],[-65.0415573,-1.9533678],[-65.0580607,-1.969658400000024],[-65.0849466,-1.961847199999924],[-65.1105556,-1.971311799999928],[-65.1363669,-1.974708599999949],[-65.1471697,-1.97048369999993],[-65.17144680000001,-1.959746],[-65.1811967,-1.945898],[-65.1771174,-1.847790599999926],[-65.1870588,-1.8106359],[-65.2019157,-1.7873756],[-65.2291403,-1.775949799999914],[-65.28031,-1.785074800000059],[-65.3023581,-1.782670400000064],[-65.3111144,-1.778537200000088],[-65.3106163,-1.750154499999919],[-65.3155829,-1.742159],[-65.3243646,-1.739348500000087],[-65.3405046,-1.746525600000049],[-65.3478095,-1.743103],[-65.3579898,-1.713656399999942],[-65.3724374,-1.708333],[-65.3706679,-1.689647099999949],[-65.3778354,-1.679995099999961],[-65.3787714,-1.667708900000061],[-65.3741805,-1.659883],[-65.3581729,-1.649268899999905],[-65.3532272,-1.633367199999957],[-65.3573139,-1.620277099999895],[-65.351371,-1.612929199999955],[-65.3466026,-1.615522899999962],[-65.3462818,-1.600577700000094],[-65.3310106,-1.590543299999947],[-65.3299694,-1.582447499999983],[-65.324665,-1.578408],[-65.3258546,-1.565156699999951],[-65.3076468,-1.545824500000095],[-65.3117614,-1.5364505],[-65.2980749,-1.529132700000048],[-65.3040152,-1.518946599999946],[-65.2980852,-1.516475400000074],[-65.3001398,-1.48531329999994],[-65.2870432,-1.494283699999984],[-65.2835281,-1.488088100000024],[-65.2877409,-1.488537399999908],[-65.2860077,-1.485506399999899],[-65.2738239,-1.490283599999933],[-65.2709355,-1.479496899999952],[-65.2646953,-1.479435],[-65.2539855,-1.481996600000028],[-65.2524063,-1.492396800000072],[-65.2392792,-1.48375259999992],[-65.2323568,-1.484203400000098],[-65.2283588,-1.475276800000092],[-65.2188629,-1.482353900000018],[-65.2160657,-1.478202799999975],[-65.2132545,-1.481117099999945],[-65.2113773,-1.475119600000063],[-65.2099597,-1.479431799999903],[-65.2032824,-1.479021],[-65.20343,-1.47324270000006],[-65.1980959,-1.473361299999943],[-65.1978048,-1.463962100000117],[-65.1921119,-1.458977700000092],[-65.1847756,-1.460276200000029],[-65.1875663,-1.464921799999975],[-65.1844792,-1.468065400000087],[-65.1829429,-1.463690299999904],[-65.1750259,-1.465257799999974],[-65.1697663,-1.4604302000001],[-65.1633915,-1.464568400000051],[-65.1567346,-1.461627599999936],[-65.1486511,-1.467532599999904],[-65.1376964,-1.452278499999882],[-65.1184206,-1.451826399999933],[-65.1054778,-1.459450600000022],[-65.10352930000002,-1.45232160000009],[-65.0930398,-1.4470647],[-65.0926184,-1.4547879],[-65.0859537,-1.458443300000085],[-65.0721715,-1.446048999999875],[-65.07261,-1.44011200000012],[-65.0756175,-1.444236800000047],[-65.0796697,-1.43977],[-65.0785991,-1.434660100000024],[-65.0703916,-1.434136500000096],[-65.0706014,-1.425505100000042],[-65.0639953,-1.42596480000005],[-65.0622246,-1.419741],[-65.0573654,-1.419579],[-65.0592459,-1.4100532],[-65.0514858,-1.402101100000095],[-65.0538271,-1.397461500000122],[-65.0461189,-1.392825100000019],[-65.0445511,-1.38322760000005],[-65.0746896,-1.365473199999935],[-65.0721147,-1.362297500000023],[-65.075913,-1.359441600000074],[-65.0724724,-1.354997100000047],[-65.070322,-1.358122700000074],[-65.0682221,-1.350082399999958],[-65.078407,-1.34188],[-65.0749281,-1.340226099999972],[-65.0713398,-1.311480699999941],[-65.0668366,-1.311741099999862],[-65.0745597,-1.301571200000057],[-65.0690066,-1.29446540000008],[-65.0708273,-1.285317600000081],[-65.0641299,-1.287519299999877],[-65.0677778,-1.283368200000117],[-65.0631565,-1.280464900000095],[-65.0502992,-1.288000199999919],[-65.0478952,-1.28269],[-65.0395761,-1.2802076],[-65.0441127,-1.272038299999957],[-65.0435178,-1.26842979999989],[-65.0394015,-1.2704671],[-65.0404442,-1.266806599999935],[-65.0490141,-1.262721600000023],[-65.0549483,-1.265450700000076],[-65.0537733,-1.258162400000066],[-65.0598375,-1.255193699999877],[-65.065533,-1.244184999999898],[-65.047992,-1.229795499999917],[-65.0457172,-1.23468740000005],[-65.0421767,-1.228425500000094],[-65.0385036,-1.230484800000036],[-65.0357601,-1.224786600000138],[-65.0368538,-1.220237100000087],[-65.0435635,-1.224388399999872],[-65.0429401,-1.216373399999921],[-65.0465586,-1.215261800000033],[-65.0408192,-1.2072194],[-65.0430527,-1.202977300000069],[-65.0389366,-1.205092799999882],[-65.0363262,-1.200653999999872],[-65.0458172,-1.189919599999951],[-65.0398505,-1.182631800000139],[-65.0473064,-1.177110199999951],[-65.0412479,-1.17308759999995],[-65.0381618,-1.175641600000153],[-65.0320348,-1.16640680000012],[-65.0206072,-1.170238300000158],[-65.0201607,-1.175005900000078],[-65.0119511,-1.169723500000065],[-65.0012962,-1.174295899999965],[-65.0035462,-1.167703900000011],[-64.9927291,-1.162321699999856],[-64.9862326,-1.169176800000054],[-64.9806301,-1.158538799999902],[-64.9874935,-1.154491399999968],[-64.9737461,-1.146141599999907],[-64.9708936,-1.149165799999976],[-64.9657802,-1.146793799999967],[-64.9744017,-1.132310999999896],[-64.9738208,-1.1204429],[-64.9839353,-1.116965900000078],[-64.968508,-1.113203900000081],[-64.9763616,-1.105256900000167],[-64.9666728,-1.104167300000015],[-64.9754707,-1.096126399999923],[-64.9678027,-1.080769000000112],[-64.9817117,-1.072476],[-64.9783943,-1.070196400000069],[-64.9803863,-1.0618425],[-64.9866888,-1.06201379999988],[-64.9849556,-1.0453606],[-64.9802268,-1.045406200000107],[-64.9781363,-1.052073899999911],[-64.9679006,-1.052653300000016],[-64.9607744,-1.041415300000079],[-64.9522873,-1.04336460000014],[-64.9525799,-1.037000199999922],[-64.9623223,-1.037460599999888],[-64.959752,-1.032482799999968],[-64.9508639,-1.0303035],[-64.9583563,-1.021134099999958],[-64.9371756,-1.017798400000029],[-64.931904,-1.012094299999869],[-64.9278084,-1.015601599999929],[-64.9167879,-1.014763600000117],[-64.9123067,-1.024931099999904],[-64.9042732,-1.02185809999993],[-64.8985164,-1.029680499999924],[-64.8781926,-1.021534],[-64.8847335,-1.007427],[-64.88042,-1.006752799999936],[-64.8777973,-0.999454400000054],[-64.8693312,-0.999818500000152],[-64.8723966,-0.9893886],[-64.8633776,-0.983998099999965],[-64.8715117,-0.980807900000031],[-64.8696697,-0.968429499999849],[-64.8601117,-0.966441099999931],[-64.8618944,-0.960434300000167],[-64.8572189,-0.95845249999997],[-64.8625311,-0.952883999999856],[-64.8549279,-0.945629800000148],[-64.8638032,-0.945697299999859],[-64.8652194,-0.930868500000198],[-64.8516142,-0.927781499999848],[-64.8469904,-0.922341800000182],[-64.8474317,-0.915000500000113],[-64.8420399,-0.915523099999875],[-64.8415834,-0.884447699999818],[-64.8342567,-0.883338400000153],[-64.8383292,-0.874775799999834],[-64.8475102,-0.872581300000012],[-64.8452472,-0.867294399999896],[-64.8489104,-0.860537199999797],[-64.8454298,-0.8538734],[-64.849706,-0.848143300000162],[-64.8378532,-0.836934999999861],[-64.8421222,-0.831853700000068],[-64.83406,-0.827358],[-64.833598,-0.822483100000107],[-64.8169154,-0.829375100000204],[-64.8115456,-0.82740210000007],[-64.8144651,-0.817579800000185],[-64.811127,-0.81181049999987],[-64.815054,-0.808085800000094],[-64.8096184,-0.800628099999939],[-64.8041563,-0.805010499999893],[-64.7915601,-0.80241759999985],[-64.7958766,-0.794750300000209],[-64.7930408,-0.788033200000183],[-64.7996369,-0.786418200000131],[-64.7983946,-0.778669200000174],[-64.808782,-0.768945399999788],[-64.800408,-0.767392599999901],[-64.8012677,-0.759415500000077],[-64.7940429,-0.765154399999917],[-64.7899099,-0.754904099999983],[-64.7984476,-0.751867200000017],[-64.7970566,-0.745952300000189],[-64.8043501,-0.751546499999952],[-64.8092461,-0.746531299999894],[-64.8044718,-0.741893100000227],[-64.8103224,-0.741808599999811],[-64.7964315,-0.730787000000116],[-64.8051708,-0.721839799999853],[-64.7971049,-0.715927599999947],[-64.79627,-0.705259299999819],[-64.8043772,-0.703759700000076],[-64.8017368,-0.699091],[-64.7948297,-0.700727300000073],[-64.79320430000001,-0.692900599999902],[-64.7974498,-0.691910700000251],[-64.8000579,-0.696909299999836],[-64.8051925,-0.685456299999749],[-64.8122693,-0.6834635000002],[-64.8083128,-0.664708299999901],[-64.8147115,-0.665204900000127],[-64.8221757,-0.65586830000015],[-64.8105675,-0.653479900000125],[-64.810263,-0.64515719999978],[-64.803605,-0.639345600000208],[-64.8178981,-0.628931600000058],[-64.80592,-0.614418599999784],[-64.8153336,-0.602149499999788],[-64.8212917,-0.602525500000174],[-64.8239489,-0.594953500000039],[-64.8200111,-0.591733300000269],[-64.8241093,-0.5897938],[-64.8215804,-0.584540699999751],[-64.825581,-0.581252099999723],[-64.8071884,-0.570508800000254],[-64.8237281,-0.55226230000015],[-64.8144861,-0.540471699999714],[-64.8258441,-0.537096399999749],[-64.820883,-0.527035800000084],[-64.8309397,-0.517352199999844],[-64.8192409,-0.494459800000077],[-64.772428,-0.47061820000021],[-64.7611964,-0.457773199999608],[-64.7084536,-0.454499399999639],[-64.6938427,-0.442861499999847],[-64.6726599,-0.438935199999912],[-64.6552078,-0.423778100000276],[-64.6454432,-0.429769799999844],[-64.6127549,-0.426511399999928],[-64.5936476,-0.416085299999662],[-64.556263,-0.407982100000337],[-64.5359609,-0.393772900000265],[-64.5010133,-0.386039399999967],[-64.4812766,-0.387763300000407],[-64.4697008,-0.380234900000321],[-64.45938,-0.364180399999904],[-64.4375767,-0.349688599999796],[-64.3204265,-0.330247499999513],[-64.2332478,-0.33813029999968],[-64.192694,-0.327338000000306],[-64.1530786,-0.299814099999859],[-64.0999696,-0.286634300000493],[-64.0810091,-0.253947900000403],[-64.0940655,-0.243207700000288],[-64.0851327,-0.234843300000291],[-64.0857409,-0.205245800000653],[-64.0778279,-0.19451920000092],[-64.0852725,-0.188103400000711],[-64.0948875,-0.191933900000766],[-64.0999278,-0.189764200000089],[-64.0999351,-0.183094000000514],[-64.0877898,-0.171763499999066],[-64.097595,-0.172129599999966],[-64.1164959,-0.161756900001076],[-64.1195337,-0.155343600000203],[-64.1163026,-0.146525900000084],[-64.1083527,-0.134730500000273],[-64.1054759,-0.135359299999968],[-64.1078191,-0.14056780000017],[-64.101545,-0.142652099999124],[-64.101314,-0.13744389999968],[-64.0972467,-0.140518699999137],[-64.089253,-0.138146700001252],[-64.0946522,-0.148333599999354],[-64.078698,-0.14257860000034],[-64.0717748,-0.133498100000564],[-64.0689791,-0.138945400000649],[-64.0620325,-0.125116299998914],[-64.0658716,-0.121345999998522],[-64.0638066,-0.116910299999182],[-64.0587149,-0.112420299999931],[-64.0532639,-0.113802600000093],[-64.0517583,-0.102596200001753],[-64.0389716,-0.095036600000779],[-64.0329138,-0.099995899998535],[-64.0353665,-0.102465799998966],[-64.0262904,-0.106816900000884],[-64.0259882,-0.075088800000996],[-64.014809,-0.066599300002172],[-64.0198804,-0.061360000001427],[-64.0162655,-0.056945000000934],[-64.0169913,-0.041281500004064],[-64.0117745,-0.039142599995644],[-64.0109052,-0.032685899995515],[-64.0042881,-0.033071899997421],[-64.0062701,-0.024325700005194],[-64.0021938,-0.021756599993747],[-64.004916,-0.017323100003636],[-64.0003412,-0.009224600009667],[-63.9849492,0.000152500122282],[-63.9895955,0.007598200002378],[-63.9829097,0.010444899986786],[-63.9879706,0.018607200004384],[-63.9814863,0.041726100002037],[-63.9864544,0.043172900002461],[-63.9839617,0.046521899997409],[-63.9872332,0.046156000000162],[-63.9876765,0.051784399996648],[-63.9929103,0.051880500001033],[-63.9850857,0.061220200001625],[-63.9941044,0.062646199998108],[-63.985199,0.073218999997839],[-63.9885998,0.076928400000979],[-63.9833794,0.085116999999763],[-63.9835377,0.09417809999891],[-63.9883131,0.097714799999378],[-63.9846507,0.10236290000128],[-63.9793915,0.10168520000016],[-63.9849638,0.109244799998684],[-63.9822792,0.115131999999234],[-63.9746223,0.119550000000111],[-63.9698946,0.11225069999922],[-63.9623221,0.121903600000584],[-63.965791,0.124026600000107],[-63.9610258,0.133953000000641],[-63.9704568,0.138209999999718],[-63.9637462,0.144291099999795],[-63.9662018,0.149154499999812],[-63.959823,0.150053299999441],[-63.9662136,0.165000099999423],[-63.9784145,0.173714499999537],[-63.9766251,0.179452299999954],[-63.9843432,0.184700000000842],[-63.9836728,0.189916000000593],[-63.9882662,0.18803419999912],[-63.9952659,0.192851200000422],[-63.9919383,0.198581600000412],[-63.9846323,0.199685599999332],[-63.9854799,0.209850099999834],[-63.9900147,0.21277839999938],[-63.9867616,0.221974199999952],[-63.9969305,0.21907980000058],[-63.9876415,0.230451199999427],[-63.9945996,0.228052200000732],[-63.9904395,0.232102899999444],[-63.9963482,0.235106799999878],[-63.9971076,0.240739899999689],[-64.0051637,0.242212100000505],[-64.0084922,0.257527200000497],[-64.02013,0.268501799999504],[-64.0149303,0.271441599999733],[-64.0210391,0.272290800000241],[-64.0193027,0.280707000000384],[-64.0101218,0.280979900000084],[-64.015137,0.284067000000601],[-64.0112446,0.288658900000219],[-64.0237861,0.293913600000198],[-64.0197309,0.301922700000333],[-64.0245757,0.301776899999879],[-64.0262726,0.306557299999456],[-64.0198588,0.313817500000117],[-64.0260496,0.316161600000436],[-64.017965,0.316798100000253],[-64.0170521,0.321692400000329],[-64.012069,0.317791900000517],[-64.0087219,0.322707999999893],[-64.0051361,0.331027200000449],[-64.0105792,0.341742799999736],[-64.0079011,0.34692600000012],[-64.0123501,0.346282100000518],[-64.0191322,0.353265600000499],[-64.0255342,0.349306899999496],[-64.0294141,0.362704000000138],[-64.038933,0.368672199999908],[-64.0344849,0.395111699999913],[-64.0389958,0.39384520000006],[-64.0395375,0.4026165],[-64.0490361,0.404970399999914],[-64.0522453,0.424114100000293],[-64.0567476,0.42553760000027],[-64.0518674,0.428955299999607],[-64.0534549,0.445238900000046],[-64.0473819,0.44872509999983],[-64.0513618,0.453247699999878],[-64.0486144,0.4624397000001],[-64.0551518,0.469256999999686],[-64.0528388,0.47556689999973],[-64.0570471,0.473387399999892],[-64.0588461,0.478841400000181],[-64.0534855,0.478530799999859],[-64.0522249,0.482476800000156],[-64.0586031,0.49016079999984],[-64.0553485,0.492749000000321],[-64.0595903,0.499268299999797],[-64.0571037,0.502841400000011],[-64.0624378,0.505685599999674],[-64.0708889,0.521728199999973],[-64.0693731,0.525818200000313],[-64.0724866,0.524792399999808],[-64.0766498,0.540133600000261],[-64.0727123,0.539325599999823],[-64.0741354,0.542941499999835],[-64.0677481,0.54773599999975],[-64.0769161,0.571344199999806],[-64.0846918,0.574056400000093],[-64.0841379,0.581836700000248],[-64.100242,0.584363699999921],[-64.103021,0.6007366],[-64.1177479,0.607427599999766],[-64.1277459,0.620722800000144],[-64.1466328,0.627412300000257],[-64.1519109,0.634376800000189],[-64.148858,0.643784499999796],[-64.1644141,0.664042199999768],[-64.1802466,0.665485899999984],[-64.186917,0.658520600000114],[-64.202464,0.653539700000256],[-64.2185207,0.673866399999969],[-64.2401253,0.680684100000144],[-64.2409481,0.687559999999768],[-64.2333322,0.690526500000184],[-64.2419517,0.694154499999972],[-64.2458824,0.70278230000024],[-64.2398824,0.718263400000239],[-64.2588402,0.714709499999952],[-64.267945,0.706991600000197],[-64.2860723,0.720038],[-64.2901022,0.729486500000209],[-64.2921412,0.723587400000072],[-64.3085643,0.716109700000196],[-64.31191130000002,0.718100799999777],[-64.309985,0.723215899999895],[-64.3157072,0.72063339999995],[-64.3131843,0.725059699999786],[-64.3175018,0.732744700000132],[-64.3242122,0.72865049999983],[-64.3246389,0.734010099999815],[-64.3348656,0.738436800000224],[-64.3549737,0.735718899999779],[-64.3663567,0.758235399999939],[-64.3755223,0.759048199999972],[-64.3796906,0.774059599999827],[-64.3969135,0.777944699999924],[-64.3996901,0.78572119999986],[-64.3966387,0.793771900000187],[-64.412471,0.801816100000066],[-64.4210854,0.801269499999841],[-64.4246971,0.8079623],[-64.4410847,0.805423799999785],[-64.4480215,0.853266899999885],[-64.46588810000002,0.864881800000085],[-64.4758028,0.863838300000035],[-64.4936127,0.876256],[-64.506914,0.897828500000021],[-64.5217677,0.8947981],[-64.5392494,0.901723699999819],[-64.5495289,0.912261599999892],[-64.5521578,0.930591799999882],[-64.5704617,0.933771700000174],[-64.5706537,0.939413],[-64.576423,0.943608400000083],[-64.5792697,0.968771399999822],[-64.5896579,0.978986],[-64.5872785,0.985630900000133],[-64.5953259,0.985163000000149],[-64.5955684,0.98884539999988],[-64.6032684,0.989174900000112],[-64.6093622,0.995434499999967],[-64.6080377,1.006205],[-64.6185795,1.014085799999884],[-64.623863,1.030721299999839],[-64.6394152,1.040751499999979],[-64.6455071,1.028253],[-64.6544966,1.029398300000026],[-64.6718438,1.042467100000132],[-64.6978904,1.030444400000076],[-64.701956,1.035517900000153],[-64.6988981,1.042507200000172],[-64.7179194,1.056838],[-64.7286348,1.077392799999929],[-64.7432654,1.078339500000011],[-64.7429727,1.082643500000124],[-64.7469892,1.081397099999904],[-64.7515542,1.088301899999898],[-64.7600922,1.091472199999852],[-64.75988810000001,1.095965400000153],[-64.7708087,1.101740899999934],[-64.7715989,1.109413499999983],[-64.7751615,1.109181800000134],[-64.77388,1.115851300000097],[-64.7774295,1.116254799999886],[-64.7785456,1.123827299999944],[-64.7830953,1.119087399999849],[-64.7956988,1.134403399999983],[-64.8004419,1.1318275],[-64.8006429,1.137751100000116],[-64.8070045,1.141120299999953],[-64.804659,1.142698299999878],[-64.8177904,1.150465599999921],[-64.8234051,1.157217599999879],[-64.8201051,1.162286399999958],[-64.8284794,1.170399699999921],[-64.8261992,1.177212800000083],[-64.83962,1.181375599999947],[-64.8470499,1.178715799999935],[-64.8576573,1.185257],[-64.85602630000001,1.189855200000092],[-64.8634037,1.192692599999904],[-64.864311,1.198180900000126],[-64.8511313,1.234352699999914],[-64.8451392,1.232701600000069],[-64.8405455,1.2527513],[-64.8230306,1.278469400000012],[-64.8196054,1.294656100000083],[-64.8023869,1.313667499999864],[-64.7938158,1.299117400000067],[-64.7888594,1.300213500000053],[-64.7854573,1.296075299999912],[-64.7844779,1.279444799999958],[-64.7903814,1.273641300000024],[-64.7858628,1.263204999999873],[-64.7749196,1.254324800000124],[-64.7568093,1.227854399999952],[-64.7435254,1.2262796],[-64.7399214,1.233267199999905],[-64.7319273,1.2334297],[-64.7189984,1.241185500000075],[-64.7195791,1.249219799999982],[-64.7120803,1.252292800000116],[-64.7097995,1.265630900000021],[-64.7006451,1.280142399999906],[-64.6759671,1.285213599999928],[-64.6610419,1.296432699999909],[-64.6582282,1.293178800000087],[-64.6502297,1.297491599999899],[-64.6289073,1.32202860000005],[-64.6073841,1.3387],[-64.5895907,1.336008599999969],[-64.5772011,1.340564699999988],[-64.5749059,1.35457750000003],[-64.5806753,1.359988799999882],[-64.5786062,1.377234199999902],[-64.5599686,1.401628100000108],[-64.5575856,1.4133445],[-64.5374699,1.414955899999891],[-64.5267909,1.428335600000104],[-64.5253367,1.442091300000046],[-64.5112705,1.43521910000005],[-64.4985604,1.448079600000086],[-64.4923142,1.447844599999897],[-64.4828273,1.462385499999914],[-64.4664518,1.474891899999889],[-64.4506141,1.47871809999991],[-64.446738,1.470673099999924],[-64.4326825,1.47225779999998],[-64.4224389,1.49003],[-64.4103513,1.501042200000082],[-64.4087428,1.513053699999886],[-64.3909004,1.529627799999921],[-64.3816507,1.518745199999908],[-64.3787331,1.524236800000024],[-64.369763,1.524804100000066],[-64.3630108,1.519378000000121],[-64.3469709,1.51770760000003],[-64.3478893,1.4948838],[-64.3574452,1.48174439999991],[-64.3729321,1.471956200000122],[-64.3777446,1.463449599999929],[-64.3726127,1.451379500000026],[-64.3820354,1.443441599999895],[-64.389395,1.44446239999995],[-64.3911498,1.425997],[-64.401529,1.420012700000052],[-64.4017391,1.41151759999998],[-64.4083444,1.409081000000108],[-64.4098638,1.403001399999873],[-64.4005945,1.398931800000107],[-64.3892319,1.385982599999982],[-64.3805374,1.392635600000133],[-64.376039,1.3906547],[-64.3769789,1.384378899999921],[-64.3548704,1.379544999999877],[-64.3568967,1.375097599999964],[-64.3377659,1.361227700000081],[-64.3356458,1.370203599999972],[-64.3432838,1.37547169999992],[-64.3402143,1.37831279999989],[-64.3430269,1.3815393],[-64.3248835,1.39588749999995],[-64.3270012,1.4010152],[-64.3214451,1.406654500000021],[-64.3277031,1.420990799999871],[-64.3233249,1.438039600000119],[-64.3148897,1.43758749999996],[-64.313581,1.44685550000002],[-64.3090006,1.4487115],[-64.3112373,1.453327599999906],[-64.3040334,1.456023899999971],[-64.3015481,1.464144699999923],[-64.2901047,1.469484499999927],[-64.2844992,1.477589800000029],[-64.277318,1.4741705],[-64.27478390000002,1.482793699999944],[-64.26499,1.482155999999878],[-64.2605946,1.502269399999977],[-64.255336,1.497653299999943],[-64.2400247,1.50759720000002],[-64.2163529,1.506602299999986],[-64.205781,1.517809600000075],[-64.1973077,1.519972499999974],[-64.1923108,1.529752100000119],[-64.1964011,1.535355800000037],[-64.1920967,1.546598699999987],[-64.1730229,1.566821700000028],[-64.1682656,1.579583500000045],[-64.1534352,1.573010700000046],[-64.1493092,1.580420399999932],[-64.1254432,1.578445399999957],[-64.1147749,1.588692599999934],[-64.1107352,1.607767599999966],[-64.0989045,1.6100273],[-64.0867721,1.644266900000072],[-64.0749707,1.6507314],[-64.0653718,1.676293],[-64.0692337,1.690638800000023],[-64.0612153,1.701388399999954],[-64.0733152,1.723642199999967],[-64.0640813,1.733144500000069],[-64.0660967,1.744109900000036],[-64.0772045,1.748696799999915],[-64.0801772,1.75585850000008],[-64.0730091,1.759707299999935],[-64.0597107,1.780659599999947],[-64.0621956,1.795078600000086],[-64.058973,1.80379280000008],[-64.0512826,1.807887],[-64.04992,1.81847929999996],[-64.0502292,1.827437600000091],[-64.0570021,1.827833599999932],[-64.055636,1.835797600000032],[-64.0694316,1.852417299999907],[-64.0578186,1.879673400000087],[-64.0625949,1.900751],[-64.0571222,1.902587899999953],[-64.0602107,1.905912],[-64.0565523,1.910537700000092],[-64.062777,1.914574399999919],[-64.0587842,1.920015299999944],[-64.0611066,1.924483900000036],[-64.044536,1.934815599999956],[-64.0359513,1.946044400000067],[-64.0307689,1.942909500000086],[-64.0205907,1.947382899999956],[-64.0140106,1.954298100000041],[-64.0169804,1.957564200000022],[-64.0051806,1.961697400000064],[-64.0020558,1.972285199999924],[-63.9933938,1.976051800000059],[-63.9923282,1.982463499999903],[-63.985574,1.97779],[-63.971937,1.991274699999924],[-63.9575847,1.993236299999946],[-63.9447315,1.98376],[-63.9365437,1.991127800000049],[-63.9308466,1.983078799999936],[-63.9213744,1.981872500000011],[-63.9083221,1.985314800000018],[-63.9031652,1.99340969999998],[-63.8927943,1.989226700000012],[-63.8907436,1.982577900000084],[-63.8837039,1.983153599999923],[-63.8727041,1.976224400000013],[-63.864831,1.975825799999918],[-63.8584838,1.980879200000037],[-63.8576082,1.973712199999978],[-63.8496417,1.973774099999982],[-63.8478762,1.963851700000065],[-63.8410019,1.961136800000055],[-63.8387045,1.967518499999985],[-63.8321779,1.967315799999938],[-63.8314449,1.979143700000041],[-63.8235007,1.984243800000047],[-63.8242634,1.994157199999952],[-63.8088405,1.9872197],[-63.8003184,1.988790499999953],[-63.7902258,1.980797600000061],[-63.7810219,1.982662],[-63.7755469,1.997872],[-63.7704304,1.997561500000026],[-63.76399330000001,2.005518399999957],[-63.7591919,1.99880590000009],[-63.7493613,1.995155599999956],[-63.7485977,2.0020527],[-63.7405075,2.00132930000008],[-63.74362940000001,2.01124690000004],[-63.7401605,2.018127699999948],[-63.7330681,2.017996799999932],[-63.7298323,2.028825899999942],[-63.7130333,2.040366300000027],[-63.7053952,2.040485299999939],[-63.7003745,2.048908499999937],[-63.686645,2.037249199999923],[-63.6908612,2.0207594],[-63.6642635,2.01908489999996],[-63.6606419,2.023407500000053],[-63.6594152,2.043170800000067],[-63.6633679,2.049732600000075],[-63.6618491,2.067393],[-63.6327202,2.071988199999963],[-63.6329344,2.085949],[-63.6180389,2.091907200000033],[-63.6163644,2.098936299999958],[-63.620356,2.103434199999975],[-63.6148392,2.108891599999922],[-63.608229,2.10722119999994],[-63.5936667,2.122668700000023],[-63.5821454,2.117300599999951],[-63.5773198,2.123668],[-63.57021,2.120969700000026],[-63.564071,2.133047900000065],[-63.5523212,2.128936200000036],[-63.5479097,2.134504100000016],[-63.5438979,2.128707699999981],[-63.5342682,2.1315702],[-63.5240746,2.121519400000017],[-63.5165079,2.122675800000056],[-63.5072982,2.11057939999998],[-63.4752053,2.123775099999937],[-63.4733207,2.141606800000019],[-63.4484506,2.126159300000015],[-63.4354445,2.124160599999948],[-63.42727820000001,2.138294599999937],[-63.426236,2.132712400000045],[-63.4206395,2.131241900000032],[-63.4040879,2.146665499999937],[-63.3929378,2.148507199999983],[-63.3949381,2.174432099999987],[-63.3894894,2.1834253],[-63.3976206,2.188222499999941],[-63.3999762,2.201988],[-63.3852426,2.202416300000062],[-63.3716903,2.211464600000051],[-63.3597912,2.197101599999979],[-63.3107885,2.165004],[-63.2763514,2.1543897],[-63.1941336,2.181212899999971],[-63.1654596,2.180313399999946],[-63.1585996,2.1742866],[-63.1463394,2.173258600000056],[-63.1375887,2.161055300000011],[-63.1385586,2.142770700000043],[-63.1241234,2.104990599999917],[-63.10724050000001,2.079344199999948],[-63.0855429,2.061437],[-63.0708633,2.039986099999923],[-63.0237761,2.014679399999916],[-62.98043470000001,2.017927600000018],[-62.9484827,2.031041400000037],[-62.8385715,2.016386399999955],[-62.8288757,2.013313600000013],[-62.8132455,1.991684199999969],[-62.7295838,1.960549399999901],[-62.7060294,1.939723199999942],[-62.6987291,1.911957599999918],[-62.7041791,1.873946799999923],[-62.7310733,1.81823229999995],[-62.72373180000001,1.712398700000055],[-62.7286068,1.7],[-62.7658839,1.671308400000075],[-62.7734975,1.656310900000056],[-62.7929928,1.6353122],[-62.8056337,1.604203399999893],[-62.8052823,1.591345699999955],[-62.7567946,1.54762790000005],[-62.7497857,1.535971800000016],[-62.7363493,1.529629600000062],[-62.7308005,1.499632],[-62.7207753,1.488544700000016],[-62.6985853,1.475439],[-62.6769036,1.454630899999926],[-62.6466334,1.443222099999947],[-62.6355059,1.431819899999947],[-62.6202536,1.403783299999897],[-62.6205211,1.362693399999974],[-62.6107924,1.352649399999972],[-62.6021975,1.32577220000005],[-62.59746770000001,1.290221],[-62.5546935,1.174904100000021],[-62.5412054,1.111955399999934],[-62.529669,1.088818299999947],[-62.5210879,1.083815900000019],[-62.4716209,1.086281599999899],[-62.4782836,1.0566044],[-62.4791091,1.047936100000053],[-62.474427,1.04022],[-62.47773020000001,1.027947399999929],[-62.4616306,0.994911000000114],[-62.4458079,0.976841299999871],[-62.4427354,0.958533900000129],[-62.4535663,0.934647299999974],[-62.4710538,0.9171288],[-62.4846856,0.87602030000008],[-62.4860709,0.857965299999974],[-62.4810502,0.842672200000174],[-62.4660739,0.829077199999813],[-62.4577351,0.785197900000035],[-62.4630261,0.7768688],[-62.5004942,0.7479482999999],[-62.5333109,0.701300700000195],[-62.5382905,0.675195500000153],[-62.5182977,0.583816899999929],[-62.5330086,0.508808400000209],[-62.5229646,0.485566],[-62.5186613,0.443700900000348],[-62.5093851,0.44049920000029],[-62.485246,0.454080400000088],[-62.4585682,0.417691400000152],[-62.456074,0.392410999999661],[-62.4463713,0.379113800000433],[-62.45300910000001,0.373533300000023],[-62.4519052,0.365187099999767],[-62.4610737,0.352668099999774],[-62.4668891,0.332967799999982],[-62.4585849,0.313494099999642],[-62.4682903,0.275753200000415],[-62.4544158,0.243552899999982],[-62.4527436,0.20741420000012],[-62.4385598,0.194895500000328],[-62.4285756,0.173534100000053],[-62.42330050000001,0.144675399999695],[-62.4281258,0.128138700001322],[-62.4217735,0.097843200000479],[-62.4092644,0.075072799999485],[-62.3859075,0.060413600001601],[-62.3658734,0.055771600001158],[-62.336604,0.021567000007194],[-62.3227267,-0.014885399995011],[-62.3255119,-0.021335399993798],[-62.3206255,-0.043079799997635],[-62.3130516,-0.046988899997989],[-62.3200391,-0.048454800003533],[-62.3201369,-0.057592300000072],[-62.3250721,-0.052901399997157],[-62.3306914,-0.054807099999152],[-62.3278573,-0.064286600002798],[-62.3185244,-0.064530999997889],[-62.3145664,-0.069026399998841],[-62.3215539,-0.077479799997742],[-62.3131982,-0.07982530000033],[-62.3121232,-0.086812800000367],[-62.3185244,-0.088425300001549],[-62.3197948,-0.096341200001424],[-62.3143221,-0.101032099999064],[-62.3116346,-0.098491199999779],[-62.306113,-0.112368499998886],[-62.2940436,-0.119551499999782],[-62.2937016,-0.126929899998977],[-62.2830493,-0.135187799998721],[-62.2778209,-0.149846899999431],[-62.268097,-0.154244600000321],[-62.2630151,-0.163382100001046],[-62.2577379,-0.16049920000001],[-62.241564,-0.170467300000469],[-62.2416128,-0.181461600000339],[-62.2467924,-0.190745699999707],[-62.2431765,-0.205820100000621],[-62.2530225,-0.212905299999906],[-62.2485759,-0.237605700000141],[-62.2506526,-0.248013600000617],[-62.2413196,-0.245741399999521],[-62.2372639,-0.251776100000533],[-62.253389,-0.270002099999485],[-62.2507503,-0.282022400000208],[-62.24281,-0.290524600000046],[-62.2436651,-0.294580199999542],[-62.2476475,-0.291697299999818],[-62.2480628,-0.296339300000473],[-62.2400492,-0.304963599999975],[-62.2375083,-0.303326699999525],[-62.2308414,-0.315722699999547],[-62.2193096,-0.305656899999798],[-62.18691290000001,-0.325593000000545],[-62.1942913,-0.334632600000043],[-62.1943402,-0.35935719999994],[-62.2081686,-0.367615],[-62.2015232,-0.386720399999722],[-62.2061652,-0.391118],[-62.2139834,-0.387209],[-62.2170618,-0.39575989999992],[-62.2118823,-0.401476899999684],[-62.2214107,-0.403968900000181],[-62.2259062,-0.420924099999967],[-62.228496,-0.417894699999771],[-62.2354835,-0.424930900000291],[-62.2420312,-0.420240099999975],[-62.2448165,-0.432602199999615],[-62.2567636,-0.440640100000249],[-62.2628716,-0.434923200000112],[-62.270983,-0.449679600000248],[-62.2758205,-0.441128699999747],[-62.2804626,-0.443327499999892],[-62.2779216,-0.458865700000168],[-62.2673671,-0.469224500000081],[-62.2761137,-0.474013000000108],[-62.2845671,-0.471618699999619],[-62.2881342,-0.479143499999827],[-62.2850069,-0.479778700000036],[-62.2896978,-0.481488900000103],[-62.2853001,-0.492971399999969],[-62.2958058,-0.498541699999786],[-62.2927274,-0.503672200000361],[-62.2968319,-0.507825500000296],[-62.300399,-0.504014199999723],[-62.3013274,-0.509242500000225],[-62.3072399,-0.508118599999661],[-62.3087058,-0.514763800000135],[-62.2999103,-0.529422399999932],[-62.308999,-0.530301900000021],[-62.3099274,-0.542272999999716],[-62.3184297,-0.544618299999825],[-62.3065558,-0.559423300000224],[-62.3123217,-0.575938500000065],[-62.2906262,-0.598463500000099],[-62.2916035,-0.607600499999903],[-62.298249,-0.60613469999993],[-62.301816,-0.614880799999812],[-62.28935580000001,-0.622405400000163],[-62.2867171,-0.632372999999899],[-62.292874,-0.647715199999753],[-62.2985421,-0.647128899999784],[-62.3116376,-0.658708899999737],[-62.3266877,-0.652992199999904],[-62.3307434,-0.666037900000179],[-62.3419332,-0.673122700000075],[-62.3429104,-0.665744800000079],[-62.3535627,-0.675272599999907],[-62.3698832,-0.667845799999913],[-62.3711293,-0.68917330000018],[-62.3674645,-0.694499099999828],[-62.3592554,-0.69616029999991],[-62.3570076,-0.702365600000168],[-62.3729861,-0.70949910000009],[-62.3752827,-0.701974700000179],[-62.3821725,-0.703196199999971],[-62.3932645,-0.708863899999857],[-62.3925804,-0.715899799999827],[-62.4013759,-0.717267900000023],[-62.4029884,-0.722398099999821],[-62.4109044,-0.71291930000001],[-62.4090964,-0.708179899999908],[-62.4156441,-0.705736899999869],[-62.4130544,-0.701632699999812],[-62.418918,-0.699824799999806],[-62.41808730000001,-0.69489],[-62.42732259999999,-0.696795499999937],[-62.4271271,-0.68975959999996],[-62.4360692,-0.690590300000254],[-62.4432033,-0.685899699999871],[-62.4555658,-0.689124500000268],[-62.4620158,-0.685215600000052],[-62.4702738,-0.69117659999997],[-62.4746716,-0.685215599999909],[-62.4769091,-0.687852399999827],[-62.4866273,-0.68146729999978],[-62.4930157,-0.687582400000165],[-62.4955158,-0.70396479999995],[-62.5082918,-0.714249200000244],[-62.5060689,-0.730916899999819],[-62.4988499,-0.733971699999972],[-62.4949568,-0.750634199999778],[-62.5102377,-0.7589685000002],[-62.5044023,-0.765635599999986],[-62.5010732,-0.781466099999838],[-62.4807979,-0.7950775],[-62.4655125,-0.78897119999978],[-62.4616298,-0.801745299999793],[-62.4482994,-0.810074399999922],[-62.4427378,-0.802026500000209],[-62.4332906,-0.803968400000064],[-62.4282938,-0.812298800000117],[-62.3957973,-0.820356700000051],[-62.3941282,-0.828968200000051],[-62.3760672,-0.836469300000058],[-62.3805119,-0.843689400000212],[-62.3735689,-0.848688],[-62.3699632,-0.859246],[-62.3763474,-0.866192300000149],[-62.3666242,-0.86924779999997],[-62.3649621,-0.8773045],[-62.35662880000001,-0.8750771],[-62.34023650000001,-0.904241900000024],[-62.3285742,-0.915634100000065],[-62.3171788,-0.914245699999932],[-62.3127423,-0.930355],[-62.2938472,-0.948129699999959],[-62.2860729,-0.943969699999855],[-62.2721852,-0.952021700000039],[-62.2591241,-0.975914900000166],[-62.2274549,-0.973441099999971],[-62.2135666,-0.983688099999979],[-62.2038518,-0.982851700000109],[-62.1999604,-1.00035419999989],[-62.1719075,-1.005912400000073],[-62.1549589,-1.026189],[-62.1455137,-1.028414399999888],[-62.1430091,-1.037303600000067],[-62.12551770000001,-1.037301899999905],[-62.1113467,-1.060360899999842],[-62.1182904,-1.076467599999849],[-62.0996815,-1.096743300000045],[-62.062179,-1.099799199999856],[-62.0316231,-1.126462900000031],[-62.0120554,-1.151780699999958],[-61.9894005,-1.201742600000133],[-61.9880169,-1.216741],[-61.966905,-1.242857900000129],[-61.9499562,-1.297020500000081],[-61.9274584,-1.320631899999987],[-61.909129,-1.348685100000093],[-61.9060054,-1.371591200000028]]]}},{"type":"Feature","properties":{"CD_MUN":"1302207","NM_MUN":"Juruá","SIGLA_UF":"AM","CodigoIBGE":"1302207","SubRegiaoNumero":2,"CalhaSubRegiao":"Região do Triângulo Jutaí/Solimões/Juruá"},"geometry":{"type":"Polygon","coordinates":[[[-65.9501758,-4.294642299999969],[-66.9320944,-4.2956378],[-66.9343735,-4.276846300000019],[-66.929482,-4.266719],[-66.9326415,-4.257644],[-66.9203856,-4.242506200000014],[-66.9183563,-4.231683499999972],[-66.9147602,-4.2315759],[-66.918319,-4.224997399999973],[-66.9231539,-4.22462549999997],[-66.9226267,-4.219563900000024],[-66.9271382,-4.2213188],[-66.9252567,-4.218493800000013],[-66.9306626,-4.217475899999977],[-66.9356184,-4.208343399999979],[-66.9403652,-4.211611900000012],[-66.944671,-4.2068481],[-66.9539295,-4.20623020000003],[-66.9577252,-4.2006506],[-66.9630126,-4.203558900000032],[-66.9764513,-4.1872024],[-66.9804449,-4.189942199999966],[-66.9814619,-4.1860232],[-66.9869479,-4.186299399999982],[-66.9879662,-4.190630299999948],[-66.99522320000001,-4.185811099999977],[-66.9998125,-4.1884614],[-67.0063353,-4.178431799999974],[-67.0040949,-4.175077499999983],[-67.012575,-4.1683375],[-67.0147659,-4.171703599999987],[-67.023878,-4.16157690000002],[-67.0235535,-4.153630099999986],[-67.0253498,-4.1581763],[-67.0290527,-4.154249400000033],[-67.0328172,-4.1559027],[-67.0372674,-4.142878],[-67.0470696,-4.142457599999949],[-67.0470693,-4.1294936],[-67.0512004,-4.13127770000003],[-67.05282929999998,-4.125462599999982],[-67.0558073,-4.129433400000019],[-67.0596768,-4.127836899999969],[-67.064394,-4.120729299999972],[-67.060984,-4.121069199999963],[-67.0637105,-4.112934899999988],[-67.0592758,-4.110469199999958],[-67.064695,-4.10560020000001],[-67.0684896,-4.10757889999997],[-67.0736948,-4.1008445],[-67.0645832,-4.08672060000003],[-67.0710197,-4.089140299999988],[-67.0688271,-4.083297100000038],[-67.0757923,-4.0835279],[-67.0769182,-4.0783036],[-67.0734442,-4.081578499999982],[-67.071529,-4.0786079],[-67.0730622,-4.06728],[-67.0773289,-4.064315599999985],[-67.0756842,-4.058435099999953],[-67.0829323,-4.0564378],[-67.0882148,-4.0422178],[-67.0894171,-4.045741399999973],[-67.09650679999999,-4.044227399999957],[-67.1076341,-4.033853200000016],[-67.1157792,-4.039099299999967],[-67.1207252,-4.034105699999982],[-67.1206827,-4.0387442],[-67.1275671,-4.034246400000013],[-67.1275985,-4.0297115],[-67.1329349,-4.031556700000021],[-67.1438276,-4.0110052],[-67.1556238,-4.00826729999997],[-67.1508068,-4.0030873],[-67.1577129,-4.00573009999997],[-67.1552865,-4.002824099999978],[-67.1658842,-3.990314],[-67.1644234,-3.984410599999975],[-67.1717348,-3.9819451],[-67.1706156,-3.9640607],[-67.1759999,-3.965070200000046],[-67.1733906,-3.959990099999962],[-67.1794648,-3.956878],[-67.1817064,-3.9479122],[-67.1773665,-3.948241899999973],[-67.177266,-3.9434673],[-67.1808992,-3.9450645],[-67.1835396,-3.933837700000037],[-67.1891332,-3.934594],[-67.1880417,-3.931020100000021],[-67.1979321,-3.920444800000017],[-67.2032124,-3.9196474],[-67.1957572,-3.918655200000036],[-67.1970494,-3.906228800000011],[-67.1886511,-3.90194],[-67.1885205,-3.895097500000018],[-67.1945149,-3.894283799999978],[-67.1859861,-3.877291800000024],[-67.1833608,-3.883219200000032],[-67.1730825,-3.884141099999972],[-67.1697113,-3.893322800000021],[-67.1649703,-3.893319],[-67.1611462,-3.902352500000025],[-67.1474811,-3.912865200000014],[-67.1347854,-3.933239899999986],[-67.1245784,-3.933645899999988],[-67.1025026,-3.946919],[-67.0831436,-3.948465900000034],[-67.0704107,-3.959191],[-67.0630743,-3.9577637],[-67.0430629,-3.9646488],[-67.018449,-3.983046799999961],[-67.0058019,-3.987140500000021],[-66.9959051,-3.986660899999987],[-66.9854357,-3.975817299999957],[-66.9792922,-3.9491788],[-66.984446,-3.9303738],[-67.0093287,-3.9025769],[-67.0120695,-3.891962499999973],[-67.0102655,-3.878547199999989],[-66.999562,-3.869350299999972],[-66.9961958,-3.858794],[-66.988539,-3.855303599999986],[-66.9710418,-3.861039599999964],[-66.9695902,-3.852860599999955],[-66.9727032,-3.7913594],[-66.9797324,-3.775718],[-66.976681,-3.747643199999973],[-66.987293,-3.725726599999954],[-66.9892924,-3.707745100000011],[-66.9740424,-3.682144099999953],[-66.9415133,-3.655434599999976],[-66.935732,-3.637964700000042],[-66.9234553,-3.625039300000015],[-66.9103804,-3.57756709999995],[-66.9467308,-3.553757599999981],[-66.9982603,-3.54864],[-67.0281547,-3.529043699999974],[-67.0335398,-3.5113997],[-67.0269872,-3.483832499999957],[-67.0347862,-3.423566200000036],[-67.0326197,-3.40826669999996],[-67.0236812,-3.393635399999952],[-66.9926796,-3.373066700000021],[-66.9965378,-3.348945099999967],[-66.9905398,-3.334475200000038],[-66.9674283,-3.327506899999989],[-66.94171,-3.303744700000048],[-66.9347111,-3.27838149999996],[-66.9377624,-3.245358800000045],[-66.9251589,-3.225885],[-66.923297,-3.2098494],[-66.9072187,-3.176803899999958],[-66.9068733,-3.165799299999963],[-66.8857513,-3.150741699999986],[-66.8839275,-3.145254],[-66.8630626,-3.136149699999939],[-66.8471498,-3.135385799999951],[-66.830312,-3.142970300000021],[-66.8203383,-3.1402855],[-66.8123649,-3.144644499999977],[-66.8014652,-3.141429099999975],[-66.7870021,-3.149959400000036],[-66.7727012,-3.1684945],[-66.7625408,-3.158778099999969],[-66.7571121,-3.1649508],[-66.7506394,-3.1637992],[-66.7363323,-3.152732499999987],[-66.7297393,-3.1559199],[-66.7306584,-3.158893399999968],[-66.7272513,-3.155291399999952],[-66.7233613,-3.157050699999967],[-66.724405,-3.1540693],[-66.7200138,-3.1553351],[-66.7209966,-3.158485200000035],[-66.7108837,-3.1566912],[-66.7086504,-3.162162499999962],[-66.6997122,-3.163372100000034],[-66.7002711,-3.158842500000014],[-66.6990641,-3.162255300000014],[-66.6891719,-3.16059580000003],[-66.687647,-3.155448399999958],[-66.6733049,-3.14773789999998],[-66.6694686,-3.151390399999932],[-66.6601433,-3.147964200000039],[-66.6555376,-3.151838900000035],[-66.6521461,-3.144363900000038],[-66.6468648,-3.146714100000036],[-66.6275234,-3.133772],[-66.6241847,-3.144019700000031],[-66.6212121,-3.1408824],[-66.6149361,-3.144736699999974],[-66.6116062,-3.140330399999943],[-66.6098459,-3.144497800000019],[-66.6031402,-3.137618600000022],[-66.6047723,-3.141950900000016],[-66.593529,-3.140726700000014],[-66.5883112,-3.146399199999962],[-66.5579289,-3.143979800000015],[-66.5603535,-3.1513719],[-66.5432178,-3.147568],[-66.539861,-3.153928],[-66.5347067,-3.14047810000004],[-66.5318735,-3.144995600000012],[-66.5370538,-3.148923700000021],[-66.5295592,-3.15476009999995],[-66.5252398,-3.144176299999949],[-66.5162556,-3.144877800000046],[-66.5131052,-3.149238499999952],[-66.5107878,-3.145325400000027],[-66.5152009,-3.1393201],[-66.503696,-3.141453599999958],[-66.5047119,-3.148222099999963],[-66.4952961,-3.140335],[-66.4877206,-3.146728],[-66.4801719,-3.1445175],[-66.4773764,-3.1539234],[-66.4725059,-3.149069200000025],[-66.4690966,-3.132661600000038],[-66.4637463,-3.138214],[-66.4581687,-3.1301143],[-66.4563517,-3.137234700000011],[-66.4494109,-3.1348107],[-66.4498904,-3.142240300000029],[-66.4420313,-3.134864900000047],[-66.4385931,-3.141411299999989],[-66.4337486,-3.13473149999995],[-66.4296543,-3.135756699999968],[-66.4343908,-3.141716299999948],[-66.4257386,-3.146898099999989],[-66.4228074,-3.136948400000031],[-66.411106,-3.1304192],[-66.3971051,-3.137202099999955],[-66.390237,-3.13280539999998],[-66.3916015,-3.137868399999986],[-66.3852,-3.144845],[-66.380145,-3.140929799999935],[-66.3813016,-3.146841700000045],[-66.3763816,-3.139653600000021],[-66.3639435,-3.135982],[-66.3633045,-3.1424599],[-66.3558007,-3.147383099999938],[-66.3477345,-3.143179899999948],[-66.3487516,-3.1496082],[-66.3420853,-3.144468199999968],[-66.3426599,-3.15264619999998],[-66.3382364,-3.153794899999935],[-66.3354213,-3.16145270000002],[-66.32873,-3.157486399999966],[-66.3302478,-3.1535848],[-66.3272038,-3.1585803],[-66.3045884,-3.1563335],[-66.3059416,-3.142729199999949],[-66.2965228,-3.139035200000019],[-66.2926168,-3.1285258],[-66.2802348,-3.134985099999962],[-66.2820961,-3.129659100000019],[-66.2600474,-3.1240676],[-66.2586389,-3.128049299999974],[-66.2544356,-3.125733200000048],[-66.2504877,-3.133465300000021],[-66.2468693,-3.123726800000013],[-66.2518809,-3.120197699999943],[-66.2493236,-3.109861300000022],[-66.2397272,-3.1096257],[-66.2435421,-3.099526199999945],[-66.236625,-3.10004],[-66.241343,-3.091584400000051],[-66.2317366,-3.08866],[-66.2287479,-3.0924464],[-66.2281296,-3.0797858],[-66.20948459999998,-3.068194300000016],[-66.214376,-3.066842899999974],[-66.2115278,-3.061839399999962],[-66.21817,-3.061667],[-66.21934990000001,-3.054183500000036],[-66.2068687,-3.038191799999967],[-66.2065552,-3.029076599999934],[-66.2108186,-3.027653],[-66.21243560000002,-3.018484],[-66.2055394,-3.014937499999974],[-66.2031572,-3.018099500000052],[-66.1982216,-3.011280399999986],[-66.2010095,-3.0072078],[-66.196379,-3.007463700000025],[-66.2067778,-3.000191500000033],[-66.2066071,-2.991014299999966],[-66.2026879,-2.992100499999958],[-66.1984103,-2.984389500000042],[-66.1974042,-2.989250400000045],[-66.191824,-2.9856139],[-66.1988841,-2.96756409999997],[-66.1930495,-2.965476100000036],[-66.1876729,-2.950306500000033],[-66.1813512,-2.957635199999979],[-66.1701652,-2.952763599999968],[-66.172566,-2.943157599999939],[-66.16742660000001,-2.940755299999987],[-66.1672558,-2.926246400000029],[-66.1585618,-2.92107069999997],[-66.1540831,-2.922952100000058],[-66.1481802,-2.903138],[-66.1417423,-2.906123],[-66.1362046,-2.898270399999934],[-66.1257993,-2.896628300000054],[-66.1221379,-2.882475599999979],[-66.1042639,-2.878171300000027],[-66.1159716,-2.850053600000059],[-66.1009958,-2.842927600000011],[-66.0929323,-2.823662899999951],[-66.0876808,-2.827122099999944],[-66.0824753,-2.824608500000017],[-66.0908845,-2.814997099999963],[-66.0797818,-2.797803099999987],[-66.0715461,-2.79264919999996],[-66.0766022,-2.783447800000016],[-66.0640125,-2.774416],[-66.069454,-2.765253700000011],[-66.066103,-2.755818399999989],[-66.0537955,-2.737038600000041],[-66.0456647,-2.733181],[-66.0533286,-2.731563300000039],[-66.0551621,-2.7272738],[-66.039379,-2.722465],[-66.0299052,-2.729449800000044],[-66.0333846,-2.71875039999996],[-66.0209932,-2.710915300000024],[-66.0177568,-2.692998500000015],[-66.0052991,-2.696465],[-66.0002174,-2.705765200000035],[-66.0032344,-2.693555900000059],[-65.998692,-2.6874465],[-65.9990769,-2.677023299999942],[-65.9848852,-2.674038],[-65.9840793,-2.668072400000058],[-65.9897249,-2.661959500000011],[-65.9795745,-2.65726380000005],[-65.9826945,-2.642988499999974],[-65.969496,-2.637162799999951],[-65.9663071,-2.625841599999961],[-65.9535301,-2.631443800000052],[-65.9483781,-2.629605500000043],[-65.9494847,-2.623058100000052],[-65.9594937,-2.6166424],[-65.9546551,-2.608683199999937],[-65.946581,-2.607298100000063],[-65.9349776,-2.61682889999994],[-65.923637,-2.603913599999987],[-65.918663,-2.612840499999988],[-65.9127124,-2.605267],[-65.9091325,-2.613534],[-65.8987551,-2.610477599999987],[-65.90102680000001,-2.602504],[-65.8953305,-2.599749900000053],[-65.8985589,-2.59286689999994],[-65.8958599,-2.590053100000065],[-65.8791152,-2.597591799999976],[-65.8793772,-2.607180200000036],[-65.8869975,-2.607373399999948],[-65.8852566,-2.613909099999951],[-65.8676015,-2.614458600000022],[-65.8552823,-2.610235100000063],[-65.8458711,-2.595010800000011],[-65.837931,-2.597477800000053],[-65.8349148,-2.589430499999965],[-65.8350969,-2.602821500000036],[-65.8314543,-2.606028800000016],[-65.8115146,-2.589833299999957],[-65.8049039,-2.588898400000032],[-65.79865260000001,-2.592004399999959],[-65.7974866,-2.612686799999963],[-65.777304,-2.631379400000061],[-65.7534654,-2.630186299999985],[-65.7746184,-2.591118699999954],[-65.8006419,-2.564115899999978],[-65.8187938,-2.519966900000046],[-65.8153472,-2.497624],[-65.7850933,-2.480171],[-65.7708542,-2.482725699999973],[-65.7539751,-2.50036],[-65.7272522,-2.518575599999936],[-65.7215061,-2.527377899999937],[-65.7146665,-2.559521299999947],[-65.7136353,-2.618206700000036],[-65.6790072,-2.653187900000024],[-65.6637878,-2.6622251],[-65.6528642,-2.663495399999936],[-65.5971732,-2.6599275],[-65.5583417,-2.635103400000022],[-65.5239767,-2.601823599999978],[-65.5056976,-2.562761],[-65.4872487,-2.545219399999958],[-65.4884181,-2.539262899999962],[-65.4424804,-2.510072499999946],[-65.4246187,-2.488219900000036],[-65.3992041,-2.470088800000045],[-65.397731,-2.450511900000071],[-65.3911706,-2.4455566],[-65.3723955,-2.461251800000043],[-65.3486453,-2.4723167],[-65.3157428,-2.475983699999987],[-65.2911554,-2.513814899999955],[-65.283105,-2.5338],[-65.2764656,-2.536324600000058],[-65.2564813,-2.563988500000052],[-65.25435820000001,-2.58778530000003],[-65.2585546,-2.601228200000014],[-65.2679051,-2.61211409999996],[-65.3130824,-2.638469799999978],[-65.3600187,-2.648130200000046],[-65.379435,-2.666500199999988],[-65.3852864,-2.679901400000066],[-65.37695150000002,-2.71775],[-65.3364317,-2.780401899999955],[-65.3461158,-2.819853],[-65.3811731,-2.8540584],[-65.4267276,-2.873406],[-65.449258,-2.85527320000004],[-65.458333,-2.855210699999971],[-65.4689081,-2.867630400000024],[-65.4971977,-2.8589063],[-65.5315619,-2.883935600000026],[-65.546478,-2.886907500000011],[-65.5598163,-2.888545700000042],[-65.5892275,-2.871633799999966],[-65.5974772,-2.873447799999944],[-65.6043678,-2.89023510000005],[-65.6076988,-2.921776399999975],[-65.6147795,-2.9288198],[-65.6409268,-2.937201400000046],[-65.6574764,-2.954078799999946],[-65.7022842,-3.043595299999947],[-65.7319459,-3.076310900000029],[-65.7347841,-3.102560399999972],[-65.7523417,-3.156347700000031],[-65.7637023,-3.170968499999979],[-65.785395,-3.174330200000032],[-65.8023389,-3.183766899999976],[-65.8321476,-3.2407748],[-65.8394827,-3.267451],[-65.8690043,-3.30424070000002],[-65.8745851,-3.350261],[-65.9145619,-3.381961200000012],[-65.9214525,-3.417775],[-65.9425092,-3.461758900000025],[-65.956922,-3.4762205],[-65.9781163,-3.487337899999965],[-65.983064,-3.496172],[-65.9845901,-3.566574599999952],[-65.9925362,-3.642294],[-65.9852058,-3.684705300000017],[-65.9946162,-3.720582599999966],[-65.9915048,-3.728058],[-65.9615043,-3.731070700000034],[-65.953987,-3.735614300000037],[-65.9495074,-3.751801900000028],[-65.9533703,-3.760911],[-65.9743144,-3.778544899999986],[-65.9829767,-3.7934614],[-65.9866708,-3.858269],[-65.9842589,-3.885997299999985],[-65.9809781,-3.902726700000025],[-65.9634267,-3.924429199999987],[-65.9482849,-3.957782200000036],[-65.9551151,-3.998765599999983],[-65.949647,-4.010838299999955],[-65.9155883,-4.042788500000039],[-65.8792856,-4.124389],[-65.8627618,-4.146200699999957],[-65.8659301,-4.169796299999985],[-65.8779819,-4.18273909999997],[-65.9028179,-4.195721699999957],[-65.9160139,-4.217285],[-65.9254582,-4.260910500000016],[-65.9088738,-4.292671499999961],[-65.9209404,-4.3045918],[-65.9403988,-4.302630599999972],[-65.9501758,-4.294642299999969]]]}},{"type":"Feature","properties":{"CD_MUN":"1303502","NM_MUN":"Pauini","SIGLA_UF":"AM","CodigoIBGE":"1303502","SubRegiaoNumero":3,"CalhaSubRegiao":"Região do Purus"},"geometry":{"type":"Polygon","coordinates":[[[-67.3400795,-7.267182],[-67.3375747,-7.2532075],[-67.3445639,-7.2216918],[-67.340976,-7.2040075],[-67.3487753,-7.185568500000018],[-67.347987,-7.171772],[-67.3403466,-7.16166510000002],[-67.3262733,-7.1562324],[-67.3283046,-7.1493291],[-67.3225428,-7.14868540000001],[-67.3217603,-7.1410986],[-67.3058091,-7.1301466],[-67.304007,-7.121139900000022],[-67.2963712,-7.122406100000017],[-67.2942624,-7.109175899999981],[-67.27817,-7.1035632],[-67.274748,-7.0936723],[-67.266194,-7.0902717],[-67.2636698,-7.075461099999985],[-67.2403859,-7.076926900000019],[-67.2354625,-7.067672399999979],[-67.2180557,-7.067802499999981],[-67.2069956,-7.058649900000021],[-67.17624890000002,-7.058042299999985],[-67.16764960000002,-7.064602],[-67.1548978,-7.0466912],[-67.1467147,-7.049392299999979],[-67.1453745,-7.054452699999983],[-67.1433526,-7.051054700000011],[-67.1392746,-7.052808],[-67.1340231,-7.034344799999973],[-67.1269389,-7.024425500000021],[-67.1146015,-7.024051799999975],[-67.1138868,-7.0140826],[-67.1128007,-7.011556700000019],[-67.1126004,-7.015843499999972],[-67.1056733,-7.018898300000021],[-67.0953024,-7.015150499999975],[-67.1042421,-7.0115104],[-67.0944336,-7.003208399999985],[-67.0880898,-7.013260100000016],[-67.07625690000002,-7.006392199999973],[-67.0774585,-7.010987900000011],[-67.0715445,-7.0083051],[-67.06556449999998,-7.011993600000022],[-67.0686166,-7.020681400000023],[-67.0583095,-7.020763700000014],[-67.059764,-7.028454700000013],[-67.0582942,-7.024945299999982],[-67.0521105,-7.025869],[-67.0487777,-7.031186400000013],[-67.0523014,-7.034006],[-67.0419755,-7.0340926],[-67.0339751,-7.0455679],[-67.0397239,-7.062530300000026],[-67.0355128,-7.062026299999989],[-67.0299153,-7.090257799999988],[-67.0059532,-7.08725],[-66.9987712,-7.09264],[-66.9961482,-7.1121353],[-66.9995002,-7.120024200000015],[-66.9902745,-7.119626599999966],[-66.984237,-7.126169100000019],[-66.9636655,-7.1331115],[-66.9607958,-7.15761139999998],[-66.9574333,-7.1647759],[-66.9502133,-7.16760080000001],[-66.9411678,-7.1877637],[-66.9487254,-7.205042600000023],[-66.953088,-7.206481],[-66.9445559,-7.214981800000019],[-66.95153230000001,-7.210325],[-66.9592056,-7.2151916],[-66.9528466,-7.2192788],[-66.95845710000002,-7.223096900000019],[-66.9528815,-7.226561099999975],[-66.953673,-7.2308159],[-66.9449586,-7.225277199999979],[-66.9465088,-7.2365925],[-66.9378308,-7.2400572],[-66.949172,-7.241916],[-66.9484526,-7.244667],[-66.9437597,-7.243534499999984],[-66.9380312,-7.253196499999987],[-66.9280199,-7.249339299999972],[-66.9241553,-7.256555799999989],[-66.9202404,-7.249347],[-66.9148767,-7.2579218],[-66.9072308,-7.253057899999986],[-66.9043995,-7.260521300000012],[-66.8937268,-7.261662299999988],[-66.8972064,-7.2656887],[-66.89241380000001,-7.264877700000012],[-66.893628,-7.267861799999982],[-66.8850731,-7.264725],[-66.8806535,-7.267629299999977],[-66.8904807,-7.273216],[-66.8780346,-7.273283400000013],[-66.8726363,-7.283240599999984],[-66.86076,-7.275942800000025],[-66.8590853,-7.285436300000016],[-66.8522987,-7.289929],[-66.854775,-7.3001155],[-66.8510296,-7.3022426],[-66.8453591,-7.297145299999985],[-66.8469822,-7.3022199],[-66.8377139,-7.3024541],[-66.8329389,-7.310929],[-66.8279553,-7.30803],[-66.8241719,-7.317021],[-66.8207334,-7.316253500000023],[-66.8214148,-7.3219791],[-66.8116723,-7.3200993],[-66.8088168,-7.313891300000019],[-66.8079927,-7.324650599999976],[-66.7967225,-7.3196196],[-66.7876772,-7.324140099999985],[-66.796622,-7.324250399999983],[-66.7928881,-7.3268461],[-66.7951114,-7.331912299999983],[-66.7891002,-7.3314349],[-66.7914786,-7.3358874],[-66.7881123,-7.3403273],[-66.7822614,-7.340299199999984],[-66.7888039,-7.345286700000025],[-66.7784289,-7.3452679],[-66.7776702,-7.350123],[-66.7672152,-7.346797500000013],[-66.7651873,-7.352881700000026],[-66.7640429,-7.347499],[-66.7567736,-7.346037400000019],[-66.7578196,-7.352087300000027],[-66.7545266,-7.3496031],[-66.751599,-7.35710090000002],[-66.7449625,-7.358015699999988],[-66.7441818,-7.36547469999998],[-66.7360158,-7.365560800000011],[-66.7371178,-7.371415900000018],[-66.7423834,-7.36968580000002],[-66.73838,-7.3792758],[-66.7326865,-7.370004199999984],[-66.7267982,-7.375118799999986],[-66.7203737,-7.371434],[-66.7169843,-7.39586590000002],[-66.7046104,-7.388699],[-66.713993,-7.4004815],[-66.7122964,-7.404535400000023],[-66.7092024,-7.401200699999985],[-66.7011656,-7.4025088],[-66.7026257,-7.4093279],[-66.6917166,-7.41726],[-66.6890581,-7.4148592],[-66.6894104,-7.42002770000002],[-66.6829428,-7.419487499999974],[-66.6810828,-7.427735899999967],[-66.6686172,-7.433909800000013],[-66.6744236,-7.435029899999978],[-66.675127,-7.4459449],[-66.6663276,-7.445221400000011],[-66.6653598,-7.4507309],[-66.6537666,-7.458691699999981],[-66.6476552,-7.4543735],[-66.6352657,-7.4605914],[-66.6333282,-7.469549299999988],[-66.6207561,-7.471959499999987],[-66.6155657,-7.467541499999975],[-66.6171942,-7.4708287],[-66.6115744,-7.4754551],[-66.6158401,-7.4764918],[-66.6088902,-7.485731100000021],[-66.619106,-7.486446599999969],[-66.6131487,-7.4918364],[-66.598247,-7.487736399999979],[-66.6027798,-7.482370599999975],[-66.5923667,-7.4788762],[-66.5933931,-7.485013399999983],[-66.5869648,-7.4897468],[-66.5970738,-7.4920019],[-66.5913005,-7.492786],[-66.5892865,-7.503205699999985],[-66.588599,-7.499441699999972],[-66.58106250000002,-7.5016454],[-66.5854876,-7.4926586],[-66.5785464,-7.487463599999976],[-66.5771989,-7.500524],[-66.5746658,-7.494349799999988],[-66.5601543,-7.495052800000013],[-66.5571356,-7.488619400000016],[-66.5448203,-7.487961199999969],[-66.5374015,-7.4998557],[-66.5336142,-7.4922364],[-66.5295271,-7.494118599999982],[-66.5344194,-7.497557600000015],[-66.5266423,-7.496287399999987],[-66.5266505,-7.501146799999961],[-66.5087808,-7.5003563],[-66.5081085,-7.505533],[-66.5009926,-7.506256],[-66.4998214,-7.5151136],[-66.4942823,-7.511567099999986],[-66.4877734,-7.5196818],[-66.4852088,-7.508907399999983],[-66.4805571,-7.512629],[-66.4803473,-7.5069239],[-66.4755848,-7.5059132],[-66.4702332,-7.5117984],[-66.4699969,-7.5059741],[-66.4605048,-7.5053078],[-66.458247,-7.4996325],[-66.45165190000002,-7.500120099999973],[-66.4546178,-7.509207400000012],[-66.4499974,-7.5137174],[-66.4268812,-7.5016315],[-66.4297557,-7.490768199999982],[-66.4074112,-7.481503899999989],[-66.3898227,-7.488080699999985],[-66.3898539,-7.483567900000019],[-66.3759224,-7.4883198],[-66.3734061,-7.502387900000015],[-66.36396510000002,-7.504971400000014],[-66.3385624,-7.4966674],[-66.3503374,-7.5129963],[-66.3665311,-7.5104398],[-66.3721431,-7.514472699999988],[-66.3728202,-7.523738],[-66.3648071,-7.542721],[-66.3730436,-7.56097459999997],[-66.4085469,-7.5719422],[-66.436502,-7.5654055],[-66.4688814,-7.566354],[-66.4715053,-7.58241639999997],[-66.4922678,-7.5889954],[-66.500318,-7.595643899999972],[-66.5062782,-7.620798],[-66.4927225,-7.648065399999978],[-66.5033081,-7.6664191],[-66.5118694,-7.666323499999974],[-66.5154619,-7.6616003],[-66.5064232,-7.648038299999978],[-66.5062461,-7.63580480000001],[-66.5275902,-7.628391599999983],[-66.528342,-7.6108769],[-66.5361402,-7.6008367],[-66.5494584,-7.598864299999989],[-66.5557889,-7.6032219],[-66.5592497,-7.627468599999975],[-66.5813608,-7.646200899999986],[-66.5920831,-7.6420933],[-66.6079922,-7.618522500000012],[-66.6181143,-7.615062499999969],[-66.6206702,-7.621488600000013],[-66.6098762,-7.629747299999979],[-66.6083473,-7.6415856],[-66.6267808,-7.647819799999973],[-66.63421709999999,-7.657753799999966],[-66.628415,-7.665905],[-66.6068682,-7.6743335],[-66.6072132,-7.6828063],[-66.6125043,-7.6846684],[-66.62330630000001,-7.676678899999987],[-66.63683039999998,-7.676229699999989],[-66.6460415,-7.6835915],[-66.6586659,-7.7096111],[-66.6699588,-7.706926],[-66.6732721,-7.695416599999973],[-66.7100192,-7.702389199999976],[-66.70845620000001,-7.7169959],[-66.7121523,-7.722920800000017],[-66.708604,-7.728591600000023],[-66.7161954,-7.7366759],[-66.7285549,-7.732478600000011],[-66.7291289,-7.725496699999982],[-66.7450053,-7.7305751],[-66.7442099,-7.745222899999971],[-66.7374423,-7.747686099999984],[-66.7390342,-7.753065500000025],[-66.7356034,-7.755836700000022],[-66.737179,-7.759888],[-66.74463240000001,-7.760469199999987],[-66.7441154,-7.76638069999998],[-66.749157,-7.766580600000028],[-66.7519092,-7.773134100000018],[-66.7596493,-7.775845100000025],[-66.7603616,-7.782891],[-66.7837007,-7.788906],[-66.7848415,-7.792636699999987],[-66.7900209,-7.7902584],[-66.7916393,-7.802440300000023],[-66.7977546,-7.801602600000019],[-66.8028469,-7.806763],[-66.8037765,-7.8033059],[-66.8088921,-7.8043082],[-66.8176522,-7.808959800000015],[-66.821295,-7.8169246],[-66.8297807,-7.81765050000001],[-66.8324284,-7.825959400000011],[-66.8257428,-7.828351],[-66.8235557,-7.834817800000022],[-66.8186792,-7.8319844],[-66.8129013,-7.8372106],[-66.8164272,-7.844331900000014],[-66.8132383,-7.848428700000015],[-66.81650260000002,-7.8548187],[-66.8141636,-7.8691872],[-66.8227018,-7.8705245],[-66.8225225,-7.886303899999971],[-66.831179,-7.879930799999984],[-66.8260262,-7.8894311],[-66.8319127,-7.8852438],[-66.8309226,-7.890746800000012],[-66.8367052,-7.894320299999976],[-66.8335514,-7.8958492],[-66.8493197,-7.9051134],[-66.844413,-7.9105079],[-66.8543026,-7.917312799999983],[-66.8519871,-7.9220633],[-66.8571818,-7.925516499999981],[-66.8558162,-7.931604300000024],[-66.8606321,-7.9259984],[-66.8641187,-7.9341194],[-66.8680357,-7.932769699999979],[-66.8706804,-7.9346619],[-66.8658017,-7.936119699999987],[-66.867233,-7.9400613],[-66.8611405,-7.946661100000017],[-66.8670234,-7.963536600000016],[-66.8778914,-7.977806700000021],[-66.8759677,-7.992410100000019],[-66.884701,-8.011989199999983],[-66.8840966,-8.022887800000017],[-66.8775178,-8.0272645],[-66.8796471,-8.030080600000018],[-66.8739001,-8.0307715],[-66.8673153,-8.043606799999983],[-66.8692513,-8.0628607],[-66.8609508,-8.0811844],[-66.8616365,-8.0917398],[-66.8824915,-8.1114438],[-66.8864904,-8.1482795],[-66.8629972,-8.1689994],[-66.8592709,-8.1907206],[-66.8770771,-8.2167343],[-66.8930094,-8.2172071],[-66.9059978,-8.233322900000024],[-66.9086969,-8.257729100000015],[-66.9252864,-8.2724904],[-66.9369448,-8.3017958],[-66.93688630000001,-8.319609],[-66.9321728,-8.32917169999999],[-66.9231141,-8.334699400000014],[-66.9143389,-8.369934],[-66.916699,-8.3782894],[-66.9096692,-8.392876900000024],[-66.911362,-8.402931699999982],[-66.9269576,-8.420013599999987],[-66.9313741,-8.4339154],[-66.9257281,-8.4535822],[-66.9503325,-8.46946319999999],[-67.0418579,-8.5003534],[-67.05775329999999,-8.505171399999984],[-67.4137753,-8.5076429],[-67.422133,-8.539105],[-67.4288389,-8.5409159],[-67.4292539,-8.546115299999988],[-67.4393971,-8.5462491],[-67.4403718,-8.5579787],[-67.4497692,-8.5485968],[-67.4588939,-8.5455237],[-67.4614875,-8.5518764],[-67.4663318,-8.5465112],[-67.4643795,-8.551998699999988],[-67.4686614,-8.561797400000014],[-67.4794601,-8.558183800000016],[-67.4746147,-8.5690917],[-67.4786755,-8.580311800000022],[-67.4863357,-8.57340620000001],[-67.4850165,-8.5646449],[-67.4949351,-8.5616296],[-67.4982261,-8.563982200000012],[-67.4956307,-8.579705600000016],[-67.4977754,-8.5733836],[-67.508033,-8.5767264],[-67.517619,-8.5691414],[-67.5221865,-8.5775897],[-67.5306794,-8.578145],[-67.5346256,-8.567434600000015],[-67.5248043,-8.5615064],[-67.5384945,-8.54663330000001],[-67.5455716,-8.5479803],[-67.5495431,-8.554763499999984],[-67.5512547,-8.544895800000019],[-67.5590098,-8.5414425],[-67.5679187,-8.553231099999984],[-67.5735732,-8.532307],[-67.5823577,-8.5284734],[-67.5836579,-8.53922589999998],[-67.58785369999998,-8.5399126],[-67.5945631,-8.5126933],[-67.6002361,-8.514703600000017],[-67.60500369999998,-8.5054322],[-67.601853,-8.49424940000001],[-67.609119,-8.4933512],[-67.6156806,-8.481095199999976],[-67.6201838,-8.483874400000024],[-67.6312391,-8.48069090000001],[-67.6429959,-8.489408799999984],[-67.6465441,-8.483496499999978],[-67.6595703,-8.4876972],[-67.6658636,-8.485777400000014],[-67.66778880000001,-8.48311760000001],[-67.6556798,-8.4798313],[-67.6592993,-8.46114770000001],[-67.6679682,-8.4584294],[-67.667049,-8.4642001],[-67.6723171,-8.4631433],[-67.6746056,-8.46830349999998],[-67.6800514,-8.4477585],[-67.694997,-8.4483089],[-67.69356660000001,-8.4407483],[-67.7011855,-8.438561],[-67.7024879,-8.44369860000001],[-67.7188078,-8.43786],[-67.7233429,-8.441116799999989],[-67.7298798,-8.429922],[-67.7317374,-8.435162799999985],[-67.7356882,-8.434698200000016],[-67.7410997,-8.4197267],[-67.75181,-8.4312825],[-67.7660654,-8.411021099999983],[-67.7756529,-8.410812800000015],[-67.7737085,-8.4159495],[-67.7797947,-8.4178443],[-67.7831794,-8.3981294],[-67.797751,-8.410209],[-67.7909689,-8.3828492],[-67.8045646,-8.385638],[-67.8067661,-8.3770204],[-67.8227041,-8.3849206],[-67.8365946,-8.370078800000012],[-67.8458078,-8.369963599999975],[-67.8447619,-8.378219599999985],[-67.8558109,-8.372163],[-67.8691239,-8.3736906],[-67.8815214,-8.3594936],[-67.8889248,-8.364472],[-67.8969423,-8.353064200000018],[-67.9009782,-8.357118799999983],[-67.903663,-8.349563],[-67.9163487,-8.3503973],[-67.8990419,-8.33685089999999],[-67.9129269,-8.332397],[-67.90879980000001,-8.323675299999987],[-67.9146057,-8.3088322],[-67.9199617,-8.310913899999974],[-67.9184628,-8.30627640000002],[-67.9230264,-8.3060659],[-67.9278216,-8.2950151],[-67.9262572,-8.290264],[-67.9351461,-8.2856743],[-67.9292628,-8.26784170000001],[-67.9483218,-8.263612500000013],[-67.9422173,-8.2509445],[-67.9457464,-8.246804300000015],[-67.9473858,-8.250996300000011],[-67.9574059,-8.24929580000002],[-67.9570107,-8.2348562],[-67.964904,-8.2304356],[-67.9668601,-8.2337264],[-67.9778221,-8.233747599999989],[-67.9754149,-8.226991900000018],[-67.9797521,-8.198924299999987],[-67.9911889,-8.19358860000001],[-67.994445,-8.19761019999998],[-67.9994329,-8.1952358],[-67.9977736,-8.1833441],[-68.0076029,-8.179678699999982],[-68.008362,-8.1727058],[-68.0191094,-8.182803600000012],[-68.0284433,-8.184588],[-68.042275,-8.161301799999986],[-68.0499804,-8.157127399999974],[-68.05343510000002,-8.1624525],[-68.0537907,-8.156661699999983],[-68.0564046,-8.160199400000016],[-68.0658839,-8.156854599999987],[-68.0618594,-8.153191400000013],[-68.0692411,-8.152386199999986],[-68.07180270000002,-8.138770299999978],[-68.0929285,-8.143344],[-68.0877631,-8.1294658],[-68.1055345,-8.1330964],[-68.105443,-8.128967700000011],[-68.1294921,-8.1235304],[-68.1293798,-8.127123],[-68.1396196,-8.127940299999983],[-68.1432021,-8.1361028],[-68.16125040000001,-8.139532100000013],[-68.1628553,-8.132897],[-68.1593739,-8.1300757],[-68.168211,-8.135356499999977],[-68.1732104,-8.132661],[-68.1742908,-8.12757],[-68.1669556,-8.126352],[-68.1671102,-8.117427400000015],[-68.180076,-8.112237499999976],[-68.1747421,-8.1091346],[-68.1791581,-8.093434599999984],[-68.192733,-8.101346500000021],[-68.1913963,-8.0955376],[-68.1945786,-8.098238900000013],[-68.1976191,-8.095317],[-68.1932013,-8.091182700000013],[-68.2011523,-8.0895],[-68.1956089,-8.0854619],[-68.1953885,-8.082590299999985],[-68.2000142,-8.0841924],[-68.1973386,-8.079058399999967],[-68.2240319,-8.0828849],[-68.2205132,-8.092050400000012],[-68.2366602,-8.084204300000014],[-68.2375812,-8.0899304],[-68.243054,-8.0921444],[-68.254551,-8.084108600000011],[-68.2549184,-8.0918562],[-68.2619394,-8.092898900000014],[-68.273236,-8.082867299999974],[-68.29867560000001,-8.095077499999976],[-68.3007387,-8.090016900000014],[-68.3078228,-8.09411059999998],[-68.3124301,-8.0860234],[-68.3197799,-8.08552989999998],[-68.3238865,-8.080519400000018],[-68.3282828,-8.0827664],[-68.3262081,-8.078063800000017],[-68.33235870000001,-8.079701700000015],[-68.34126420000001,-8.0744152],[-68.3468859,-8.0833832],[-68.3474901,-8.077746099999988],[-68.3608801,-8.0770176],[-68.3678795,-8.083617800000011],[-68.3787664,-8.078752600000017],[-68.3812211,-8.085361799999983],[-68.3821254,-8.075669700000018],[-68.3944934,-8.0780756],[-68.4066008,-8.060250499999984],[-68.4165249,-8.0623633],[-68.4320975,-8.0571423],[-68.4344208,-8.051386499999976],[-68.4304587,-8.04713330000003],[-68.4358626,-8.048010700000019],[-68.4419131,-8.0419459],[-68.4435715,-8.049707],[-68.4492918,-8.0520153],[-68.4571158,-8.045786099999988],[-68.4610832,-8.048804],[-68.46124729999998,-8.043250199999981],[-68.464964,-8.0436235],[-68.477458,-8.0636502],[-68.4875485,-8.058591700000015],[-68.4859225,-8.0544378],[-68.4900669,-8.0572192],[-68.4912686,-8.050865500000024],[-68.4943374,-8.052964],[-68.5000066,-8.04896940000002],[-68.5001345,-8.0541423],[-68.5103269,-8.057140700000021],[-68.508011,-8.060441799999987],[-68.5126706,-8.060315500000016],[-68.512053,-8.0640165],[-68.52319930000002,-8.065029799999985],[-68.527579,-8.0616779],[-68.5334425,-8.07514659999999],[-68.5397243,-8.0730835],[-68.5458388,-8.078492300000015],[-68.5653465,-8.0819765],[-68.5652349,-8.086545299999987],[-68.5732682,-8.0850464],[-68.576618,-8.090690399999986],[-68.5899795,-8.0836102],[-68.5910588,-8.0861888],[-68.6042243,-8.081388799999974],[-68.6163902,-8.0822565],[-68.6335943,-8.068755],[-68.6708692,-8.0651066],[-68.6780912,-8.0713084],[-68.69847,-8.0713928],[-68.7182785,-8.0837694],[-68.7540354,-8.0947346],[-68.7736967,-8.107766600000012],[-68.7813093,-8.1042764],[-68.7888342,-8.106394899999989],[-68.8171148,-8.145823799999985],[-68.840586,-8.146253499999984],[-68.85064420000002,-8.1601662],[-68.8726407,-8.170575400000018],[-68.873226,-8.1781153],[-68.8614812,-8.195284800000021],[-68.8622535,-8.204384199999987],[-68.8720364,-8.218255399999975],[-68.8734486,-8.242445300000014],[-68.8645305,-8.265064499999985],[-68.8527851,-8.276644500000014],[-68.8610653,-8.3157683],[-68.85792439999999,-8.323658],[-68.86345,-8.329580400000015],[-68.8531736,-8.3418042],[-68.854845,-8.349276399999981],[-68.9035622,-8.382557400000023],[-68.9150673,-8.394937800000019],[-68.9124796,-8.411085099999982],[-68.919395,-8.425970100000013],[-68.9117011,-8.441296099999988],[-68.9393731,-8.482374699999982],[-68.9469737,-8.5074386],[-68.9543914,-8.509981699999976],[-68.96467570000002,-8.522259499999983],[-68.9717259,-8.525349299999988],[-68.9876707,-8.5233349],[-68.98914910000002,-8.530983700000014],[-69.0052561,-8.5378308],[-69.0213381,-8.55739449999998],[-69.0145328,-8.573142400000018],[-69.0240919,-8.5754713],[-69.0573462,-8.568729899999981],[-69.0722309,-8.5728849],[-69.0813341,-8.5504871],[-69.0915377,-8.54731390000001],[-69.098982,-8.549308],[-69.11942770000002,-8.5682997],[-69.1525688,-8.57422660000001],[-69.16692980000002,-8.5849229],[-69.1896436,-8.5783297],[-69.2021503,-8.566167500000017],[-69.212982,-8.5643745],[-69.8017091,-8.061126],[-69.8013454,-8.0412829],[-69.7872843,-7.998419600000026],[-69.7985113,-7.977162099999972],[-69.8005384,-7.951813],[-69.7890587,-7.940327299999972],[-69.7848663,-7.90847],[-69.7911217,-7.892952799999985],[-69.7984825,-7.8908796],[-69.798004,-7.8741668],[-69.79244749999998,-7.867779800000024],[-69.76737019999999,-7.863392799999986],[-69.7636998,-7.8433259],[-69.7508686,-7.835089899999974],[-69.7439237,-7.821792599999981],[-69.7306744,-7.820315],[-69.704926,-7.787414300000012],[-69.696699,-7.7852731],[-69.6819748,-7.793370300000013],[-69.673201,-7.78049220000001],[-69.6655386,-7.7820217],[-69.6566129,-7.767277400000018],[-69.6491487,-7.770439699999989],[-69.6404795,-7.758040699999981],[-69.6252241,-7.7523929],[-69.6113164,-7.734547],[-69.6154193,-7.7180186],[-69.5983659,-7.6909165],[-69.591037,-7.6887295],[-69.5840289,-7.692474500000015],[-69.5698152,-7.686555600000013],[-69.5552812,-7.658707699999986],[-69.5570106,-7.6513057],[-69.5728645,-7.64498280000001],[-69.5755338,-7.6377591],[-69.58256149999998,-7.633831100000012],[-69.5926229,-7.612172600000023],[-69.58486650000002,-7.6081718],[-69.5586421,-7.577907399999978],[-69.55531270000002,-7.570461499999976],[-69.56567290000001,-7.5572717],[-69.5634263,-7.5496603],[-69.5530401,-7.537148900000016],[-69.5337802,-7.4892564],[-69.5209761,-7.479650900000019],[-69.5087599,-7.4589268],[-69.5121685,-7.4516424],[-69.5197253,-7.4505486],[-69.5243908,-7.444210300000017],[-69.5205587,-7.421061500000013],[-69.516281,-7.4142814],[-69.4911211,-7.4049014],[-69.4973705,-7.390852199999969],[-69.496561,-7.38239330000001],[-69.51175779999998,-7.360212499999983],[-69.48886679999998,-7.3378017],[-69.4862786,-7.330404699999989],[-69.485059,-7.314691500000011],[-69.4943362,-7.302029799999978],[-69.4925641,-7.279235900000026],[-69.4744451,-7.252222500000012],[-69.4790331,-7.223989500000019],[-69.4910373,-7.20315290000002],[-69.485536,-7.196854899999986],[-69.4849243,-7.180791600000011],[-69.4624166,-7.1751567],[-69.4538646,-7.16252],[-69.4543881,-7.1461628],[-69.4829784,-7.1288891],[-69.4865335,-7.105838199999969],[-69.4619731,-7.100340700000021],[-69.4423905,-7.0859761],[-69.4265917,-7.083740199999982],[-69.4218693,-7.076947300000024],[-69.4138663,-7.0746364],[-69.4152512,-7.062101899999977],[-69.4026126,-7.053368099999979],[-69.40442229999998,-7.045317799999978],[-69.3920902,-7.035159399999982],[-69.39006009999999,-7.026513600000015],[-69.3768328,-7.0174725],[-69.3610575,-7.012564],[-69.3553943,-7.017581700000015],[-69.3400259,-7.0115941],[-69.3241141,-7.0153277],[-69.3090599,-7.0081566],[-69.2863925,-7.01215430000002],[-69.2661412,-6.996779099999978],[-69.25958929999999,-7.003454399999971],[-69.25045379999999,-7.000106599999978],[-69.2175617,-6.9778972],[-69.1928086,-6.944946899999984],[-69.1826393,-6.944861299999989],[-69.1728639,-6.950434],[-69.1654739,-6.9608764],[-69.1390855,-6.956560600000026],[-69.132638,-6.961498500000027],[-69.1339727,-6.992500799999985],[-69.1270046,-7.01591],[-69.1193919,-7.017416],[-69.109368,-7.0291847],[-69.09372089999998,-7.0262447],[-69.0875553,-7.048478199999976],[-69.0770896,-7.036174499999988],[-69.0695249,-7.035526599999979],[-69.0650838,-7.051041500000017],[-69.0586157,-7.055057899999988],[-69.0400872,-7.0290054],[-69.0252769,-7.0260766],[-69.0175004,-7.0286203],[-69.0126945,-7.0347895],[-69.0137777,-7.0428917],[-69.0263615,-7.05188029999998],[-69.0341643,-7.064970800000014],[-69.0327254,-7.0729182],[-69.02544370000001,-7.076189099999978],[-69.0171437,-7.0757833],[-68.9888924,-7.055608599999983],[-68.9752219,-7.062834],[-68.9700286,-7.0693396],[-68.9712233,-7.07703990000003],[-68.9628029,-7.07842019999998],[-68.9573659,-7.0720259],[-68.9453058,-7.0841637],[-68.9314207,-7.076683200000017],[-68.9240567,-7.0912405],[-68.9171103,-7.0959466],[-68.9104435,-7.0917861],[-68.9030302,-7.105119299999973],[-68.8955838,-7.107269599999989],[-68.8794499,-7.1085135],[-68.8638889,-7.1035968],[-68.8405608,-7.1085551],[-68.8342221,-7.113561199999987],[-68.8293057,-7.1069801],[-68.8065549,-7.099504300000019],[-68.7297829,-7.122079599999977],[-68.7140885,-7.117929899999988],[-68.7036961,-7.1057997],[-68.6961404,-7.103246500000028],[-68.6565303,-7.1039263],[-68.6055353,-7.142069199999984],[-68.5934168,-7.1616266],[-68.5989142,-7.178893499999988],[-68.5846977,-7.1837764],[-68.5664722,-7.2007136],[-68.5667778,-7.208998699999978],[-68.5739454,-7.2118348],[-68.5750047,-7.21957819999998],[-68.54289,-7.223762199999974],[-68.5341662,-7.2470215],[-68.5193935,-7.241672700000012],[-68.5080829,-7.251993799999981],[-68.4986924,-7.2537662],[-68.4767239,-7.220417099999973],[-68.491195,-7.191498399999976],[-68.4848353,-7.177163],[-68.48760980000002,-7.161556200000015],[-68.46219779999998,-7.1419564],[-68.4571373,-7.1575209],[-68.4343908,-7.166492699999982],[-68.4326406,-7.174571399999975],[-68.4188047,-7.167108199999975],[-68.40660689999999,-7.176829899999974],[-68.3945592,-7.1686249],[-68.387244,-7.1794443],[-68.3766077,-7.175424],[-68.3606669,-7.1780135],[-68.3454721,-7.1744742],[-68.3332206,-7.1632453],[-68.3250593,-7.164659],[-68.3196051,-7.158926],[-68.2731419,-7.177793],[-68.2655305,-7.175485100000027],[-68.2543837,-7.163839799999979],[-68.2332795,-7.1523945],[-68.2094951,-7.145803],[-68.1972497,-7.136020099999973],[-68.1822783,-7.1408918],[-68.177659,-7.1469659],[-68.1782747,-7.163066899999985],[-68.1725273,-7.1686309],[-68.1560564,-7.1676739],[-68.1447429,-7.155850700000026],[-68.1306337,-7.163684],[-68.1148069,-7.1465375],[-68.08422080000001,-7.147444],[-68.0772238,-7.1440687],[-68.0642761,-7.122964500000028],[-68.0415469,-7.117230900000029],[-68.0282494,-7.125626900000013],[-68.0190268,-7.138673199999987],[-68.0105782,-7.1384031],[-68.0005241,-7.150666599999984],[-67.9783884,-7.145678900000012],[-67.9631626,-7.151506100000012],[-67.9551891,-7.1496229],[-67.9473039,-7.151816399999988],[-67.9363627,-7.163817499999987],[-67.9145763,-7.1549544],[-67.9017213,-7.165636100000028],[-67.8918875,-7.187717099999975],[-67.8973023,-7.193208900000014],[-67.89541,-7.200536799999984],[-67.8821662,-7.2095679],[-67.882302,-7.2262057],[-67.8763279,-7.240555200000021],[-67.9035086,-7.2603057],[-67.8845835,-7.271138899999979],[-67.8778573,-7.2570818],[-67.8625819,-7.2610791],[-67.8394117,-7.25225039999998],[-67.8320582,-7.2558022],[-67.8092768,-7.248895200000027],[-67.7959394,-7.2572904],[-67.7791901,-7.25731079999997],[-67.7580568,-7.2679084],[-67.7536939,-7.2613069],[-67.7302781,-7.2567107],[-67.7092167,-7.268501499999982],[-67.7084452,-7.284273400000018],[-67.6918265,-7.309334399999979],[-67.6980477,-7.3313746],[-67.6924386,-7.3377607],[-67.6756953,-7.341566699999981],[-67.6684414,-7.3379093],[-67.6550255,-7.356634299999977],[-67.6547232,-7.37254390000001],[-67.6517185,-7.380211],[-67.6446382,-7.3841779],[-67.6417787,-7.3993804],[-67.6259473,-7.4008469],[-67.6124659,-7.410814899999984],[-67.5764652,-7.3791762],[-67.5651375,-7.349317199999982],[-67.5229085,-7.3253608],[-67.5183865,-7.318838299999986],[-67.5156077,-7.302983099999983],[-67.5031945,-7.292251500000014],[-67.4980808,-7.276393200000014],[-67.5005554,-7.2471868],[-67.4689394,-7.260321],[-67.4557999,-7.2796607],[-67.4422161,-7.287283400000011],[-67.4246283,-7.2824932],[-67.4028619,-7.288584199999989],[-67.3801669,-7.286558300000013],[-67.34838110000001,-7.2760356],[-67.3400795,-7.267182]]]}},{"type":"Feature","properties":{"CD_MUN":"1303536","NM_MUN":"Presidente Figueiredo","SIGLA_UF":"AM","CodigoIBGE":"1303536","SubRegiaoNumero":8,"CalhaSubRegiao":"Região do Médio Amazonas"},"geometry":{"type":"Polygon","coordinates":[[[-59.7147673,-2.060174699999975],[-59.7151016,-2.083175900000047],[-59.7112997,-2.0910024],[-59.7146036,-2.099259200000078],[-59.710819,-2.117670900000057],[-59.704825,-2.124303500000069],[-59.70435,-2.144364600000018],[-59.6986856,-2.152307400000052],[-59.7009307,-2.16349],[-59.71231310000001,-2.185608300000077],[-59.7518537,-2.214910599999961],[-59.7785702,-2.192602199999935],[-59.7845257,-2.1799413],[-59.7939435,-2.179466900000041],[-59.7905979,-2.171837100000061],[-59.79827370000001,-2.168328899999929],[-59.8008592,-2.162067799999927],[-59.8210858,-2.159218800000071],[-59.8211357,-2.153813699999931],[-59.8320898,-2.148122299999967],[-59.8395963,-2.152850699999964],[-59.8534811,-2.14082809999993],[-59.8620416,-2.145472399999945],[-59.8676192,-2.138399299999942],[-59.8673307,-2.126745799999938],[-59.8763108,-2.1324872],[-59.8793504,-2.127256300000016],[-59.8956688,-2.129173800000078],[-59.8990133,-2.133799199999983],[-59.9094901,-2.129608600000054],[-59.9271239,-2.132413500000061],[-59.9332151,-2.1222739],[-59.9484263,-2.125893499999985],[-59.9565124,-2.117121699999936],[-59.9642908,-2.12137460000003],[-59.9636132,-2.115507400000011],[-59.9722124,-2.1232273],[-59.9736864,-2.119584200000073],[-59.9690892,-2.116305899999976],[-59.9773277,-2.1194162],[-59.9786797,-2.11393169999997],[-59.983573,-2.118274400000013],[-59.9895167,-2.114747500000064],[-60.0004884,-2.1201904],[-60.0124729,-2.110601399999924],[-60.0148393,-2.101849300000064],[-60.0243906,-2.098637800000086],[-60.0413152,-2.098085],[-60.0508974,-2.102654400000011],[-60.0605856,-2.087868100000022],[-60.0697529,-2.087688],[-60.0834781,-2.076367100000025],[-60.0912827,-2.059988500000052],[-60.1067325,-2.061737699999913],[-60.1332248,-2.043370700000013],[-60.1486997,-2.04209679999998],[-60.1596729,-2.027579500000078],[-60.1678081,-2.027657299999956],[-60.2047245,-2.004048],[-60.21848,-2.00004],[-60.2329808,-2.003194499999981],[-60.2670573,-1.986496799999963],[-60.297427,-1.957424799999946],[-60.2935041,-1.941635700000032],[-60.281118,-1.9243044],[-60.3397535,-1.952610399999963],[-60.3577562,-1.954464],[-60.4445902,-1.949622100000022],[-60.4537262,-1.936485],[-60.4815028,-1.918226700000039],[-60.5533227,-1.920719100000031],[-60.5715533,-1.915388199999943],[-60.6162428,-1.864287],[-60.6161916,-1.850425599999948],[-60.6092662,-1.835950400000024],[-60.61982480000001,-1.822357300000053],[-60.6174695,-1.811580300000063],[-60.6250918,-1.792016099999913],[-60.625212,-1.766518200000039],[-60.6210502,-1.75330179999992],[-60.6244498,-1.7446158],[-60.6162305,-1.723182900000026],[-60.6211986,-1.710569599999972],[-60.6172749,-1.707778900000074],[-60.6225789,-1.7025663],[-60.6229241,-1.692992099999926],[-60.6275075,-1.692090200000055],[-60.6210827,-1.684974300000083],[-60.6118957,-1.653320699999893],[-60.6133958,-1.645968400000099],[-60.6079357,-1.64430189999994],[-60.6072298,-1.637078600000067],[-60.61174050000001,-1.634596899999959],[-60.6036531,-1.630971600000052],[-60.5983994,-1.633236899999887],[-60.5967078,-1.620182300000031],[-60.5812118,-1.604276700000017],[-60.58459,-1.593721399999981],[-60.57955720000001,-1.5875591],[-60.5806053,-1.575443699999936],[-60.5898348,-1.5642843],[-60.5895983,-1.5509025],[-60.611129,-1.534061400000031],[-60.6157004,-1.524976299999902],[-60.6239426,-1.524404700000058],[-60.6277314,-1.515828400000095],[-60.65431490000001,-1.5077083],[-60.66058360000001,-1.497341599999975],[-60.6670108,-1.498312600000022],[-60.6709242,-1.488009899999982],[-60.7161318,-1.468229699999947],[-60.7260916,-1.458328899999941],[-60.73789759999999,-1.455899],[-60.7503987,-1.445622800000074],[-60.7888447,-1.44121690000007],[-60.8062898,-1.4477014],[-60.8230513,-1.473973600000043],[-60.8369514,-1.47412750000008],[-60.8286017,-1.439657400000065],[-60.8358418,-1.434570599999884],[-60.854241,-1.434289800000092],[-60.8598819,-1.427626499999973],[-60.8555787,-1.419190499999893],[-60.8364174,-1.406903300000062],[-60.847612,-1.35933530000002],[-60.8625115,-1.344644],[-60.8826746,-1.333421700000085],[-60.8839748,-1.315185700000133],[-60.8881102,-1.309272400000069],[-60.9129316,-1.306593099999879],[-60.9297909,-1.317605300000076],[-60.9433258,-1.312952100000053],[-60.9582554,-1.317641400000129],[-60.9634788,-1.311605300000103],[-60.9529508,-1.280039099999942],[-60.9328183,-1.279099400000021],[-60.9285545,-1.2645987],[-60.9059154,-1.251277100000068],[-60.8874715,-1.264523099999956],[-60.8729644,-1.259064999999864],[-60.8638655,-1.262934200000044],[-60.8556914,-1.261222500000107],[-60.8419611,-1.239269000000113],[-60.8548396,-1.22768980000011],[-60.856398,-1.2173926],[-60.8448347,-1.216367799999952],[-60.840082,-1.209251300000106],[-60.8522566,-1.194806],[-60.8514576,-1.177287099999891],[-60.8462312,-1.170728899999877],[-60.8627068,-1.140068900000011],[-60.8572926,-1.1332757],[-60.8448098,-1.143891699999982],[-60.8368677,-1.144171900000089],[-60.8267592,-1.124906000000115],[-60.82428070000001,-1.109960799999887],[-60.8277603,-1.091390199999982],[-60.8212593,-1.085578100000141],[-60.7915972,-1.091705499999954],[-60.7835032,-1.088294199999891],[-60.7776503,-1.07854369999984],[-60.7560048,-1.078016999999844],[-60.7582,-1.067539600000044],[-60.7774554,-1.051133900000099],[-60.79499650000001,-1.023586000000118],[-60.7993953,-0.999520000000164],[-60.78828510000001,-0.993409400000151],[-60.7821746,-0.937857600000066],[-60.7713368,-0.894526499999809],[-60.7763435,-0.875630400000126],[-60.7620092,-0.848589099999935],[-60.7660404,-0.857969899999874],[-60.7609097,-0.863515300000158],[-60.7516501,-0.862513700000094],[-60.748987,-0.854501],[-60.7402404,-0.858556200000147],[-60.7356472,-0.852131399999887],[-60.7285131,-0.853035199999889],[-60.7271449,-0.859484499999814],[-60.7360625,-0.862147300000048],[-60.7347432,-0.86649570000003],[-60.7119238,-0.858580699999891],[-60.6969226,-0.8690852000001],[-60.6842669,-0.8654697],[-60.6724908,-0.870013499999836],[-60.6691192,-0.887944400000048],[-60.6510396,-0.872260899999837],[-60.6381884,-0.873824399999861],[-60.6328134,-0.861463300000053],[-60.6198645,-0.863075600000011],[-60.6206952,-0.851545100000097],[-60.5959213,-0.866251399999852],[-60.5935758,-0.850519],[-60.586344,-0.843043700000135],[-60.5723201,-0.850567899999882],[-60.5581984,-0.850763300000093],[-60.5563905,-0.862538199999947],[-60.5453961,-0.861951900000073],[-60.5362098,-0.869476000000138],[-60.5191319,-0.859509],[-60.5028602,-0.840698500000031],[-60.5039352,-0.833027699999844],[-60.5185455,-0.825796599999918],[-60.506525,-0.814803399999823],[-60.4994398,-0.816464599999966],[-60.4932341,-0.811432099999921],[-60.49030230000001,-0.790520499999833],[-60.4978273,-0.780650899999823],[-60.4748613,-0.761595799999786],[-60.4632317,-0.7629638999998],[-60.4559999,-0.76877809999988],[-60.4473999,-0.7644297000002],[-60.4305419,-0.765993200000024],[-60.4263396,-0.77117219999989],[-60.4178373,-0.764038800000035],[-60.4178862,-0.756612100000087],[-60.4129509,-0.758517699999975],[-60.3968259,-0.748110600000156],[-60.3918907,-0.754657800000031],[-60.3851963,-0.753582899999904],[-60.3807986,-0.745569900000118],[-60.3835838,-0.739120399999973],[-60.3735668,-0.731840299999943],[-60.3662372,-0.735358200000015],[-60.3634031,-0.743322300000217],[-60.3567576,-0.733745799999943],[-60.3466917,-0.739608999999759],[-60.3236769,-0.717133500000078],[-60.3106791,-0.7175732],[-60.3041314,-0.700423399999829],[-60.30681890000001,-0.694267],[-60.3027143,-0.690309299999963],[-60.3117052,-0.682003099999916],[-60.305353,-0.666465500000207],[-60.31874160000001,-0.651367600000239],[-60.3152723,-0.636465099999832],[-60.3203053,-0.632067600000273],[-60.3294428,-0.634950399999822],[-60.3442974,-0.618777499999733],[-60.3536303,-0.617360500000159],[-60.3603247,-0.598402400000173],[-60.369169,-0.589314200000133],[-60.3678497,-0.581789600000174],[-60.3815315,-0.588483599999891],[-60.3887145,-0.574118399999768],[-60.3765474,-0.569818599999825],[-60.381727,-0.565469900000158],[-60.38397470000001,-0.552081900000267],[-60.3951157,-0.549687700000327],[-60.400002,-0.53009419999997],[-60.39751,-0.522764900000214],[-60.4055725,-0.515435700000154],[-60.3977054,-0.502145299999848],[-60.3877372,-0.496233000000232],[-60.391402,-0.489392300000136],[-60.3837304,-0.476248400000279],[-60.3826554,-0.459244400000108],[-60.3790395,-0.461687499999917],[-60.3782088,-0.457583099999817],[-60.3679963,-0.450400300000179],[-60.3647224,-0.4522571],[-60.3451769,-0.435448500000063],[-60.3433201,-0.425138500000059],[-60.3478644,-0.419421599999581],[-60.3431735,-0.417613700000426],[-60.3484019,-0.41228770000022],[-60.3506985,-0.414877399999884],[-60.3499656,-0.411994500000123],[-60.3462519,-0.40989339999996],[-60.352311,-0.406815099999718],[-60.3374076,-0.390494999999555],[-60.3401439,-0.38697690000003],[-60.3371633,-0.381748599999585],[-60.3267553,-0.380917899999617],[-60.3249962,-0.362545499999921],[-60.3194746,-0.358196700000067],[-60.3191325,-0.3485219000005],[-60.3263644,-0.338993599999831],[-60.3241655,-0.33273920000052],[-60.303545,-0.32497],[-60.306428,-0.317493900000038],[-60.3016882,-0.306499800000052],[-60.3034961,-0.301320300000459],[-60.2925506,-0.29462600000058],[-60.2972904,-0.282068200000433],[-60.3014438,-0.281433],[-60.3022257,-0.270829699999855],[-60.307112,-0.271415999999712],[-60.3103371,-0.263988799999607],[-60.3034961,-0.25851610000054],[-60.3009063,-0.260812700000563],[-60.30242109999999,-0.255877499999679],[-60.2965086,-0.249525300000445],[-60.3001245,-0.242440099999333],[-60.2964597,-0.241120800000195],[-60.2945052,-0.224849299999924],[-60.3034473,-0.210336899999876],[-60.2972904,-0.210532299999976],[-60.2969972,-0.2062324000008],[-60.2921597,-0.215956199999629],[-60.2860029,-0.208333500000236],[-60.2805302,-0.209066399999813],[-60.2775983,-0.193185800000455],[-60.2668483,-0.195629000000295],[-60.2688029,-0.176523400000448],[-60.2575153,-0.17310289999968],[-60.255121,-0.176621100000883],[-60.2571244,-0.170562000000116],[-60.2430028,-0.158883600000553],[-60.2394357,-0.149355199999275],[-60.2355755,-0.150136999999097],[-60.2374812,-0.145885899998774],[-60.2317641,-0.148573399998904],[-60.2273664,-0.146374500000278],[-60.22893,-0.140999499998762],[-60.2211607,-0.14197680000052],[-60.2274641,-0.129712100000964],[-60.2325948,-0.128832499998961],[-60.2276107,-0.121710599999481],[-60.1800389,-0.085528800002093],[-60.1533666,-0.089358999998125],[-60.1226498,-0.079650900001326],[-60.0825021,-0.048070000002565],[-60.0633969,-0.050836999998361],[-60.02350460000001,-0.043134899995989],[-60.005174,-0.048141499999207],[-59.9855874,-0.060946600002139],[-59.9628014,-0.058563799997773],[-59.9528094,-0.04991],[-59.9759725,-0.037822899998429],[-59.9723743,-0.030994499994659],[-59.96121010000001,-0.032092500003611],[-59.9511071,-0.038931000004247],[-59.9359193,-0.039210899999937],[-59.92898850000001,-0.034259500000834],[-59.93514230000001,-0.022964800000447],[-59.9306773,-0.014868399991699],[-59.9393288,-0.000345600290741],[-59.9426978,0.015826500009086],[-59.9557778,0.028564500003699],[-59.9571878,0.037417999997897],[-59.9477232,0.038235399999167],[-59.933275,0.029920400004536],[-59.9169142,0.033538399998349],[-59.9032646,0.022149800004722],[-59.8934491,-0.005349099967342],[-59.8805549,-0.015530900000565],[-59.8645351,-0.04664050000088],[-59.8640642,-0.070766800000529],[-59.8790684,-0.087251999998036],[-59.8804416,-0.096144299999079],[-59.8752092,-0.103313299998623],[-59.8747683,-0.113219000000173],[-59.892578,-0.101940899999417],[-59.9194453,-0.125959100000381],[-59.9134065,-0.150050400000296],[-59.9022494,-0.156918000000908],[-59.8730253,-0.163421400000909],[-59.84756260000001,-0.181776400000837],[-59.8104776,-0.230011300000438],[-59.8079557,-0.248472799999336],[-59.8387438,-0.267571800000483],[-59.8444089,-0.284671599999929],[-59.8430555,-0.307558799999897],[-59.8499621,-0.312912399999839],[-59.85207650000001,-0.325187],[-59.8463683,-0.335471599999529],[-59.8535489,-0.36890080000016],[-59.8626391,-0.366164400000182],[-59.8531953,-0.392133499999936],[-59.8373836,-0.389427500000112],[-59.8318462,-0.39841739999963],[-59.8313147,-0.411340799999732],[-59.8385854,-0.416872900000037],[-59.8480313,-0.442523200000373],[-59.8573688,-0.447264099999827],[-59.87019,-0.469292700000026],[-59.8795556,-0.465333800000266],[-59.8826048,-0.456851599999673],[-59.8928663,-0.455384099999919],[-59.9258576,-0.484625899999927],[-59.9294436,-0.497607299999957],[-59.9541333,-0.515576600000104],[-59.9567433,-0.525431499999655],[-59.9502045,-0.530536000000172],[-59.9676402,-0.568876700000222],[-60.000945,-0.569551799999754],[-60.0087121,-0.572868800000108],[-60.0119171,-0.581018400000056],[-60.0213966,-0.580990300000248],[-60.0356478,-0.589007999999809],[-60.0384185,-0.596532500000036],[-60.022437,-0.617216699999732],[-60.0217165,-0.62669059999997],[-60.0268884,-0.633717699999902],[-60.0360259,-0.635343799999824],[-60.0249925,-0.661486899999881],[-60.0335071,-0.663518999999735],[-60.0455329,-0.650941500000266],[-60.0533055,-0.650087700000232],[-60.0542705,-0.675992300000232],[-60.0468936,-0.68149639999982],[-60.0455436,-0.700014600000139],[-60.0301404,-0.727159099999969],[-60.0342403,-0.744488099999922],[-60.0131825,-0.783977299999957],[-60.013701,-0.790128799999871],[-60.0103651,-0.794797899999946],[-60.0104394,-0.791611099999775],[-60.0051025,-0.791536799999811],[-59.9993183,-0.79823370000022],[-59.9804675,-0.82982280000021],[-59.9665486,-0.834242300000036],[-59.9648767,-0.844005499999837],[-59.957766,-0.843348700000025],[-59.9452781,-0.855056700000085],[-59.93042890000001,-0.851706299999918],[-59.918815,-0.857426199999943],[-59.9112562,-0.869188799999843],[-59.9069561,-0.867801700000181],[-59.9046437,-0.872841100000168],[-59.8936391,-0.876169100000135],[-59.9029917,-0.888782999999801],[-59.8854581,-0.899661100000048],[-59.8677267,-0.901282599999806],[-59.8657307,-0.906915999999843],[-59.85681670000001,-0.910876500000108],[-59.8406808,-0.94312709999985],[-59.8421762,-0.96959159999986],[-59.8185879,-0.997963200000076],[-59.8240062,-1.001339900000046],[-59.8230895,-1.007280999999833],[-59.8088477,-1.016892299999967],[-59.8061319,-1.014623700000086],[-59.8047995,-1.025790899999928],[-59.7899969,-1.037491100000064],[-59.7864812,-1.045449700000028],[-59.773761,-1.047935999999843],[-59.7560273,-1.0597003],[-59.74941470000001,-1.054976900000099],[-59.7426608,-1.066283399999971],[-59.7439819,-1.076608000000105],[-59.7174595,-1.079876900000055],[-59.7154641,-1.085310600000138],[-59.7210493,-1.097207],[-59.7129314,-1.095558600000082],[-59.700286,-1.104837800000124],[-59.692374,-1.094786],[-59.6880199,-1.096865600000052],[-59.6877324,-1.090432499999846],[-59.6736486,-1.0892786],[-59.673631,-1.075240800000077],[-59.6687978,-1.065786800000025],[-59.6676332,-1.070152300000085],[-59.6591963,-1.0721624],[-59.6580743,-1.068801999999841],[-59.6504915,-1.075448200000157],[-59.6400526,-1.0756346],[-59.6311022,-1.0810773999999],[-59.6343406,-1.09099330000016],[-59.6271713,-1.0932828],[-59.6217474,-1.105138399999916],[-59.6139594,-1.109899800000138],[-59.380618,-1.106673499999944],[-59.3754717,-1.133849200000081],[-59.3828377,-1.137284800000056],[-59.3797214,-1.147744000000119],[-59.3841963,-1.175882],[-59.3725854,-1.193769899999988],[-59.3733622,-1.236683500000129],[-59.3619722,-1.250752799999905],[-59.3594776,-1.261616799999885],[-59.3654748,-1.2679],[-59.3755906,-1.265760400000098],[-59.3819794,-1.258446900000066],[-59.3936541,-1.261529],[-59.4048213,-1.258544500000037],[-59.4353437,-1.279619899999964],[-59.44383650000001,-1.296834999999899],[-59.4424833,-1.319310799999895],[-59.4680928,-1.335503100000024],[-59.4723707,-1.3555437],[-59.4891895,-1.370703800000084],[-59.4945898,-1.385886900000054],[-59.504122,-1.389428599999891],[-59.5202617,-1.420052299999973],[-59.5193767,-1.432909699999978],[-59.5037956,-1.444746],[-59.4916775,-1.443067699999978],[-59.4862511,-1.4539987],[-59.45874770000001,-1.43496010000005],[-59.4378368,-1.434764200000034],[-59.4249322,-1.451072500000126],[-59.4109012,-1.445744700000039],[-59.3986825,-1.447453],[-59.3921729,-1.45310470000013],[-59.3697374,-1.452364999999886],[-59.3597518,-1.459039999999898],[-59.3347878,-1.457256300000101],[-59.331892,-1.46504299999989],[-59.3349993,-1.472167099999964],[-59.3301961,-1.48193490000002],[-59.3053891,-1.483909],[-59.2981966,-1.474838499999943],[-59.2962237,-1.454058799999941],[-59.2705247,-1.431209400000108],[-59.2621146,-1.437399300000088],[-59.2301839,-1.4379024],[-59.2339579,-1.449961600000069],[-59.1913631,-1.446431100000015],[-59.1878051,-1.454117399999928],[-59.2006618,-1.469449900000102],[-59.1866076,-1.472994299999922],[-59.170857,-1.485518799999899],[-59.1514085,-1.515907299999894],[-59.1564662,-1.545295900000068],[-59.150135,-1.550004900000095],[-59.1503252,-1.562074800000069],[-59.1416885,-1.565112500000039],[-59.1363802,-1.584905500000082],[-59.1272968,-1.589371399999964],[-59.1324922,-1.601058099999891],[-59.1275756,-1.607528699999915],[-59.14266,-1.620101599999932],[-59.1379926,-1.629481900000076],[-59.1403289,-1.643086799999909],[-59.1679695,-1.6592817],[-59.1675783,-1.677720599999929],[-59.1796354,-1.677084300000055],[-59.1804096,-1.687442599999987],[-59.1960287,-1.710774300000028],[-59.1986641,-1.731094599999973],[-59.2177497,-1.781246600000043],[-59.2117058,-1.788960400000049],[-59.2193312,-1.818978499999951],[-59.2266897,-1.8265492],[-59.2460575,-1.8265738],[-59.2517462,-1.833175399999945],[-59.2507719,-1.844518100000072],[-59.2445301,-1.851614099999984],[-59.2456665,-1.8623735],[-59.2360336,-1.864623899999965],[-59.2230513,-1.882742200000083],[-59.2224439,-1.899586200000083],[-59.2135192,-1.901263099999989],[-59.2038033,-1.918026199999948],[-59.201832,-1.940385],[-59.1922201,-1.9480989],[-59.1840176,-1.947919799999936],[-59.1613138,-1.960211900000059],[-59.1550726,-1.96705760000006],[-59.1623034,-1.985517400000052],[-59.1240798,-2.007328200000024],[-59.1147195,-2.032452599999946],[-59.119377,-2.041375100000025],[-59.11280150000001,-2.077327300000087],[-59.1284412,-2.100716399999917],[-59.1324775,-2.150181200000057],[-59.1384361,-2.165770699999976],[-59.1439864,-2.171921700000047],[-59.1609938,-2.168985],[-59.1796037,-2.185143300000039],[-59.1824231,-2.201104],[-59.1787078,-2.210244300000082],[-59.160898,-2.21024149999996],[-59.1456336,-2.217103099999986],[-59.1450234,-2.224696400000071],[-59.163165,-2.232902199999968],[-59.1538,-2.248510899999912],[-59.1442467,-2.249669599999983],[-59.1387774,-2.231497899999944],[-59.1293846,-2.223706099999987],[-59.1109915,-2.22377989999995],[-59.1058837,-2.244136900000063],[-59.0824461,-2.275974600000039],[-59.08781230000001,-2.284882500000079],[-59.1095864,-2.297403200000063],[-59.1333387,-2.341328499999931],[-59.1729971,-2.385801900000045],[-59.2720021,-2.44762],[-59.2750738,-2.464588299999941],[-59.2721801,-2.473640200000069],[-59.2767968,-2.480105600000055],[-59.29405849999998,-2.476168099999956],[-59.3006682,-2.4718751],[-59.3007214,-2.462852],[-59.2871388,-2.452126],[-59.290943,-2.434009],[-59.3281658,-2.39896],[-59.331003,-2.3816684],[-59.3478711,-2.370061399999947],[-59.375392,-2.3721031],[-59.38826670000001,-2.36205],[-59.4278454,-2.371096],[-59.43564090000001,-2.367736099999932],[-59.4354243,-2.350902400000011],[-59.4505037,-2.32349880000003],[-59.46829180000001,-2.311185800000034],[-59.48807990000001,-2.3069828],[-59.5001492,-2.3115362],[-59.5064012,-2.305251100000036],[-59.5095441,-2.279892600000022],[-59.5222019,-2.268901700000014],[-59.5199849,-2.251822299999973],[-59.5396017,-2.227803300000088],[-59.5570677,-2.221410600000042],[-59.5617343,-2.19508850000003],[-59.5716817,-2.182047],[-59.5912145,-2.175710099999964],[-59.6086266,-2.176435600000059],[-59.6164976,-2.167623],[-59.6278251,-2.163637100000075],[-59.6317361,-2.15599250000002],[-59.6233691,-2.141427099999944],[-59.6575965,-2.115613600000018],[-59.6698595,-2.116768500000074],[-59.6770727,-2.111902299999928],[-59.6726301,-2.076237100000066],[-59.6786814,-2.069142],[-59.6767132,-2.051537499999975],[-59.6837504,-2.045878100000074],[-59.6920508,-2.045894600000085],[-59.7095261,-2.051939],[-59.7147673,-2.060174699999975]]]}},{"type":"Feature","properties":{"CD_MUN":"1301803","NM_MUN":"Ipixuna","SIGLA_UF":"AM","CodigoIBGE":"1301803","SubRegiaoNumero":4,"CalhaSubRegiao":"Região do Juruá"},"geometry":{"type":"Polygon","coordinates":[[[-71.3816791,-7.692312],[-72.1695321,-7.6006009],[-72.182322,-7.584481300000021],[-72.18307510000001,-7.574848],[-72.1718802,-7.553370200000018],[-72.1747957,-7.51245890000001],[-72.1601816,-7.499205800000013],[-72.1507356,-7.500559400000019],[-72.1425997,-7.4854374],[-72.14707720000001,-7.4686122],[-72.14596419999998,-7.4251602],[-72.15744039999998,-7.4145297],[-72.1457053,-7.4014826],[-72.1485366,-7.368781800000019],[-72.1553205,-7.341739900000012],[-72.1716812,-7.319552099999975],[-72.1642631,-7.3147988],[-72.1628246,-7.307233299999983],[-72.1529579,-7.306521300000018],[-72.1500284,-7.298472800000029],[-72.1309838,-7.2973707],[-72.1285023,-7.278968799999985],[-72.131397,-7.276063899999983],[-72.1255178,-7.273745099999983],[-72.1218376,-7.278895200000012],[-72.1224787,-7.275387900000023],[-72.1145035,-7.2731224],[-72.1147907,-7.2772094],[-72.104855,-7.278991800000028],[-72.0996232,-7.271891800000012],[-72.09856090000001,-7.275499800000024],[-72.0889626,-7.2747988],[-72.084317,-7.266322500000014],[-72.07897469999999,-7.26903210000001],[-72.0659179,-7.2432609],[-72.0699501,-7.236567900000019],[-72.0633152,-7.2339447],[-72.0622468,-7.2395327],[-72.0552334,-7.236528700000022],[-72.0423671,-7.2395446],[-72.04974089999999,-7.2262585],[-72.0593754,-7.2230486],[-72.05584909999999,-7.215670200000027],[-72.0474355,-7.2115583],[-72.0560382,-7.2029977],[-72.0507279,-7.1985267],[-72.0518837,-7.102330799999986],[-72.04177559999998,-7.098678699999978],[-72.0212549,-7.1057349],[-72.0069752,-7.094187200000023],[-71.9941969,-7.097539600000019],[-71.9873846,-7.09481],[-71.9770782,-7.058054699999989],[-71.9779911,-7.046519700000015],[-71.9882226,-7.028022200000017],[-71.9830755,-7.0072568],[-71.9716231,-7.0037212],[-71.9556097,-7.010763100000019],[-71.9387736,-7.0110358],[-71.9309316,-7.006489199999985],[-71.9328826,-6.994534100000029],[-71.91943110000001,-6.986834200000017],[-71.9097845,-6.9868644],[-71.8872199,-6.997042099999986],[-71.8563353,-6.9989543],[-71.8020695,-6.984609600000021],[-71.7932058,-6.9770705],[-71.7979203,-6.953861499999989],[-71.7946812,-6.934421],[-71.8006058,-6.9231509],[-71.7975069,-6.9152625],[-71.7856983,-6.908464100000022],[-71.7696424,-6.913692],[-71.7594938,-6.902189099999989],[-71.7539816,-6.901751599999988],[-71.7448514,-6.918341],[-71.728306,-6.9136968],[-71.72080819999998,-6.91767140000001],[-71.7010689,-6.883759599999977],[-71.6831894,-6.8856468],[-71.653557,-6.9105554],[-71.6341864,-6.913373699999989],[-71.6340556,-6.930270799999983],[-71.6481117,-6.9512144],[-71.65006070000001,-6.9619612],[-71.646069,-6.970838900000015],[-71.6384005,-6.9744311],[-71.6305694,-6.9730356],[-71.6178468,-6.9605754],[-71.5995095,-6.957233700000023],[-71.59961070000001,-6.9346454],[-71.5944001,-6.926772800000015],[-71.5855282,-6.927723499999987],[-71.5700493,-6.9430129],[-71.5554615,-6.950776400000023],[-71.5487953,-6.949147700000021],[-71.5363049,-6.864384899999978],[-71.52965610000001,-6.863138],[-71.5189422,-6.868485],[-71.504174,-6.85081850000002],[-71.4952962,-6.847730700000016],[-71.4882837,-6.8490389],[-71.4778051,-6.8633905],[-71.4616993,-6.8546317],[-71.45,-6.836693300000017],[-71.4434433,-6.8053648],[-71.4109983,-6.7873205],[-71.4039414,-6.7692094],[-71.3867409,-6.761018],[-71.3786357,-6.734993399999975],[-71.3433284,-6.681320700000025],[-71.3000903,-6.69080710000003],[-71.2932319,-6.7065338],[-71.2805968,-6.720725399999985],[-71.2642378,-6.7280377],[-71.2472561,-6.731947200000021],[-71.2353409,-6.720659],[-71.22753830000002,-6.720331199999979],[-71.1895121,-6.726939799999985],[-71.1804814,-6.708983799999984],[-71.1714831,-6.705379099999988],[-71.1434888,-6.706274799999978],[-71.1371371,-6.696600899999979],[-71.1290923,-6.6939465],[-71.1066227,-6.7096888],[-71.1032093,-6.7025671],[-71.1042898,-6.675731],[-71.0907638,-6.6605219],[-71.02426350000002,-6.6533081],[-71.0071492,-6.6563013],[-70.9934701,-6.646794899999983],[-70.9754849,-6.65098],[-70.949651,-6.677372800000013],[-70.9315349,-6.671897],[-70.9299872,-6.697012899999987],[-70.9152868,-6.720873299999978],[-70.9064578,-6.721522099999986],[-70.9007262,-6.705715100000011],[-70.8642023,-6.7263799],[-70.854244,-6.7156734],[-70.834758,-6.719379300000015],[-70.81686989999999,-6.711759899999977],[-70.7904324,-6.7072229],[-70.7823112,-6.7016222],[-70.77690339999998,-6.664183799999988],[-70.7722351,-6.656025599999979],[-70.7569542,-6.6484445],[-70.730842,-6.654107099999981],[-70.7177919,-6.642782399999986],[-70.7019817,-6.6365333],[-70.6809798,-6.6092463],[-70.65359689999998,-6.59509939999997],[-70.6414854,-6.814269799999977],[-70.6443629,-6.8214439],[-70.6548455,-6.825922099999986],[-70.6607501,-6.840742],[-70.6671314,-6.842375399999971],[-70.6616871,-6.844250199999979],[-70.66852690000002,-6.849280500000013],[-70.664967,-6.8498144],[-70.6610812,-6.861962400000012],[-70.6657334,-6.859680200000019],[-70.6723147,-6.871110299999982],[-70.669537,-6.873628600000012],[-70.6825755,-6.8839041],[-70.6804111,-6.891449400000021],[-70.6872653,-6.8856274],[-70.6862289,-6.89414350000001],[-70.6911604,-6.8919257],[-70.6914863,-6.8984311],[-70.69531619999998,-6.895478699999984],[-70.6967041,-6.900857499999981],[-70.702722,-6.902768399999988],[-70.6976104,-6.908972399999977],[-70.7046257,-6.907169400000027],[-70.7070791,-6.911602300000019],[-70.7020743,-6.912610699999982],[-70.700969,-6.920166499999983],[-70.7078412,-6.927150500000014],[-70.7061087,-6.932713100000017],[-70.7091599,-6.931742100000031],[-70.710395,-6.938436],[-70.7021222,-6.9351645],[-70.6987587,-6.9411493],[-70.7000728,-6.949999],[-70.7049186,-6.949686599999975],[-70.7012055,-6.96213],[-70.7068907,-6.967403099999982],[-70.7024195,-6.970052399999981],[-70.7105189,-6.975586],[-70.710872,-6.9850467],[-70.705276,-6.9826283],[-70.7067742,-6.993815799999983],[-70.7133778,-7.004379599999987],[-70.72064870000001,-7.007052400000024],[-70.7241261,-7.0186523],[-70.7165947,-7.021093800000027],[-70.7234682,-7.02911310000002],[-70.7169201,-7.029125399999988],[-70.71850320000001,-7.037472199999971],[-70.7109013,-7.0430254],[-70.72294490000002,-7.039565],[-70.720942,-7.0463096],[-70.7278681,-7.0562327],[-70.73086840000002,-7.05377090000002],[-70.7246392,-7.0488218],[-70.7300452,-7.051206499999976],[-70.7368644,-7.0465905],[-70.7320544,-7.053259],[-70.7377777,-7.0524597],[-70.7389095,-7.0612699],[-70.734636,-7.058063400000016],[-70.7295789,-7.0655294],[-70.7387815,-7.0661587],[-70.7310939,-7.070998300000026],[-70.7326625,-7.07356239999998],[-70.7414308,-7.07213809999998],[-70.7400637,-7.0803353],[-70.735356,-7.0779476],[-70.7339953,-7.0825821],[-70.7603753,-7.091512900000017],[-70.7570025,-7.096025100000018],[-70.7635613,-7.10049759999997],[-70.7671724,-7.1181878],[-70.77172650000001,-7.111174900000019],[-70.777281,-7.1151883],[-70.7802106,-7.12404320000002],[-70.7759111,-7.1326793],[-70.7800994,-7.1342978],[-70.7795638,-7.128287800000029],[-70.7828231,-7.128005],[-70.785227,-7.133154199999972],[-70.7815451,-7.135276200000019],[-70.7872142,-7.1454897],[-70.793051,-7.14492750000002],[-70.7935713,-7.1497587],[-70.7868106,-7.151438100000014],[-70.7911973,-7.157606700000015],[-70.802251,-7.165473900000019],[-70.8196898,-7.169795799999973],[-70.8202417,-7.1750956],[-70.8149224,-7.1772973],[-70.8205192,-7.1826671],[-70.8232198,-7.179701400000011],[-70.8362248,-7.183583600000012],[-70.8322052,-7.186476499999983],[-70.8351654,-7.19222],[-70.8555067,-7.192325899999986],[-70.8550604,-7.198397900000026],[-70.8593612,-7.194932799999982],[-70.8650128,-7.196651400000016],[-70.8599709,-7.2071445],[-70.8714063,-7.21357760000003],[-70.8735419,-7.220616800000018],[-70.8736921,-7.209261],[-70.8786291,-7.2132651],[-70.882379,-7.2112398],[-70.8823035,-7.2181622],[-70.88843710000002,-7.219370100000019],[-70.8887867,-7.22599610000001],[-70.8953062,-7.222269],[-70.8958843,-7.233405600000022],[-70.9040333,-7.234025],[-70.89765020000002,-7.245173900000012],[-70.90471490000002,-7.238765],[-70.9107999,-7.2426377],[-70.9073463,-7.246803900000015],[-70.913639,-7.2575211],[-70.9109458,-7.268254699999988],[-70.91529,-7.268237599999984],[-70.9155527,-7.261865600000022],[-70.9249577,-7.260562599999988],[-70.9279728,-7.250389],[-70.9352185,-7.249381799999981],[-70.94069419999998,-7.254754399999983],[-70.9568297,-7.251283700000025],[-70.9596237,-7.2576045],[-70.95304050000001,-7.2562426],[-70.9580653,-7.2659095],[-70.9637247,-7.261189299999979],[-70.970193,-7.269394299999984],[-70.97637810000002,-7.266185400000013],[-70.9792,-7.2714179],[-70.9924459,-7.270927],[-70.9953613,-7.2763536],[-70.9877305,-7.278223500000022],[-71.001022,-7.281464],[-70.9969407,-7.2847478],[-71.0040041,-7.292759699999983],[-71.00013650000001,-7.299320800000014],[-71.0051519,-7.296785899999986],[-71.0095392,-7.303162900000022],[-71.0074686,-7.306279400000019],[-71.0038116,-7.301379499999984],[-71.0031869,-7.3086846],[-71.0111908,-7.311532799999985],[-70.9987815,-7.317601699999987],[-71.0073728,-7.325229900000013],[-71.018405,-7.3251815],[-71.0173714,-7.3387581],[-71.0250726,-7.336735],[-71.0228686,-7.3410885],[-71.0282147,-7.341927099999979],[-71.0283466,-7.347251100000013],[-71.0382205,-7.3552002],[-71.04422929999998,-7.350576899999981],[-71.0549136,-7.3635917],[-71.0499615,-7.367682600000018],[-71.054858,-7.374513499999976],[-71.0498112,-7.380620499999989],[-71.0607313,-7.38329069999997],[-71.0559649,-7.385373099999978],[-71.0551819,-7.3922727],[-71.0601405,-7.392198800000014],[-71.0653284,-7.39879110000001],[-71.0595385,-7.4019687],[-71.0602673,-7.4054618],[-71.0724721,-7.4105183],[-71.0705728,-7.4161369],[-71.0760199,-7.416762499999987],[-71.07759330000002,-7.4221092],[-71.0892486,-7.4232772],[-71.0922122,-7.438497600000011],[-71.1091497,-7.4499564],[-71.1124861,-7.461359199999977],[-71.1341565,-7.467540799999973],[-71.1298635,-7.474760100000025],[-71.150169,-7.4774604],[-71.1620962,-7.486798800000012],[-71.155241,-7.49409020000002],[-71.1636197,-7.494150900000026],[-71.1781262,-7.515960099999977],[-71.1839917,-7.518150299999976],[-71.18950539999999,-7.5279411],[-71.182874,-7.5263095],[-71.1813199,-7.535823800000019],[-71.1897581,-7.5327329],[-71.1902709,-7.545371199999988],[-71.2003209,-7.5428601],[-71.2124991,-7.555773],[-71.2221065,-7.553226099999981],[-71.2283674,-7.5661902],[-71.2363475,-7.567048],[-71.2353843,-7.5764511],[-71.2404353,-7.57558780000002],[-71.2410585,-7.582305],[-71.2451758,-7.5798946],[-71.2480697,-7.592879500000012],[-71.263329,-7.5881664],[-71.2705604,-7.591590600000018],[-71.2717971,-7.611409699999988],[-71.2796404,-7.605621600000023],[-71.2817291,-7.616540899999984],[-71.2858926,-7.610163199999975],[-71.2878677,-7.6178827],[-71.3009519,-7.626683299999979],[-71.301782,-7.633538099999988],[-71.3137644,-7.635493],[-71.3106856,-7.643155400000015],[-71.3165218,-7.642290700000018],[-71.3221681,-7.6484407],[-71.3205777,-7.65230370000001],[-71.3260988,-7.65854],[-71.32359859999998,-7.662885],[-71.3326394,-7.656939600000018],[-71.3371383,-7.6653844],[-71.337753,-7.656080399999988],[-71.3403718,-7.66924940000001],[-71.3444797,-7.667894700000017],[-71.345259,-7.660833500000017],[-71.3519378,-7.6680459],[-71.3559889,-7.665447800000022],[-71.3575025,-7.669370700000021],[-71.3639359,-7.6684223],[-71.366294,-7.6736416],[-71.37439609999998,-7.67641],[-71.3709391,-7.6785508],[-71.371639,-7.6857817],[-71.3785656,-7.6819981],[-71.3755804,-7.686348],[-71.3816791,-7.692312]]]}},{"type":"Feature","properties":{"CD_MUN":"1303569","NM_MUN":"Rio Preto da Eva","SIGLA_UF":"AM","CodigoIBGE":"1303569","SubRegiaoNumero":7,"CalhaSubRegiao":"Região do Rio Negro/Solimões"},"geometry":{"type":"Polygon","coordinates":[[[-59.8191358,-2.803350300000036],[-59.8153999,-2.788107099999968],[-59.8322473,-2.770582599999988],[-59.83025210000001,-2.742504300000026],[-59.8335161,-2.73552129999996],[-59.8475046,-2.726285699999987],[-59.87064680000001,-2.721729],[-59.8761116,-2.715710100000063],[-59.8736307,-2.683865],[-59.8963001,-2.659187600000056],[-59.90449180000001,-2.65767949999997],[-59.91211,-2.624018699999947],[-59.9202073,-2.610515200000055],[-59.9424212,-2.622236199999987],[-59.9464489,-2.615007600000022],[-59.9489703,-2.59223310000003],[-59.9411924,-2.578277800000038],[-59.9466329,-2.5727088],[-59.9624845,-2.570598500000068],[-59.966969,-2.564229100000053],[-59.9823521,-2.559041400000048],[-59.9965592,-2.566435700000047],[-59.9995579,-2.5494273],[-60.0126603,-2.539759799999988],[-60.0248984,-2.549788399999957],[-60.0332813,-2.549303900000019],[-60.0366726,-2.542054599999974],[-60.0357775,-2.500363100000077],[-60.024428,-2.448334600000046],[-60.0465613,-2.328262299999964],[-60.0396371,-2.26456],[-60.0278655,-2.2421672],[-59.9991782,-2.1432123],[-60.0004884,-2.1201904],[-59.9895167,-2.114747500000064],[-59.9841464,-2.118336],[-59.9786797,-2.11393169999997],[-59.9764625,-2.119607299999973],[-59.9697722,-2.115835899999968],[-59.9724444,-2.12323920000004],[-59.9660035,-2.115324799999949],[-59.9642908,-2.12137460000003],[-59.9565124,-2.117121699999936],[-59.9484263,-2.125893499999985],[-59.9332151,-2.1222739],[-59.9271239,-2.132413500000061],[-59.9094901,-2.129608600000054],[-59.8990133,-2.133799199999983],[-59.8956688,-2.129173800000078],[-59.8793504,-2.127256300000016],[-59.8763108,-2.1324872],[-59.8673307,-2.126745799999938],[-59.8676192,-2.138399299999942],[-59.8620416,-2.145472399999945],[-59.8534811,-2.14082809999993],[-59.8395963,-2.152850699999964],[-59.8320898,-2.148122299999967],[-59.8211357,-2.153813699999931],[-59.8210858,-2.159218800000071],[-59.8026644,-2.160954500000026],[-59.7905979,-2.171837100000061],[-59.7939435,-2.179466900000041],[-59.7845257,-2.1799413],[-59.766936,-2.204263800000041],[-59.7518537,-2.214910599999961],[-59.7405779,-2.208411799999943],[-59.7357385,-2.200183500000076],[-59.71231310000001,-2.185608300000077],[-59.6986856,-2.152307400000052],[-59.70435,-2.144364600000018],[-59.704825,-2.124303500000069],[-59.7135168,-2.106894100000063],[-59.7147673,-2.060174699999975],[-59.7095261,-2.051939],[-59.6837504,-2.045878100000074],[-59.6767132,-2.051537499999975],[-59.6786814,-2.069142],[-59.6726301,-2.076237100000066],[-59.6770727,-2.111902299999928],[-59.6698595,-2.116768500000074],[-59.6575965,-2.115613600000018],[-59.6233691,-2.141427099999944],[-59.6317361,-2.15599250000002],[-59.6278251,-2.163637100000075],[-59.6164976,-2.167623],[-59.6086266,-2.176435600000059],[-59.5912145,-2.175710099999964],[-59.5716817,-2.182047],[-59.5617343,-2.19508850000003],[-59.5570677,-2.221410600000042],[-59.5396017,-2.227803300000088],[-59.5199849,-2.251822299999973],[-59.5222019,-2.268901700000014],[-59.5095441,-2.279892600000022],[-59.5064012,-2.305251100000036],[-59.5001492,-2.3115362],[-59.48807990000001,-2.3069828],[-59.46829180000001,-2.311185800000034],[-59.4505037,-2.32349880000003],[-59.4354243,-2.350902400000011],[-59.43564090000001,-2.367736099999932],[-59.4278454,-2.371096],[-59.38826670000001,-2.36205],[-59.375392,-2.3721031],[-59.3478711,-2.370061399999947],[-59.331003,-2.3816684],[-59.3281658,-2.39896],[-59.290943,-2.434009],[-59.2871388,-2.452126],[-59.3007214,-2.462852],[-59.3006682,-2.4718751],[-59.2767968,-2.480105600000055],[-59.275943,-2.4883371],[-59.2495693,-2.482357300000053],[-59.2534637,-2.474887899999982],[-59.2463343,-2.470335],[-59.222826,-2.474240799999942],[-59.1968816,-2.470979],[-59.1741717,-2.4846282],[-59.1694964,-2.508136200000044],[-59.1558889,-2.517456300000037],[-59.1663802,-2.539339199999981],[-59.1884895,-2.5500583],[-59.2008833,-2.5643103],[-59.189187,-2.597666599999945],[-59.21043980000001,-2.633127400000037],[-59.2282413,-2.649423699999964],[-59.2314856,-2.703429099999967],[-59.2656913,-2.726702799999951],[-59.26821730000001,-2.738472],[-59.2620862,-2.744478900000064],[-59.2663654,-2.742449],[-59.2907504,-2.749260699999984],[-59.3072821,-2.7621596],[-59.3560705,-2.822855],[-59.3528003,-2.844643300000043],[-59.360892,-2.888152299999978],[-59.3675633,-2.894357399999985],[-59.3710325,-2.890471500000021],[-59.3680652,-2.87338870000002],[-59.374672,-2.867508299999971],[-59.3985516,-2.876571699999952],[-59.405839,-2.874220399999944],[-59.4093808,-2.888566899999945],[-59.4298682,-2.9264219],[-59.4863823,-2.964209600000024],[-59.4981092,-2.980774400000028],[-59.5060767,-2.9666946],[-59.5321515,-2.95119],[-59.5471517,-2.9567735],[-59.5963742,-2.958732499999976],[-59.62033730000001,-2.9644101],[-59.6372324,-2.961454200000016],[-59.6545313,-2.946761599999952],[-59.7061518,-2.939600800000037],[-59.7083782,-2.931325899999962],[-59.7212139,-2.919094400000032],[-59.7286047,-2.898789600000054],[-59.7156537,-2.881315699999952],[-59.7385458,-2.857938299999977],[-59.7382211,-2.85034360000004],[-59.7520712,-2.826905599999949],[-59.7596553,-2.82222239999995],[-59.782813,-2.8304843],[-59.8035491,-2.817481300000022],[-59.811156,-2.817249099999957],[-59.8191358,-2.803350300000036]]]}},{"type":"Feature","properties":{"CD_MUN":"1301407","NM_MUN":"Eirunepé","SIGLA_UF":"AM","CodigoIBGE":"1301407","SubRegiaoNumero":4,"CalhaSubRegiao":"Região do Juruá"},"geometry":{"type":"Polygon","coordinates":[[[-69.8636168,-6.5480768],[-69.8421662,-6.566425],[-69.8332809,-6.570007899999989],[-69.8169777,-6.569133299999977],[-69.8026473,-6.5581756],[-69.7945903,-6.527946199999972],[-69.7965338,-6.4740055],[-69.7828086,-6.449823899999986],[-69.7684194,-6.439350400000015],[-69.7016472,-6.4226863],[-69.6868683,-6.433843100000021],[-69.67155210000001,-6.4273532],[-69.651138,-6.428437299999972],[-69.6077506,-6.43839820000002],[-69.5885905,-6.460801399999978],[-69.579809,-6.465119300000016],[-69.5645276,-6.461774500000025],[-69.5485992,-6.467979],[-69.5326625,-6.457382],[-69.5151459,-6.4120339],[-69.4870052,-6.388994200000012],[-69.4134487,-6.35728810000003],[-69.3949435,-6.355950499999984],[-69.3456163,-6.3636211],[-69.3335298,-6.361347099999986],[-69.3351476,-6.593807499999984],[-69.3213116,-6.6156797],[-69.3327748,-6.627727599999974],[-69.33024,-6.6384156],[-69.3339868,-6.650563499999982],[-69.3291854,-6.6544089],[-69.335022,-6.6862448],[-69.3381495,-6.686466100000021],[-69.3451712,-6.715819899999976],[-69.3561601,-6.723172199999978],[-69.3529382,-6.7438655],[-69.3595308,-6.752178],[-69.3582101,-6.763648800000027],[-69.3667224,-6.7697349],[-69.3652366,-6.7780936],[-69.370696,-6.7788209],[-69.3687846,-6.782824],[-69.3768905,-6.80568740000001],[-69.373328,-6.807498400000023],[-69.3767132,-6.818560600000017],[-69.3702789,-6.830137500000014],[-69.3668315,-6.856986300000023],[-69.3718685,-6.8738625],[-69.3667609,-6.8908179],[-69.3781804,-6.9141325],[-69.3901695,-6.924581299999989],[-69.4033776,-6.929107799999985],[-69.4202117,-6.949137100000024],[-69.4246116,-6.9627571],[-69.4335185,-6.9711916],[-69.4337555,-6.980077499999983],[-69.4408375,-6.9841643],[-69.4386474,-6.987111100000024],[-69.4448702,-7.0035629],[-69.4591968,-7.0176682],[-69.4685136,-7.023670600000021],[-69.478169,-7.021904299999977],[-69.4830037,-7.02624],[-69.4948901,-7.026511],[-69.4978168,-7.030712],[-69.5043831,-7.029511],[-69.5347148,-7.049075899999968],[-69.5381464,-7.0597253],[-69.5290887,-7.0710813],[-69.530508,-7.08734130000001],[-69.5171481,-7.106368400000015],[-69.5160893,-7.114505900000011],[-69.5237819,-7.1367108],[-69.5186965,-7.1599161],[-69.52182490000001,-7.178215200000015],[-69.8694193,-7.1735993],[-69.8600815,-7.1880413],[-69.8772381,-7.20464960000001],[-69.8814643,-7.213841],[-69.8763329,-7.2221071],[-69.8843131,-7.225789900000027],[-69.8917194,-7.2369994],[-69.8663624,-7.2446255],[-69.8732069,-7.2551124],[-69.8732535,-7.264758300000015],[-69.8780671,-7.265788599999987],[-69.8894481,-7.2581942],[-69.89727089999998,-7.259020399999978],[-69.9003293,-7.2653929],[-69.8864147,-7.2704008],[-69.8870267,-7.278076400000021],[-69.8973596,-7.289934400000017],[-69.9067098,-7.279353500000011],[-69.91292619999999,-7.2784928],[-69.9137805,-7.291391500000016],[-69.9220815,-7.293985100000017],[-69.9485624,-7.2907477],[-69.9607615,-7.276828],[-69.96900710000001,-7.275074700000016],[-69.9722056,-7.2680746],[-69.9688671,-7.251964100000018],[-69.9725313,-7.244268199999983],[-69.9927328,-7.2293003],[-69.9967277,-7.202452],[-70.007737,-7.180717700000012],[-70.0197764,-7.1735119],[-70.0332431,-7.17270190000001],[-70.0383687,-7.179559100000018],[-70.0386964,-7.205266799999974],[-70.0517314,-7.2506289],[-70.06145989999999,-7.2686856],[-70.0706806,-7.27372],[-70.0847858,-7.273919500000016],[-70.1055188,-7.2940369],[-70.1148565,-7.278710100000012],[-70.1268766,-7.2808326],[-70.1575648,-7.331345600000017],[-70.1734082,-7.347954599999982],[-70.1937031,-7.362395100000017],[-70.2233592,-7.3708643],[-70.2429198,-7.3869445],[-70.2706796,-7.4010125],[-70.2916771,-7.4275671],[-70.2994569,-7.4307636],[-70.3220333,-7.4551933],[-70.329535,-7.4565276],[-70.3485596,-7.48162540000001],[-70.3555672,-7.48540340000002],[-70.3934819,-7.4863533],[-70.4065924,-7.494865800000014],[-70.422597,-7.498674300000011],[-70.4244816,-7.5078415],[-70.4334564,-7.504754],[-70.450731,-7.519836599999979],[-70.4558176,-7.514191],[-70.4827039,-7.519698500000025],[-70.5009534,-7.514729900000026],[-70.5192053,-7.538745200000011],[-70.5407296,-7.549825400000011],[-70.5643453,-7.5496794],[-70.579959,-7.555670599999988],[-70.5872046,-7.5520273],[-70.5945722,-7.553739500000021],[-70.6077589,-7.5464192],[-70.6151517,-7.549721599999984],[-70.6154504,-7.55730340000001],[-70.6232896,-7.5576943],[-70.6261236,-7.573479800000024],[-70.64137560000002,-7.591779300000013],[-70.6562089,-7.595639],[-70.6650346,-7.60935820000002],[-70.6802886,-7.6057198],[-70.6873465,-7.608968599999989],[-70.7323195,-7.587731199999989],[-70.7412316,-7.588627900000011],[-70.74623360000001,-7.595796599999979],[-70.75478739999998,-7.5956129],[-70.7579069,-7.602658700000018],[-70.7648987,-7.5995331],[-70.7785433,-7.6016748],[-70.79637429999998,-7.6089144],[-70.8105098,-7.6382035],[-70.8242064,-7.6461096],[-70.8329008,-7.6446648],[-70.8484857,-7.627419100000016],[-70.86612449999998,-7.628297399999978],[-70.8882896,-7.6507037],[-70.8931859,-7.666102],[-70.9011493,-7.668589799999989],[-70.9140719,-7.659511799999972],[-70.9382863,-7.6558672],[-70.9663992,-7.6713388],[-70.9848206,-7.677321300000017],[-71.008514,-7.678850400000016],[-71.0277097,-7.693036],[-71.0433189,-7.693855200000015],[-71.0596232,-7.711762],[-71.0884954,-7.726266100000012],[-71.3816791,-7.692312],[-71.3755804,-7.686348],[-71.3785656,-7.6819981],[-71.371639,-7.6857817],[-71.3709391,-7.6785508],[-71.37439609999998,-7.67641],[-71.366294,-7.6736416],[-71.3639359,-7.6684223],[-71.3575025,-7.669370700000021],[-71.3559889,-7.665447800000022],[-71.3519378,-7.6680459],[-71.345259,-7.660833500000017],[-71.3444797,-7.667894700000017],[-71.3403718,-7.66924940000001],[-71.337753,-7.656080399999988],[-71.3371383,-7.6653844],[-71.3326394,-7.656939600000018],[-71.32359859999998,-7.662885],[-71.3260988,-7.65854],[-71.3205777,-7.65230370000001],[-71.3221681,-7.6484407],[-71.3165218,-7.642290700000018],[-71.3106856,-7.643155400000015],[-71.3137644,-7.635493],[-71.301782,-7.633538099999988],[-71.3009519,-7.626683299999979],[-71.2878677,-7.6178827],[-71.2858926,-7.610163199999975],[-71.2817291,-7.616540899999984],[-71.2796404,-7.605621600000023],[-71.2720678,-7.611753800000023],[-71.271026,-7.5926394],[-71.2668153,-7.588420799999978],[-71.2475141,-7.592514900000023],[-71.2451758,-7.5798946],[-71.2410585,-7.582305],[-71.2404353,-7.57558780000002],[-71.2353843,-7.5764511],[-71.2363475,-7.567048],[-71.2283674,-7.5661902],[-71.2221065,-7.553226099999981],[-71.2124991,-7.555773],[-71.2003209,-7.5428601],[-71.1902709,-7.545371199999988],[-71.1897581,-7.5327329],[-71.1813199,-7.535823800000019],[-71.182874,-7.5263095],[-71.18950539999999,-7.5279411],[-71.1839917,-7.518150299999976],[-71.1781262,-7.515960099999977],[-71.1636197,-7.494150900000026],[-71.155241,-7.49409020000002],[-71.1620962,-7.486798800000012],[-71.150169,-7.4774604],[-71.1298635,-7.474760100000025],[-71.1341565,-7.467540799999973],[-71.1124861,-7.461359199999977],[-71.1091497,-7.4499564],[-71.0922122,-7.438497600000011],[-71.0892486,-7.4232772],[-71.07759330000002,-7.4221092],[-71.0760199,-7.416762499999987],[-71.0705728,-7.4161369],[-71.0724721,-7.4105183],[-71.0602673,-7.4054618],[-71.0595385,-7.4019687],[-71.0653284,-7.39879110000001],[-71.0601405,-7.392198800000014],[-71.0551819,-7.3922727],[-71.0559649,-7.385373099999978],[-71.0607313,-7.38329069999997],[-71.0498112,-7.380620499999989],[-71.054858,-7.374513499999976],[-71.0499615,-7.367682600000018],[-71.0549136,-7.3635917],[-71.04422929999998,-7.350576899999981],[-71.0382205,-7.3552002],[-71.0283466,-7.347251100000013],[-71.0282147,-7.341927099999979],[-71.0228686,-7.3410885],[-71.0250726,-7.336735],[-71.0173714,-7.3387581],[-71.018405,-7.3251815],[-71.0073728,-7.325229900000013],[-70.9987815,-7.317601699999987],[-71.0111908,-7.311532799999985],[-71.0031869,-7.3086846],[-71.0038116,-7.301379499999984],[-71.0074686,-7.306279400000019],[-71.0095392,-7.303162900000022],[-71.0051519,-7.296785899999986],[-71.00013650000001,-7.299320800000014],[-71.0040041,-7.292759699999983],[-70.9969407,-7.2847478],[-71.001022,-7.281464],[-70.9877305,-7.278223500000022],[-70.9953613,-7.2763536],[-70.9924459,-7.270927],[-70.9792,-7.2714179],[-70.97637810000002,-7.266185400000013],[-70.970193,-7.269394299999984],[-70.9637247,-7.261189299999979],[-70.9580653,-7.2659095],[-70.95304050000001,-7.2562426],[-70.9596237,-7.2576045],[-70.9568297,-7.251283700000025],[-70.94069419999998,-7.254754399999983],[-70.9352185,-7.249381799999981],[-70.9279728,-7.250389],[-70.9249577,-7.260562599999988],[-70.9155527,-7.261865600000022],[-70.91529,-7.268237599999984],[-70.9109458,-7.268254699999988],[-70.913639,-7.2575211],[-70.9073463,-7.246803900000015],[-70.9107999,-7.2426377],[-70.90471490000002,-7.238765],[-70.89765020000002,-7.245173900000012],[-70.9040333,-7.234025],[-70.8958843,-7.233405600000022],[-70.8953062,-7.222269],[-70.8887867,-7.22599610000001],[-70.88843710000002,-7.219370100000019],[-70.8823035,-7.2181622],[-70.882379,-7.2112398],[-70.8786291,-7.2132651],[-70.8736921,-7.209261],[-70.8735419,-7.220616800000018],[-70.8714063,-7.21357760000003],[-70.8599709,-7.2071445],[-70.8650128,-7.196651400000016],[-70.8593612,-7.194932799999982],[-70.8550604,-7.198397900000026],[-70.8555067,-7.192325899999986],[-70.8351654,-7.19222],[-70.8322052,-7.186476499999983],[-70.8362248,-7.183583600000012],[-70.8232198,-7.179701400000011],[-70.8205192,-7.1826671],[-70.8149224,-7.1772973],[-70.8202417,-7.1750956],[-70.8196898,-7.169795799999973],[-70.802251,-7.165473900000019],[-70.7911973,-7.157606700000015],[-70.7868106,-7.151438100000014],[-70.7935713,-7.1497587],[-70.793051,-7.14492750000002],[-70.7872142,-7.1454897],[-70.7815451,-7.135276200000019],[-70.785227,-7.133154199999972],[-70.7828231,-7.128005],[-70.7795638,-7.128287800000029],[-70.7800994,-7.1342978],[-70.7759111,-7.1326793],[-70.7802106,-7.12404320000002],[-70.777281,-7.1151883],[-70.77172650000001,-7.111174900000019],[-70.7671724,-7.1181878],[-70.7635613,-7.10049759999997],[-70.7570025,-7.096025100000018],[-70.7603753,-7.091512900000017],[-70.7343173,-7.083130900000021],[-70.7352451,-7.077998600000022],[-70.7402409,-7.080063100000018],[-70.7414308,-7.07213809999998],[-70.7326625,-7.07356239999998],[-70.7310939,-7.070998300000026],[-70.7387815,-7.0661587],[-70.7295789,-7.0655294],[-70.734636,-7.058063400000016],[-70.7389095,-7.0612699],[-70.7377777,-7.0524597],[-70.7320544,-7.053259],[-70.7368644,-7.0465905],[-70.7300452,-7.051206499999976],[-70.7246392,-7.0488218],[-70.73086840000002,-7.05377090000002],[-70.7278681,-7.0562327],[-70.720942,-7.0463096],[-70.72294490000002,-7.039565],[-70.7108579,-7.042793600000014],[-70.71850320000001,-7.037472199999971],[-70.7169201,-7.029125399999988],[-70.7234682,-7.02911310000002],[-70.7165947,-7.021093800000027],[-70.7241261,-7.0186523],[-70.72064870000001,-7.007052400000024],[-70.7133778,-7.004379599999987],[-70.7067742,-6.993815799999983],[-70.705276,-6.9826283],[-70.710872,-6.9850467],[-70.7105189,-6.975586],[-70.7024195,-6.970052399999981],[-70.7068907,-6.967403099999982],[-70.7012055,-6.96213],[-70.7049186,-6.949686599999975],[-70.7000728,-6.949999],[-70.6987587,-6.9411493],[-70.7021222,-6.9351645],[-70.710395,-6.938436],[-70.7091599,-6.931742100000031],[-70.7061087,-6.932713100000017],[-70.7078412,-6.927150500000014],[-70.700969,-6.920166499999983],[-70.7020743,-6.912610699999982],[-70.7070791,-6.911602300000019],[-70.7046257,-6.907169400000027],[-70.6976104,-6.908972399999977],[-70.702722,-6.902768399999988],[-70.6967041,-6.900857499999981],[-70.69531619999998,-6.895478699999984],[-70.6914863,-6.8984311],[-70.6911604,-6.8919257],[-70.6862289,-6.89414350000001],[-70.6872653,-6.8856274],[-70.6804111,-6.891449400000021],[-70.6825755,-6.8839041],[-70.669537,-6.873628600000012],[-70.6723147,-6.871110299999982],[-70.6657334,-6.859680200000019],[-70.6610812,-6.861962400000012],[-70.664967,-6.8498144],[-70.66852690000002,-6.849280500000013],[-70.6616871,-6.844250199999979],[-70.6671314,-6.842375399999971],[-70.6607501,-6.840742],[-70.6548455,-6.825922099999986],[-70.6443629,-6.8214439],[-70.6414854,-6.814269799999977],[-70.65359689999998,-6.59509939999997],[-70.6173384,-6.606946],[-70.600008,-6.6015255],[-70.5867657,-6.5597184],[-70.5718988,-6.534523],[-70.5513401,-6.542901700000026],[-70.5364565,-6.562937100000017],[-70.5076445,-6.5744683],[-70.4901467,-6.5776547],[-70.4506178,-6.566885300000011],[-70.4313669,-6.5687946],[-70.41978460000001,-6.579731700000026],[-70.4165616,-6.6090771],[-70.3895328,-6.610909500000013],[-70.3749796,-6.6173866],[-70.3680631,-6.645090200000023],[-70.3604348,-6.645343],[-70.3520657,-6.638399299999985],[-70.3429454,-6.641642499999973],[-70.3265097,-6.635860200000013],[-70.308147,-6.6354767],[-70.2961185,-6.610134900000022],[-70.2878946,-6.609367399999979],[-70.2768927,-6.6370889],[-70.261371,-6.634795],[-70.2456748,-6.602542600000022],[-70.2138649,-6.584899700000024],[-70.2056442,-6.586871399999986],[-70.2007572,-6.605002400000012],[-70.1943896,-6.6121275],[-70.1434996,-6.6084189],[-70.1262293,-6.6193684],[-70.1164225,-6.6188554],[-70.0920864,-6.6319273],[-70.0856723,-6.6267896],[-70.0824481,-6.601639699999984],[-70.0759194,-6.595704199999979],[-70.0582242,-6.5965664],[-70.05159250000001,-6.591660499999988],[-70.0531185,-6.572988600000025],[-70.0480358,-6.5644526],[-70.0400289,-6.563855600000021],[-70.0217296,-6.5721604],[-70.01492,-6.5890316],[-69.9999829,-6.582663499999974],[-69.9897481,-6.566883500000013],[-69.98231139999999,-6.5635835],[-69.9531447,-6.569635699999974],[-69.9328067,-6.580932899999977],[-69.9180084,-6.567115200000014],[-69.9105003,-6.5482264],[-69.8939749,-6.548040300000026],[-69.8867559,-6.543825600000024],[-69.8702535,-6.553278],[-69.8636168,-6.5480768]]]}},{"type":"Feature","properties":{"CD_MUN":"1300508","NM_MUN":"Barreirinha","SIGLA_UF":"AM","CodigoIBGE":"1300508","SubRegiaoNumero":9,"CalhaSubRegiao":"Região do Baixo Amazonas"},"geometry":{"type":"Polygon","coordinates":[[[-57.327352,-3.586272700000045],[-57.3401532,-3.570727599999985],[-57.343238,-3.55436750000001],[-57.3590681,-3.544215],[-57.3626843,-3.523688800000032],[-57.370184,-3.513920599999988],[-57.3717111,-3.478100200000027],[-57.3597127,-3.452106700000047],[-57.3586316,-3.4386842],[-57.3665721,-3.413603099999983],[-57.3629339,-3.379849899999981],[-57.36454830000001,-3.3696672],[-57.3712702,-3.362061400000037],[-57.3739324,-3.332736400000011],[-57.3920818,-3.323738400000039],[-57.3953848,-3.316811],[-57.3939656,-3.295861899999949],[-57.4037703,-3.276373200000037],[-57.4226634,-3.288622],[-57.4560792,-3.266397599999972],[-57.4594848,-3.034447599999984],[-57.4641271,-3.026641199999989],[-57.4304221,-3.004698400000015],[-57.4256109,-3.014388699999979],[-57.4119649,-3.0184056],[-57.4023995,-3.003035200000033],[-57.4067152,-2.994392],[-57.3842986,-2.981278900000054],[-57.3789926,-2.965904699999988],[-57.3568983,-2.94533049999994],[-57.35163630000001,-2.914671200000047],[-57.3541579,-2.9113903],[-57.3712478,-2.9134834],[-57.3785204,-2.922386600000011],[-57.3827789,-2.9216856],[-57.3844695,-2.914408899999941],[-57.3947248,-2.915393099999976],[-57.4160019,-2.9447397],[-57.42609,-2.93939530000001],[-57.4601757,-2.951905599999975],[-57.4673564,-2.94882019999995],[-57.4823641,-2.870996799999966],[-57.473382,-2.862760200000016],[-57.4744035,-2.857005399999947],[-57.436466,-2.843843399999989],[-57.473924,-2.818414],[-57.4785902,-2.810106599999948],[-57.4939252,-2.807204799999955],[-57.48946260000001,-2.776272799999953],[-57.4616248,-2.747952],[-57.4373578,-2.7395912],[-57.4204607,-2.740361700000043],[-57.4168907,-2.728321],[-57.4217989,-2.7042596],[-57.428749,-2.7094303],[-57.4420113,-2.693856899999957],[-57.4575538,-2.694897],[-57.4583295,-2.677615600000049],[-57.4498208,-2.6736179],[-57.448306,-2.660345],[-57.4316967,-2.640778699999943],[-57.4414573,-2.623698900000066],[-57.438323,-2.614248],[-57.4482463,-2.609594500000025],[-57.449253,-2.604416200000028],[-57.4290116,-2.589818299999969],[-57.4176395,-2.592966899999932],[-57.413353,-2.599875],[-57.4127765,-2.621199400000048],[-57.39964350000001,-2.624435],[-57.3763548,-2.643869599999956],[-57.3613191,-2.643400100000014],[-57.3477429,-2.634298700000061],[-57.3030239,-2.632887900000071],[-57.2987337,-2.635976699999958],[-57.2992085,-2.644367300000047],[-57.287465,-2.650545100000059],[-57.281326,-2.662981099999989],[-57.263942,-2.676425200000013],[-57.2237368,-2.693520200000071],[-57.1967904,-2.681167600000053],[-57.1923053,-2.686769499999961],[-57.1832837,-2.686396299999974],[-57.178207,-2.696951799999968],[-57.1818684,-2.71905040000005],[-57.1708923,-2.722535],[-57.13956610000001,-2.716331400000036],[-57.1161975,-2.72268889999996],[-57.1055424,-2.717317700000067],[-57.0932793,-2.7288266],[-57.0855385,-2.7222044],[-57.0689012,-2.7217543],[-57.0369539,-2.710801400000029],[-57.0283654,-2.7040884],[-57.0220948,-2.691192500000039],[-56.9863621,-2.68941990000005],[-56.9796869,-2.67810190000005],[-56.9414826,-2.666156399999966],[-56.9329084,-2.6816364],[-56.9119412,-2.677675099999968],[-56.9096581,-2.680573700000037],[-56.9170237,-2.690313700000056],[-56.9142344,-2.6979305],[-56.9201227,-2.698792],[-56.9264967,-2.708007900000034],[-56.9290688,-2.717743799999969],[-56.9241271,-2.721614200000024],[-56.9261185,-2.729135200000064],[-56.9493302,-2.747076300000014],[-56.9010531,-2.774483799999941],[-56.8904089,-2.772976499999985],[-56.850713,-2.744017800000015],[-56.84035080000001,-2.743379099999979],[-56.8217747,-2.764227699999956],[-56.8058497,-2.742145699999939],[-56.7857329,-2.729840499999955],[-56.7541582,-2.724475399999942],[-56.7344968,-2.731880600000049],[-56.7368829,-2.742113600000069],[-56.7458131,-2.747224499999981],[-56.7889428,-2.753693599999989],[-56.8110302,-2.783515499999947],[-56.8358322,-2.854056],[-56.8335985,-2.878014599999952],[-56.8593425,-2.919910199999969],[-56.872399,-2.907006900000019],[-56.8850138,-2.9083204],[-56.8998078,-2.898261499999968],[-56.9176476,-2.894325600000048],[-56.9478635,-2.910085699999932],[-56.967811,-2.906237300000019],[-56.9833248,-2.91981],[-57.0083082,-2.926696200000046],[-57.0163681,-2.932573500000053],[-57.0200641,-2.981763899999969],[-57.030671,-3.013947599999977],[-57.0468791,-3.026168600000017],[-57.0416688,-3.030045699999951],[-57.0192886,-3.01937980000004],[-56.9988036,-3.032813099999982],[-56.9965828,-3.044038],[-57.0021121,-3.0569758],[-56.9960688,-3.070528900000046],[-57.019654,-3.117638400000049],[-57.0210384,-3.138935499999955],[-57.0475805,-3.178561699999961],[-57.0475799,-3.184583800000026],[-57.0407569,-3.190407699999969],[-57.0455638,-3.20899309999995],[-57.0262369,-3.216936299999978],[-57.005873,-3.214692],[-56.992469,-3.218154399999946],[-56.9823478,-3.216855],[-56.9686095,-3.206287600000012],[-56.9417573,-3.233514],[-56.9379276,-3.26908779999998],[-56.9293396,-3.279767],[-56.8871285,-3.301346900000043],[-56.86705890000001,-3.29715280000003],[-56.8606654,-3.301710900000045],[-56.8519973,-3.301012399999981],[-56.8381906,-3.322440599999974],[-56.8219955,-3.323653199999971],[-56.8096858,-3.333470599999966],[-56.9137547,-3.562297500000012],[-56.9220311,-3.558170800000051],[-56.9299515,-3.5607477],[-56.9482623,-3.577732300000036],[-56.965064,-3.582536899999987],[-56.9741776,-3.583780699999962],[-56.9897365,-3.576676599999981],[-57.0070096,-3.596209900000012],[-57.0227652,-3.602361900000012],[-57.064049,-3.592236899999967],[-57.0884121,-3.601771],[-57.1141884,-3.595279900000028],[-57.122078,-3.602001],[-57.1150523,-3.6216374],[-57.1166889,-3.631683099999955],[-57.1329121,-3.637524300000016],[-57.1468584,-3.661505600000028],[-57.1818617,-3.659494599999954],[-57.1902262,-3.662389499999979],[-57.2000277,-3.676739],[-57.225421,-3.671653499999948],[-57.2310051,-3.66500690000001],[-57.2451434,-3.673858100000035],[-57.2583133,-3.651146100000046],[-57.2538448,-3.624986799999989],[-57.266788,-3.607055200000024],[-57.2948158,-3.61096980000002],[-57.3004586,-3.595763500000043],[-57.327352,-3.586272700000045]]]}},{"type":"Feature","properties":{"CD_MUN":"1304005","NM_MUN":"Silves","SIGLA_UF":"AM","CodigoIBGE":"1304005","SubRegiaoNumero":8,"CalhaSubRegiao":"Região do Médio Amazonas"},"geometry":{"type":"Polygon","coordinates":[[[-58.3776921,-3.0890726],[-58.3818022,-3.087191100000041],[-58.3849438,-3.091877],[-58.3889747,-3.084600499999971],[-58.3792144,-3.078412599999982],[-58.3717767,-3.066722800000038],[-58.3825641,-3.045846099999947],[-58.3776001,-3.035800899999981],[-58.3815698,-3.033243499999972],[-58.3813931,-3.026059799999962],[-58.3891017,-3.0225518],[-58.3939742,-3.032719700000055],[-58.4033198,-3.036884200000036],[-58.4015006,-3.044957300000041],[-58.4126327,-3.04536439999995],[-58.4055983,-3.042740600000051],[-58.3995573,-3.025818299999986],[-58.3878438,-3.017438799999984],[-58.388201,-3.008508499999967],[-58.3997897,-3.00575049999996],[-58.4030522,-3.000098800000042],[-58.4745076,-2.97696210000003],[-58.5041966,-2.998051399999984],[-58.5312936,-3.003051299999961],[-58.54620950000001,-3.010795899999979],[-58.5625746,-3.005550300000015],[-58.59611,-3.029128800000036],[-58.6300354,-3.038344900000011],[-58.6709444,-3.022675899999944],[-58.6842995,-3.01121190000005],[-58.7049929,-3.005548099999979],[-58.7847485,-2.959790699999975],[-58.81542730000001,-2.934717799999979],[-58.8706966,-2.908476300000017],[-58.8776444,-2.892604399999954],[-58.8646993,-2.872970199999971],[-58.8610119,-2.856448899999936],[-58.87617250000001,-2.8553141],[-58.8928723,-2.824602599999988],[-58.9001432,-2.819255699999949],[-58.901671,-2.81017570000005],[-58.9153463,-2.800477200000013],[-58.9049824,-2.7779126],[-58.915595,-2.764864799999986],[-58.9384325,-2.75636449999994],[-58.9644018,-2.766167],[-58.960065,-2.772420799999955],[-58.9644562,-2.779411799999964],[-58.9889346,-2.774083199999936],[-58.9899323,-2.746184500000023],[-58.9838459,-2.731299399999932],[-58.99014970000001,-2.72681270000002],[-58.98968210000001,-2.718100899999963],[-58.9844004,-2.7108801],[-58.9839001,-2.700718700000027],[-58.9875141,-2.693793699999944],[-58.9967111,-2.692864099999952],[-59.011545,-2.702669799999974],[-59.0268749,-2.697226299999956],[-59.0235998,-2.690276],[-59.0334893,-2.665378500000064],[-59.0267079,-2.638541200000062],[-59.0310227,-2.631180700000024],[-59.0483749,-2.62380549999994],[-59.0512665,-2.586993499999965],[-59.03982709999999,-2.595556700000024],[-59.0383238,-2.6033209],[-59.0219564,-2.606424],[-59.0118492,-2.574569899999962],[-58.9973452,-2.5749431],[-58.9881777,-2.560629],[-58.973713,-2.563676499999974],[-58.9591413,-2.558102899999981],[-58.9473249,-2.5651483],[-58.9444359,-2.574765900000019],[-58.9259785,-2.5701161],[-58.9184255,-2.586115],[-58.8993696,-2.5895795],[-58.8874724,-2.571152700000058],[-58.879986,-2.572943900000045],[-58.8498295,-2.602439099999973],[-58.8239504,-2.596373700000016],[-58.8178304,-2.586929499999934],[-58.8022099,-2.597660600000055],[-58.7905325,-2.596756899999982],[-58.7888798,-2.587710699999958],[-58.7805296,-2.588204500000018],[-58.7663613,-2.596617699999936],[-58.757675,-2.59383320000004],[-58.7512562,-2.598875500000067],[-58.7502887,-2.608483799999984],[-58.7206723,-2.616751200000027],[-58.7165001,-2.632412399999947],[-58.7001323,-2.65238159999995],[-58.6845798,-2.663242200000026],[-58.6753363,-2.657590799999977],[-58.6635545,-2.6587071],[-58.6393187,-2.675698799999974],[-58.5882142,-2.679526],[-58.5542845,-2.692141299999942],[-58.5451572,-2.690126300000054],[-58.5271575,-2.701526500000066],[-58.5113558,-2.704985100000013],[-58.5033021,-2.702717],[-58.4999612,-2.677256599999967],[-58.48490730000001,-2.685259300000028],[-58.4762628,-2.679456799999953],[-58.4701796,-2.661741],[-58.4552423,-2.6524499],[-58.4266837,-2.656936400000028],[-58.4168514,-2.654786],[-58.4050328,-2.6409911],[-58.3997862,-2.6472854],[-58.3926555,-2.642614699999986],[-58.3912068,-2.6344207],[-58.3802881,-2.622387099999924],[-58.3596787,-2.619212100000052],[-58.3585517,-2.611352],[-58.3510854,-2.604847399999982],[-58.3372303,-2.62513],[-58.3293951,-2.625664],[-58.3188726,-2.620880399999983],[-58.3138943,-2.6132477],[-58.3044051,-2.611588599999987],[-58.2942823,-2.621374600000052],[-58.2727477,-2.620277799999972],[-58.2660838,-2.6281052],[-58.2545384,-2.626576299999951],[-58.2362558,-2.6497583],[-58.2234687,-2.645161799999977],[-58.2149402,-2.648148199999928],[-58.2057847,-2.661156199999947],[-58.1955745,-2.664713099999986],[-58.1850874,-2.681791900000031],[-58.1815307,-2.705221299999939],[-58.1874635,-2.720632],[-58.1825571,-2.731888199999954],[-58.1830929,-2.743480800000052],[-58.1608724,-2.761005200000021],[-58.1590853,-2.779004799999948],[-58.1410644,-2.798476400000011],[-58.1409755,-2.806419699999987],[-58.1019338,-2.877941800000027],[-58.1298278,-2.915419199999965],[-58.1476858,-2.986830099999946],[-58.1622197,-3.018867799999978],[-58.1771352,-3.0352467],[-58.2453351,-3.082800299999959],[-58.3176222,-3.1087772],[-58.3758967,-3.144602699999978],[-58.3804501,-3.136672899999981],[-58.3776921,-3.0890726]]]}},{"type":"Feature","properties":{"CD_MUN":"1302702","NM_MUN":"Manicoré","SIGLA_UF":"AM","CodigoIBGE":"1302702","SubRegiaoNumero":5,"CalhaSubRegiao":"Região do Madeira"},"geometry":{"type":"Polygon","coordinates":[[[-61.8689855,-5.222899800000021],[-61.7839175,-5.167168600000031],[-61.5247099,-4.940186199999964],[-61.48994660000001,-4.91611029999996],[-61.443789,-4.89148],[-61.4191927,-4.8545975],[-61.3187055,-4.76305630000003],[-61.3085997,-4.749319400000011],[-61.2935664,-4.7118901],[-60.913605,-5.1129307],[-60.7257889,-5.113233199999966],[-60.7455991,-5.146182],[-60.7461249,-5.1540899],[-60.7390099,-5.1576586],[-60.7372306,-5.165176800000024],[-60.7815716,-5.196949500000014],[-60.8082914,-5.2280612],[-60.8176259,-5.266656400000023],[-60.8358199,-5.30247860000001],[-60.860736,-5.3006702],[-60.8988762,-5.311545899999971],[-60.9048776,-5.317413199999983],[-60.9014825,-5.340419700000014],[-60.9055718,-5.347816300000013],[-60.9173221,-5.3583689],[-60.9402386,-5.3637871],[-60.9430966,-5.370804200000023],[-60.8954896,-5.38187880000001],[-60.8643448,-5.378178199999986],[-60.8487066,-5.3843511],[-60.8266699,-5.402089699999974],[-60.8145545,-5.401552500000016],[-60.8112376,-5.388870200000017],[-60.80106210000001,-5.38455839999996],[-60.7873836,-5.387163600000015],[-60.783782,-5.37473460000002],[-60.7719012,-5.370681600000025],[-60.75639790000001,-5.3525575],[-60.755014,-5.344953],[-60.741849,-5.336485400000023],[-60.7293471,-5.31532419999996],[-60.7158414,-5.306335699999976],[-60.6264867,-5.296145199999968],[-60.5750702,-5.267892899999963],[-60.5536674,-5.261466600000015],[-60.5764571,-5.284320399999973],[-60.5752932,-5.300407400000012],[-60.5854931,-5.303396699999989],[-60.5642817,-5.3099474],[-60.565995,-5.31568450000004],[-60.572785,-5.318268900000015],[-60.5621565,-5.3253435],[-60.5676266,-5.327881200000019],[-60.5636137,-5.334358199999966],[-60.572633,-5.341684899999972],[-60.5711609,-5.352352299999981],[-60.5864019,-5.348026699999983],[-60.58823060000001,-5.354852399999982],[-60.5989007,-5.357483],[-60.5999817,-5.363791600000011],[-60.5985655,-5.371637499999986],[-60.5920428,-5.372866700000012],[-60.6001883,-5.381842199999979],[-60.5993438,-5.3898702],[-60.5921214,-5.396645900000038],[-60.6036942,-5.404318499999989],[-60.6031313,-5.409668699999981],[-60.5986249,-5.4056695],[-60.5907283,-5.409378],[-60.58632080000001,-5.402418199999978],[-60.5861018,-5.418010699999971],[-60.591505,-5.424536600000023],[-60.5817295,-5.428663500000019],[-60.5782623,-5.4219292],[-60.5795282,-5.4351526],[-60.5707699,-5.4330392],[-60.5750448,-5.436855799999972],[-60.5716604,-5.441909700000028],[-60.5865441,-5.457784199999966],[-60.5923757,-5.453625900000016],[-60.6006177,-5.4578836],[-60.6016891,-5.469181499999985],[-60.6067504,-5.464725],[-60.6136414,-5.468364400000011],[-60.6097045,-5.4794865],[-60.6132737,-5.484774],[-60.6293928,-5.486610499999988],[-60.633595,-5.501025899999978],[-60.6230858,-5.505824300000011],[-60.6256161,-5.5110679],[-60.6218874,-5.509251199999974],[-60.621022,-5.5162189],[-60.6320474,-5.5097327],[-60.6355767,-5.512968400000029],[-60.6321706,-5.5211983],[-60.63657520000001,-5.516663200000034],[-60.6388053,-5.521914600000014],[-60.6438399,-5.518806900000023],[-60.6374243,-5.527322800000022],[-60.6453608,-5.530453899999975],[-60.64685,-5.540579499999973],[-60.64014010000001,-5.537858700000019],[-60.6370935,-5.5430812],[-60.63776690000001,-5.551107],[-60.6439675,-5.55059709999998],[-60.6384282,-5.5609128],[-60.6337301,-5.558477],[-60.6333797,-5.565006699999984],[-60.6281035,-5.5682251],[-60.6374779,-5.568182599999979],[-60.635441,-5.572546199999974],[-60.6403926,-5.5812591],[-60.6341757,-5.587203300000017],[-60.6455215,-5.584293],[-60.6455015,-5.610709500000013],[-60.6513451,-5.612637599999964],[-60.6411528,-5.612146300000026],[-60.6476652,-5.622222499999977],[-60.641196,-5.622501900000037],[-60.6435594,-5.628323400000026],[-60.639331,-5.637356800000017],[-60.63529290000001,-5.636019],[-60.634494,-5.629551],[-60.6337261,-5.6353755],[-60.6274874,-5.63770160000001],[-60.6283,-5.6424329],[-60.6206251,-5.641928799999979],[-60.6256266,-5.658645],[-60.6326812,-5.658523599999983],[-60.6286882,-5.662524699999972],[-60.6418076,-5.667146500000032],[-60.6466122,-5.660571100000016],[-60.6481071,-5.663853799999986],[-60.6441355,-5.666046],[-60.6494376,-5.667776199999965],[-60.647754,-5.677198499999986],[-60.6536435,-5.678750799999984],[-60.6478767,-5.6834439],[-60.6529981,-5.685905],[-60.6470882,-5.6943539],[-60.6486938,-5.6991992],[-60.637883,-5.705345200000018],[-60.6410926,-5.711652399999985],[-60.6261547,-5.7165816],[-60.6280043,-5.7112579],[-60.6221904,-5.7139658],[-60.623488,-5.7185741],[-60.6161157,-5.712822299999978],[-60.6119161,-5.7172354],[-60.61158420000001,-5.711523700000011],[-60.5972021,-5.707624],[-60.5961302,-5.7028911],[-60.5895535,-5.711347799999967],[-60.5871102,-5.709783],[-60.5853218,-5.7205367],[-60.5782187,-5.723009900000021],[-60.5727171,-5.7170856],[-60.5682532,-5.72327519999998],[-60.5641472,-5.721881199999986],[-60.5594461,-5.732162],[-60.5534033,-5.729490400000037],[-60.554235,-5.7459267],[-60.5655759,-5.745691900000025],[-60.5619077,-5.751074],[-60.5701112,-5.751058199999972],[-60.5685006,-5.760848299999989],[-60.5652632,-5.7656511],[-60.5617708,-5.760061700000027],[-60.5597426,-5.766416700000017],[-60.5435015,-5.766623499999965],[-60.5456479,-5.772015899999967],[-60.5397318,-5.769347500000037],[-60.5374475,-5.773581900000028],[-60.5323423,-5.7724638],[-60.5324794,-5.780185799999982],[-60.53619960000001,-5.782063199999963],[-60.5337089,-5.785435199999983],[-60.5482088,-5.811262500000021],[-60.5363372,-5.825518800000015],[-60.5594026,-5.8363647],[-60.5651178,-5.833674099999965],[-60.5699208,-5.842187199999986],[-60.5679456,-5.848981100000019],[-60.576538,-5.858209299999977],[-60.5733351,-5.86065280000003],[-60.5802637,-5.8593381],[-60.5838112,-5.867136099999967],[-60.5756224,-5.875118499999984],[-60.5660672,-5.876675799999989],[-60.5652006,-5.884807399999979],[-60.5592294,-5.8852066],[-60.5616232,-5.8959288],[-60.5493198,-5.896578799999969],[-60.5470512,-5.9042108],[-60.5419495,-5.905809100000011],[-60.5429083,-5.9242344],[-60.5476363,-5.929840399999987],[-60.5521749,-5.927500299999988],[-60.5490242,-5.938096899999977],[-60.5541565,-5.939767],[-60.5541108,-5.9445333],[-60.5598041,-5.9459077],[-60.5624905,-5.941905900000024],[-60.5673478,-5.9492193],[-60.5788306,-5.950543],[-60.5766676,-5.9565028],[-60.5809559,-5.9569933],[-60.5870227,-5.972513],[-60.5908487,-5.972781599999986],[-60.5862585,-5.977686300000016],[-60.5883092,-5.9865478],[-60.5935234,-5.9862758],[-60.5993106,-5.992870499999975],[-60.5967852,-6.0040202],[-60.6219558,-6.01655830000003],[-60.6202208,-6.023350199999971],[-60.6281129,-6.032272700000012],[-60.6276613,-6.038080099999987],[-60.6223079,-6.041323899999981],[-60.6274489,-6.0433978],[-60.6268707,-6.0495158],[-60.6333459,-6.051925299999978],[-60.6326559,-6.058135399999976],[-60.6156814,-6.0747956],[-60.5918769,-6.0703407],[-60.58461839999999,-6.073780499999986],[-60.5868239,-6.112908199999989],[-60.5714841,-6.114568199999987],[-60.5688495,-6.1222308],[-60.5381254,-6.1306174],[-60.5349027,-6.137503100000021],[-60.5380149,-6.1533151],[-60.5343465,-6.160164200000026],[-60.5479021,-6.168336300000019],[-60.5559319,-6.1986976],[-60.5568703,-6.206674500000032],[-60.5486265,-6.220147200000016],[-60.5528145,-6.250267799999978],[-60.5305868,-6.2621048],[-60.5202591,-6.282552],[-60.5135099,-6.287048399999978],[-60.5160125,-6.2956525],[-60.5473782,-6.31969469999997],[-60.5436508,-6.9355244],[-60.97872430000001,-6.937887599999979],[-61.0702855,-6.9349361],[-61.0767734,-6.9365959],[-61.084455,-6.946495399999983],[-61.0910196,-6.941870899999982],[-61.0928982,-6.9465155],[-61.0841112,-6.954883199999983],[-61.0962385,-6.9704639],[-61.0949154,-6.9793717],[-61.0886979,-6.9819522],[-61.0935553,-6.9879756],[-61.1155092,-6.9987093],[-61.1238229,-6.9987786],[-61.12845930000001,-6.994228],[-61.1476411,-7.023497499999971],[-61.157692,-7.024624],[-61.1644608,-7.016982],[-61.1687994,-7.0211271],[-61.173394,-7.012816],[-61.1716254,-7.007242],[-61.1802181,-7.01822540000002],[-61.1828462,-7.0338249],[-61.1791298,-7.049695100000022],[-61.1651271,-7.0558439],[-61.1583085,-7.05341530000001],[-61.1655788,-7.06213920000002],[-61.1600365,-7.063322400000014],[-61.1554161,-7.071167499999984],[-61.1584472,-7.077934],[-61.153681,-7.0843608],[-61.1608096,-7.091436700000018],[-61.1555072,-7.097660099999981],[-61.1558406,-7.1078164],[-61.164393,-7.1031668],[-61.2042575,-7.119205],[-61.203201,-7.132204199999976],[-61.2132137,-7.129629299999974],[-61.2117959,-7.1226253],[-61.2214968,-7.124907],[-61.2250289,-7.116184900000015],[-61.2317233,-7.117417],[-61.2331826,-7.12204170000003],[-61.22523,-7.1329279],[-61.23437590000001,-7.134507599999986],[-61.2436214,-7.1448329],[-61.2446737,-7.1563698],[-61.2351008,-7.1732693],[-61.2273074,-7.176493599999982],[-61.2304305,-7.166418699999987],[-61.22178730000001,-7.173429199999987],[-61.21592050000001,-7.17258],[-61.2196168,-7.181740200000015],[-61.2143019,-7.181273300000013],[-61.2137027,-7.1866706],[-61.2050226,-7.1905254],[-61.2013769,-7.197735200000013],[-61.2026988,-7.216616300000013],[-61.2145626,-7.219138299999986],[-61.2165828,-7.2271722],[-61.2112469,-7.2303094],[-61.2033707,-7.22640440000002],[-61.2081254,-7.234232899999984],[-61.2062809,-7.243141200000013],[-61.1929959,-7.2440893],[-61.1877328,-7.2499458],[-61.1890536,-7.255779900000022],[-61.2175888,-7.2542666],[-61.2204798,-7.263021],[-61.2312269,-7.267787399999981],[-61.2350296,-7.265713],[-61.241856,-7.2712969],[-61.2457799,-7.288733],[-61.2418767,-7.2992707],[-61.2363898,-7.2983947],[-61.2300583,-7.306331900000015],[-61.2409912,-7.305625399999977],[-61.245332,-7.3009712],[-61.2595658,-7.306207],[-61.2769036,-7.2999521],[-61.28016680000001,-7.3049571],[-61.2748876,-7.312077699999977],[-61.2779959,-7.3120534],[-61.2771299,-7.3173195],[-61.2914487,-7.3191253],[-61.2935508,-7.33146229999998],[-61.3184186,-7.3436044],[-61.314643,-7.351824700000016],[-61.3283446,-7.35332],[-61.3291938,-7.3607689],[-61.3250579,-7.357408500000023],[-61.3202406,-7.370647699999978],[-61.3390465,-7.3843747],[-61.328517,-7.419676800000023],[-61.3187185,-7.425266200000016],[-61.3158124,-7.450488399999982],[-61.3127443,-7.4506981],[-61.3151061,-7.457444299999973],[-61.3119175,-7.460875199999973],[-61.3152295,-7.463069699999988],[-61.3133254,-7.4765074],[-61.3094666,-7.477073500000011],[-61.3116812,-7.481322299999983],[-61.308888,-7.484888299999979],[-61.3064028,-7.481632200000015],[-61.30641580000001,-7.486621499999976],[-61.3007649,-7.4896561],[-61.3018067,-7.497812199999981],[-61.30882410000001,-7.496990899999981],[-61.31062020000001,-7.5029467],[-61.29873,-7.5078304],[-61.307419,-7.5200557],[-61.2960805,-7.5286072],[-61.3113973,-7.5374419],[-61.2960355,-7.538062],[-61.2950475,-7.5474857],[-61.3022933,-7.554349],[-61.301162,-7.566350200000015],[-61.2971296,-7.5640613],[-61.2985772,-7.5715038],[-61.2852251,-7.591181200000011],[-61.2908474,-7.599850200000011],[-61.2799774,-7.60125209999998],[-61.2968421,-7.603393100000019],[-61.2940555,-7.6099487],[-61.3039145,-7.616901799999976],[-61.2954805,-7.621900300000014],[-61.3030147,-7.634136800000024],[-61.2978518,-7.6372053],[-61.2978793,-7.648388299999985],[-61.2966226,-7.645252499999978],[-61.2885758,-7.6518338],[-61.2879509,-7.661517399999976],[-61.2826978,-7.668019],[-61.2837424,-7.679154200000026],[-61.293648,-7.691663899999974],[-61.2946762,-7.700105],[-61.2910654,-7.7040375],[-61.2975867,-7.7100767],[-61.2974479,-7.716382599999972],[-61.3064775,-7.7213691],[-61.3016506,-7.732093800000023],[-61.3080236,-7.7358294],[-61.3055263,-7.74641160000001],[-61.3141143,-7.748457600000018],[-61.3157614,-7.752703799999976],[-61.3228125,-7.751978699999984],[-61.3283791,-7.75960960000001],[-61.3267155,-7.779718199999989],[-61.3397473,-7.8542152],[-61.3381586,-7.878242099999988],[-61.3459632,-7.8774346],[-61.3533263,-7.8917131],[-61.3544661,-7.906836200000021],[-61.3332161,-7.912033099999987],[-61.3223246,-7.9248647],[-61.3170673,-7.93997040000002],[-61.2899933,-7.959448399999987],[-61.2747109,-7.9642094],[-61.2727419,-7.972363400000013],[-61.2289658,-7.992083899999979],[-61.2126333,-8.0067626],[-61.2011038,-7.998059],[-61.1787366,-7.9912125],[-61.1633229,-7.9885523],[-61.1483267,-7.9927405],[-61.1423502,-8.0083608],[-61.14632860000001,-8.061827499999989],[-61.1404637,-8.069819400000021],[-61.126158,-8.076724200000013],[-61.1244946,-8.0847962],[-61.1366036,-8.1098492],[-61.1363296,-8.1463295],[-61.1340209,-8.1541876],[-61.1147389,-8.1708855],[-61.0972462,-8.1773583],[-61.0836292,-8.189938599999984],[-61.0826048,-8.218113],[-61.0926044,-8.242748099999982],[-61.1093575,-8.260638400000017],[-61.145997,-8.264155100000014],[-61.1607405,-8.2721866],[-61.1723853,-8.257683],[-61.1870758,-8.252252800000019],[-61.2231322,-8.2576932],[-61.25160540000001,-8.272158500000016],[-61.2610527,-8.2700495],[-61.2745456,-8.257800699999985],[-61.2772945,-8.2252447],[-61.2882183,-8.210406399999973],[-61.288713,-8.167465],[-61.3028525,-8.158168],[-61.3025786,-8.150564099999988],[-61.3297984,-8.1293084],[-61.3364073,-8.1150072],[-61.354962,-8.0949394],[-61.355102,-8.079263700000025],[-61.3606633,-8.073718599999987],[-61.3770516,-8.071274],[-61.3938848,-8.051848500000016],[-61.4103276,-8.056953],[-61.4159915,-8.05066360000001],[-61.4183214,-8.033722900000011],[-61.4091565,-8.018118600000014],[-61.41579680000001,-8.004661],[-61.4253579,-8.0041399],[-61.4361653,-8.018028899999981],[-61.4464388,-8.0202862],[-61.46397,-8.052472799999986],[-61.4803005,-8.056841299999975],[-61.5005249,-8.055381899999976],[-61.5043025,-8.048632600000014],[-61.512527,-8.050805100000021],[-61.5097703,-8.075399],[-61.4841316,-8.0833368],[-61.4820455,-8.092784800000022],[-61.4921281,-8.1177562],[-61.4834906,-8.121222],[-61.4878703,-8.1301324],[-61.48480450000001,-8.14597920000002],[-61.497329,-8.1590678],[-61.5006629,-8.1693831],[-61.4935804,-8.1758992],[-61.4849133,-8.176424300000013],[-61.4799664,-8.169187300000022],[-61.4639395,-8.1785047],[-61.4585473,-8.205123299999975],[-61.4497736,-8.20484480000002],[-61.4484388,-8.213489],[-61.4535756,-8.228957],[-61.4492959,-8.2456816],[-61.454155,-8.2631436],[-61.45143490000001,-8.2983715],[-61.473045,-8.34894129999998],[-61.4548263,-8.388600900000016],[-61.4776606,-8.4128544],[-61.4916062,-8.4196866],[-61.5006646,-8.4362751],[-61.4726333,-8.456734099999979],[-61.463274,-8.4692438],[-61.46677050000001,-8.5056826],[-61.4609913,-8.531282],[-61.4533859,-8.5376334],[-61.4635169,-8.550345699999982],[-61.4989126,-8.5506637],[-61.5141612,-8.5596976],[-61.5214916,-8.5738772],[-61.5147183,-8.5884017],[-61.517685,-8.605554699999988],[-61.514856,-8.624209],[-61.5077703,-8.6389028],[-61.4953554,-8.6507115],[-61.4960491,-8.670992399999982],[-61.5233289,-8.6898237],[-61.5388538,-8.6931144],[-61.5748331,-8.6759077],[-61.5912194,-8.6597949],[-61.6120545,-8.648743],[-61.6364115,-8.650602],[-61.6519124,-8.6468885],[-61.6831635,-8.651377800000013],[-61.688636,-8.657696099999988],[-61.6877234,-8.6659174],[-61.7132742,-8.6878527],[-61.741854,-8.695192900000013],[-61.7444419,-8.702552200000026],[-61.7401295,-8.7098652],[-61.7443868,-8.7174095],[-61.7488815,-8.72377010000003],[-61.7636111,-8.728796599999987],[-61.7621133,-8.7371524],[-61.7746056,-8.748228900000012],[-61.790022,-8.7451627],[-61.8062463,-8.747781799999975],[-61.828108,-8.732625499999989],[-61.8365008,-8.7327226],[-61.8441083,-8.7473811],[-61.8433013,-8.7794091],[-61.8556879,-8.7890294],[-61.8610249,-8.803615500000015],[-61.8568625,-8.818236],[-61.863745,-8.831463500000016],[-61.8597486,-8.8529733],[-61.8793009,-8.862440299999989],[-61.9171234,-8.86280640000001],[-61.930711,-8.8466569],[-61.9451087,-8.8167695],[-61.9704018,-8.7993304],[-61.984593,-8.777309700000014],[-61.9866837,-8.7549812],[-61.9957488,-8.7472251],[-61.9968845,-8.721463699999983],[-62.0010844,-8.7172055],[-61.9950648,-8.710241200000018],[-61.9991337,-8.7094271],[-61.9981175,-8.686733799999988],[-61.9915549,-8.6875227],[-61.9909523,-8.678922599999984],[-61.976699,-8.666974499999986],[-61.9815643,-8.661191400000025],[-61.9764285,-8.6591344],[-61.9725098,-8.6463408],[-61.9616877,-8.64164209999998],[-61.9714449,-8.621639499999986],[-61.979168,-8.6202174],[-61.9747285,-8.614688199999973],[-61.9835254,-8.602033500000015],[-61.9848182,-8.58890870000001],[-61.9813873,-8.584993399999982],[-61.9903685,-8.576349199999978],[-61.9873251,-8.5675891],[-61.9910395,-8.5553243],[-61.9768019,-8.5425579],[-61.9803744,-8.522314300000012],[-61.9717447,-8.4976003],[-61.981543,-8.4874984],[-61.9768261,-8.481649799999982],[-61.9717567,-8.4819529],[-61.96961120000001,-8.4718242],[-61.9811344,-8.4542577],[-61.9705068,-8.449236200000023],[-61.97138,-8.4386683],[-61.9626118,-8.431897],[-61.9639793,-8.426406099999978],[-61.9536879,-8.420705],[-61.94627890000001,-8.40589],[-61.949962,-8.398783900000023],[-61.9376335,-8.389688900000012],[-61.9386177,-8.3859439],[-61.9319335,-8.385080300000018],[-61.9251391,-8.3712274],[-61.9209264,-8.3713864],[-61.9205542,-8.360344500000023],[-61.9087269,-8.346997499999986],[-61.91129870000001,-8.336221],[-61.9062704,-8.3283811],[-61.9133737,-8.3148461],[-61.9176011,-8.318758200000014],[-61.9200727,-8.3160646],[-61.9220908,-8.304129100000017],[-61.9168863,-8.3017284],[-61.9218776,-8.301190399999971],[-61.918465,-8.298950699999972],[-61.9227902,-8.297084399999976],[-61.9196367,-8.29454320000002],[-61.9228081,-8.29155960000002],[-61.919198,-8.2889611],[-61.9235021,-8.2879971],[-61.9201293,-8.281110100000019],[-61.9228548,-8.273424599999975],[-61.9270989,-8.273006199999983],[-61.9246459,-8.2693934],[-61.9338885,-8.260455300000018],[-61.9264554,-8.255407399999982],[-61.9297192,-8.2507553],[-61.9222383,-8.2432802],[-61.9172143,-8.244383499999985],[-61.921113,-8.236309399999987],[-61.9138337,-8.230763299999984],[-61.920892,-8.231234100000016],[-61.9160937,-8.2258568],[-61.9206972,-8.226634300000025],[-61.918164,-8.22388],[-61.9224465,-8.2190468],[-61.9193405,-8.217174],[-61.9234613,-8.21490939999999],[-61.9178509,-8.212015],[-61.9191571,-8.201505899999976],[-61.9143978,-8.1947222],[-61.9176157,-8.190293],[-61.91444,-8.1877885],[-61.9184908,-8.187029800000017],[-61.9166893,-8.1769291],[-61.9232097,-8.1767378],[-61.9305684,-8.1686152],[-61.9324865,-8.151411900000012],[-61.9407476,-8.1477472],[-61.93655840000001,-8.144787],[-61.9413493,-8.1396908],[-61.9375569,-8.137041399999987],[-61.9377014,-8.1279684],[-61.9518598,-8.11674350000002],[-61.940817,-8.1180326],[-61.9437012,-8.10921159999998],[-61.9534702,-8.113201],[-61.9625424,-8.10966850000002],[-61.9596887,-8.103183400000015],[-61.9698694,-8.090430400000022],[-61.9582206,-8.09593649999998],[-61.956168,-8.0900673],[-61.9629928,-8.0882872],[-61.9630833,-8.0758671],[-61.9767787,-8.0763097],[-61.9744565,-8.0721564],[-61.9776929,-8.069799],[-61.9725957,-8.064842199999983],[-61.9791745,-8.054284100000018],[-61.972257,-8.049847299999987],[-61.9843718,-8.0421843],[-61.9851397,-8.048369499999989],[-61.9982537,-8.0475084],[-62.0024368,-8.0578521],[-62.0033836,-8.0505393],[-61.9972033,-8.04144719999998],[-62.01407660000001,-8.037525200000012],[-62.0099018,-8.026886900000019],[-62.0120911,-8.018546],[-62.0164439,-8.0257416],[-62.02684880000001,-8.0261574],[-62.030649,-8.016099899999986],[-62.0395657,-8.018725500000018],[-62.0375993,-8.01065970000002],[-62.0518271,-8.0168624],[-62.0590979,-8.002754],[-62.05701160000001,-7.995251700000011],[-62.0542558,-7.9964419],[-62.0560036,-7.989396],[-62.06183750000001,-7.9868999],[-62.0584479,-7.9841469],[-62.063755,-7.9771799],[-62.0614259,-7.9739205],[-62.0504802,-7.975121300000017],[-62.0538506,-7.96176280000001],[-62.0465709,-7.9560734],[-62.0387676,-7.93098170000001],[-62.0306801,-7.926615699999984],[-62.0350496,-7.915758200000018],[-62.0331141,-7.910005899999973],[-62.0169188,-7.907184799999972],[-62.0251372,-7.898347400000012],[-62.0164638,-7.9004169],[-61.9974117,-7.880623700000012],[-61.9747724,-7.881719800000014],[-61.9762177,-7.875046199999988],[-61.9666502,-7.856561],[-61.95634110000001,-7.8558042],[-61.9740186,-7.850079600000013],[-61.971482,-7.844993499999987],[-61.9612554,-7.842876299999983],[-61.9600419,-7.8340639],[-61.9509282,-7.8406517],[-61.9292604,-7.838512400000015],[-61.9307106,-7.827002600000011],[-61.9120601,-7.832851300000018],[-61.9140186,-7.8251302],[-61.9195134,-7.824076199999985],[-61.9214,-7.811437300000018],[-61.916123,-7.8082525],[-61.909808,-7.812373299999983],[-61.9028915,-7.8054315],[-61.908767,-7.7916216],[-61.8959146,-7.784143600000019],[-61.8883632,-7.788867600000029],[-61.8943234,-7.7636016],[-61.8867255,-7.761810399999973],[-61.8762592,-7.770984299999983],[-61.8748332,-7.759380599999982],[-61.8687406,-7.75467],[-61.8616324,-7.755451599999989],[-61.8547686,-7.764028199999989],[-61.85019230000001,-7.757302],[-61.85243950000001,-7.750457200000014],[-61.8444361,-7.742586199999985],[-61.8493229,-7.74007749999998],[-61.8445773,-7.736768100000019],[-61.8488933,-7.7334176],[-61.8462594,-7.7247753],[-61.8378769,-7.730245299999974],[-61.82769840000001,-7.727688899999978],[-61.828859,-7.720767800000026],[-61.8373412,-7.719844399999984],[-61.83842640000001,-7.704605400000018],[-61.8204311,-7.71602090000002],[-61.8137261,-7.716079900000017],[-61.8218861,-7.701661600000032],[-61.8119681,-7.689709],[-61.8198861,-7.6796661],[-61.813602,-7.667934],[-61.8261987,-7.6664924],[-61.8186369,-7.650767800000011],[-61.84945530000001,-7.63861589999998],[-61.84145,-7.626408099999975],[-61.8520188,-7.612674600000014],[-61.8566509,-7.579848],[-61.8634943,-7.5671448],[-61.8795083,-7.5600778],[-61.8793001,-7.543251900000017],[-61.8655533,-7.518255099999981],[-61.8536232,-7.5057601],[-61.8516821,-7.493794100000011],[-61.8417792,-7.4837461],[-61.8369306,-7.461925799999972],[-61.8266292,-7.451814399999987],[-61.8235046,-7.426809700000028],[-61.8560445,-7.3928588],[-61.8554353,-7.381692899999988],[-61.8429134,-7.3691748],[-61.8428374,-7.357514500000019],[-61.8360334,-7.3511494],[-61.8428849,-7.3420636],[-61.8447281,-7.3233609],[-61.8878495,-7.315205200000023],[-61.8929858,-7.297674],[-61.9017139,-7.2884074],[-61.91617260000001,-7.2864839],[-61.9155479,-7.298092799999979],[-61.93373170000001,-7.287999299999989],[-61.9443537,-7.289346100000015],[-61.9494968,-7.298215700000025],[-61.9567988,-7.300125],[-61.9729671,-7.277948200000011],[-61.9831554,-7.2765974],[-61.9839555,-7.238868300000013],[-61.98787260000001,-7.236539699999981],[-61.9912144,-7.242739800000013],[-62.0029207,-7.239725399999985],[-62.0457901,-7.213115900000012],[-62.0347702,-7.205241300000019],[-62.0218067,-7.215424600000019],[-62.0110442,-7.218225099999984],[-62.0046335,-7.21405170000002],[-62.0033726,-7.199239499999973],[-61.9766779,-7.199667],[-61.9792426,-7.1853785],[-61.9957874,-7.1703985],[-61.9930637,-7.167464800000014],[-61.9683114,-7.174572500000012],[-61.95867290000001,-7.173077300000011],[-61.9560923,-7.162537299999975],[-61.9618228,-7.148596],[-61.9508213,-7.136330199999981],[-61.9364712,-7.1346717],[-61.9347689,-7.140810400000015],[-61.9421919,-7.152581199999973],[-61.9348971,-7.1602832],[-61.9289156,-7.1556891],[-61.9198459,-7.1371411],[-61.9208147,-7.121245],[-61.9280809,-7.1065148],[-61.9148596,-7.091495100000027],[-61.9168697,-7.0609058],[-61.9035203,-7.0715706],[-61.9048582,-7.060650399999986],[-61.9005588,-7.052019400000027],[-61.8780465,-7.0396531],[-61.86782370000001,-7.045145300000029],[-61.8693825,-7.066987800000015],[-61.8604892,-7.070648],[-61.8538827,-7.067781600000012],[-61.8460492,-7.045922699999989],[-61.8566826,-7.031283],[-61.8560745,-7.022342700000021],[-61.8501133,-7.0206718],[-61.8407927,-7.031738100000014],[-61.8126425,-7.0163816],[-61.8162791,-7.0080322],[-61.8300722,-7.003786300000022],[-61.8464271,-7.012996600000014],[-61.8443645,-7.006895400000023],[-61.8533031,-6.981836700000024],[-61.8502885,-6.966133499999986],[-61.8420255,-6.9604744],[-61.8258486,-6.9668109],[-61.8160247,-6.9479183],[-61.8126805,-6.948526299999983],[-61.8125252,-6.959348199999983],[-61.8075409,-6.960415599999987],[-61.8007957,-6.945238300000012],[-61.7916694,-6.9471441],[-61.7915355,-6.9389307],[-61.8094852,-6.940552199999977],[-61.8170275,-6.933170800000027],[-61.8142354,-6.928182899999987],[-61.8005861,-6.9257448],[-61.7963018,-6.918357399999982],[-61.7780776,-6.91342560000003],[-61.7680968,-6.91947480000001],[-61.7586726,-6.9159835],[-61.7776472,-6.893523100000018],[-61.7755868,-6.8755827],[-61.7709852,-6.875017],[-61.7668271,-6.8856747],[-61.7598317,-6.865911100000025],[-61.754358,-6.866954],[-61.7508316,-6.874098600000023],[-61.734181,-6.8753445],[-61.7221839,-6.866574599999983],[-61.7141547,-6.8484949],[-61.718923,-6.834642400000024],[-61.7355409,-6.816830800000017],[-61.7029188,-6.82119580000002],[-61.7121804,-6.8006934],[-61.6951444,-6.7860615],[-61.6835107,-6.791531599999987],[-61.6801581,-6.8016275],[-61.6760646,-6.802262099999968],[-61.6745039,-6.771575699999976],[-61.6851347,-6.7536276],[-61.6813938,-6.7444842],[-61.6873891,-6.7404821],[-61.665354,-6.735074100000023],[-61.6580774,-6.7266545],[-61.645016,-6.7278737],[-61.6367302,-6.719809],[-61.651889,-6.7040584],[-61.676661,-6.7018095],[-61.6918179,-6.6749026],[-61.6910946,-6.665627800000023],[-61.6813236,-6.65096970000001],[-61.6875199,-6.620164],[-61.6734082,-6.612177900000023],[-61.6615671,-6.586420599999973],[-61.6792348,-6.5622146],[-61.6858359,-6.541046100000014],[-61.7013016,-6.5347593],[-61.7111479,-6.524402799999978],[-61.7072338,-6.5182704],[-61.7006089,-6.5199656],[-61.6888151,-6.514397300000022],[-61.6892604,-6.5026235],[-61.7069818,-6.494683400000021],[-61.72082910000001,-6.5124693],[-61.7272297,-6.513143300000019],[-61.7290817,-6.494942299999988],[-61.7177994,-6.4867274],[-61.7169749,-6.481297800000018],[-61.7354578,-6.4799542],[-61.7509636,-6.47013659999998],[-61.7492327,-6.45455720000002],[-61.7304294,-6.4572303],[-61.6992625,-6.417153699999989],[-61.6981026,-6.4097921],[-61.728969,-6.4055064],[-61.7655976,-6.429894900000016],[-61.7916915,-6.4229685],[-61.80504289999999,-6.3694104],[-61.7983464,-6.362466399999988],[-61.7691715,-6.360301900000031],[-61.76767730000001,-6.3557139],[-61.7794266,-6.345117500000018],[-61.8052479,-6.3408222],[-61.8159662,-6.328074600000028],[-61.8192891,-6.311949],[-61.84294640000001,-6.289757299999978],[-61.8371412,-6.2688368],[-61.8145389,-6.257702100000029],[-61.8064334,-6.256693400000016],[-61.7918535,-6.263819100000014],[-61.7413615,-6.25422010000001],[-61.7386436,-6.249746800000021],[-61.7447388,-6.242979700000034],[-61.7432287,-6.227537799999987],[-61.772155,-6.19606080000001],[-61.7754012,-6.1738232],[-61.7925299,-6.159532600000029],[-61.78404,-6.143491699999983],[-61.7879339,-6.141947699999984],[-61.8069606,-6.1441909],[-61.8221815,-6.154473199999981],[-61.827547,-6.1781163],[-61.8258528,-6.215068],[-61.8306042,-6.233617099999985],[-61.8400996,-6.2486586],[-61.8546013,-6.2585958],[-61.9055459,-6.253225699999985],[-61.9379839,-6.263842899999981],[-61.9652877,-6.260544700000011],[-62.0763633,-6.229095300000014],[-62.1222154,-6.193864199999968],[-62.1587367,-6.191286899999978],[-62.1853473,-6.200052799999989],[-62.2256825,-6.221570299999977],[-62.2652484,-6.251177100000032],[-62.267422,-6.2742553],[-62.2746925,-6.280568200000021],[-62.2721049,-6.308780400000031],[-62.2769853,-6.308655699999981],[-62.2768101,-6.316317],[-62.2825991,-6.3164513],[-62.285817,-6.333386699999976],[-62.2902088,-6.334691],[-62.2991871,-6.3261092],[-62.3135662,-6.3333248],[-62.3438509,-6.32324980000002],[-62.377661,-6.323147900000029],[-62.4010478,-6.34756580000002],[-62.4260634,-6.359525900000023],[-62.4438523,-6.355937399999975],[-62.4846545,-6.379948799999986],[-62.49448610000001,-6.4056422],[-62.5049188,-6.4146921],[-62.5394676,-6.411235299999988],[-62.5573124,-6.3819672],[-62.5716805,-6.380991199999969],[-62.5884253,-6.390350800000024],[-62.5820779,-6.411278900000028],[-62.595424,-6.4223966],[-62.6073628,-6.41724529999998],[-62.6021682,-6.431163500000016],[-62.6056787,-6.436002100000015],[-62.6116713,-6.4360772],[-62.6130639,-6.4407858],[-62.6171107,-6.43836469999997],[-62.6148859,-6.441848200000019],[-62.6216154,-6.4445088],[-62.6212037,-6.44792440000001],[-62.6417834,-6.4571528],[-62.66635560000001,-6.443560900000016],[-62.6713112,-6.443138399999986],[-62.6735035,-6.447648499999986],[-62.67733410000001,-6.444011700000016],[-62.6834335,-6.451260699999982],[-62.6906227,-6.445528699999975],[-62.6935707,-6.448838199999981],[-62.7033445,-6.44440020000001],[-62.7040821,-6.436767900000016],[-62.7147259,-6.443083100000017],[-62.7136837,-6.433774599999976],[-62.7191561,-6.424929],[-62.7165022,-6.421389299999969],[-62.7219729,-6.420734],[-62.7216449,-6.4175062],[-62.7303342,-6.423265100000021],[-62.7366141,-6.4165969],[-62.7473628,-6.4193453],[-62.7587077,-6.4165667],[-62.76637070000001,-6.418646699999971],[-62.7634101,-6.423779299999968],[-62.7689671,-6.417269599999975],[-62.774059,-6.4139565],[-62.7722023,-6.4161847],[-62.7776884,-6.415391799999973],[-62.7786754,-6.4215133],[-62.7890763,-6.420582799999969],[-62.7940745,-6.425950200000022],[-62.8041174,-6.4149009],[-62.80960420000001,-6.420037599999988],[-62.8256744,-6.423048],[-62.8299116,-6.43576],[-62.8404083,-6.432591499999979],[-62.8539776,-6.4381182],[-62.8635663,-6.4299446],[-62.8472023,-6.407330200000015],[-62.7918467,-6.355750799999983],[-62.7415454,-6.2751299],[-62.6449857,-6.188106099999975],[-62.5674638,-6.095050400000028],[-62.4926292,-5.972635700000025],[-62.4431799,-5.934990099999969],[-62.3320663,-5.817835300000022],[-62.1600769,-5.550728],[-62.1253804,-5.505265800000029],[-62.0811621,-5.41560379999997],[-62.0149366,-5.3256589],[-61.942076,-5.2945065],[-61.8689855,-5.222899800000021]]]}},{"type":"Feature","properties":{"CD_MUN":"1304062","NM_MUN":"Tabatinga","SIGLA_UF":"AM","CodigoIBGE":"1304062","SubRegiaoNumero":1,"CalhaSubRegiao":"Região do Alto Solimões"},"geometry":{"type":"Polygon","coordinates":[[[-69.92642950000001,-4.292902699999954],[-69.9388644,-4.285925499999983],[-69.95052519799981,-4.260941329998765],[-69.94825634665222,-4.225779552206612],[-69.9332226,-4.219717200000032],[-69.8375503,-3.686631700000048],[-69.8118886,-3.6950226],[-69.7963822,-3.710217],[-69.72547360000002,-3.717055200000041],[-69.7077375,-3.727635800000016],[-69.6947361,-3.726431899999974],[-69.6570911,-3.693140100000039],[-69.6382144,-3.6894819],[-69.6499363,-3.715767699999962],[-69.6529705,-3.743626500000037],[-69.6656936,-3.75453880000003],[-69.6804354,-3.784056100000051],[-69.6760532,-3.799278],[-69.6832127,-3.802306300000029],[-69.6845533,-3.8120044],[-69.6657127,-3.805508099999981],[-69.66082980000002,-3.795628],[-69.6450259,-3.7915967],[-69.6184444,-3.769929699999957],[-69.6006379,-3.7709991],[-69.5767409,-3.761135699999966],[-69.5596653,-3.759904100000028],[-69.5552505,-3.7512569],[-69.5331859,-3.739590199999963],[-69.5313566,-3.731952799999988],[-69.4956644,-3.740294300000023],[-69.4788598,-3.733058299999954],[-69.4658821,-3.732710299999987],[-69.4656466,-3.717410300000012],[-69.4573636,-3.72198550000003],[-69.4395727,-3.717031499999961],[-69.4143561,-3.758018400000021],[-69.4246594,-3.7945532],[-69.4188768,-3.804414],[-69.3975423,-3.8197974],[-69.3935143,-3.831055799999969],[-69.3963327,-3.915486100000035],[-69.4122494,-3.975291800000041],[-69.4231882,-3.9964912],[-69.5206581,-4.046853200000016],[-69.528321,-4.0535271],[-69.5372456,-4.088113],[-69.5327488,-4.110770800000012],[-69.5246262,-4.1257674],[-69.5169837,-4.1300587],[-69.4933669,-4.131393],[-69.4584033,-4.121343399999961],[-69.4386388,-4.133001799999962],[-69.4272256,-4.130843],[-69.4080716,-4.152993700000021],[-69.4007244,-4.155692300000018],[-69.4026158,-4.165259],[-69.4658068,-4.195019500000011],[-69.5062781,-4.261002899999976],[-69.5199387,-4.272885399999961],[-69.5297994,-4.2759157],[-69.5347456,-4.284671900000014],[-69.56497429999999,-4.307147299999966],[-69.6481479,-4.314165299999982],[-69.7095793,-4.35067959999997],[-69.7809752,-4.3722133],[-69.7905326,-4.371620600000021],[-69.8513119,-4.339618900000028],[-69.9128145,-4.29330369999997],[-69.92642950000001,-4.292902699999954]]]}},{"type":"Feature","properties":{"CD_MUN":"1300102","NM_MUN":"Anori","SIGLA_UF":"AM","CodigoIBGE":"1300102","SubRegiaoNumero":7,"CalhaSubRegiao":"Região do Rio Negro/Solimões"},"geometry":{"type":"Polygon","coordinates":[[[-61.4792396,-3.684902299999984],[-61.4343159,-3.758704499999961],[-61.4227819,-3.8011815],[-61.4012142,-3.836317200000026],[-61.3721264,-3.871032500000028],[-61.3721659,-3.883963200000041],[-61.3926819,-3.9022644],[-61.4149469,-3.907812599999972],[-61.4311261,-3.919076699999957],[-61.4840097,-3.9876342],[-61.5035471,-4.00299749999997],[-61.5678384,-4.0710089],[-61.5898933,-4.139031],[-61.6433247,-4.211756],[-61.6782662,-4.251590199999955],[-61.6967691,-4.2538669],[-61.7252575,-4.242671599999969],[-61.7422019,-4.241222099999961],[-61.7700566,-4.2515735],[-61.7953735,-4.273320100000038],[-61.8393526,-4.275254],[-61.8428914,-4.270733099999963],[-61.8533671,-4.2722745],[-61.8522217,-4.261386],[-61.858966,-4.2650473],[-61.8645512,-4.262156400000011],[-61.8679815,-4.247931],[-61.8798515,-4.249060799999979],[-61.8845263,-4.238294100000029],[-61.887788,-4.245906099999983],[-61.9010285,-4.248076599999984],[-61.90898510000001,-4.262166299999988],[-61.9327954,-4.257184700000033],[-61.9444555,-4.26304369999997],[-61.9469272,-4.272402100000028],[-61.9577149,-4.263415700000025],[-61.9629168,-4.269886399999969],[-61.9579166,-4.277454799999965],[-61.9658355,-4.283433599999968],[-62.0073773,-4.284377299999984],[-62.0390314,-4.309844400000017],[-62.05314880000001,-4.311369399999967],[-62.0570254,-4.319000100000023],[-62.0547797,-4.3306601],[-62.0593373,-4.332480800000031],[-62.0574131,-4.340428],[-62.0631774,-4.340330199999975],[-62.0643606,-4.345487599999979],[-62.0567719,-4.3563624],[-62.0621449,-4.358647099999966],[-62.0586129,-4.370613899999953],[-62.0682954,-4.388195900000036],[-62.0808443,-4.400124599999962],[-62.0871661,-4.39320890000001],[-62.1275656,-4.412750399999984],[-62.1433967,-4.43423520000001],[-62.17777310000001,-4.453003600000032],[-62.1884206,-4.475834],[-62.2126887,-4.4900846],[-62.22198620000001,-4.493096],[-62.2299591,-4.490597299999963],[-62.25870290000001,-4.4689613],[-62.2766831,-4.470777],[-62.2917987,-4.48236],[-62.302766,-4.49817710000001],[-62.3075734,-4.533958900000029],[-62.31454690000001,-4.5508566],[-62.3274368,-4.562917599999973],[-62.3765742,-4.5818417],[-62.396076,-4.587807099999963],[-62.4401554,-4.59240330000003],[-62.4940724,-4.6116093],[-62.5390738,-4.616148],[-62.59735520000001,-4.635120500000027],[-62.6291054,-4.640112199999964],[-62.6400789,-4.638270599999971],[-62.6575812,-4.625585899999966],[-62.6846624,-4.623155100000038],[-62.7687702,-4.655745700000041],[-62.7951205,-4.674324799999984],[-62.8304541,-4.678354099999984],[-62.8364274,-4.673870900000014],[-62.8747924,-4.668012100000011],[-62.884895,-4.657320499999989],[-62.9082281,-4.647983900000027],[-62.9312727,-4.649341800000022],[-62.9454385,-4.662094099999988],[-62.9481448,-4.686846799999987],[-62.9540765,-4.698692],[-62.9548463,-4.734890400000022],[-62.9632206,-4.7539814],[-62.99988050000001,-4.79187490000003],[-63.0001905,-4.764091500000029],[-62.9901756,-4.744063900000032],[-63.0108101,-4.732948600000018],[-63.0169503,-4.717370100000015],[-63.0311476,-4.70516859999997],[-62.9542499,-4.518544300000031],[-62.9238228,-4.519950599999971],[-62.895111,-4.515063799999978],[-62.8882692,-4.4883728],[-62.8664159,-4.4775352],[-62.8379547,-4.475664799999964],[-62.8294175,-4.4791702],[-62.8118475,-4.468512600000028],[-62.7972445,-4.4707333],[-62.78869490000001,-4.482291799999988],[-62.7898075,-4.4954199],[-62.8038289,-4.503198899999976],[-62.8071597,-4.511065099999964],[-62.7877635,-4.512915200000012],[-62.77515540000001,-4.501764],[-62.7646452,-4.481931599999974],[-62.7627729,-4.45830229999998],[-62.7518887,-4.462845299999959],[-62.73679820000001,-4.483884799999956],[-62.7270233,-4.478708699999989],[-62.7209557,-4.454514],[-62.6936017,-4.432114200000036],[-62.6938996,-4.414518500000025],[-62.6983021,-4.405633400000025],[-62.6918535,-4.392094300000033],[-62.6880164,-4.394499799999988],[-62.6761409,-4.388367],[-62.6575425,-4.3890938],[-62.651802,-4.3983559],[-62.6514501,-4.419605300000026],[-62.6383332,-4.4234924],[-62.6183589,-4.442108099999981],[-62.5929412,-4.4344315],[-62.5883372,-4.4244503],[-62.5929049,-4.412834699999976],[-62.5875926,-4.409015500000042],[-62.5525643,-4.417040200000026],[-62.5491212,-4.4097726],[-62.5311543,-4.401988100000043],[-62.5506279,-4.386097300000029],[-62.5527301,-4.373290799999964],[-62.5351292,-4.3545108],[-62.5327128,-4.358478699999955],[-62.5193431,-4.356857099999967],[-62.5096349,-4.327509500000031],[-62.4958827,-4.321679200000037],[-62.4946745,-4.31376549999997],[-62.4980359,-4.313980100000028],[-62.4949775,-4.3099652],[-62.4844947,-4.310264],[-62.4745464,-4.302166199999972],[-62.4705308,-4.279099900000041],[-62.4767366,-4.263594],[-62.4524726,-4.257113299999966],[-62.4472706,-4.239496300000042],[-62.4348943,-4.229065899999972],[-62.4055331,-4.2344367],[-62.3826092,-4.250633300000016],[-62.3476245,-4.2537131],[-62.3182527,-4.248333],[-62.2902464,-4.249020899999967],[-62.2728536,-4.2408104],[-62.27071620000001,-4.234005899999984],[-62.2626461,-4.232482],[-62.2654318,-4.219365200000025],[-62.2765683,-4.21759940000004],[-62.2952644,-4.187607299999968],[-62.2873596,-4.183369699999964],[-62.2959213,-4.169274100000017],[-62.2838468,-4.170217500000011],[-62.2835635,-4.1660208],[-62.3180119,-4.142571400000018],[-62.3310056,-4.141431300000015],[-62.3366137,-4.136864],[-62.340024,-4.1311735],[-62.3351212,-4.1210503],[-62.36563670000001,-4.1057719],[-62.3618227,-4.090392400000013],[-62.309633,-4.086608600000045],[-62.3028288,-4.084228],[-62.294169,-4.0730372],[-62.2643748,-4.0619118],[-62.2539192,-4.076648],[-62.2310925,-4.0880226],[-62.2282635,-4.096808700000026],[-62.1839326,-4.116682200000025],[-62.1770657,-4.11463890000004],[-62.1476688,-4.0864797],[-62.1201223,-4.093195],[-62.0772762,-4.081698],[-62.0345916,-4.079658400000043],[-61.98564480000001,-4.089322],[-61.9514771,-4.119594099999964],[-61.90837530000001,-4.12944409999997],[-61.8904423,-4.130689900000031],[-61.8748205,-4.1261598],[-61.8650122,-4.1187118],[-61.8636906,-4.107835],[-61.8527221,-4.1048588],[-61.8547455,-4.1357956],[-61.8604385,-4.1403926],[-61.8698134,-4.1353409],[-61.8739292,-4.1513687],[-61.8578178,-4.1530015],[-61.8393505,-4.1439764],[-61.8204914,-4.11796530000002],[-61.7938252,-4.099560899999965],[-61.8099347,-4.09224110000004],[-61.8572769,-4.0838534],[-61.8656463,-4.086131899999981],[-61.8671807,-4.095991],[-61.8743435,-4.1012446],[-61.9074168,-4.088989700000036],[-61.9169518,-4.0918723],[-61.9215741,-4.085258300000024],[-61.9128856,-4.08259],[-61.9125498,-4.077950800000015],[-61.930051,-4.076834700000014],[-61.9367436,-4.0626772],[-61.9295702,-4.0531243],[-61.9279739,-4.042034100000022],[-61.9364449,-4.036027199999968],[-61.9192325,-4.0227661],[-61.9110015,-4.0250808],[-61.9109029,-4.038496399999986],[-61.8911809,-4.046676],[-61.8717695,-4.0280239],[-61.87076660000001,-4.037136299999981],[-61.8658456,-4.035861400000019],[-61.8540263,-4.042700400000047],[-61.8429853,-4.038339400000012],[-61.8416966,-4.045420200000033],[-61.8341292,-4.049155200000024],[-61.8151772,-4.043277100000021],[-61.8158388,-4.039663099999969],[-61.8359592,-4.0381257],[-61.8474356,-3.992628199999977],[-61.8641992,-3.974282800000039],[-61.8892141,-3.962373499999977],[-61.9009743,-3.948621800000051],[-61.8980542,-3.94443690000003],[-61.8619497,-3.933622499999967],[-61.8447824,-3.918623500000026],[-61.8234396,-3.888304899999977],[-61.8234865,-3.661818900000023],[-61.8140132,-3.653154200000044],[-61.7909605,-3.636588],[-61.7731827,-3.6313728],[-61.762824,-3.632653199999957],[-61.7396611,-3.645828300000053],[-61.6931525,-3.646232899999963],[-61.6608485,-3.674887600000023],[-61.6351278,-3.6715552],[-61.6220695,-3.660219799999983],[-61.5947382,-3.657849800000049],[-61.5632721,-3.670881900000035],[-61.5553783,-3.683850500000021],[-61.4792396,-3.684902299999984]]]}},{"type":"Feature","properties":{"CD_MUN":"1300144","NM_MUN":"Apuí","SIGLA_UF":"AM","CodigoIBGE":"1300144","SubRegiaoNumero":5,"CalhaSubRegiao":"Região do Madeira"},"geometry":{"type":"Polygon","coordinates":[[[-59.0961828,-8.803270399999983],[-60.4201808,-8.7966226],[-60.41954830000001,-8.7781209],[-60.401916,-8.781683599999987],[-60.3969988,-8.7667439],[-60.4032819,-8.759989],[-60.411151,-8.7639123],[-60.4277118,-8.760720900000022],[-60.4348455,-8.7511269],[-60.4232218,-8.7351133],[-60.4317092,-8.713488],[-60.4261822,-8.709527700000013],[-60.4292974,-8.6988183],[-60.4191861,-8.704254900000011],[-60.41672160000001,-8.701417300000013],[-60.4197501,-8.691437],[-60.4294477,-8.6942962],[-60.4281955,-8.684832200000018],[-60.4338367,-8.676673499999985],[-60.4286928,-8.6623628],[-60.4235319,-8.665774099999984],[-60.4068905,-8.6640155],[-60.4079995,-8.653983399999987],[-60.4187655,-8.6451482],[-60.4248238,-8.657223],[-60.4340224,-8.641081400000013],[-60.4434493,-8.63903720000002],[-60.4441486,-8.6307076],[-60.456402,-8.6275],[-60.4690559,-8.612333799999988],[-60.472629,-8.596989200000017],[-60.4595607,-8.590722299999975],[-60.4536641,-8.58104519999999],[-60.4554051,-8.5757023],[-60.4695466,-8.5828824],[-60.4719458,-8.5890003],[-60.4871599,-8.5917426],[-60.4993258,-8.5854645],[-60.4985816,-8.5720737],[-60.5143987,-8.5680764],[-60.5251378,-8.5554898],[-60.5136119,-8.55298070000001],[-60.5003523,-8.539218],[-60.5102734,-8.5359203],[-60.5153896,-8.5223525],[-60.5231031,-8.5165607],[-60.5290302,-8.4928727],[-60.5092553,-8.490082700000016],[-60.5089138,-8.48506990000001],[-60.5157867,-8.479861],[-60.50990860000001,-8.4688132],[-60.4893965,-8.4517936],[-60.492938,-8.4412671],[-60.483663,-8.4359111],[-60.4893645,-8.43361640000001],[-60.4948828,-8.4213914],[-60.4917065,-8.401114],[-60.4833222,-8.3917154],[-60.4767776,-8.396073499999986],[-60.4662123,-8.386338],[-60.4569423,-8.392830199999985],[-60.4450709,-8.387183],[-60.4537333,-8.352880500000014],[-60.46858370000001,-8.334164099999985],[-60.4576722,-8.32651310000001],[-60.4517032,-8.3156402],[-60.4538198,-8.302574800000013],[-60.4625196,-8.2976782],[-60.4592133,-8.3122171],[-60.4616361,-8.3165579],[-60.4681559,-8.3167174],[-60.4622628,-8.3068324],[-60.4668537,-8.306082],[-60.4718235,-8.2972152],[-60.4871316,-8.2925319],[-60.4890619,-8.284839899999978],[-60.47613230000001,-8.272147399999989],[-60.4661807,-8.2771964],[-60.4578751,-8.26691930000001],[-60.46733170000001,-8.262923200000012],[-60.4867649,-8.234601199999986],[-60.4829277,-8.2319461],[-60.46742359999999,-8.245933099999984],[-60.4603117,-8.24073309999999],[-60.4641209,-8.204994500000021],[-60.4718163,-8.201273600000016],[-60.4752089,-8.21425250000001],[-60.4817765,-8.2010972],[-60.4721859,-8.1872581],[-60.4633702,-8.18931510000001],[-60.4508396,-8.1737652],[-60.4467093,-8.1578594],[-60.449474,-8.135378299999978],[-60.4420424,-8.13247],[-60.4361477,-8.1147895],[-60.4285682,-8.107600199999979],[-60.4404804,-8.10234160000002],[-60.4426761,-8.0877325],[-60.4488682,-8.080637],[-60.4481839,-8.0553446],[-60.4654718,-8.050498],[-60.4781499,-8.040076399999982],[-60.4764402,-8.03018760000001],[-60.4593864,-8.028906299999983],[-60.4520419,-8.02238250000001],[-60.4721262,-8.0143257],[-60.481693,-8.00107559999999],[-60.4791503,-7.989088599999981],[-60.4921688,-7.980478299999986],[-60.4928851,-7.9656974],[-60.5159663,-7.9547234],[-60.5156696,-7.9473106],[-60.5097799,-7.941561399999975],[-60.5124899,-7.928350699999982],[-60.5223629,-7.92904739999998],[-60.5289916,-7.9244359],[-60.5231868,-7.915024300000018],[-60.5147346,-7.910615],[-60.5160675,-7.90682170000002],[-60.5226022,-7.9074545],[-60.520816,-7.8961778],[-60.525523,-7.890730100000013],[-60.5226065,-7.879435200000011],[-60.51246780000001,-7.8729004],[-60.5114326,-7.867449699999978],[-60.5317918,-7.849345400000013],[-60.53666960000001,-7.838517300000013],[-60.5488579,-7.8304124],[-60.5459137,-7.80921770000001],[-60.5395659,-7.7979731],[-60.5677416,-7.7864339],[-60.5739629,-7.7717693],[-60.5659449,-7.7711544],[-60.5627621,-7.756476800000022],[-60.5709006,-7.7410614],[-60.5893994,-7.724957300000012],[-60.5876674,-7.708753799999988],[-60.6177222,-7.702199],[-60.6351487,-7.708307],[-60.6639667,-7.690979399999987],[-60.6744479,-7.67646350000002],[-60.674296,-7.6671085],[-60.6649565,-7.659095500000014],[-60.6624756,-7.648073600000017],[-60.6717662,-7.623181200000028],[-60.6799833,-7.614715],[-60.6791582,-7.584280300000016],[-60.6685262,-7.56586740000001],[-60.6755789,-7.531022],[-60.646393,-7.4769182],[-60.644738,-7.441167899999988],[-60.6518758,-7.408537300000011],[-60.6374931,-7.3527102],[-60.6386726,-7.322114499999975],[-60.6327277,-7.2893283],[-60.6369433,-7.270468800000013],[-60.6477786,-7.251843600000012],[-60.6523067,-7.228970699999979],[-60.6453282,-7.221055699999988],[-60.64958140000001,-7.202348],[-60.6693686,-7.16620080000001],[-60.6827418,-7.160619099999977],[-60.6969446,-7.1463457],[-60.1285064,-6.912761500000022],[-59.8727486,-6.8120612],[-59.5003912,-6.627922],[-59.2942456,-6.520616099999973],[-59.0791778,-6.389020800000017],[-58.8552822,-6.381478199999977],[-58.8465815,-6.3935074],[-58.8481103,-6.401279399999977],[-58.8370577,-6.422722300000035],[-58.8335574,-6.447340300000019],[-58.8359419,-6.470871800000026],[-58.8668683,-6.543462200000021],[-58.8701177,-6.5829893],[-58.8746666,-6.589494],[-58.8645017,-6.628206200000013],[-58.8680058,-6.6753895],[-58.8588333,-6.705470200000015],[-58.8378331,-6.72873610000002],[-58.8327276,-6.7447649],[-58.7941095,-6.776749800000011],[-58.7850249,-6.8322646],[-58.769753,-6.85038610000002],[-58.7678042,-6.858298],[-58.7516048,-6.857107099999978],[-58.7439639,-6.886897499999979],[-58.7330241,-6.8986134],[-58.6982977,-6.921272800000028],[-58.6815511,-6.923348100000012],[-58.6755742,-6.928399],[-58.652323,-6.9619317],[-58.65082490000001,-6.97811810000002],[-58.6328177,-7.0079953],[-58.6244019,-7.0034638],[-58.6170658,-7.005708],[-58.6016006,-7.0373016],[-58.5831463,-7.0357784],[-58.582479,-7.045150699999979],[-58.5747308,-7.049832599999987],[-58.5674595,-7.032921299999969],[-58.559875,-7.032038499999976],[-58.5418207,-7.036142],[-58.5321721,-7.052058900000025],[-58.52314830000001,-7.0550218],[-58.5071182,-7.0485196],[-58.496669,-7.05206649999998],[-58.4940936,-7.0599164],[-58.4929231,-7.0680441],[-58.5063191,-7.1143349],[-58.5180659,-7.127896600000024],[-58.5253671,-7.1300881],[-58.5364026,-7.155629899999984],[-58.5378749,-7.1652522],[-58.5264589,-7.179158],[-58.5290022,-7.186463800000014],[-58.5639252,-7.1989291],[-58.546616,-7.2184443],[-58.5314211,-7.228440800000014],[-58.5297291,-7.23763559999998],[-58.5421775,-7.2598332],[-58.5563733,-7.2692666],[-58.56512080000001,-7.283519900000012],[-58.5740375,-7.287612699999981],[-58.5724564,-7.296003],[-58.5587845,-7.316930699999978],[-58.5465587,-7.327024],[-58.540368,-7.342527500000012],[-58.5003447,-7.350125099999985],[-58.1473717,-7.343241],[-58.13705559999999,-7.356122800000021],[-58.1466406,-7.370398299999983],[-58.173361,-7.3943672],[-58.21306,-7.458534700000016],[-58.2131404,-7.493329],[-58.2227233,-7.524037800000026],[-58.2188625,-7.550030699999979],[-58.2025237,-7.596743299999977],[-58.2021706,-7.620854299999988],[-58.2397897,-7.65360670000001],[-58.2517941,-7.6767995],[-58.2805457,-7.70645719999998],[-58.2845013,-7.74835060000001],[-58.2940558,-7.7715405],[-58.3340604,-7.804401099999978],[-58.3716898,-7.82121059999998],[-58.3847417,-7.843989100000019],[-58.38399290000001,-7.8521297],[-58.3746655,-7.864760399999981],[-58.3732449,-7.90719990000001],[-58.3550493,-7.9439894],[-58.3315026,-7.9687628],[-58.324507,-7.992679499999977],[-58.3217286,-8.0249817],[-58.2883921,-8.0795723],[-58.2863641,-8.088477499999984],[-58.2918921,-8.1127298],[-58.2871694,-8.1285447],[-58.2901673,-8.1356],[-58.3174323,-8.154547400000014],[-58.3224642,-8.170039399999984],[-58.31294530000001,-8.209104900000018],[-58.32216970000001,-8.23206570000001],[-58.3205879,-8.271868799999986],[-58.3280835,-8.2858292],[-58.3158367,-8.306437599999985],[-58.3148931,-8.323060100000014],[-58.3255682,-8.3346503],[-58.3502775,-8.345667699999979],[-58.3545775,-8.3927541],[-58.3736344,-8.4233041],[-58.3943526,-8.444571699999976],[-58.3969912,-8.460424900000012],[-58.404614,-8.463711400000017],[-58.4178072,-8.489519599999989],[-58.4199572,-8.502181499999976],[-58.4151685,-8.5234446],[-58.4076435,-8.5283737],[-58.4051026,-8.537555],[-58.4104689,-8.5703919],[-58.3984697,-8.580130500000012],[-58.3895183,-8.594792499999986],[-58.4011106,-8.6158872],[-58.4035242,-8.6311977],[-58.4142747,-8.643905100000012],[-58.4373006,-8.7033525],[-58.43353,-8.7104385],[-58.4119558,-8.720608900000013],[-58.3836739,-8.7059242],[-58.3510264,-8.7015842],[-58.3283686,-8.7121787],[-58.3262244,-8.7200324],[-58.3546695,-8.737263599999974],[-58.3953394,-8.78033460000001],[-58.415878,-8.7928428],[-58.4300846,-8.7899063],[-58.44286790000001,-8.799399100000016],[-59.0961828,-8.803270399999983]]]}},{"type":"Feature","properties":{"CD_MUN":"1303205","NM_MUN":"Novo Airão","SIGLA_UF":"AM","CodigoIBGE":"1303205","SubRegiaoNumero":7,"CalhaSubRegiao":"Região do Rio Negro/Solimões"},"geometry":{"type":"Polygon","coordinates":[[[-60.7564315,-2.821788299999942],[-60.7871472,-2.830234700000014],[-60.8127008,-2.828873800000013],[-60.8520055,-2.84134840000006],[-60.8625807,-2.837511900000056],[-60.8732454,-2.82097],[-60.9135681,-2.8118731],[-60.942034,-2.842094199999951],[-60.9781227,-2.858865],[-60.983785,-2.865570399999946],[-60.9845681,-2.886259599999962],[-61.0005079,-2.883675399999959],[-61.0164517,-2.852222299999967],[-61.0338199,-2.8419012],[-61.0407874,-2.826725099999957],[-61.053152,-2.817270099999952],[-61.0613424,-2.8137643],[-61.1148525,-2.815182],[-61.1441237,-2.807951199999978],[-61.1530683,-2.802636400000022],[-61.1656543,-2.785491799999976],[-61.2219531,-2.7645133],[-61.2321178,-2.767761399999954],[-61.2351775,-2.775423499999939],[-61.244143,-2.769608100000043],[-61.2506264,-2.74102929999997],[-61.2768397,-2.7436617],[-61.3135965,-2.739401600000016],[-61.3371002,-2.745714899999951],[-61.3682349,-2.745668400000064],[-61.40270910000001,-2.7326949],[-61.4082649,-2.742534100000025],[-61.4042629,-2.761554899999977],[-61.4133198,-2.76592],[-61.44912140000001,-2.761061200000017],[-61.4661282,-2.7668832],[-61.4834851,-2.786616099999979],[-61.4967097,-2.790004199999979],[-61.5129619,-2.815133800000051],[-61.5209299,-2.820721399999963],[-61.5395116,-2.826501899999972],[-61.5732626,-2.8244543],[-61.6080988,-2.834446100000053],[-61.64059970000001,-2.828166400000043],[-61.6487624,-2.830138600000057],[-61.655296,-2.837651799999986],[-61.6559555,-2.855699600000011],[-61.6621529,-2.861136799999946],[-61.6723983,-2.859751],[-61.6886532,-2.8508853],[-61.7169027,-2.8437327],[-61.7302396,-2.8312219],[-61.7325447,-2.810218199999988],[-61.7055171,-2.77158749999996],[-61.6992902,-2.751666700000011],[-61.7086485,-2.734272700000016],[-61.7354315,-2.709210100000023],[-61.7462825,-2.692793600000035],[-61.7559287,-2.649774200000057],[-61.7726572,-2.625571300000017],[-61.8102941,-2.610069799999975],[-61.8611243,-2.6237583],[-61.8763747,-2.623564199999985],[-61.9132937,-2.60992949999994],[-61.9241553,-2.609549700000014],[-61.9638723,-2.636010100000056],[-62.020098,-2.642010199999946],[-62.048185,-2.653579300000058],[-62.0609338,-2.662737899999972],[-62.0829323,-2.703785800000059],[-62.1084339,-2.719510200000049],[-62.1584581,-2.729345800000014],[-62.1847069,-2.744666100000054],[-62.2442614,-2.765390799999949],[-62.2768459,-2.7704127],[-62.3015703,-2.765594099999973],[-62.3356307,-2.774663299999976],[-62.3543264,-2.774040899999953],[-62.3857667,-2.806624],[-62.4275855,-2.816795300000058],[-62.4494876,-2.829955600000053],[-62.4739934,-2.858816799999971],[-62.484519,-2.882088399999984],[-62.4960339,-2.981857],[-62.5314106,-3.064854799999954],[-62.5507986,-3.091096],[-62.5830899,-3.106760299999977],[-62.6342398,-3.091864099999989],[-62.6919934,-3.092721100000027],[-62.7111308,-3.088461800000053],[-62.7414352,-3.067081300000032],[-62.7799878,-3.020196099999973],[-62.7960447,-3.019003600000019],[-62.8280763,-3.003041300000037],[-62.8780423,-3.0025064],[-62.92883290000001,-3.008073300000011],[-62.93346120000001,-3.000941500000011],[-62.9331622,-2.990874399999963],[-62.9104606,-2.925334200000012],[-62.9151577,-2.881147699999945],[-62.9288574,-2.8536175],[-62.9591637,-2.84499359999994],[-63.0096618,-2.84080589999998],[-63.0497713,-2.814760299999971],[-63.0574909,-2.814058699999959],[-63.1054072,-2.834051899999973],[-63.1455454,-2.832569199999952],[-63.16960430000001,-2.840244299999984],[-63.1890164,-2.837129800000017],[-63.2185511,-2.819825099999957],[-63.2407555,-2.796254099999952],[-63.2592169,-2.7515611],[-63.2835521,-2.710792800000045],[-63.3049101,-2.700194400000061],[-63.3462891,-2.704121399999939],[-63.374136,-2.701889],[-63.4086592,-2.707487700000032],[-63.4630817,-2.7034447],[-63.4747174,-2.7079313],[-63.4972485,-2.73321],[-63.5250505,-2.753819],[-63.5639944,-2.762851699999964],[-63.5844709,-2.780382399999963],[-63.6091911,-2.786576500000059],[-63.6296666,-2.806752100000026],[-63.662461,-2.817887399999981],[-63.6915554,-2.834600300000018],[-63.7119674,-2.835151200000022],[-63.7246662,-2.824412],[-63.7283265,-2.815784300000036],[-63.72885740000001,-2.802997],[-63.7182715,-2.78233],[-63.7144903,-2.762425700000037],[-63.7295286,-2.693559],[-63.7501885,-2.6496849],[-63.7673264,-2.593152500000065],[-63.7884706,-2.5571956],[-63.8083819,-2.547274200000056],[-63.8184132,-2.547804499999974],[-63.836275,-2.56098479999994],[-63.8462188,-2.5632084],[-63.8756333,-2.56570269999993],[-63.9114684,-2.562166400000054],[-63.94588310000001,-2.574153],[-63.9646079,-2.575380199999952],[-63.9842779,-2.565401400000056],[-63.9885225,-2.55531169999996],[-63.98816690000001,-2.527929199999953],[-63.9812231,-2.505435],[-63.9570554,-2.466593699999971],[-63.9574946,-2.444758099999982],[-63.9063864,-2.439625300000035],[-63.8669103,-2.4453742],[-63.8319109,-2.430057700000025],[-63.8026321,-2.439672300000049],[-63.7504675,-2.438622499999965],[-63.7349956,-2.433018399999941],[-63.72582460000001,-2.423090500000017],[-63.706496,-2.3818506],[-63.6946688,-2.378499700000043],[-63.6466111,-2.393778900000034],[-63.633748,-2.3904239],[-63.6091937,-2.365901200000024],[-63.5934924,-2.356501299999961],[-63.5651063,-2.362771300000019],[-63.5283868,-2.391305400000038],[-63.4860817,-2.381828400000022],[-63.4656852,-2.38766920000003],[-63.4484406,-2.413419400000016],[-63.436437,-2.455794899999978],[-63.4240221,-2.47009619999996],[-63.389552,-2.488490099999966],[-63.3691597,-2.489919],[-63.3324356,-2.462822],[-63.3113571,-2.4352703],[-63.2968001,-2.428925599999947],[-63.2791919,-2.43616960000006],[-63.2567153,-2.467595899999957],[-63.2342191,-2.4830622],[-63.1982736,-2.484872500000076],[-63.1640514,-2.493984899999958],[-63.1418277,-2.490824500000036],[-63.12579310000001,-2.482728199999987],[-63.1050504,-2.482789800000057],[-63.0849628,-2.477424599999969],[-63.0405736,-2.483112899999982],[-63.0325805,-2.451331],[-63.0144328,-2.455062099999959],[-62.9833841,-2.434676299999935],[-62.9243775,-2.420720499999935],[-62.9120354,-2.412977],[-62.9068092,-2.415483799999953],[-62.8937592,-2.407886599999975],[-62.891609,-2.4008913],[-62.8853515,-2.398691400000027],[-62.88320980000001,-2.384032399999954],[-62.8743539,-2.377702299999985],[-62.87074290000001,-2.363492200000049],[-62.8602256,-2.349390799999983],[-62.8622604,-2.345340100000036],[-62.8326246,-2.323936],[-62.7993516,-2.319293499999931],[-62.7934886,-2.322173899999974],[-62.786093,-2.308960500000032],[-62.765325,-2.303145300000059],[-62.7584255,-2.2916338],[-62.7476429,-2.287998600000042],[-62.7400688,-2.293030599999921],[-62.7178586,-2.276444300000053],[-62.7100578,-2.284064799999933],[-62.6965725,-2.279832500000027],[-62.684715,-2.285324699999954],[-62.6788899,-2.280554600000013],[-62.6658598,-2.279990700000043],[-62.6511357,-2.290219399999978],[-62.6458282,-2.2850399],[-62.6370315,-2.2867923],[-62.6239947,-2.276418300000079],[-62.6210871,-2.280935900000063],[-62.6086868,-2.282878700000049],[-62.60054190000001,-2.278574400000018],[-62.5906053,-2.282651899999947],[-62.5853329,-2.278929700000036],[-62.5779864,-2.281054500000016],[-62.572197,-2.272040899999942],[-62.5713195,-2.276379599999978],[-62.5596374,-2.277102699999917],[-62.5491051,-2.269511399999989],[-62.5417491,-2.271087799999921],[-62.5389446,-2.2628078],[-62.5255099,-2.2591598],[-62.519327,-2.253488899999971],[-62.5209476,-2.24888330000005],[-62.5133276,-2.243714799999973],[-62.4914153,-2.244092100000027],[-62.489834,-2.237773500000042],[-62.4788425,-2.2359392],[-62.4788156,-2.229667],[-62.4723412,-2.22918480000008],[-62.4715133,-2.233512600000011],[-62.4656539,-2.231199],[-62.4531603,-2.2181372],[-62.4454042,-2.219660900000046],[-62.4404837,-2.214108],[-62.4366066,-2.2204038],[-62.4265545,-2.215764],[-62.4264795,-2.210788800000032],[-62.4232787,-2.213374299999953],[-62.4084516,-2.208048],[-62.4005896,-2.207426200000019],[-62.4026189,-2.211646],[-62.3987538,-2.213347400000021],[-62.3930124,-2.208092600000014],[-62.3925077,-2.211901199999984],[-62.3860138,-2.198886499999924],[-62.3784638,-2.203939299999933],[-62.3537118,-2.193812400000037],[-62.3557082,-2.185874200000045],[-62.3516039,-2.178506600000023],[-62.3434877,-2.178639],[-62.3417071,-2.170559500000028],[-62.3352627,-2.16587],[-62.3194097,-2.166754],[-62.32287920000001,-2.158627500000023],[-62.316018,-2.1531513],[-62.3022381,-2.148410499999922],[-62.2920996,-2.160279499999974],[-62.2712697,-2.148362799999981],[-62.2690165,-2.140634099999909],[-62.261096,-2.143827],[-62.2482348,-2.134496199999944],[-62.2378811,-2.132894699999983],[-62.2272393,-2.141420400000045],[-62.23292510000001,-2.141774899999946],[-62.2234923,-2.14713669999995],[-62.2099981,-2.12011349999994],[-62.1963241,-2.122687299999928],[-62.1907238,-2.127947400000073],[-62.1830324,-2.118527599999932],[-62.1785214,-2.130254099999947],[-62.1741704,-2.123009],[-62.168508,-2.123175900000013],[-62.1636631,-2.132183100000016],[-62.1588826,-2.132604700000069],[-62.1551518,-2.121931699999921],[-62.1495545,-2.121914699999981],[-62.1467119,-2.101991500000066],[-62.1374609,-2.10054130000006],[-62.1434945,-2.097278499999949],[-62.1336523,-2.096022100000027],[-62.1359533,-2.090155],[-62.1234233,-2.091175600000049],[-62.1215919,-2.083973],[-62.1100088,-2.078984400000029],[-62.1130361,-2.072669699999945],[-62.10971150000001,-2.054834699999909],[-62.1010408,-2.053384299999955],[-62.0819723,-2.0645303],[-62.0644993,-2.0586631],[-62.071309,-2.057774199999957],[-62.0727354,-2.048999499999959],[-62.0843769,-2.03700529999992],[-62.0776535,-2.032937799999916],[-62.0814646,-2.025888900000012],[-62.0726214,-2.00066270000008],[-62.0471215,-1.97505730000002],[-62.03776,-1.989154799999904],[-62.0219271,-1.999245500000024],[-62.0251853,-2.01843],[-62.0224813,-2.026036600000031],[-62.0134593,-2.022955500000085],[-62.0099382,-2.030568200000019],[-61.9953208,-2.025158300000045],[-61.9858412,-2.006808199999948],[-61.9797052,-2.010704100000023],[-61.9695549,-2.000478599999964],[-61.9559381,-1.970669399999921],[-61.9410835,-1.9674864],[-61.9283774,-1.958874399999974],[-61.9439571,-1.944406699999957],[-61.9382938,-1.936405800000016],[-61.9225721,-1.947516600000033],[-61.9144042,-1.93673290000004],[-61.9229327,-1.934299800000037],[-61.9204061,-1.926403699999906],[-61.8841224,-1.911243499999983],[-61.8767631,-1.915424],[-61.8824603,-1.934759900000076],[-61.8699032,-1.938560899999978],[-61.8534551,-1.9367565],[-61.8471772,-1.931999399999927],[-61.8452359,-1.9222706],[-61.8272593,-1.926196399999935],[-61.8166537,-1.941736500000099],[-61.8067391,-1.945537399999936],[-61.80093020000001,-1.937419299999916],[-61.7916224,-1.938142100000024],[-61.7787044,-1.92202630000006],[-61.763567,-1.919809899999954],[-61.7560855,-1.9118671],[-61.7581149,-1.903946799999952],[-61.7499319,-1.901939],[-61.7389802,-1.888429600000033],[-61.7293855,-1.88678769999992],[-61.725676,-1.897388799999924],[-61.720877,-1.899280099999944],[-61.7142769,-1.893797699999917],[-61.7138823,-1.882205700000039],[-61.7050196,-1.887012900000046],[-61.7023325,-1.89426640000006],[-61.6936953,-1.8886933],[-61.6831001,-1.892243],[-61.666467,-1.8695681],[-61.6545601,-1.87277069999992],[-61.6473503,-1.855700400000085],[-61.6542365,-1.837940700000088],[-61.6385585,-1.825544500000015],[-61.6346155,-1.826554700000022],[-61.6339218,-1.834949899999947],[-61.6183295,-1.83408759999993],[-61.615433,-1.826908299999944],[-61.608308,-1.834773399999988],[-61.5996911,-1.8330389],[-61.602844,-1.8384471],[-61.5929809,-1.843697700000056],[-61.5987724,-1.86559840000002],[-61.592472,-1.875768],[-61.5838846,-1.875488800000072],[-61.5716108,-1.86505049999997],[-61.5341217,-1.8697093],[-61.5306356,-1.885029899999912],[-61.5382865,-1.892212399999965],[-61.4965508,-1.969876599999936],[-61.4746173,-1.953694899999939],[-61.4498937,-1.947448],[-61.4477723,-1.931488],[-61.461622,-1.90153730000006],[-61.4558384,-1.900259],[-61.4516956,-1.906177899999959],[-61.4175781,-1.899769100000012],[-61.3945156,-1.900651300000048],[-61.3915906,-1.898234399999957],[-61.3958645,-1.8977399],[-61.3823705,-1.895168599999918],[-61.3863495,-1.863218400000027],[-61.4195415,-1.792768600000048],[-61.4246825,-1.767973800000026],[-61.4133145,-1.713823300000096],[-61.4174856,-1.666068100000011],[-61.4137888,-1.6369426],[-61.4231094,-1.620396200000037],[-61.4560682,-1.611776399999964],[-61.4685887,-1.597524100000071],[-61.4746776,-1.578967299999962],[-61.4755111,-1.553128800000045],[-61.46995780000001,-1.538127700000013],[-61.473291,-1.527849700000072],[-61.48134670000001,-1.517849800000031],[-61.5164822,-1.502430299999971],[-61.5330176,-1.465073299999982],[-61.5393974,-1.443964799999934],[-61.5382941,-1.433404199999989],[-61.5738424,-1.428689099999916],[-61.5819057,-1.409522000000113],[-61.6030145,-1.407302799999951],[-61.6146808,-1.402575800000104],[-61.6191215,-1.39479770000005],[-61.5999567,-1.367579100000076],[-61.5877348,-1.3614679],[-61.5821752,-1.353407299999871],[-61.5855081,-1.338685800000105],[-61.61162560000001,-1.308134300000052],[-61.6288495,-1.301467800000132],[-61.6269031,-1.293969999999871],[-61.6070712,-1.2744238000001],[-61.6083416,-1.252440400000069],[-61.5871347,-1.1944035],[-61.57071650000001,-1.182776400000057],[-61.5814666,-1.1684135],[-61.5811734,-1.156590900000073],[-61.5705211,-1.143498099999877],[-61.5661233,-1.129135],[-61.579512,-1.110668],[-61.5661233,-1.099724499999915],[-61.5792188,-1.08663139999993],[-61.5778506,-1.079987199999975],[-61.5461869,-1.070704699999924],[-61.5428642,-1.062203899999887],[-61.5440369,-1.029568299999964],[-61.5594779,-1.011198400000149],[-61.5438415,-1.003576899999934],[-61.5426687,-0.99273079999987],[-61.5509756,-0.9831549],[-61.5746256,-0.985109199999902],[-61.5807825,-0.977976099999881],[-61.5756029,-0.954720299999903],[-61.582737,-0.936936300000023],[-61.5764824,-0.911139599999822],[-61.5658301,-0.897557100000156],[-61.5523438,-0.889446700000058],[-61.5567415,-0.864920000000191],[-61.5383687,-0.848210499999956],[-61.5377824,-0.843910899999835],[-61.5484347,-0.833552900000162],[-61.5489233,-0.804237699999874],[-61.5356323,-0.75440120000009],[-61.5105164,-0.741502300000108],[-61.4846186,-0.716877000000149],[-61.4651708,-0.6601991],[-61.4581344,-0.654726699999751],[-61.43223660000001,-0.654042699999828],[-61.4287185,-0.649547499999949],[-61.4341912,-0.640557199999721],[-61.4335071,-0.633032600000274],[-61.4071207,-0.628488500000143],[-61.3923638,-0.614221200000288],[-61.372916,-0.607576100000064],[-61.3595274,-0.596924399999704],[-61.3465296,-0.594090400000242],[-61.3289387,-0.597217499999891],[-61.3018681,-0.574839100000144],[-61.277534,-0.575620899999807],[-61.2340453,-0.561939699999976],[-61.227693,-0.550994700000176],[-61.2294521,-0.538681599999782],[-61.2210475,-0.528909300000336],[-61.2292566,-0.516791600000312],[-61.2230998,-0.499885400000043],[-61.2114702,-0.499103599999695],[-61.19905880000001,-0.508191900000093],[-61.1848883,-0.506726099999859],[-61.168861,-0.516302999999888],[-61.161336,-0.512589500000157],[-61.158111,-0.498321799999682],[-61.1503905,-0.502035300000327],[-61.1334836,-0.496953700000086],[-61.117945,-0.506628299999895],[-61.106804,-0.499201300000345],[-61.0975199,-0.499005899999836],[-61.0701562,-0.513469000000328],[-61.06526980000001,-0.534284099999951],[-61.0568653,-0.543860999999892],[-61.0389811,-0.546890400000152],[-61.0304789,-0.542492799999707],[-61.0229538,-0.551287899999757],[-60.9836674,-0.561744300000184],[-60.9600173,-0.552460600000057],[-60.9477037,-0.55803080000003],[-60.9336309,-0.547867599999813],[-60.9308945,-0.55011519999975],[-60.9213172,-0.579041200000256],[-60.9269854,-0.589399800000068],[-60.9276695,-0.605523900000123],[-60.9174081,-0.612559899999857],[-60.9196559,-0.620377599999921],[-60.895224,-0.643928500000061],[-60.8714762,-0.6382607],[-60.8618012,-0.645492099999939],[-60.8576966,-0.655459599999818],[-60.8614103,-0.670411],[-60.8551557,-0.686339399999954],[-60.8185079,-0.689173300000136],[-60.80717150000001,-0.694254799999924],[-60.810201,-0.702854199999807],[-60.8030669,-0.722984500000121],[-60.8102988,-0.727284100000238],[-60.8061942,-0.740085400000144],[-60.7926101,-0.741746600000233],[-60.7915351,-0.751518499999911],[-60.7814692,-0.746437100000136],[-60.7712078,-0.7560625],[-60.7776578,-0.774335900000228],[-60.7881146,-0.7825442],[-60.7779021,-0.7888959],[-60.7601646,-0.787332399999839],[-60.7564998,-0.79119229999982],[-60.7695464,-0.800817500000164],[-60.7631941,-0.812641400000073],[-60.76915549999999,-0.822217700000158],[-60.7620092,-0.848589099999935],[-60.7763435,-0.875630400000126],[-60.7713368,-0.894526499999809],[-60.7821746,-0.937857600000066],[-60.78828510000001,-0.993409400000151],[-60.7993953,-0.999520000000164],[-60.79499650000001,-1.023586000000118],[-60.7774554,-1.051133900000099],[-60.7582,-1.067539600000044],[-60.7560048,-1.078016999999844],[-60.7776503,-1.07854369999984],[-60.7835032,-1.088294199999891],[-60.7915972,-1.091705499999954],[-60.8212593,-1.085578100000141],[-60.8277603,-1.091390199999982],[-60.82428070000001,-1.109960799999887],[-60.8267592,-1.124906000000115],[-60.8368677,-1.144171900000089],[-60.8448098,-1.143891699999982],[-60.8572926,-1.1332757],[-60.8627068,-1.140068900000011],[-60.8462312,-1.170728899999877],[-60.8514576,-1.177287099999891],[-60.8522566,-1.194806],[-60.840082,-1.209251300000106],[-60.8448347,-1.216367799999952],[-60.856398,-1.2173926],[-60.8548396,-1.22768980000011],[-60.8419611,-1.239269000000113],[-60.8556914,-1.261222500000107],[-60.8638655,-1.262934200000044],[-60.8729644,-1.259064999999864],[-60.8874715,-1.264523099999956],[-60.9059154,-1.251277100000068],[-60.9285545,-1.2645987],[-60.9328183,-1.279099400000021],[-60.9529508,-1.280039099999942],[-60.9629756,-1.314573600000106],[-60.9548295,-1.317734600000089],[-60.942667,-1.31295730000001],[-60.9297909,-1.317605300000076],[-60.9129316,-1.306593099999879],[-60.8881102,-1.309272400000069],[-60.8839748,-1.315185700000133],[-60.8826746,-1.333421700000085],[-60.8625115,-1.344644],[-60.847612,-1.35933530000002],[-60.8364174,-1.406903300000062],[-60.8555787,-1.419190499999893],[-60.8598819,-1.427626499999973],[-60.854241,-1.434289800000092],[-60.8358418,-1.434570599999884],[-60.8286017,-1.439657400000065],[-60.8369514,-1.47412750000008],[-60.8230513,-1.473973600000043],[-60.8062898,-1.4477014],[-60.7888447,-1.44121690000007],[-60.7503987,-1.445622800000074],[-60.73789759999999,-1.455899],[-60.7260916,-1.458328899999941],[-60.7161318,-1.468229699999947],[-60.6709242,-1.488009899999982],[-60.6670108,-1.498312600000022],[-60.66058360000001,-1.497341599999975],[-60.65431490000001,-1.5077083],[-60.6277314,-1.515828400000095],[-60.6239426,-1.524404700000058],[-60.6157004,-1.524976299999902],[-60.611129,-1.534061400000031],[-60.5895983,-1.5509025],[-60.5898348,-1.5642843],[-60.5806053,-1.575443699999936],[-60.57955720000001,-1.5875591],[-60.58459,-1.593721399999981],[-60.5812118,-1.604276700000017],[-60.5967078,-1.620182300000031],[-60.5983994,-1.633236899999887],[-60.6036531,-1.630971600000052],[-60.61174050000001,-1.634596899999959],[-60.6072298,-1.637078600000067],[-60.6079357,-1.64430189999994],[-60.6133958,-1.645968400000099],[-60.6118957,-1.653320699999893],[-60.6210827,-1.684974300000083],[-60.6275075,-1.692090200000055],[-60.6229241,-1.692992099999926],[-60.6225789,-1.7025663],[-60.6172749,-1.707778900000074],[-60.6211986,-1.710569599999972],[-60.6162305,-1.723182900000026],[-60.6244498,-1.7446158],[-60.6210502,-1.75330179999992],[-60.6253321,-1.786793700000076],[-60.6174695,-1.811580300000063],[-60.61982480000001,-1.822357300000053],[-60.6092662,-1.835950400000024],[-60.6161916,-1.850425599999948],[-60.6162428,-1.864287],[-60.5734093,-1.91396019999996],[-60.5533227,-1.920719100000031],[-60.4815028,-1.918226700000039],[-60.4537262,-1.936485],[-60.4445902,-1.949622100000022],[-60.3577562,-1.954464],[-60.37439160000001,-1.9683167],[-60.4126438,-1.988552900000044],[-60.4166408,-1.996832399999968],[-60.4800867,-2.016253800000043],[-60.5036232,-2.017454799999935],[-60.5425305,-2.002680799999954],[-60.559063,-2.0057252],[-60.5737802,-1.999645899999966],[-60.5989812,-1.9988342],[-60.6078385,-2.008636599999987],[-60.6222036,-2.046337300000079],[-60.6348178,-2.055699599999921],[-60.6426505,-2.056260799999985],[-60.6444814,-2.0646523],[-60.652759,-2.066272300000022],[-60.6530337,-2.073922699999941],[-60.6681733,-2.074606399999946],[-60.6750471,-2.089019399999966],[-60.6729534,-2.09767209999998],[-60.6820321,-2.108096800000023],[-60.6639797,-2.130685399999928],[-60.7001694,-2.1731506],[-60.7077919,-2.1707465],[-60.7217343,-2.179110299999988],[-60.729067,-2.176229600000048],[-60.7389514,-2.189352899999915],[-60.7165647,-2.220800100000016],[-60.7007621,-2.220989399999934],[-60.6978468,-2.236470400000078],[-60.6920593,-2.242665699999989],[-60.6998123,-2.259312399999967],[-60.7185118,-2.274820100000039],[-60.7044838,-2.283624599999936],[-60.7054853,-2.292285600000055],[-60.6994803,-2.307765400000063],[-60.71137,-2.320078100000015],[-60.7107068,-2.327923300000014],[-60.69531,-2.346176900000021],[-60.7174521,-2.35676890000003],[-60.7085391,-2.370869199999968],[-60.717058,-2.374025500000026],[-60.733402,-2.368153099999937],[-60.7357056,-2.38517049999993],[-60.7689269,-2.399484600000069],[-60.7674267,-2.407027800000034],[-60.75396,-2.414522599999935],[-60.7438421,-2.430435199999937],[-60.7433439,-2.440308],[-60.74946,-2.447695700000016],[-60.7737018,-2.453574600000077],[-60.781758,-2.460816099999942],[-60.7918145,-2.484482800000063],[-60.7964032,-2.52481890000006],[-60.8027272,-2.539225800000062],[-60.7564315,-2.821788299999942]]]}},{"type":"Feature","properties":{"CD_MUN":"1301506","NM_MUN":"Envira","SIGLA_UF":"AM","CodigoIBGE":"1301506","SubRegiaoNumero":4,"CalhaSubRegiao":"Região do Juruá"},"geometry":{"type":"Polygon","coordinates":[[[-69.8017091,-8.061126],[-70.0549793,-7.845149099999982],[-71.0884954,-7.726266100000012],[-71.0596232,-7.711762],[-71.0433189,-7.693855200000015],[-71.0277097,-7.693036],[-71.008514,-7.678850400000016],[-70.9848206,-7.677321300000017],[-70.9663992,-7.6713388],[-70.9382863,-7.6558672],[-70.9140719,-7.659511799999972],[-70.9011493,-7.668589799999989],[-70.8931859,-7.666102],[-70.8882896,-7.6507037],[-70.86612449999998,-7.628297399999978],[-70.8484857,-7.627419100000016],[-70.8329008,-7.6446648],[-70.8242064,-7.6461096],[-70.8105098,-7.6382035],[-70.79637429999998,-7.6089144],[-70.7785433,-7.6016748],[-70.7648987,-7.5995331],[-70.7579069,-7.602658700000018],[-70.75478739999998,-7.5956129],[-70.74623360000001,-7.595796599999979],[-70.7412316,-7.588627900000011],[-70.7323195,-7.587731199999989],[-70.6873465,-7.608968599999989],[-70.6802886,-7.6057198],[-70.6650346,-7.60935820000002],[-70.6562089,-7.595639],[-70.64137560000002,-7.591779300000013],[-70.6261236,-7.573479800000024],[-70.6232896,-7.5576943],[-70.6154504,-7.55730340000001],[-70.6151517,-7.549721599999984],[-70.6077589,-7.5464192],[-70.5945722,-7.553739500000021],[-70.5872046,-7.5520273],[-70.579959,-7.555670599999988],[-70.5643453,-7.5496794],[-70.5407296,-7.549825400000011],[-70.5192053,-7.538745200000011],[-70.5009534,-7.514729900000026],[-70.4827039,-7.519698500000025],[-70.4558176,-7.514191],[-70.450731,-7.519836599999979],[-70.4334564,-7.504754],[-70.4244816,-7.5078415],[-70.422597,-7.498674300000011],[-70.4065924,-7.494865800000014],[-70.3934819,-7.4863533],[-70.3555672,-7.48540340000002],[-70.3366995,-7.4701575],[-70.329535,-7.4565276],[-70.3220333,-7.4551933],[-70.2994569,-7.4307636],[-70.2916771,-7.4275671],[-70.2706796,-7.4010125],[-70.2429198,-7.3869445],[-70.2233592,-7.3708643],[-70.1937031,-7.362395100000017],[-70.1734082,-7.347954599999982],[-70.1575648,-7.331345600000017],[-70.1268766,-7.2808326],[-70.1148565,-7.278710100000012],[-70.1055188,-7.2940369],[-70.0847858,-7.273919500000016],[-70.0706806,-7.27372],[-70.06145989999999,-7.2686856],[-70.0517314,-7.2506289],[-70.0386964,-7.205266799999974],[-70.03893020000001,-7.182578900000019],[-70.0345733,-7.17308569999997],[-70.020795,-7.173218599999983],[-70.007737,-7.180717700000012],[-69.9967277,-7.202452],[-69.9927328,-7.2293003],[-69.9725313,-7.244268199999983],[-69.9688671,-7.251964100000018],[-69.9722056,-7.2680746],[-69.96900710000001,-7.275074700000016],[-69.9607615,-7.276828],[-69.9485624,-7.2907477],[-69.9220815,-7.293985100000017],[-69.9137805,-7.291391500000016],[-69.91292619999999,-7.2784928],[-69.9067098,-7.279353500000011],[-69.8973596,-7.289934400000017],[-69.8870267,-7.278076400000021],[-69.8864147,-7.2704008],[-69.9003293,-7.2653929],[-69.89727089999998,-7.259020399999978],[-69.8894481,-7.2581942],[-69.8780671,-7.265788599999987],[-69.8732535,-7.264758300000015],[-69.8732069,-7.2551124],[-69.8663624,-7.2446255],[-69.8917194,-7.2369994],[-69.8843131,-7.225789900000027],[-69.8763329,-7.2221071],[-69.8814643,-7.213841],[-69.8772381,-7.20464960000001],[-69.8600815,-7.1880413],[-69.8694193,-7.1735993],[-69.52182490000001,-7.178215200000015],[-69.5211158,-7.183435299999983],[-69.4910373,-7.20315290000002],[-69.48189419999999,-7.216656399999982],[-69.4744451,-7.252222500000012],[-69.4925641,-7.279235900000026],[-69.4943362,-7.302029799999978],[-69.485059,-7.314691500000011],[-69.4862786,-7.330404699999989],[-69.48886679999998,-7.3378017],[-69.51175779999998,-7.360212499999983],[-69.496561,-7.38239330000001],[-69.4973705,-7.390852199999969],[-69.4911211,-7.4049014],[-69.516281,-7.4142814],[-69.5247019,-7.4364638],[-69.5243908,-7.444210300000017],[-69.5197253,-7.4505486],[-69.5121685,-7.4516424],[-69.5087599,-7.4589268],[-69.5209761,-7.479650900000019],[-69.5337802,-7.4892564],[-69.5530401,-7.537148900000016],[-69.5634263,-7.5496603],[-69.56567290000001,-7.5572717],[-69.55531270000002,-7.570461499999976],[-69.5586421,-7.577907399999978],[-69.58486650000002,-7.6081718],[-69.5926229,-7.612172600000023],[-69.58256149999998,-7.633831100000012],[-69.5755338,-7.6377591],[-69.5728645,-7.64498280000001],[-69.5570106,-7.6513057],[-69.5552812,-7.658707699999986],[-69.5698152,-7.686555600000013],[-69.5840289,-7.692474500000015],[-69.591037,-7.6887295],[-69.5983659,-7.6909165],[-69.6154193,-7.7180186],[-69.6113164,-7.734547],[-69.6252241,-7.7523929],[-69.6404795,-7.758040699999981],[-69.6491487,-7.770439699999989],[-69.6566129,-7.767277400000018],[-69.6655386,-7.7820217],[-69.673201,-7.78049220000001],[-69.6819748,-7.793370300000013],[-69.696699,-7.7852731],[-69.704926,-7.787414300000012],[-69.7306744,-7.820315],[-69.7439237,-7.821792599999981],[-69.7508686,-7.835089899999974],[-69.7636998,-7.8433259],[-69.76737019999999,-7.863392799999986],[-69.79244749999998,-7.867779800000024],[-69.798004,-7.8741668],[-69.7984825,-7.8908796],[-69.7911217,-7.892952799999985],[-69.7848663,-7.90847],[-69.7890587,-7.940327299999972],[-69.8005384,-7.951813],[-69.7985113,-7.977162099999972],[-69.7872843,-7.998419600000026],[-69.8013454,-8.0412829],[-69.8017091,-8.061126]]]}},{"type":"Feature","properties":{"CD_MUN":"1300201","NM_MUN":"Atalaia do Norte","SIGLA_UF":"AM","CodigoIBGE":"1300201","SubRegiaoNumero":1,"CalhaSubRegiao":"Região do Alto Solimões"},"geometry":{"type":"Polygon","coordinates":[[[-71.4015063,-4.444530800000026],[-71.3969145,-4.4325228],[-71.3857964,-4.4250992],[-71.37774549999999,-4.425238599999989],[-71.3624103,-4.434648900000027],[-71.34609920000001,-4.426667600000015],[-71.3398955,-4.442142199999988],[-71.3147667,-4.443640899999978],[-71.3091205,-4.4629841],[-71.3020803,-4.445627500000018],[-71.3199946,-4.427608600000035],[-71.3194718,-4.417327100000031],[-71.3073779,-4.41659519999997],[-71.2939596,-4.4383084],[-71.2803322,-4.442002800000029],[-71.2620694,-4.425378],[-71.2693536,-4.409589799999972],[-71.2614072,-4.396659400000027],[-71.2678201,-4.393313600000023],[-71.2799488,-4.3997962],[-71.2769863,-4.388225099999982],[-71.265485,-4.384914099999978],[-71.2464205,-4.39181490000004],[-71.2322703,-4.3840428],[-71.2261363,-4.392233100000041],[-71.2285063,-4.404919499999978],[-71.2231389,-4.40770769999997],[-71.2186429,-4.403699700000025],[-71.2182596,-4.382822900000035],[-71.2132756,-4.377664700000015],[-71.1990557,-4.3831366],[-71.2073855,-4.40108570000002],[-71.1961978,-4.424367300000015],[-71.1880423,-4.418895399999982],[-71.1873452,-4.399168799999964],[-71.1825704,-4.3940803],[-71.16029949999998,-4.392372499999975],[-71.1577204,-4.403943600000019],[-71.1506453,-4.404327],[-71.1477526,-4.3971474],[-71.1523183,-4.385855099999965],[-71.1471949,-4.381463699999976],[-71.13273109999999,-4.388399300000016],[-71.12116,-4.40659240000002],[-71.113806,-4.4096595],[-71.10756739999998,-4.401957],[-71.1073932,-4.377908699999969],[-71.0799989,-4.374144600000011],[-71.0768971,-4.3815334],[-71.0837979,-4.393731800000022],[-71.0760257,-4.396798799999974],[-71.0588782,-4.3888873],[-71.0552187,-4.37146090000003],[-71.049468,-4.368812100000024],[-71.043543,-4.377595],[-71.0464358,-4.396171499999988],[-71.0373741,-4.401364499999986],[-71.0184839,-4.383276],[-71.0018592,-4.388434199999963],[-70.9893779,-4.381757600000024],[-70.9891549,-4.361816299999989],[-70.9992618,-4.3487367],[-70.9944066,-4.3449219],[-70.9757038,-4.357580300000037],[-70.97008059999999,-4.378438199999974],[-70.962327,-4.3806181],[-70.9471171,-4.37692709999997],[-70.9366881,-4.3837146],[-70.9333192,-4.3797016],[-70.9361184,-4.3702635],[-70.9327509,-4.356265699999987],[-70.9269409,-4.354598699999953],[-70.9147327,-4.3605312],[-70.9007349,-4.326676699999968],[-70.8762939,-4.322264100000027],[-70.8774216,-4.292454399999988],[-70.8456017,-4.278775300000015],[-70.8462636,-4.272082799999957],[-70.8616587,-4.262031900000011],[-70.8635218,-4.250044300000027],[-70.8527354,-4.246955400000021],[-70.8341044,-4.254407899999963],[-70.8160617,-4.227981199999959],[-70.8179003,-4.221656400000014],[-70.824802,-4.218999],[-70.8445884,-4.231191199999977],[-70.8477625,-4.2255549],[-70.845063,-4.218465],[-70.8251876,-4.2119388],[-70.8183647,-4.197996299999981],[-70.803918,-4.1926567],[-70.8011295,-4.1819774],[-70.7862378,-4.1855075],[-70.7705154,-4.165246399999986],[-70.7588275,-4.158660799999956],[-70.7476224,-4.161178199999968],[-70.7225969,-4.18702],[-70.6911813,-4.1877801],[-70.6820474,-4.2070813],[-70.6727333,-4.195925300000042],[-70.6671027,-4.1711666],[-70.6702864,-4.144566],[-70.6602618,-4.144697599999966],[-70.65039520000002,-4.162615500000014],[-70.6508161,-4.1391986],[-70.6449488,-4.127253300000034],[-70.6171379,-4.129305600000028],[-70.6351084,-4.1746133],[-70.6233736,-4.191794499999985],[-70.616217,-4.193399499999985],[-70.5886693,-4.1862692],[-70.5725932,-4.173902899999958],[-70.5635948,-4.174744899999988],[-70.5623318,-4.185164100000049],[-70.5754611,-4.204160700000027],[-70.5724353,-4.2113963],[-70.56338430000001,-4.210133300000012],[-70.5554646,-4.202976700000034],[-70.5524749,-4.187025500000019],[-70.5581619,-4.1676248],[-70.5408084,-4.155568399999976],[-70.5420433,-4.1478666],[-70.5524424,-4.140749700000026],[-70.55085,-4.137045],[-70.5343415,-4.1460142],[-70.5229026,-4.1375],[-70.50811640000002,-4.1510838],[-70.5029819,-4.167494800000018],[-70.5139659,-4.1914451],[-70.5052242,-4.20015430000003],[-70.4930053,-4.192875],[-70.4852385,-4.16112540000002],[-70.4757168,-4.161677799999963],[-70.46473279999998,-4.176139],[-70.4583309,-4.171946900000035],[-70.45303389999998,-4.158525599999969],[-70.4388977,-4.164245099999956],[-70.4338606,-4.162327800000018],[-70.4325282,-4.1531636],[-70.4424073,-4.1399373],[-70.4345106,-4.131813],[-70.3999012,-4.1375],[-70.3781282,-4.134575299999988],[-70.3651943,-4.144909299999978],[-70.3547303,-4.167397299999963],[-70.3391317,-4.1791937],[-70.3279852,-4.170094600000015],[-70.3285701,-4.145201800000021],[-70.3195035,-4.143609499999975],[-70.308422,-4.156413300000025],[-70.2931159,-4.159988],[-70.28684389999998,-4.168144699999964],[-70.2878188,-4.20028430000003],[-70.2785897,-4.228134300000014],[-70.2823593,-4.236031099999983],[-70.3075446,-4.2457802],[-70.3083895,-4.256861699999967],[-70.2846666,-4.2717454],[-70.2870714,-4.287896400000031],[-70.2579865,-4.271387899999982],[-70.2480099,-4.272980199999978],[-70.2451177,-4.28038960000004],[-70.2481724,-4.287376400000017],[-70.2684181,-4.2950133],[-70.258084,-4.309312],[-70.2244964,-4.316683099999953],[-70.2186513,-4.311472599999965],[-70.2180167,-4.298980900000034],[-70.2135744,-4.2982461],[-70.2120714,-4.314378499999988],[-70.2038883,-4.32583480000002],[-70.20111,-4.355654900000029],[-70.1968839,-4.360803900000014],[-70.1813882,-4.356529199999986],[-70.1743933,-4.333747100000018],[-70.156906,-4.332581300000011],[-70.1521941,-4.328841],[-70.153117,-4.318882899999965],[-70.171673,-4.304747399999975],[-70.157926,-4.2757961],[-70.1464136,-4.271667200000013],[-70.1328195,-4.281944300000028],[-70.1401578,-4.299258499999986],[-70.1363213,-4.329471800000038],[-70.1453355,-4.364737199999965],[-70.136749,-4.381489099999974],[-70.1336111,-4.487119],[-70.1241154,-4.501113200000013],[-70.259725,-4.65126],[-70.2544797,-4.648737599999968],[-70.2502114,-4.654217699999986],[-70.2415582,-4.648892099999963],[-70.2394079,-4.656881099999985],[-70.2261265,-4.660221900000029],[-70.2262999,-4.665505600000036],[-70.2347945,-4.663346399999987],[-70.2355549,-4.6697252],[-70.2428512,-4.67523539999998],[-70.2333238,-4.6814051],[-70.2319815,-4.671951799999969],[-70.2177471,-4.6806351],[-70.2272794,-4.684805900000012],[-70.2281245,-4.697169100000024],[-70.2231239,-4.699411299999984],[-70.222949,-4.690895199999966],[-70.2114949,-4.694165899999984],[-70.2134498,-4.705042800000029],[-70.2192704,-4.7084142],[-70.218516,-4.718983],[-70.2085707,-4.73412439999997],[-70.2047197,-4.727769699999984],[-70.1946904,-4.730592899999959],[-70.2009904,-4.738358],[-70.1911541,-4.745139300000011],[-70.1983718,-4.751808500000017],[-70.1980808,-4.76522970000002],[-70.1866967,-4.7707],[-70.1829877,-4.76182140000002],[-70.1870524,-4.760203400000011],[-70.1948243,-4.765197699999986],[-70.1945541,-4.75716490000003],[-70.1905478,-4.754289800000014],[-70.1769948,-4.757013500000017],[-70.1797906,-4.769757500000024],[-70.1680128,-4.766485900000016],[-70.1615991,-4.779014300000018],[-70.1706459,-4.778236199999967],[-70.1693227,-4.7869932],[-70.1474683,-4.790833500000023],[-70.1560846,-4.803104600000011],[-70.1488974,-4.810582599999973],[-70.1435259,-4.8067124],[-70.1374082,-4.808076599999964],[-70.1494986,-4.8170096],[-70.1478693,-4.82004590000002],[-70.1383497,-4.8168123],[-70.137746,-4.832634700000012],[-70.1432691,-4.83364189999998],[-70.1473945,-4.8231621],[-70.1549207,-4.8254169],[-70.1410526,-4.839759900000028],[-70.1564776,-4.8427329],[-70.1503966,-4.849102],[-70.1428205,-4.8485966],[-70.1394215,-4.8579554],[-70.1278226,-4.857322],[-70.125318,-4.8622897],[-70.127217,-4.8678891],[-70.1443609,-4.876227199999963],[-70.1403273,-4.8828526],[-70.1436903,-4.8905737],[-70.1472163,-4.889944600000041],[-70.1458247,-4.880391],[-70.1492325,-4.8779949],[-70.1541928,-4.893084799999969],[-70.1614414,-4.894630499999969],[-70.1648202,-4.913417399999976],[-70.1566366,-4.918697299999964],[-70.1601237,-4.9278013],[-70.1550037,-4.941549200000021],[-70.14987650000002,-4.9421354],[-70.1466819,-4.9322494],[-70.1431076,-4.934088300000026],[-70.1474204,-4.9508323],[-70.15672,-4.959951699999984],[-70.150843,-4.972527699999981],[-70.1558736,-4.98783640000002],[-70.1525703,-5.0029238],[-70.1630679,-5.005983500000019],[-70.1650331,-5.003001899999981],[-70.1597571,-4.998147300000023],[-70.1703525,-4.998513200000037],[-70.1749054,-5.009752699999982],[-70.165833,-5.014522700000039],[-70.1697904,-5.0203462],[-70.16776480000001,-5.030533499999963],[-70.1797131,-5.033911399999988],[-70.178474,-5.0392008],[-70.1679496,-5.042801799999975],[-70.1795903,-5.050634500000027],[-70.1772137,-5.059278],[-70.1730177,-5.059032299999974],[-70.1728566,-5.050187],[-70.16244,-5.060477399999963],[-70.1713174,-5.069346200000011],[-70.1701423,-5.075064400000031],[-70.1764946,-5.075789],[-70.1760726,-5.080554700000015],[-70.1870869,-5.086955099999962],[-70.1953978,-5.082900799999979],[-70.2006706,-5.084998099999974],[-70.2006654,-5.08916680000001],[-70.1923453,-5.094108200000011],[-70.1947024,-5.099967199999971],[-70.2037386,-5.091693699999983],[-70.208187,-5.093503900000019],[-70.2071809,-5.108371399999989],[-70.19758219999999,-5.112958899999983],[-70.19824619999999,-5.118730699999983],[-70.2090526,-5.122044899999985],[-70.2116543,-5.113399299999984],[-70.2184733,-5.115951899999977],[-70.2263682,-5.110383799999973],[-70.2216821,-5.119447],[-70.2285772,-5.116153800000034],[-70.2363306,-5.1221865],[-70.2388053,-5.130448900000023],[-70.2486302,-5.1294891],[-70.2442363,-5.135117099999983],[-70.2493906,-5.1439599],[-70.2379032,-5.1540815],[-70.2381295,-5.1584373],[-70.24404170000001,-5.158817899999973],[-70.2500012,-5.151609100000021],[-70.2594425,-5.1525298],[-70.2494848,-5.1631685],[-70.2575473,-5.173636],[-70.270903,-5.178225199999966],[-70.2670443,-5.184632200000024],[-70.2701386,-5.1976475],[-70.2756437,-5.196041900000026],[-70.2705244,-5.1853688],[-70.2732145,-5.183122900000027],[-70.2826975,-5.187735800000032],[-70.2794153,-5.196834],[-70.28985360000001,-5.200140900000013],[-70.2872254,-5.2102012],[-70.2944156,-5.207788800000011],[-70.301738,-5.2134413],[-70.3014791,-5.21708190000003],[-70.292683,-5.2182904],[-70.3018851,-5.2236391],[-70.2939494,-5.225303599999986],[-70.2914952,-5.237885800000011],[-70.2997654,-5.2328288],[-70.3096517,-5.2353624],[-70.30432709999998,-5.242052],[-70.3046366,-5.2495406],[-70.3287147,-5.264410200000023],[-70.3194889,-5.2736072],[-70.3256632,-5.273804899999962],[-70.3306731,-5.281689099999988],[-70.3350499,-5.308683299999982],[-70.342516,-5.3076301],[-70.3457133,-5.314898200000028],[-70.3376288,-5.316523],[-70.3383822,-5.324375600000025],[-70.3323966,-5.332278899999981],[-70.3475058,-5.3403341],[-70.3520263,-5.36431690000002],[-70.3675923,-5.3647919],[-70.3669599,-5.3701698],[-70.3563072,-5.371967100000025],[-70.3529421,-5.3795597],[-70.3609071,-5.3811658],[-70.370561,-5.3771143],[-70.365764,-5.381709],[-70.3698407,-5.390542300000028],[-70.3634276,-5.405276799999975],[-70.37455140000002,-5.4003962],[-70.3702443,-5.4119606],[-70.3865607,-5.409778900000024],[-70.3897321,-5.412322899999986],[-70.3825555,-5.4205586],[-70.389824,-5.416519699999979],[-70.3966631,-5.419206700000022],[-70.4021839,-5.432611899999984],[-70.3862306,-5.428628799999987],[-70.388234,-5.44031940000001],[-70.3928007,-5.434649200000012],[-70.3973844,-5.438162800000017],[-70.394824,-5.448471799999989],[-70.4042943,-5.450870599999972],[-70.3973653,-5.451994200000013],[-70.3966276,-5.462775],[-70.4084121,-5.469464500000014],[-70.4148574,-5.48844419999997],[-70.4277324,-5.4840823],[-70.42803390000002,-5.492672900000014],[-70.4458647,-5.498431799999989],[-70.4441756,-5.5032758],[-70.4354443,-5.5037608],[-70.4361286,-5.508309799999989],[-70.44491869999999,-5.505833199999964],[-70.4482848,-5.5141391],[-70.4547838,-5.515106499999988],[-70.453737,-5.519159600000032],[-70.4489784,-5.517414],[-70.4516777,-5.5270951],[-70.443868,-5.539526200000022],[-70.4457503,-5.5526547],[-70.4514337,-5.559484900000019],[-70.4492869,-5.5669775],[-70.45860420000001,-5.5663939],[-70.4550082,-5.571330900000028],[-70.4590075,-5.58266460000001],[-70.4516488,-5.587233],[-70.4607833,-5.6004507],[-70.4542783,-5.600372299999971],[-70.4478365,-5.6098641],[-70.45518120000001,-5.617086699999977],[-70.4485433,-5.627209],[-70.4493636,-5.63258970000002],[-70.4544417,-5.631348900000014],[-70.4530217,-5.636086400000027],[-70.4601496,-5.637540299999971],[-70.4536673,-5.653339800000026],[-70.4639355,-5.660476300000032],[-70.4544975,-5.663196],[-70.452563,-5.667673600000012],[-70.4544613,-5.6704903],[-70.4552775,-5.66618140000002],[-70.4641577,-5.667892899999972],[-70.4648553,-5.675417],[-70.45911560000002,-5.681097100000017],[-70.4636695,-5.678109899999977],[-70.4701583,-5.682735499999986],[-70.4631257,-5.692295600000024],[-70.4713057,-5.693408800000012],[-70.4723062,-5.698935700000026],[-70.4651661,-5.69860859999998],[-70.47307429999998,-5.7077481],[-70.4665274,-5.7064401],[-70.4654529,-5.712533399999982],[-70.472248,-5.7099525],[-70.47325,-5.7162628],[-70.490296,-5.731570399999976],[-70.4878409,-5.735867],[-70.4841994,-5.7318555],[-70.4795615,-5.738572],[-70.483842,-5.748401899999975],[-70.4792798,-5.752190899999979],[-70.4888295,-5.77089930000002],[-70.4943779,-5.770220299999985],[-70.50066560000002,-5.778510199999978],[-70.4988172,-5.781799499999963],[-70.4935934,-5.7781297],[-70.4904609,-5.786638299999971],[-70.4974396,-5.783341899999967],[-70.4993714,-5.785884300000021],[-70.4925371,-5.791355799999974],[-70.49072810000001,-5.799201300000011],[-70.4940323,-5.795715600000021],[-70.501133,-5.798637699999983],[-70.5002127,-5.808333600000029],[-70.5051674,-5.804418],[-70.5031988,-5.7994357],[-70.5106092,-5.801790600000027],[-70.5133309,-5.8114973],[-70.519972,-5.8139459],[-70.5164758,-5.81692],[-70.5184753,-5.8227201],[-70.5106798,-5.820877299999967],[-70.5138372,-5.825749099999974],[-70.5108084,-5.8298992],[-70.5153681,-5.831698599999979],[-70.5149437,-5.8410436],[-70.520264,-5.839657499999979],[-70.5339756,-5.846240200000019],[-70.5367282,-5.852325099999977],[-70.53248519999998,-5.860226599999987],[-70.54059350000001,-5.855984300000024],[-70.5428101,-5.864933099999968],[-70.5554447,-5.862102600000033],[-70.549923,-5.8665467],[-70.5497388,-5.8727857],[-70.5545562,-5.867079800000011],[-70.5616594,-5.8700713],[-70.56589159999999,-5.878494200000028],[-70.5600925,-5.8760151],[-70.5622002,-5.881830600000028],[-70.5573758,-5.8842053],[-70.5643091,-5.889862799999979],[-70.5643863,-5.8964509],[-70.569129,-5.895718499999969],[-70.5715163,-5.907571900000015],[-70.57977560000002,-5.907150899999985],[-70.5730043,-5.9126372],[-70.5791131,-5.91749539999998],[-70.57395550000001,-5.9182113],[-70.5782705,-5.9342886],[-70.5887454,-5.928226099999985],[-70.5830171,-5.938944400000028],[-70.5914763,-5.937315300000011],[-70.59765290000001,-5.946199300000021],[-70.6039341,-5.945639400000014],[-70.599604,-5.952685800000017],[-70.6072659,-5.95218469999998],[-70.6089091,-5.9480446],[-70.6179764,-5.951085800000026],[-70.6168691,-5.958286800000013],[-70.6136821,-5.9522184],[-70.6139729,-5.957296500000012],[-70.60800070000002,-5.959625900000024],[-70.61213119999998,-5.963553900000026],[-70.6068305,-5.968868],[-70.6212974,-5.977051],[-70.623812,-5.9824988],[-70.6156712,-5.989003499999976],[-70.6173279,-5.994538],[-70.6101619,-6.004815700000028],[-70.6207609,-6.013193700000025],[-70.6302672,-6.012880299999983],[-70.6323901,-6.0204432],[-70.630048,-6.024579600000014],[-70.6234343,-6.0244829],[-70.6264468,-6.027704399999988],[-70.6236171,-6.0357314],[-70.6191272,-6.035619900000017],[-70.6210691,-6.04001],[-70.6098525,-6.0439467],[-70.613931,-6.0478832],[-70.6097905,-6.05091190000003],[-70.6142024,-6.053915100000011],[-70.6080779,-6.0564608],[-70.6119,-6.061854600000018],[-70.6073694,-6.063496],[-70.6114739,-6.067818699999981],[-70.6114211,-6.075122799999983],[-70.6063215,-6.073434900000025],[-70.6085788,-6.079570099999983],[-70.6027328,-6.078872800000021],[-70.5985567,-6.085147600000025],[-70.5927557,-6.0808701],[-70.591723,-6.08770589999998],[-70.5956059,-6.085770899999988],[-70.5966997,-6.0950616],[-70.5916642,-6.0952459],[-70.5938608,-6.107144800000013],[-70.58648709999999,-6.1146255],[-70.5976622,-6.120189500000013],[-70.5925826,-6.1251245],[-70.598523,-6.12887],[-70.5979575,-6.133923699999984],[-70.5945644,-6.133877599999982],[-70.5967382,-6.13896850000001],[-70.5927869,-6.14382520000001],[-70.5897872,-6.141611699999985],[-70.5913451,-6.147093499999983],[-70.5852858,-6.149446900000034],[-70.5858013,-6.153725900000016],[-70.57833,-6.154562500000021],[-70.5907212,-6.168075600000016],[-70.5889039,-6.182744599999975],[-70.59165440000001,-6.1816215],[-70.5948113,-6.1887205],[-70.5848604,-6.199577399999981],[-70.589036,-6.2039361],[-70.5849417,-6.21176139999997],[-70.5974117,-6.216978],[-70.5965075,-6.229861599999972],[-70.6015179,-6.2342114],[-70.5988746,-6.232547099999987],[-70.5985233,-6.236208399999983],[-70.6050875,-6.244377700000021],[-70.6074368,-6.242383599999978],[-70.6153989,-6.248648899999987],[-70.614452,-6.255351799999983],[-70.6171546,-6.253401199999971],[-70.6235841,-6.2596654],[-70.6279556,-6.269084800000011],[-70.6319835,-6.268381499999984],[-70.632958,-6.27724970000001],[-70.6426499,-6.282467],[-70.6446484,-6.278829],[-70.6451872,-6.2842836],[-70.6537035,-6.286288700000028],[-70.6552449,-6.291485499999986],[-70.6586389,-6.28882630000001],[-70.6654414,-6.303584400000021],[-70.6687003,-6.30086770000001],[-70.6743808,-6.3057314],[-70.6801894,-6.302558900000028],[-70.6859768,-6.313197],[-70.6968613,-6.311738299999979],[-70.6983093,-6.3274657],[-70.705981,-6.330569900000023],[-70.7046995,-6.334988899999978],[-70.7128153,-6.3370213],[-70.7109797,-6.342360799999982],[-70.7213467,-6.346337199999986],[-70.7201269,-6.354730200000011],[-70.73017790000002,-6.360838499999987],[-70.7269894,-6.3629998],[-70.7329769,-6.3652464],[-70.73282610000001,-6.371778200000018],[-70.7462778,-6.377804400000024],[-70.756806,-6.376216699999974],[-70.7611987,-6.3863484],[-70.7758094,-6.3929198],[-70.773424,-6.405972800000029],[-70.7785773,-6.409070600000011],[-70.7792635,-6.406250100000019],[-70.7828016,-6.405606200000014],[-70.78359650000002,-6.409735800000014],[-70.7858333,-6.405379400000016],[-70.7915691,-6.414631600000012],[-70.7987109,-6.417138199999989],[-70.7981502,-6.4255534],[-70.8037333,-6.42609850000002],[-70.8036817,-6.431727399999982],[-70.8058024,-6.42960270000002],[-70.8080316,-6.4329417],[-70.8049669,-6.439981899999986],[-70.8135551,-6.443062],[-70.8177071,-6.4612266],[-70.823032,-6.4642032],[-70.8274165,-6.461839600000022],[-70.8275151,-6.468075500000021],[-70.8346266,-6.470167800000014],[-70.8363064,-6.4771613],[-70.8533587,-6.490025300000016],[-70.853392,-6.493847],[-70.86831419999999,-6.497375800000022],[-70.8695849,-6.493455599999979],[-70.8804256,-6.492548900000013],[-70.8817236,-6.487890699999971],[-70.9018584,-6.4924136],[-70.9091456,-6.5008793],[-70.9057155,-6.503696599999973],[-70.9080477,-6.509165],[-70.9125973,-6.5090812],[-70.9142093,-6.5152545],[-70.916871,-6.5137672],[-70.9363981,-6.529187199999987],[-70.9398422,-6.5255465],[-70.9421033,-6.52823],[-70.9425756,-6.523598299999984],[-70.951911,-6.5247123],[-70.9514625,-6.5176513],[-70.9603938,-6.516322799999973],[-70.9783363,-6.52042960000001],[-70.9890404,-6.534447099999987],[-71.005209,-6.5328249],[-71.01152,-6.5371618],[-71.0113316,-6.532983099999981],[-71.0163655,-6.531541399999977],[-71.0228256,-6.539925],[-71.0278816,-6.537720199999987],[-71.0265182,-6.540376100000023],[-71.040408,-6.544283100000028],[-71.0450795,-6.541948200000024],[-71.0592409,-6.5673655],[-71.0645385,-6.569333499999982],[-71.0661557,-6.57994220000002],[-71.0793565,-6.590376599999987],[-71.08654,-6.608038599999975],[-71.0970848,-6.603840700000011],[-71.1118281,-6.612850899999987],[-71.1228941,-6.609857799999978],[-71.12626880000002,-6.614921099999983],[-71.136789,-6.6146658],[-71.141138,-6.6190727],[-71.148607,-6.6150938],[-71.172622,-6.622473500000019],[-71.18352659999998,-6.6167143],[-71.19233,-6.625347699999985],[-71.205667,-6.619766500000019],[-71.2180878,-6.622034099999969],[-71.2316727,-6.61571689999997],[-71.2433222,-6.620341700000022],[-71.2439888,-6.626462299999979],[-71.2572698,-6.634481799999967],[-71.2803662,-6.6638033],[-71.3022392,-6.678104700000021],[-71.334316,-6.6685454],[-71.34139879999998,-6.6715353],[-71.3433284,-6.681320700000025],[-71.3786357,-6.734993399999975],[-71.3867409,-6.761018],[-71.4039414,-6.7692094],[-71.4109983,-6.7873205],[-71.4434433,-6.8053648],[-71.45,-6.836693300000017],[-71.4616993,-6.8546317],[-71.4778051,-6.8633905],[-71.4882837,-6.8490389],[-71.4952962,-6.847730700000016],[-71.504174,-6.85081850000002],[-71.5189422,-6.868485],[-71.52965610000001,-6.863138],[-71.5363049,-6.864384899999978],[-71.5487953,-6.949147700000021],[-71.5554615,-6.950776400000023],[-71.5700493,-6.9430129],[-71.5855282,-6.927723499999987],[-71.5944001,-6.926772800000015],[-71.59961070000001,-6.9346454],[-71.5995095,-6.957233700000023],[-71.6178468,-6.9605754],[-71.6305694,-6.9730356],[-71.6384005,-6.9744311],[-71.646069,-6.970838900000015],[-71.65006070000001,-6.9619612],[-71.6481117,-6.9512144],[-71.6340556,-6.930270799999983],[-71.6341864,-6.913373699999989],[-71.653557,-6.9105554],[-71.6757766,-6.890313499999984],[-71.6915673,-6.883802499999982],[-71.7010689,-6.883759599999977],[-71.72080819999998,-6.91767140000001],[-71.728306,-6.9136968],[-71.7448514,-6.918341],[-71.7539816,-6.901751599999988],[-71.7594938,-6.902189099999989],[-71.7719415,-6.9142912],[-71.7870754,-6.9089174],[-71.8005961,-6.920871399999983],[-71.7946812,-6.934421],[-71.7979203,-6.953861499999989],[-71.7932058,-6.9770705],[-71.7968434,-6.981844199999989],[-71.8563353,-6.9989543],[-71.8872199,-6.997042099999986],[-71.9097845,-6.9868644],[-71.91943110000001,-6.986834200000017],[-71.9334907,-6.9955281],[-71.9321381,-7.007877],[-71.94278530000001,-7.012013599999977],[-71.9716231,-7.0037212],[-71.981264,-7.005870800000025],[-71.9865105,-7.0124223],[-71.9882226,-7.028022200000017],[-71.9779911,-7.046519700000015],[-71.9770782,-7.058054699999989],[-71.9884353,-7.096193199999988],[-72.0069752,-7.094187200000023],[-72.0212549,-7.1057349],[-72.0465273,-7.0991106],[-72.0819242,-7.122684600000018],[-72.1061837,-7.1300998],[-72.1589314,-7.129442799999988],[-72.183488,-7.1332262],[-72.195611,-7.1455603],[-72.2155142,-7.1809093],[-72.2402722,-7.1913285],[-72.2673553,-7.1862948],[-72.2828493,-7.1770291],[-72.315574,-7.2054023],[-72.3329901,-7.207583600000023],[-72.3584889,-7.2030247],[-72.37902529999998,-7.215922],[-72.3875738,-7.2139164],[-72.3872843,-7.204522600000023],[-72.3710097,-7.182991899999985],[-72.40521850000002,-7.1546652],[-72.421074,-7.123114700000011],[-72.4328219,-7.1124777],[-72.4752741,-7.1173404],[-72.4870151,-7.127188200000016],[-72.5332115,-7.132174],[-72.55535,-7.1240238],[-72.5694922,-7.113765100000015],[-72.5842102,-7.114802699999973],[-72.5995498,-7.1076818],[-72.61495909999998,-7.111722],[-72.6219346,-7.108736400000011],[-72.6448306,-7.074749900000016],[-72.6677353,-7.050037300000026],[-72.6838869,-7.018520500000033],[-72.6985491,-7.0098721],[-72.7000633,-6.969100599999989],[-72.6970421,-6.960911],[-72.6780063,-6.9592745],[-72.663576,-6.9504622],[-72.6726126,-6.9159954],[-72.6782028,-6.908293900000023],[-72.693989,-6.9033041],[-72.7245172,-6.908422],[-72.7621565,-6.937978299999974],[-72.784912,-6.9722852],[-72.8201876,-6.979712499999986],[-72.8510832,-7.000031500000016],[-72.8789136,-6.9946115],[-72.9017669,-6.996202199999977],[-72.9571308,-7.020194400000021],[-73.0101086,-7.028294599999986],[-73.0821113,-6.996382400000019],[-73.1069153,-6.9814383],[-73.1221959,-6.977610499999988],[-73.1470791,-6.940586400000014],[-73.1784025,-6.9297958],[-73.193191,-6.918298400000026],[-73.221021,-6.924211199999989],[-73.2601621,-6.920586699999986],[-73.2983091,-6.942980899999972],[-73.3174106,-6.940696500000012],[-73.3676695,-6.950026500000011],[-73.4013861,-6.943792],[-73.437785,-6.952033299999989],[-73.4535533,-6.9290397],[-73.4889715,-6.934036],[-73.4986252,-6.932855800000013],[-73.5063882,-6.9266374],[-73.515555,-6.926824900000018],[-73.5356551,-6.942153299999983],[-73.5681335,-6.930201300000022],[-73.6118086,-6.9387143],[-73.6279182,-6.9365761],[-73.6560245,-6.9504049],[-73.6804641,-6.953947499999987],[-73.6857525,-6.969792300000012],[-73.6836651,-6.980651300000019],[-73.6662243,-7.0007151],[-73.7087976,-7.0411515],[-73.7382002,-7.1346838],[-73.798141,-7.11305730000001],[-73.7840961,-7.104649500000026],[-73.7871906,-7.0918781],[-73.7579054,-7.0599965],[-73.7560458,-7.044800500000026],[-73.7630248,-7.0360527],[-73.7556803,-7.014996900000011],[-73.7562157,-7.0107424],[-73.7629115,-7.008674700000027],[-73.7573864,-7.001864700000011],[-73.7616266,-6.9782883],[-73.746047,-6.968728799999985],[-73.7446372,-6.962108],[-73.7495722,-6.9529594],[-73.7578194,-6.9486621],[-73.76235670000001,-6.9375292],[-73.7482656,-6.920482699999986],[-73.74798,-6.907341],[-73.7219551,-6.8846117],[-73.7247128,-6.8820443],[-73.7197261,-6.8781352],[-73.7201627,-6.866834],[-73.71389,-6.8613035],[-73.7168153,-6.858079799999985],[-73.712078,-6.853742699999986],[-73.7108773,-6.840112900000017],[-73.7010897,-6.837296700000021],[-73.7002014,-6.8404478],[-73.6983409,-6.8377978],[-73.6972183,-6.840731400000018],[-73.6953918,-6.840287499999982],[-73.6828082,-6.813836399999984],[-73.66648210000001,-6.8060823],[-73.6666258,-6.799405300000022],[-73.6529741,-6.786546800000016],[-73.6511767,-6.7770504],[-73.64379780000002,-6.775507599999981],[-73.6444964,-6.76368250000001],[-73.638391,-6.7536548],[-73.6225563,-6.751333400000012],[-73.6247685,-6.747673100000024],[-73.61777,-6.744671100000015],[-73.6184059,-6.7416372],[-73.6111386,-6.740941800000015],[-73.6020971,-6.7311974],[-73.593179,-6.7311761],[-73.594042,-6.727024199999984],[-73.5895918,-6.727857800000028],[-73.587277,-6.723304800000012],[-73.5825255,-6.7267007],[-73.5676658,-6.721243],[-73.5622299,-6.7229895],[-73.5538468,-6.7038073],[-73.5388561,-6.694645500000016],[-73.5397897,-6.6860203],[-73.5292174,-6.684880899999984],[-73.5214406,-6.6762694],[-73.5152932,-6.680579100000021],[-73.5052352,-6.67248180000002],[-73.4846629,-6.67444],[-73.4807047,-6.666672900000015],[-73.4728451,-6.6673085],[-73.4719784,-6.663663300000025],[-73.4693375,-6.667730599999985],[-73.4580863,-6.6673776],[-73.4396817,-6.651225700000015],[-73.43320629999998,-6.6496609],[-73.4247238,-6.654632],[-73.4144683,-6.6422846],[-73.4038591,-6.64395660000003],[-73.4026876,-6.639293100000023],[-73.3905171,-6.6416902],[-73.3866198,-6.6340235],[-73.3800255,-6.6360243],[-73.3828285,-6.6212596],[-73.3730773,-6.607746199999985],[-73.3687912,-6.613720700000018],[-73.36637519999998,-6.6062254],[-73.3572236,-6.603592600000018],[-73.3528944,-6.593066699999977],[-73.3455047,-6.5979805],[-73.3432489,-6.5912857],[-73.3331629,-6.593687099999979],[-73.32871669999999,-6.6008258],[-73.3275498,-6.5949526],[-73.3160329,-6.595280700000022],[-73.315538,-6.5903688],[-73.3129984,-6.5942037],[-73.3039603,-6.591787800000024],[-73.2968143,-6.5971655],[-73.2931321,-6.5882439],[-73.2859861,-6.5855004],[-73.2823549,-6.5882657],[-73.2816606,-6.583425800000028],[-73.2795096,-6.587225100000011],[-73.2703218,-6.58641580000002],[-73.268469,-6.59364780000003],[-73.268568,-6.587943899999977],[-73.2562227,-6.5862802],[-73.2556022,-6.581084700000019],[-73.25327169999998,-6.5846496],[-73.2517137,-6.580629099999987],[-73.2458646,-6.5833689],[-73.2402795,-6.5923869],[-73.2370314,-6.5904856],[-73.2429611,-6.586584],[-73.2418243,-6.583236800000025],[-73.2276503,-6.588122099999976],[-73.2262045,-6.584517600000027],[-73.2313925,-6.579536899999987],[-73.2296639,-6.570865099999985],[-73.218632,-6.563304700000013],[-73.2123388,-6.576295800000021],[-73.2067318,-6.576407200000022],[-73.1965322,-6.563037800000017],[-73.2035817,-6.5591623],[-73.2033712,-6.5528445],[-73.1974768,-6.555433799999979],[-73.1935355,-6.5527417],[-73.1999636,-6.545639099999984],[-73.19585209999998,-6.54783260000001],[-73.194122,-6.541686099999988],[-73.1916997,-6.548642],[-73.1887319,-6.5441003],[-73.1817467,-6.545257900000014],[-73.1876176,-6.539662599999982],[-73.1805033,-6.540172899999983],[-73.1760048,-6.534243300000012],[-73.1798992,-6.529304900000017],[-73.18788739999998,-6.528630499999969],[-73.1882423,-6.5222624],[-73.1731944,-6.5272872],[-73.1709349,-6.517148100000027],[-73.1638876,-6.527387300000015],[-73.1594738,-6.5245273],[-73.1524581,-6.527123900000011],[-73.1448209,-6.507309299999978],[-73.1405134,-6.504327400000016],[-73.1414026,-6.514351400000022],[-73.135572,-6.5109963],[-73.1364306,-6.49818159999998],[-73.1319641,-6.4969228],[-73.1363094,-6.493799399999982],[-73.1394591,-6.496043200000029],[-73.1378421,-6.48984389999998],[-73.1417397,-6.4937994],[-73.1432935,-6.491123799999984],[-73.128372,-6.4771556],[-73.1321695,-6.4748908],[-73.12984680000001,-6.4630189],[-73.1235579,-6.466669],[-73.1169952,-6.462012899999982],[-73.1158154,-6.4536541],[-73.1116334,-6.4539912],[-73.1139878,-6.4395648],[-73.1213932,-6.431221899999984],[-73.1148937,-6.424516900000012],[-73.11644219999998,-6.421335599999981],[-73.1063927,-6.419576499999973],[-73.1041326,-6.410248599999981],[-73.1190476,-6.38846],[-73.1254329,-6.389272500000025],[-73.127963,-6.393888499999989],[-73.1302831,-6.374979200000028],[-73.1362371,-6.380029900000029],[-73.132716,-6.372176700000018],[-73.1383313,-6.368563200000026],[-73.1324655,-6.3618782],[-73.1379515,-6.355957100000016],[-73.1416539,-6.3584512],[-73.1439876,-6.334235],[-73.1515226,-6.3385671],[-73.14783719999998,-6.322788900000017],[-73.1522925,-6.329225399999979],[-73.157528,-6.325540100000011],[-73.1601046,-6.3045572],[-73.1569531,-6.299106099999974],[-73.1645086,-6.290164800000029],[-73.157877,-6.291417199999972],[-73.160002,-6.282763299999989],[-73.1633896,-6.28534],[-73.160854,-6.276891400000033],[-73.1723618,-6.270280299999985],[-73.1723823,-6.264747199999981],[-73.176622,-6.264973],[-73.1754312,-6.260753899999985],[-73.1811491,-6.261657199999977],[-73.1813852,-6.2570788],[-73.1880476,-6.2622013],[-73.19050110000002,-6.256380700000026],[-73.1875857,-6.253403700000032],[-73.1928314,-6.254440499999969],[-73.1944533,-6.242132],[-73.2040517,-6.230028899999986],[-73.208199,-6.231045200000019],[-73.2087739,-6.2202868],[-73.2142454,-6.2203998],[-73.2131983,-6.226600200000026],[-73.2207886,-6.219642900000014],[-73.2121512,-6.2017677],[-73.2175099,-6.1968813],[-73.2229609,-6.199694],[-73.2215949,-6.195497399999982],[-73.225038,-6.194298800000013],[-73.2157955,-6.1918101],[-73.2174175,-6.182909800000024],[-73.2327525,-6.16281360000003],[-73.2456809,-6.1532983],[-73.2466745,-6.13319350000002],[-73.2499906,-6.131058199999987],[-73.2462026,-6.119268499999989],[-73.2485998,-6.1136537],[-73.2445424,-6.1113737],[-73.2485223,-6.1079093],[-73.2429891,-6.108330200000013],[-73.2450525,-6.103484800000013],[-73.239817,-6.1025301],[-73.240474,-6.098567599999982],[-73.236183,-6.100415399999977],[-73.2375278,-6.090077899999976],[-73.2318304,-6.0908889],[-73.2403257,-6.076843],[-73.22820669999999,-6.076773699999984],[-73.2356063,-6.0634082],[-73.2293564,-6.05344],[-73.236636,-6.0510031],[-73.2341201,-6.047028500000024],[-73.23060809999998,-6.04955670000001],[-73.2284428,-6.043164100000011],[-73.23921530000001,-6.045955900000018],[-73.2342631,-6.037604099999988],[-73.2379241,-6.0361986],[-73.2288532,-6.0377186],[-73.2283956,-6.0296283],[-73.218295,-6.027209400000029],[-73.22395,-6.025493299999988],[-73.2224887,-6.021431799999983],[-73.2160727,-6.025240400000018],[-73.20961629999998,-6.0220447],[-73.2193083,-6.02009969999998],[-73.2090443,-6.0130882],[-73.2097171,-6.0083191],[-73.2035343,-6.0110861],[-73.1986822,-6.006027600000011],[-73.1945756,-6.0101668],[-73.1924666,-6.002136399999988],[-73.1908533,-6.006056899999971],[-73.1872907,-6.005092400000013],[-73.19172829999998,-5.994305],[-73.1887873,-5.991525599999976],[-73.1946272,-5.989985],[-73.1897453,-5.9842838],[-73.1870483,-5.988602400000011],[-73.1868495,-5.9802111],[-73.1824405,-5.979887499999985],[-73.1769611,-5.970876199999976],[-73.18293649999998,-5.967496900000032],[-73.1781381,-5.962486100000011],[-73.1853028,-5.961226],[-73.18055119999998,-5.9526584],[-73.1861266,-5.9508276],[-73.1871999,-5.944521399999983],[-73.1835281,-5.9389158],[-73.1800616,-5.939759199999979],[-73.180084,-5.926469499999974],[-73.17469,-5.926486599999965],[-73.17570370000001,-5.9317336],[-73.1714639,-5.9283301],[-73.1693643,-5.923140899999973],[-73.1726588,-5.920887800000024],[-73.1660694,-5.914166400000012],[-73.1683402,-5.9030672],[-73.1636307,-5.898489399999967],[-73.167576,-5.896790099999977],[-73.153558,-5.886902500000023],[-73.15669759999999,-5.880422599999974],[-73.1616163,-5.886472099999974],[-73.1526608,-5.8686289],[-73.1460459,-5.872043700000021],[-73.14427060000001,-5.866469100000023],[-73.1351003,-5.86959],[-73.1387074,-5.8648522],[-73.1361745,-5.863382199999989],[-73.1282819,-5.8705851],[-73.1293561,-5.863043],[-73.1224811,-5.857705799999987],[-73.1172571,-5.864207599999979],[-73.1122931,-5.857807599999973],[-73.1147187,-5.833403300000011],[-73.1008655,-5.8256258],[-73.0893993,-5.830459200000022],[-73.0921884,-5.823410300000033],[-73.0877445,-5.8196901],[-73.0963382,-5.8219177],[-73.0870322,-5.814160699999976],[-73.0764031,-5.816467500000027],[-73.0758945,-5.809773700000029],[-73.0803042,-5.8134936],[-73.0851664,-5.811254699999972],[-73.0798972,-5.8002865],[-73.074237,-5.805567099999984],[-73.0705083,-5.795908],[-73.0678597,-5.802588900000018],[-73.0610137,-5.796871600000018],[-73.06234790000002,-5.793275800000033],[-73.05460229999998,-5.796577599999988],[-73.0548511,-5.788232700000015],[-73.0487483,-5.781603799999984],[-73.055893,-5.778486399999978],[-73.05470409999998,-5.774810699999978],[-73.04271019999999,-5.775455099999978],[-73.0486991,-5.770222400000023],[-73.0447625,-5.764425600000018],[-73.0469529,-5.75909669999998],[-73.0179971,-5.739387699999977],[-73.02673760000002,-5.732794],[-73.0044467,-5.732107],[-73.0040133,-5.7277557],[-73.01016,-5.72729580000003],[-73.0069054,-5.7231567],[-72.9994193,-5.727833500000014],[-73.0023983,-5.718685],[-72.9979633,-5.7202473],[-72.9952463,-5.7163038],[-72.9999014,-5.712378599999981],[-72.99834509999998,-5.708439600000012],[-73.0036124,-5.707793499999988],[-72.99872470000001,-5.6999098],[-72.99194850000002,-5.700405600000011],[-72.9934911,-5.7060248],[-72.9905437,-5.706327799999981],[-72.9883677,-5.70028170000001],[-72.9932707,-5.695736699999981],[-72.983988,-5.693422900000027],[-72.98660639999999,-5.682541],[-72.9803295,-5.6777836],[-72.9898279,-5.674177200000019],[-72.9895996,-5.6668219],[-72.985028,-5.660725900000016],[-72.9742456,-5.660611499999985],[-72.9701358,-5.655903],[-72.9635507,-5.661499400000026],[-72.9588759,-5.65629319999997],[-72.9677547,-5.644037700000037],[-72.9636112,-5.6388786],[-72.9679859,-5.633749400000033],[-72.9665103,-5.62117470000001],[-72.9747803,-5.623153700000014],[-72.9702078,-5.6177364],[-72.9740725,-5.613019799999974],[-72.962127,-5.595796],[-72.9638283,-5.5907433],[-72.9583751,-5.590782799999972],[-72.9556887,-5.5832132],[-72.9511231,-5.5830892],[-72.9609699,-5.579355700000014],[-72.9523147,-5.577126399999989],[-72.9610988,-5.573367299999973],[-72.9507581,-5.561150599999972],[-72.9575239,-5.558527],[-72.9497561,-5.5475158],[-72.9383628,-5.541247099999973],[-72.9484269,-5.539661599999984],[-72.9487986,-5.544846500000014],[-72.9530876,-5.544875100000026],[-72.9510193,-5.536335300000026],[-72.9548754,-5.5230933],[-72.960635,-5.5223339],[-72.958167,-5.511689600000015],[-72.9623563,-5.505541],[-72.9583874,-5.498509199999987],[-72.9618571,-5.495553699999986],[-72.9491418,-5.48018070000002],[-72.9540353,-5.47800180000003],[-72.9586078,-5.4817067],[-72.9545173,-5.46697],[-72.9588278,-5.465924899999988],[-72.9458543,-5.453417799999983],[-72.9456439,-5.446348199999989],[-72.9520933,-5.44412129999998],[-72.9369022,-5.434976300000021],[-72.9387121,-5.417654900000014],[-72.9236682,-5.4067859],[-72.9269102,-5.397433],[-72.92091590000001,-5.395823700000014],[-72.9207993,-5.3860743],[-72.9162278,-5.384278300000028],[-72.920776,-5.376558100000017],[-72.9065017,-5.3690711],[-72.9049857,-5.363846599999981],[-72.9104668,-5.362610400000026],[-72.9034929,-5.352184600000021],[-72.8899481,-5.35127540000001],[-72.8979586,-5.340060699999972],[-72.8956623,-5.33183650000002],[-72.9003084,-5.332263699999982],[-72.9037529,-5.340354400000011],[-72.9044739,-5.333945899999984],[-72.8993738,-5.3268166],[-72.89000149999998,-5.3254281],[-72.8879721,-5.3216631],[-72.8918439,-5.31653629999998],[-72.8858894,-5.31893950000001],[-72.8872779,-5.312157199999982],[-72.8823113,-5.310528399999977],[-72.8861297,-5.307698],[-72.8897611,-5.3101012],[-72.8872512,-5.304093300000011],[-72.8816705,-5.3074043],[-72.879561,-5.301690099999984],[-72.8745945,-5.3032121],[-72.8763034,-5.2963231],[-72.8704824,-5.293466],[-72.8773181,-5.289273800000018],[-72.8677321,-5.2901282],[-72.8696814,-5.283452800000028],[-72.8649284,-5.276804],[-72.86869339999998,-5.274027],[-72.86076289999998,-5.270208699999968],[-72.8677588,-5.26273210000003],[-72.8721913,-5.2632662],[-72.86797239999999,-5.26014209999998],[-72.8685352,-5.248733099999988],[-72.8623059,-5.246782],[-72.8738008,-5.249438300000021],[-72.8637002,-5.233199900000019],[-72.8702421,-5.2176861],[-72.8655426,-5.206685],[-72.8764102,-5.203400700000012],[-72.86986829999998,-5.201424699999986],[-72.8694677,-5.195924100000019],[-72.8773982,-5.191331399999977],[-72.8694282,-5.178380899999987],[-72.8786709,-5.172577199999979],[-72.8846274,-5.175285899999987],[-72.8872334,-5.161845199999965],[-72.8749571,-5.1517183],[-72.8667199,-5.1514168],[-72.8689739,-5.144167199999986],[-72.8622698,-5.14516359999997],[-72.8603624,-5.139449800000033],[-72.8507465,-5.135865900000017],[-72.8503624,-5.146576100000027],[-72.8372511,-5.143846500000033],[-72.8337592,-5.138040599999989],[-72.8245244,-5.1443514],[-72.8234536,-5.131468],[-72.815976,-5.139484499999964],[-72.8136134,-5.134142700000038],[-72.818307,-5.1238292],[-72.8184939,-5.102574500000012],[-72.8024461,-5.111332699999982],[-72.7906172,-5.1056719],[-72.7866654,-5.1137359],[-72.7800281,-5.1019446],[-72.7846894,-5.0931221],[-72.7791354,-5.0927482],[-72.7693092,-5.0999577],[-72.76119180000002,-5.0925613],[-72.7640489,-5.085378500000011],[-72.7569729,-5.0825481],[-72.7566213,-5.076629200000014],[-72.74045780000002,-5.088876500000036],[-72.7385389,-5.074812099999974],[-72.7306756,-5.075403400000027],[-72.7316996,-5.069223900000033],[-72.7385353,-5.066874199999975],[-72.7382505,-5.0604301],[-72.7261456,-5.0613107],[-72.7289049,-5.051653],[-72.7174733,-5.05796009999996],[-72.7102965,-5.0478892],[-72.6925239,-5.06097909999998],[-72.6844603,-5.050818200000032],[-72.6727486,-5.051873200000013],[-72.6702666,-5.047193300000033],[-72.6664439,-5.059572199999989],[-72.658023,-5.054151100000031],[-72.6611573,-5.061280499999977],[-72.6575791,-5.0634328],[-72.6533552,-5.0603793],[-72.6528172,-5.0500886],[-72.6423092,-5.044642600000021],[-72.6390987,-5.053706300000026],[-72.6424087,-5.062601899999963],[-72.6289865,-5.0498562],[-72.6297342,-5.037644600000037],[-72.6214388,-5.0508531],[-72.6168817,-5.0335503],[-72.6068418,-5.02863710000001],[-72.6129654,-5.014752199999972],[-72.6022491,-5.011191900000017],[-72.5993465,-5.000346700000017],[-72.6089851,-4.999143399999989],[-72.6105386,-4.995556199999966],[-72.5983082,-4.994737],[-72.5988731,-4.9837212],[-72.5903994,-4.985528900000017],[-72.5908513,-4.9950195],[-72.5852022,-4.998380699999968],[-72.5839506,-4.981791699999967],[-72.5679511,-4.983761800000027],[-72.5667707,-4.97364],[-72.5523171,-4.963806200000022],[-72.55203109999998,-4.955655499999984],[-72.5376999,-4.95336760000001],[-72.538542,-4.964251100000021],[-72.52684819999999,-4.953208700000018],[-72.5217799,-4.959818199999964],[-72.5210808,-4.9328082],[-72.5040327,-4.938416799999979],[-72.506988,-4.9456142],[-72.4969943,-4.950269400000038],[-72.4919418,-4.935525099999977],[-72.487366,-4.933793300000016],[-72.4835846,-4.940927100000026],[-72.48709589999999,-4.9512386],[-72.4810107,-4.951461],[-72.47409930000002,-4.942659],[-72.4771181,-4.931092299999971],[-72.4730348,-4.92426040000003],[-72.457941,-4.924514600000015],[-72.4562727,-4.917047100000027],[-72.4506801,-4.9151246],[-72.4622785,-4.910056300000019],[-72.4628822,-4.902970100000026],[-72.4692057,-4.9058936],[-72.4667272,-4.897933599999967],[-72.4703179,-4.891483],[-72.45349229999998,-4.891864300000029],[-72.4544932,-4.900920599999986],[-72.4417032,-4.8985691],[-72.4390022,-4.908467500000041],[-72.43431520000001,-4.911104899999988],[-72.4293263,-4.909754399999971],[-72.4284365,-4.9015561],[-72.4145502,-4.900475700000025],[-72.4183316,-4.8925475],[-72.4152493,-4.886907100000037],[-72.4231458,-4.881536899999978],[-72.4230981,-4.876849899999978],[-72.4122623,-4.876405],[-72.4097838,-4.8867006],[-72.4051444,-4.889226800000015],[-72.4012359,-4.886081],[-72.4006321,-4.874593800000034],[-72.38997110000001,-4.868540299999986],[-72.3859196,-4.87454610000004],[-72.3823289,-4.873545099999989],[-72.3815027,-4.869112300000021],[-72.3897805,-4.862121499999972],[-72.38031110000001,-4.8585149],[-72.3841084,-4.851206299999986],[-72.3752904,-4.837923699999965],[-72.3897964,-4.833888100000038],[-72.3719539,-4.832775900000032],[-72.382599,-4.826341200000035],[-72.3756241,-4.8221467],[-72.3630882,-4.826420599999972],[-72.3589255,-4.824069199999986],[-72.3718109,-4.808498700000021],[-72.3705557,-4.804685500000023],[-72.3447691,-4.806623900000011],[-72.3427354,-4.795740499999988],[-72.338382,-4.7929283],[-72.33611,-4.797631199999988],[-72.339526,-4.804479],[-72.3245434,-4.801968700000021],[-72.3264976,-4.81228009999997],[-72.323463,-4.8128362],[-72.3202559,-4.7881794],[-72.3291155,-4.785875199999987],[-72.3259718,-4.778909],[-72.310128,-4.774693499999975],[-72.3085383,-4.779641300000027],[-72.3136647,-4.78633960000002],[-72.3065377,-4.7904301],[-72.3017864,-4.775265099999978],[-72.283049,-4.78298150000003],[-72.2785477,-4.770228],[-72.2771723,-4.789233300000014],[-72.2843351,-4.795913800000036],[-72.2717244,-4.798235799999963],[-72.2653119,-4.785625100000042],[-72.2544874,-4.790965899999987],[-72.2622396,-4.7797842],[-72.256738,-4.765208699999974],[-72.2506828,-4.76545880000003],[-72.2438416,-4.780981],[-72.2370004,-4.774997200000019],[-72.2294625,-4.774782800000014],[-72.2283015,-4.767334300000034],[-72.2227999,-4.771942700000011],[-72.2160838,-4.767566500000026],[-72.2123149,-4.758992699999987],[-72.22276420000001,-4.755188],[-72.2112431,-4.7523837],[-72.2079744,-4.746935700000031],[-72.1992398,-4.757420799999966],[-72.1923271,-4.755456],[-72.1958638,-4.760600300000029],[-72.19323809999999,-4.762261399999989],[-72.1875222,-4.749829399999983],[-72.1921842,-4.7452388],[-72.1726073,-4.7339142],[-72.1587998,-4.735343199999988],[-72.1619436,-4.728091099999974],[-72.1460284,-4.723161200000026],[-72.1405012,-4.710677800000042],[-72.127138,-4.7224032],[-72.1337895,-4.733194099999988],[-72.124174,-4.732882699999972],[-72.1207278,-4.726271399999987],[-72.1251587,-4.715540699999988],[-72.1128506,-4.711491599999985],[-72.1135237,-4.7053024],[-72.10184859999998,-4.705433],[-72.0992965,-4.696711799999964],[-72.09089680000001,-4.689899600000026],[-72.0896208,-4.680625800000032],[-72.0825374,-4.68408210000003],[-72.0776643,-4.68107790000002],[-72.0812111,-4.668850200000013],[-72.0703196,-4.662892],[-72.0659992,-4.675853300000019],[-72.060443,-4.674175300000027],[-72.0601114,-4.6679961],[-72.0690045,-4.6595049],[-72.0581265,-4.649341399999969],[-72.0469091,-4.654521399999986],[-72.0461588,-4.643482600000044],[-72.0379958,-4.643268199999973],[-72.0428642,-4.623261100000016],[-72.0156681,-4.631765],[-72.0062369,-4.64587609999997],[-72.0023787,-4.6290678],[-71.9819563,-4.626869800000025],[-71.9869418,-4.613296],[-71.9957054,-4.613958100000024],[-71.99405,-4.60895320000001],[-71.9846243,-4.6038313],[-71.9779445,-4.612010699999985],[-71.9707389,-4.609031100000033],[-71.965656,-4.611348499999973],[-71.9605342,-4.605408800000012],[-71.9543802,-4.610063200000016],[-71.9474667,-4.608719500000019],[-71.9515564,-4.5998196],[-71.9435133,-4.594697700000021],[-71.9508942,-4.581182300000022],[-71.9343797,-4.577969],[-71.9281673,-4.5694781],[-71.9331333,-4.565388400000029],[-71.93155590000002,-4.5619219],[-71.9200464,-4.5644731],[-71.9226365,-4.5516977],[-71.9281284,-4.5475496],[-71.9196959,-4.540168699999959],[-71.92250019999999,-4.5352027],[-71.9193843,-4.5295161],[-71.8986243,-4.529944599999975],[-71.8903281,-4.54020770000003],[-71.8853231,-4.537033300000028],[-71.8948267,-4.52307],[-71.90805,-4.521005700000035],[-71.9064531,-4.5153775],[-71.8930351,-4.515397],[-71.8860242,-4.522563700000038],[-71.8855179,-4.516429199999982],[-71.8805129,-4.5158255],[-71.8660627,-4.5273544],[-71.8579223,-4.512436900000036],[-71.8398693,-4.5053286],[-71.8352149,-4.5160786],[-71.8300152,-4.514520699999988],[-71.8279314,-4.507568200000031],[-71.83465010000002,-4.500752100000025],[-71.8327027,-4.496701400000027],[-71.8077751,-4.505289700000017],[-71.8114364,-4.493760699999981],[-71.794474,-4.484802400000029],[-71.7937339,-4.4959419],[-71.7845419,-4.4974998],[-71.7898585,-4.486243499999982],[-71.7857688,-4.4835365],[-71.77225339999998,-4.4897294],[-71.7689622,-4.504530200000031],[-71.7509092,-4.49422810000001],[-71.7491565,-4.48044],[-71.7544925,-4.471325900000014],[-71.7511818,-4.468346299999959],[-71.7422819,-4.4786289],[-71.7384454,-4.496526099999982],[-71.72442370000002,-4.498765700000024],[-71.707656,-4.510839900000038],[-71.6895251,-4.49804510000003],[-71.6763798,-4.50133629999997],[-71.6730886,-4.5064971],[-71.65982630000002,-4.5023101],[-71.6551329,-4.4890284],[-71.661618,-4.474987100000019],[-71.6545682,-4.472202300000011],[-71.6476742,-4.4807516],[-71.6504785,-4.503751200000011],[-71.6259794,-4.48986579999998],[-71.6281216,-4.476253],[-71.6170211,-4.467820500000035],[-71.6116461,-4.472611199999989],[-71.613613,-4.483867600000039],[-71.6217534,-4.502719],[-71.63419769999999,-4.509009299999986],[-71.6344119,-4.512534199999977],[-71.6214041,-4.526866100000029],[-71.6029799,-4.529418699999971],[-71.5934568,-4.5266923],[-71.56821759999998,-4.507042399999963],[-71.56031090000002,-4.491501600000021],[-71.55178110000001,-4.486633],[-71.5590061,-4.4783173],[-71.5503789,-4.476778800000041],[-71.536474,-4.482114899999981],[-71.5405247,-4.4690084],[-71.537253,-4.463769800000024],[-71.5255098,-4.465873],[-71.5175057,-4.4627571],[-71.51688249999998,-4.4729034],[-71.4946425,-4.486224],[-71.4949346,-4.471540100000027],[-71.5076321,-4.457167900000033],[-71.5080021,-4.4386475],[-71.4832303,-4.457635199999965],[-71.4778943,-4.4521823],[-71.47855639999999,-4.434596799999983],[-71.4615551,-4.4399523],[-71.4516035,-4.432493500000018],[-71.451214,-4.447489],[-71.4380102,-4.4498454],[-71.4333948,-4.444100400000019],[-71.4393345,-4.431617099999972],[-71.4333363,-4.428501199999962],[-71.4238132,-4.437946399999971],[-71.4117584,-4.4375179],[-71.4321854,-4.448589899999969],[-71.4335098,-4.4589412],[-71.4245875,-4.469222699999965],[-71.4088689,-4.4482763],[-71.4015063,-4.444530800000026]]]}},{"type":"Feature","properties":{"CD_MUN":"1302009","NM_MUN":"Itapiranga","SIGLA_UF":"AM","CodigoIBGE":"1302009","SubRegiaoNumero":8,"CalhaSubRegiao":"Região do Médio Amazonas"},"geometry":{"type":"Polygon","coordinates":[[[-58.0150822,-2.648356900000015],[-57.9845104,-2.6431038],[-57.9735293,-2.635404399999941],[-57.9727277,-2.6176541],[-57.9827949,-2.609405699999978],[-57.9790435,-2.6003249],[-57.917282,-2.580067099999942],[-57.8884241,-2.5770273],[-57.8521558,-2.580695799999959],[-57.8561198,-2.5890032],[-57.889021,-2.60890009999993],[-57.9357166,-2.617727899999936],[-57.961741,-2.666608399999947],[-57.9643223,-2.677644],[-57.9607477,-2.6835849],[-57.9524239,-2.6681887],[-57.9438875,-2.662725300000057],[-57.9362835,-2.6620144],[-57.9300536,-2.670342199999955],[-57.9254183,-2.695032800000031],[-57.9440155,-2.706511599999944],[-57.9319202,-2.723508200000011],[-57.9321428,-2.729164600000012],[-57.9594824,-2.747341200000034],[-57.9538638,-2.748116600000066],[-57.9420389,-2.762603899999972],[-57.9171597,-2.758055800000029],[-57.9274029,-2.770192100000045],[-57.9466464,-2.7882551],[-57.9673728,-2.800335899999947],[-57.9914321,-2.805828499999984],[-58.04015,-2.807516500000034],[-58.0704244,-2.820938600000036],[-58.1007433,-2.844163099999977],[-58.1104152,-2.859197800000029],[-58.1409755,-2.806419699999987],[-58.1410644,-2.798476400000011],[-58.1590853,-2.779004799999948],[-58.1608724,-2.761005200000021],[-58.1830929,-2.743480800000052],[-58.1825571,-2.731888199999954],[-58.1874635,-2.720632],[-58.1813569,-2.696749899999972],[-58.1896857,-2.6733773],[-58.1955745,-2.664713099999986],[-58.21147160000001,-2.656076100000064],[-58.2149402,-2.648148199999928],[-58.2234687,-2.645161799999977],[-58.2362558,-2.6497583],[-58.2545384,-2.626576299999951],[-58.2660838,-2.6281052],[-58.2727477,-2.620277799999972],[-58.2942823,-2.621374600000052],[-58.3044051,-2.611588599999987],[-58.3138943,-2.6132477],[-58.3188726,-2.620880399999983],[-58.3293951,-2.625664],[-58.3372303,-2.62513],[-58.3510854,-2.604847399999982],[-58.3585517,-2.611352],[-58.3596787,-2.619212100000052],[-58.3802881,-2.622387099999924],[-58.3912068,-2.6344207],[-58.3926555,-2.642614699999986],[-58.3997862,-2.6472854],[-58.4050328,-2.6409911],[-58.4168514,-2.654786],[-58.4266837,-2.656936400000028],[-58.4552423,-2.6524499],[-58.4701796,-2.661741],[-58.4762628,-2.679456799999953],[-58.48490730000001,-2.685259300000028],[-58.4999612,-2.677256599999967],[-58.5033021,-2.702717],[-58.5113558,-2.704985100000013],[-58.5271575,-2.701526500000066],[-58.5451572,-2.690126300000054],[-58.5542845,-2.692141299999942],[-58.5882142,-2.679526],[-58.6393187,-2.675698799999974],[-58.6635545,-2.6587071],[-58.6753363,-2.657590799999977],[-58.6845798,-2.663242200000026],[-58.7001323,-2.65238159999995],[-58.7165001,-2.632412399999947],[-58.7206723,-2.616751200000027],[-58.7502887,-2.608483799999984],[-58.7512562,-2.598875500000067],[-58.757675,-2.59383320000004],[-58.7663613,-2.596617699999936],[-58.7805296,-2.588204500000018],[-58.7888798,-2.587710699999958],[-58.7905325,-2.596756899999982],[-58.8022099,-2.597660600000055],[-58.8178304,-2.586929499999934],[-58.8239504,-2.596373700000016],[-58.8498295,-2.602439099999973],[-58.879986,-2.572943900000045],[-58.8874724,-2.571152700000058],[-58.8993696,-2.5895795],[-58.9184255,-2.586115],[-58.9259785,-2.5701161],[-58.9444359,-2.574765900000019],[-58.9473249,-2.5651483],[-58.9591413,-2.558102899999981],[-58.973713,-2.563676499999974],[-58.9881777,-2.560629],[-58.9973452,-2.5749431],[-59.0118492,-2.574569899999962],[-59.0219564,-2.606424],[-59.0383238,-2.6033209],[-59.03982709999999,-2.595556700000024],[-59.0644414,-2.5775462],[-59.0824366,-2.575242299999934],[-59.0891266,-2.56974320000004],[-59.0967015,-2.55610850000003],[-59.1232987,-2.535748399999955],[-59.13103610000001,-2.520388200000058],[-59.1558889,-2.517456300000037],[-59.1694964,-2.508136200000044],[-59.1741717,-2.4846282],[-59.1895588,-2.473745600000069],[-59.2463343,-2.470335],[-59.2534637,-2.474887899999982],[-59.2495693,-2.482357300000053],[-59.275943,-2.4883371],[-59.2767968,-2.480105600000055],[-59.2721801,-2.473640200000069],[-59.27470979999999,-2.457106399999973],[-59.2720021,-2.44762],[-59.259189,-2.436677400000053],[-59.2495487,-2.435573099999981],[-59.1729971,-2.385801900000045],[-59.1333387,-2.341328499999931],[-59.1095864,-2.297403200000063],[-59.08781230000001,-2.284882500000079],[-59.08151,-2.275372900000028],[-59.0653795,-2.272939899999987],[-59.0636134,-2.26237589999992],[-59.0748236,-2.247945099999935],[-59.0708835,-2.238565899999967],[-59.0610068,-2.231666899999945],[-59.0502051,-2.2319904],[-59.0431468,-2.252860899999922],[-59.0289711,-2.244911100000062],[-59.0137253,-2.254503],[-58.9799014,-2.250319],[-58.9697007,-2.253151600000041],[-58.9505553,-2.263745700000056],[-58.9441378,-2.278144],[-58.9391077,-2.280097799999931],[-58.9322068,-2.2768397],[-58.9236035,-2.253244199999981],[-58.9079541,-2.263489799999947],[-58.9091402,-2.2428392],[-58.9054523,-2.235981199999987],[-58.8813342,-2.22957129999992],[-58.8746549,-2.233689600000039],[-58.8710337,-2.248095099999922],[-58.8541575,-2.254148499999928],[-58.8445395,-2.253678],[-58.8334929,-2.240360099999966],[-58.825679,-2.239705099999916],[-58.8177778,-2.247591900000022],[-58.8228337,-2.259243300000069],[-58.8191621,-2.2672732],[-58.7779424,-2.262166799999968],[-58.7704956,-2.265323],[-58.7669928,-2.27595859999995],[-58.7696624,-2.282099899999935],[-58.7648826,-2.289407499999971],[-58.7410111,-2.279038600000026],[-58.7238928,-2.280527699999961],[-58.7230706,-2.29759069999994],[-58.7351713,-2.309629100000062],[-58.7430443,-2.327629299999941],[-58.7413123,-2.337060500000044],[-58.7247975,-2.345175199999954],[-58.68503050000001,-2.338980400000068],[-58.6659036,-2.317008299999943],[-58.607942,-2.288687300000043],[-58.5594521,-2.315370500000045],[-58.548349,-2.309524699999979],[-58.5170591,-2.306497200000064],[-58.4988242,-2.297012499999926],[-58.47741090000001,-2.292696599999958],[-58.4589235,-2.29890810000001],[-58.4464929,-2.309943199999954],[-58.4025674,-2.316856399999944],[-58.3922338,-2.33500880000004],[-58.3675479,-2.334801600000068],[-58.3578263,-2.340990200000023],[-58.3367535,-2.399345600000031],[-58.3248217,-2.410677599999965],[-58.29635110000001,-2.406997800000021],[-58.2893682,-2.4009773],[-58.28501030000001,-2.3883164],[-58.2593171,-2.396643800000049],[-58.2543896,-2.4093885],[-58.2555186,-2.429542199999966],[-58.2824453,-2.4668132],[-58.2727098,-2.475311499999989],[-58.2631186,-2.4763277],[-58.2570561,-2.487422400000063],[-58.2469795,-2.489402900000047],[-58.2261367,-2.515128800000014],[-58.2085513,-2.52016],[-58.1838949,-2.5558843],[-58.1788321,-2.571020299999947],[-58.1655785,-2.5758246],[-58.1512697,-2.589574500000052],[-58.1319033,-2.595642799999969],[-58.0969118,-2.61618],[-58.0894096,-2.616141],[-58.0687876,-2.631819400000055],[-58.0150822,-2.648356900000015]]]}},{"type":"Feature","properties":{"CD_MUN":"1303304","NM_MUN":"Novo Aripuanã","SIGLA_UF":"AM","CodigoIBGE":"1303304","SubRegiaoNumero":5,"CalhaSubRegiao":"Região do Madeira"},"geometry":{"type":"Polygon","coordinates":[[[-60.5436508,-6.9355244],[-60.5473782,-6.31969469999997],[-60.5160125,-6.2956525],[-60.5135099,-6.287048399999978],[-60.5202591,-6.282552],[-60.5305868,-6.2621048],[-60.5528145,-6.250267799999978],[-60.5486265,-6.220147200000016],[-60.5568703,-6.206674500000032],[-60.5559319,-6.1986976],[-60.5479021,-6.168336300000019],[-60.5343465,-6.160164200000026],[-60.5380149,-6.1533151],[-60.5349027,-6.137503100000021],[-60.5452313,-6.126613699999987],[-60.5688495,-6.1222308],[-60.5714841,-6.114568199999987],[-60.5868239,-6.112908199999989],[-60.58461839999999,-6.073780499999986],[-60.5918769,-6.0703407],[-60.6156814,-6.0747956],[-60.6326559,-6.058135399999976],[-60.6333459,-6.051925299999978],[-60.6268707,-6.0495158],[-60.6274489,-6.0433978],[-60.6223079,-6.041323899999981],[-60.6276613,-6.038080099999987],[-60.6281129,-6.032272700000012],[-60.6202208,-6.023350199999971],[-60.6219558,-6.01655830000003],[-60.5967852,-6.0040202],[-60.5993106,-5.992870499999975],[-60.5935234,-5.9862758],[-60.5883092,-5.9865478],[-60.5862585,-5.977686300000016],[-60.5908487,-5.972781599999986],[-60.5870227,-5.972513],[-60.5809559,-5.9569933],[-60.5766676,-5.9565028],[-60.5788306,-5.950543],[-60.5673478,-5.9492193],[-60.5624905,-5.941905900000024],[-60.5598041,-5.9459077],[-60.5541108,-5.9445333],[-60.5541565,-5.939767],[-60.5490242,-5.938096899999977],[-60.5521749,-5.927500299999988],[-60.5476363,-5.929840399999987],[-60.5429083,-5.9242344],[-60.5419495,-5.905809100000011],[-60.5470512,-5.9042108],[-60.5493198,-5.896578799999969],[-60.5616232,-5.8959288],[-60.5592294,-5.8852066],[-60.5652006,-5.884807399999979],[-60.5660672,-5.876675799999989],[-60.5756224,-5.875118499999984],[-60.5837659,-5.866488900000011],[-60.5802637,-5.8593381],[-60.5733351,-5.86065280000003],[-60.576538,-5.858209299999977],[-60.5679456,-5.848981100000019],[-60.5699208,-5.842187199999986],[-60.5651178,-5.833674099999965],[-60.5594026,-5.8363647],[-60.5363372,-5.825518800000015],[-60.5482088,-5.811262500000021],[-60.531712,-5.776194699999971],[-60.5328309,-5.771579400000033],[-60.5370924,-5.773717499999972],[-60.5394992,-5.7693648],[-60.5459637,-5.771875299999981],[-60.5435015,-5.766623499999965],[-60.5597426,-5.766416700000017],[-60.5617708,-5.760061700000027],[-60.5652632,-5.7656511],[-60.5685006,-5.760848299999989],[-60.5701112,-5.751058199999972],[-60.5619077,-5.751074],[-60.5655759,-5.745691900000025],[-60.554235,-5.7459267],[-60.5534033,-5.729490400000037],[-60.5594461,-5.732162],[-60.5641472,-5.721881199999986],[-60.5682532,-5.72327519999998],[-60.5727171,-5.7170856],[-60.5782187,-5.723009900000021],[-60.5853218,-5.7205367],[-60.5871102,-5.709783],[-60.5895535,-5.711347799999967],[-60.5961302,-5.7028911],[-60.5972021,-5.707624],[-60.61158420000001,-5.711523700000011],[-60.6119161,-5.7172354],[-60.6161157,-5.712822299999978],[-60.623488,-5.7185741],[-60.6221904,-5.7139658],[-60.6280043,-5.7112579],[-60.6261547,-5.7165816],[-60.6410926,-5.711652399999985],[-60.637883,-5.705345200000018],[-60.6486938,-5.6991992],[-60.6470882,-5.6943539],[-60.6529981,-5.685905],[-60.6478767,-5.6834439],[-60.6536435,-5.678750799999984],[-60.647754,-5.677198499999986],[-60.6494376,-5.667776199999965],[-60.6441355,-5.666046],[-60.6481071,-5.663853799999986],[-60.6466122,-5.660571100000016],[-60.6418076,-5.667146500000032],[-60.6286882,-5.662524699999972],[-60.6326812,-5.658523599999983],[-60.6256266,-5.658645],[-60.6206251,-5.641928799999979],[-60.6283,-5.6424329],[-60.6274874,-5.63770160000001],[-60.6337261,-5.6353755],[-60.634494,-5.629551],[-60.63529290000001,-5.636019],[-60.639331,-5.637356800000017],[-60.6435594,-5.628323400000026],[-60.641196,-5.622501900000037],[-60.6476652,-5.622222499999977],[-60.6411528,-5.612146300000026],[-60.6513451,-5.612637599999964],[-60.6455015,-5.610709500000013],[-60.6455215,-5.584293],[-60.6341757,-5.587203300000017],[-60.6403926,-5.5812591],[-60.635441,-5.572546199999974],[-60.6374779,-5.568182599999979],[-60.6281035,-5.5682251],[-60.6333797,-5.565006699999984],[-60.6337301,-5.558477],[-60.6384282,-5.5609128],[-60.6439675,-5.55059709999998],[-60.63776690000001,-5.551107],[-60.6370935,-5.5430812],[-60.64014010000001,-5.537858700000019],[-60.64685,-5.540579499999973],[-60.6453608,-5.530453899999975],[-60.6374243,-5.527322800000022],[-60.6438399,-5.518806900000023],[-60.6388053,-5.521914600000014],[-60.63657520000001,-5.516663200000034],[-60.6321706,-5.5211983],[-60.6355767,-5.512968400000029],[-60.6320474,-5.5097327],[-60.621022,-5.5162189],[-60.6218874,-5.509251199999974],[-60.6256161,-5.5110679],[-60.6230858,-5.505824300000011],[-60.633595,-5.501025899999978],[-60.6293928,-5.486610499999988],[-60.6132737,-5.484774],[-60.6097045,-5.4794865],[-60.6136414,-5.468364400000011],[-60.6067504,-5.464725],[-60.6016891,-5.469181499999985],[-60.6006177,-5.4578836],[-60.5923757,-5.453625900000016],[-60.5865441,-5.457784199999966],[-60.5716604,-5.441909700000028],[-60.5750448,-5.436855799999972],[-60.5707699,-5.4330392],[-60.5795282,-5.4351526],[-60.5782623,-5.4219292],[-60.5817295,-5.428663500000019],[-60.591505,-5.424536600000023],[-60.5861018,-5.418010699999971],[-60.58632080000001,-5.402418199999978],[-60.5907283,-5.409378],[-60.5986249,-5.4056695],[-60.6031313,-5.409668699999981],[-60.6036942,-5.404318499999989],[-60.5921214,-5.396645900000038],[-60.5993438,-5.3898702],[-60.6001883,-5.381842199999979],[-60.5920428,-5.372866700000012],[-60.5985655,-5.371637499999986],[-60.5999817,-5.363791600000011],[-60.5989007,-5.357483],[-60.58823060000001,-5.354852399999982],[-60.5864019,-5.348026699999983],[-60.5711609,-5.352352299999981],[-60.572633,-5.341684899999972],[-60.5636137,-5.334358199999966],[-60.5676266,-5.327881200000019],[-60.5621565,-5.3253435],[-60.572785,-5.318268900000015],[-60.565995,-5.31568450000004],[-60.5642817,-5.3099474],[-60.5854931,-5.303396699999989],[-60.5752932,-5.300407400000012],[-60.5764571,-5.284320399999973],[-60.5536674,-5.261466600000015],[-60.5750702,-5.267892899999963],[-60.6264867,-5.296145199999968],[-60.7158414,-5.306335699999976],[-60.7293471,-5.31532419999996],[-60.741849,-5.336485400000023],[-60.755014,-5.344953],[-60.75639790000001,-5.3525575],[-60.7719012,-5.370681600000025],[-60.783782,-5.37473460000002],[-60.7873836,-5.387163600000015],[-60.80106210000001,-5.38455839999996],[-60.8112376,-5.388870200000017],[-60.8145545,-5.401552500000016],[-60.8266699,-5.402089699999974],[-60.8487066,-5.3843511],[-60.8643448,-5.378178199999986],[-60.8954896,-5.38187880000001],[-60.9430966,-5.370804200000023],[-60.9402386,-5.3637871],[-60.9173221,-5.3583689],[-60.9055718,-5.347816300000013],[-60.9014825,-5.340419700000014],[-60.9048776,-5.317413199999983],[-60.8988762,-5.311545899999971],[-60.860736,-5.3006702],[-60.8358199,-5.30247860000001],[-60.8176259,-5.266656400000023],[-60.8082914,-5.2280612],[-60.7815716,-5.196949500000014],[-60.7372306,-5.165176800000024],[-60.7390099,-5.1576586],[-60.7461249,-5.1540899],[-60.7455991,-5.146182],[-60.6942047,-5.072664299999972],[-60.695294,-5.056765400000018],[-60.7031179,-5.0421924],[-60.28764060000001,-5.0425436],[-60.25375,-4.99020340000003],[-60.2284163,-4.927204],[-60.2085583,-4.9073017],[-60.1908491,-4.901412],[-60.172116,-4.901887],[-60.1183562,-4.923952900000024],[-60.0924833,-4.92561760000001],[-59.9760158,-4.874946700000025],[-59.945402,-4.868133099999969],[-59.6707811,-5.282335199999981],[-59.678772,-5.298443299999976],[-59.6943621,-5.314895700000027],[-59.699327,-5.354592700000015],[-59.72682540000001,-5.404913199999967],[-59.727753,-5.448542],[-59.7099853,-5.467815500000015],[-59.7071867,-5.495735300000035],[-59.6801663,-5.503168299999966],[-59.6493344,-5.490626599999961],[-59.6200456,-5.4877426],[-59.6045184,-5.477895099999963],[-59.5974084,-5.4830527],[-59.5899127,-5.502646799999972],[-59.5734614,-5.4999281],[-59.5469924,-5.518299100000016],[-59.5516709,-5.532825199999982],[-59.5444783,-5.552176899999964],[-59.5471445,-5.566306800000014],[-59.5719596,-5.620971500000021],[-59.59168180000001,-5.6365945],[-59.598223,-5.6652073],[-59.61513320000001,-5.6915972],[-59.6172001,-5.718918599999986],[-59.6105894,-5.736967300000024],[-59.6143905,-5.750166300000015],[-59.6058003,-5.7455415],[-59.5989414,-5.752121300000013],[-59.5990779,-5.759548300000013],[-59.6054206,-5.767540699999983],[-59.6050327,-5.779034200000026],[-59.6013519,-5.7842844],[-59.5877292,-5.786495600000016],[-59.5961468,-5.799601700000016],[-59.583162,-5.794500200000011],[-59.566294,-5.815253],[-59.5549649,-5.816394799999981],[-59.5623341,-5.843995900000018],[-59.54755750000001,-5.847079],[-59.5381212,-5.8665023],[-59.5269819,-5.859058600000024],[-59.5222225,-5.861540799999973],[-59.5227852,-5.894256400000032],[-59.51236990000001,-5.888191099999978],[-59.5013099,-5.89135889999998],[-59.4972183,-5.883307699999976],[-59.4883336,-5.888652800000028],[-59.4894813,-5.895873899999983],[-59.5049527,-5.908253],[-59.5024039,-5.91104560000003],[-59.496436,-5.905703],[-59.4974614,-5.932932099999989],[-59.4820038,-5.931685599999982],[-59.4838037,-5.9388375],[-59.4623238,-5.9439944],[-59.4520209,-5.95550470000001],[-59.4499806,-5.96402550000001],[-59.45688710000001,-5.979626099999966],[-59.4522236,-5.9944793],[-59.4426227,-5.9986266],[-59.4359691,-5.995001700000028],[-59.4351174,-6.003368900000019],[-59.408938,-6.009029700000011],[-59.405963,-6.021391499999981],[-59.4121081,-6.048687799999971],[-59.3976243,-6.048647299999974],[-59.3850163,-6.074227300000024],[-59.3861841,-6.081457799999977],[-59.3922983,-6.075798900000031],[-59.3961945,-6.07741190000003],[-59.3972064,-6.068233],[-59.3973289,-6.082776],[-59.3750181,-6.0880562],[-59.3672331,-6.109150700000033],[-59.35714020000001,-6.109311899999977],[-59.3542966,-6.122452800000019],[-59.34640490000001,-6.122229800000022],[-59.3616962,-6.127171],[-59.3588928,-6.168248800000027],[-59.3492537,-6.1745346],[-59.3446142,-6.1731046],[-59.3430926,-6.18137220000002],[-59.3379853,-6.177372899999985],[-59.3415062,-6.18447220000001],[-59.3365742,-6.1941427],[-59.3314714,-6.1949817],[-59.3300687,-6.202872599999975],[-59.3417433,-6.217753100000023],[-59.3391101,-6.223200100000027],[-59.3340413,-6.221683399999987],[-59.3297624,-6.2259508],[-59.3450317,-6.2376222],[-59.3487047,-6.25180249999998],[-59.35601290000001,-6.258211900000022],[-59.3432177,-6.263303399999985],[-59.3393694,-6.272527],[-59.3337297,-6.274282400000012],[-59.3458141,-6.2785674],[-59.3673908,-6.2784514],[-59.3705195,-6.290582700000022],[-59.3809026,-6.303716599999979],[-59.37808960000001,-6.3103409],[-59.3658591,-6.3034435],[-59.3536954,-6.3175997],[-59.35337160000001,-6.311360300000013],[-59.35049380000001,-6.313747099999967],[-59.3539717,-6.334828199999983],[-59.3627585,-6.340426100000015],[-59.3427378,-6.349210299999986],[-59.3409142,-6.352036800000028],[-59.34703420000001,-6.35367960000002],[-59.3462062,-6.3575231],[-59.3277138,-6.3726575],[-59.3351064,-6.381174299999978],[-59.3271474,-6.388792],[-59.3260517,-6.4016329],[-59.3173473,-6.40373110000001],[-59.3144985,-6.409113],[-59.3191778,-6.41529],[-59.3091412,-6.4234037],[-59.31297090000001,-6.428940099999977],[-59.3105491,-6.434720800000019],[-59.3140543,-6.440545],[-59.3097152,-6.444802300000027],[-59.3140601,-6.458877500000032],[-59.6098139,-6.4604762],[-59.6157243,-6.472608399999986],[-59.6315429,-6.4768873],[-59.6608995,-6.464287199999966],[-59.7144465,-6.457944100000023],[-59.7346613,-6.445820399999974],[-59.7490282,-6.448293099999972],[-59.7595192,-6.4657762],[-59.7674021,-6.470163299999986],[-59.778865,-6.4654088],[-59.7824768,-6.468934200000022],[-59.7853512,-6.462198100000016],[-59.7978466,-6.458536500000031],[-59.7965894,-6.448019600000027],[-59.8030805,-6.434440699999976],[-59.8134972,-6.437202700000018],[-59.8176397,-6.4300527],[-59.8313753,-6.459721299999977],[-59.8452046,-6.478193700000012],[-59.8559239,-6.524072500000019],[-59.8733792,-6.5218985],[-59.880562,-6.5273748],[-59.8983094,-6.527657],[-59.9039413,-6.541772200000018],[-59.9334781,-6.55559840000003],[-59.9287828,-6.571334300000025],[-59.9563076,-6.6216829],[-59.9298104,-6.637753400000024],[-59.9250083,-6.652685199999986],[-59.9262018,-6.660852299999974],[-59.9404552,-6.6662635],[-59.9439064,-6.6732032],[-59.9437269,-6.6810824],[-59.9216176,-6.686995499999976],[-59.9163697,-6.692459200000018],[-59.9301544,-6.712675599999981],[-59.9325515,-6.7271885],[-59.9151188,-6.7446132],[-59.905714,-6.7467289],[-59.9026616,-6.79456],[-59.887916,-6.788856],[-59.8818456,-6.7933806],[-59.8851139,-6.800396699999988],[-59.8830106,-6.808923400000024],[-59.87453150000001,-6.8081839],[-59.8727486,-6.8120612],[-60.1285064,-6.912761500000022],[-60.6969446,-7.1463457],[-60.6827418,-7.160619099999977],[-60.6693686,-7.16620080000001],[-60.64958140000001,-7.202348],[-60.6453282,-7.221055699999988],[-60.6523067,-7.228970699999979],[-60.6477786,-7.251843600000012],[-60.6369433,-7.270468800000013],[-60.6327277,-7.2893283],[-60.6386726,-7.322114499999975],[-60.6374931,-7.3527102],[-60.6518758,-7.408537300000011],[-60.644738,-7.441167899999988],[-60.646393,-7.4769182],[-60.6755789,-7.531022],[-60.6685262,-7.56586740000001],[-60.6791582,-7.584280300000016],[-60.6799833,-7.614715],[-60.6717662,-7.623181200000028],[-60.6624756,-7.648073600000017],[-60.6649565,-7.659095500000014],[-60.674296,-7.6671085],[-60.6744479,-7.67646350000002],[-60.6639667,-7.690979399999987],[-60.6351487,-7.708307],[-60.6177222,-7.702199],[-60.5876674,-7.708753799999988],[-60.5893994,-7.724957300000012],[-60.5709006,-7.7410614],[-60.5627621,-7.756476800000022],[-60.5659449,-7.7711544],[-60.5739629,-7.7717693],[-60.5677416,-7.7864339],[-60.5395659,-7.7979731],[-60.5459137,-7.80921770000001],[-60.5488579,-7.8304124],[-60.53666960000001,-7.838517300000013],[-60.5317918,-7.849345400000013],[-60.5114326,-7.867449699999978],[-60.51246780000001,-7.8729004],[-60.5226065,-7.879435200000011],[-60.525523,-7.890730100000013],[-60.520816,-7.8961778],[-60.5226022,-7.9074545],[-60.5160675,-7.90682170000002],[-60.5147346,-7.910615],[-60.5231868,-7.915024300000018],[-60.5289916,-7.9244359],[-60.5223629,-7.92904739999998],[-60.5124899,-7.928350699999982],[-60.5097799,-7.941561399999975],[-60.5156696,-7.9473106],[-60.5159663,-7.9547234],[-60.4928851,-7.9656974],[-60.4921688,-7.980478299999986],[-60.4791503,-7.989088599999981],[-60.481693,-8.00107559999999],[-60.4721262,-8.0143257],[-60.4520419,-8.02238250000001],[-60.4593864,-8.028906299999983],[-60.4764402,-8.03018760000001],[-60.4781499,-8.040076399999982],[-60.4654718,-8.050498],[-60.4481839,-8.0553446],[-60.4488682,-8.080637],[-60.4426761,-8.0877325],[-60.4404804,-8.10234160000002],[-60.4285682,-8.107600199999979],[-60.4361477,-8.1147895],[-60.4420424,-8.13247],[-60.449474,-8.135378299999978],[-60.4467093,-8.1578594],[-60.4508396,-8.1737652],[-60.4633702,-8.18931510000001],[-60.4721859,-8.1872581],[-60.4817765,-8.2010972],[-60.4752089,-8.21425250000001],[-60.4718163,-8.201273600000016],[-60.4641209,-8.204994500000021],[-60.4603117,-8.24073309999999],[-60.46742359999999,-8.245933099999984],[-60.4829277,-8.2319461],[-60.4867649,-8.234601199999986],[-60.46733170000001,-8.262923200000012],[-60.4578751,-8.26691930000001],[-60.4661807,-8.2771964],[-60.47613230000001,-8.272147399999989],[-60.4890619,-8.284839899999978],[-60.4871316,-8.2925319],[-60.4718235,-8.2972152],[-60.4668537,-8.306082],[-60.4622628,-8.3068324],[-60.4681559,-8.3167174],[-60.4616361,-8.3165579],[-60.4592133,-8.3122171],[-60.4625196,-8.2976782],[-60.4538198,-8.302574800000013],[-60.4517032,-8.3156402],[-60.4576722,-8.32651310000001],[-60.46858370000001,-8.334164099999985],[-60.4537333,-8.352880500000014],[-60.4450709,-8.387183],[-60.4569423,-8.392830199999985],[-60.4662123,-8.386338],[-60.4762503,-8.39588849999999],[-60.4831189,-8.3916713],[-60.4895412,-8.3978665],[-60.4955157,-8.413721],[-60.4897117,-8.433038400000015],[-60.483663,-8.4359111],[-60.492938,-8.4412671],[-60.4893965,-8.4517936],[-60.50990860000001,-8.4688132],[-60.5157867,-8.479861],[-60.5089138,-8.48506990000001],[-60.5092553,-8.490082700000016],[-60.5261473,-8.491161],[-60.5290072,-8.4946008],[-60.5242803,-8.5143026],[-60.5153896,-8.5223525],[-60.510353500000015,-8.5358156],[-60.5002565,-8.537765499999988],[-60.5136119,-8.55298070000001],[-60.5252588,-8.55309209999998],[-60.5226558,-8.5595279],[-60.5142221,-8.568186299999983],[-60.4985816,-8.5720737],[-60.4993258,-8.5854645],[-60.4863966,-8.591936],[-60.4719458,-8.5890003],[-60.4695466,-8.5828824],[-60.4554051,-8.5757023],[-60.4536641,-8.58104519999999],[-60.4595607,-8.590722299999975],[-60.472629,-8.596989200000017],[-60.4690559,-8.612333799999988],[-60.456402,-8.6275],[-60.4441486,-8.6307076],[-60.4434493,-8.63903720000002],[-60.4340224,-8.641081400000013],[-60.4248238,-8.657223],[-60.4187655,-8.6451482],[-60.4079995,-8.653983399999987],[-60.4068905,-8.6640155],[-60.4235319,-8.665774099999984],[-60.427964,-8.662127],[-60.4325243,-8.666041299999986],[-60.4294477,-8.6942962],[-60.4197501,-8.691437],[-60.41672160000001,-8.701417300000013],[-60.4191861,-8.704254900000011],[-60.4292974,-8.6988183],[-60.4261822,-8.709527700000013],[-60.4317092,-8.713488],[-60.4232218,-8.7351133],[-60.4249961,-8.7421479],[-60.4349317,-8.750607600000022],[-60.4277118,-8.760720900000022],[-60.3997144,-8.762511],[-60.3972669,-8.77278229999998],[-60.40131070000001,-8.781222],[-60.4194062,-8.777980600000026],[-60.4224817,-8.786045900000017],[-60.4201808,-8.7966226],[-61.58313480000001,-8.798689100000015],[-61.5901055,-8.794495299999983],[-61.6060278,-8.794714],[-61.6232981,-8.758254200000017],[-61.6295527,-8.7529562],[-61.6264691,-8.728853500000012],[-61.6305549,-8.721958399999973],[-61.6460811,-8.720699399999983],[-61.6504161,-8.713557500000018],[-61.6735812,-8.705016800000017],[-61.7053617,-8.7075264],[-61.7132742,-8.6878527],[-61.6877234,-8.6659174],[-61.688636,-8.657696099999988],[-61.6831635,-8.651377800000013],[-61.6203259,-8.6469831],[-61.6050272,-8.651768400000018],[-61.5748331,-8.6759077],[-61.5388538,-8.6931144],[-61.5233289,-8.6898237],[-61.5019952,-8.676581],[-61.4940256,-8.6633471],[-61.4953554,-8.6507115],[-61.5077703,-8.6389028],[-61.514856,-8.624209],[-61.517685,-8.605554699999988],[-61.5147183,-8.5884017],[-61.5214916,-8.5738772],[-61.5195729,-8.5659781],[-61.4989126,-8.5506637],[-61.4635169,-8.550345699999982],[-61.4533859,-8.5376334],[-61.4609913,-8.531282],[-61.46677050000001,-8.5056826],[-61.463274,-8.4692438],[-61.4726333,-8.456734099999979],[-61.5006646,-8.4362751],[-61.4916062,-8.4196866],[-61.4776606,-8.4128544],[-61.4548263,-8.388600900000016],[-61.473045,-8.34894129999998],[-61.45143490000001,-8.2983715],[-61.454155,-8.2631436],[-61.4492959,-8.2456816],[-61.4535756,-8.228957],[-61.4484388,-8.213489],[-61.4497736,-8.20484480000002],[-61.4585473,-8.205123299999975],[-61.4639395,-8.1785047],[-61.4799664,-8.169187300000022],[-61.4849133,-8.176424300000013],[-61.4935804,-8.1758992],[-61.5006629,-8.1693831],[-61.497329,-8.1590678],[-61.48480450000001,-8.14597920000002],[-61.4878703,-8.1301324],[-61.4834906,-8.121222],[-61.4921281,-8.1177562],[-61.4820455,-8.092784800000022],[-61.4841316,-8.0833368],[-61.5097703,-8.075399],[-61.512527,-8.050805100000021],[-61.5043025,-8.048632600000014],[-61.5005249,-8.055381899999976],[-61.4803005,-8.056841299999975],[-61.46397,-8.052472799999986],[-61.4464388,-8.0202862],[-61.4361653,-8.018028899999981],[-61.4253579,-8.0041399],[-61.41579680000001,-8.004661],[-61.4091565,-8.018118600000014],[-61.4183214,-8.033722900000011],[-61.4159915,-8.05066360000001],[-61.4103276,-8.056953],[-61.3938848,-8.051848500000016],[-61.3770516,-8.071274],[-61.3606633,-8.073718599999987],[-61.355102,-8.079263700000025],[-61.354962,-8.0949394],[-61.3364073,-8.1150072],[-61.3297984,-8.1293084],[-61.3025786,-8.150564099999988],[-61.3028525,-8.158168],[-61.288713,-8.167465],[-61.2882183,-8.210406399999973],[-61.2772945,-8.2252447],[-61.2745456,-8.257800699999985],[-61.2610527,-8.2700495],[-61.25160540000001,-8.272158500000016],[-61.2231322,-8.2576932],[-61.1951623,-8.252144700000013],[-61.1723853,-8.257683],[-61.1607405,-8.2721866],[-61.145997,-8.264155100000014],[-61.1093575,-8.260638400000017],[-61.0926044,-8.242748099999982],[-61.0826048,-8.218113],[-61.0836292,-8.189938599999984],[-61.0972462,-8.1773583],[-61.1147389,-8.1708855],[-61.1340209,-8.1541876],[-61.1363296,-8.1463295],[-61.1366036,-8.1098492],[-61.1244946,-8.0847962],[-61.126158,-8.076724200000013],[-61.1404637,-8.069819400000021],[-61.14632860000001,-8.061827499999989],[-61.1423502,-8.0083608],[-61.1483267,-7.9927405],[-61.1633229,-7.9885523],[-61.1787366,-7.9912125],[-61.2011038,-7.998059],[-61.2126333,-8.0067626],[-61.2289658,-7.992083899999979],[-61.2727419,-7.972363400000013],[-61.2747109,-7.9642094],[-61.2899933,-7.959448399999987],[-61.3170673,-7.93997040000002],[-61.3223246,-7.9248647],[-61.3332161,-7.912033099999987],[-61.3544661,-7.906836200000021],[-61.3533263,-7.8917131],[-61.3459632,-7.8774346],[-61.3381586,-7.878242099999988],[-61.3397473,-7.8542152],[-61.3267155,-7.779718199999989],[-61.3283791,-7.75960960000001],[-61.3228125,-7.751978699999984],[-61.3157614,-7.752703799999976],[-61.3141143,-7.748457600000018],[-61.3055263,-7.74641160000001],[-61.3080236,-7.7358294],[-61.3016506,-7.732093800000023],[-61.3064775,-7.7213691],[-61.2974479,-7.716382599999972],[-61.2975867,-7.7100767],[-61.2910654,-7.7040375],[-61.2946762,-7.700105],[-61.293648,-7.691663899999974],[-61.2837424,-7.679154200000026],[-61.2826978,-7.668019],[-61.2879509,-7.661517399999976],[-61.2885758,-7.6518338],[-61.2966226,-7.645252499999978],[-61.2978793,-7.648388299999985],[-61.2978518,-7.6372053],[-61.3030147,-7.634136800000024],[-61.2954805,-7.621900300000014],[-61.3039145,-7.616901799999976],[-61.2940555,-7.6099487],[-61.2968421,-7.603393100000019],[-61.2799774,-7.60125209999998],[-61.2908474,-7.599850200000011],[-61.2852251,-7.591181200000011],[-61.2985772,-7.5715038],[-61.2971296,-7.5640613],[-61.301162,-7.566350200000015],[-61.3022933,-7.554349],[-61.2950475,-7.5474857],[-61.2960355,-7.538062],[-61.3113973,-7.5374419],[-61.2960805,-7.5286072],[-61.307419,-7.5200557],[-61.29873,-7.5078304],[-61.31062020000001,-7.5029467],[-61.30882410000001,-7.496990899999981],[-61.3018067,-7.497812199999981],[-61.3007649,-7.4896561],[-61.30641580000001,-7.486621499999976],[-61.3064028,-7.481632200000015],[-61.308888,-7.484888299999979],[-61.3116812,-7.481322299999983],[-61.3094666,-7.477073500000011],[-61.3133254,-7.4765074],[-61.3152295,-7.463069699999988],[-61.3119175,-7.460875199999973],[-61.3151061,-7.457444299999973],[-61.3127443,-7.4506981],[-61.3158124,-7.450488399999982],[-61.3187185,-7.425266200000016],[-61.328517,-7.419676800000023],[-61.3390465,-7.3843747],[-61.3202406,-7.370647699999978],[-61.3250579,-7.357408500000023],[-61.3291938,-7.3607689],[-61.3283446,-7.35332],[-61.314643,-7.351824700000016],[-61.3184186,-7.3436044],[-61.2935508,-7.33146229999998],[-61.2914487,-7.3191253],[-61.2771299,-7.3173195],[-61.2779959,-7.3120534],[-61.2748876,-7.312077699999977],[-61.28016680000001,-7.3049571],[-61.2769036,-7.2999521],[-61.2595658,-7.306207],[-61.245332,-7.3009712],[-61.2409912,-7.305625399999977],[-61.2300583,-7.306331900000015],[-61.2363898,-7.2983947],[-61.2418767,-7.2992707],[-61.2457799,-7.288733],[-61.241856,-7.2712969],[-61.2350296,-7.265713],[-61.2312269,-7.267787399999981],[-61.2204798,-7.263021],[-61.2175888,-7.2542666],[-61.1887587,-7.255218700000011],[-61.1877328,-7.2499458],[-61.1929959,-7.2440893],[-61.2062809,-7.243141200000013],[-61.2081254,-7.234232899999984],[-61.2033707,-7.22640440000002],[-61.2112469,-7.2303094],[-61.2165828,-7.2271722],[-61.2145626,-7.219138299999986],[-61.20326080000001,-7.217202399999977],[-61.2016421,-7.2135185],[-61.1998633,-7.2034263],[-61.2050226,-7.1905254],[-61.2132696,-7.1871889],[-61.2144266,-7.181196600000024],[-61.2196168,-7.181740200000015],[-61.21592050000001,-7.17258],[-61.22178730000001,-7.173429199999987],[-61.2312924,-7.1665159],[-61.2270749,-7.175677400000017],[-61.2318343,-7.176629599999989],[-61.2446737,-7.1563698],[-61.2430338,-7.143674],[-61.23437590000001,-7.134507599999986],[-61.227195,-7.135885700000012],[-61.2250524,-7.132387600000021],[-61.2323242,-7.117922599999982],[-61.2250289,-7.116184900000015],[-61.2214968,-7.124907],[-61.2120016,-7.1225214],[-61.2132137,-7.129629299999974],[-61.203201,-7.132204199999976],[-61.2042575,-7.119205],[-61.164393,-7.1031668],[-61.1558406,-7.1078164],[-61.1555072,-7.097660099999981],[-61.1608096,-7.091436700000018],[-61.153681,-7.0843608],[-61.1584472,-7.077934],[-61.1554161,-7.071167499999984],[-61.1600365,-7.063322400000014],[-61.1655788,-7.06213920000002],[-61.1583085,-7.05341530000001],[-61.1651271,-7.0558439],[-61.1791298,-7.049695100000022],[-61.1828462,-7.0338249],[-61.1802181,-7.01822540000002],[-61.1716254,-7.007242],[-61.173394,-7.012816],[-61.1687994,-7.0211271],[-61.1644608,-7.016982],[-61.157692,-7.024624],[-61.1476411,-7.023497499999971],[-61.12845930000001,-6.994228],[-61.1238229,-6.9987786],[-61.1155092,-6.9987093],[-61.0938634,-6.9882211],[-61.0886979,-6.9819522],[-61.0949154,-6.9793717],[-61.0962385,-6.9704639],[-61.0841112,-6.954883199999983],[-61.0927683,-6.944647],[-61.0901993,-6.9417667],[-61.08415260000001,-6.94638],[-61.07394209999999,-6.935181],[-60.5436508,-6.9355244]]]}},{"type":"Feature","properties":{"CD_MUN":"1301605","NM_MUN":"Fonte Boa","SIGLA_UF":"AM","CodigoIBGE":"1301605","SubRegiaoNumero":2,"CalhaSubRegiao":"Região do Triângulo Jutaí/Solimões/Juruá"},"geometry":{"type":"Polygon","coordinates":[[[-65.5239767,-2.601823599999978],[-65.5893681,-2.657367799999967],[-65.6148416,-2.662527700000012],[-65.6637878,-2.6622251],[-65.6790072,-2.653187900000024],[-65.71471,-2.615293800000019],[-65.7146665,-2.559521299999947],[-65.7215061,-2.527377899999937],[-65.7333927,-2.51249649999997],[-65.7539751,-2.50036],[-65.7708542,-2.482725699999973],[-65.7850933,-2.480171],[-65.8153472,-2.497624],[-65.8187938,-2.519966900000046],[-65.8006419,-2.564115899999978],[-65.7746184,-2.591118699999954],[-65.7534654,-2.630186299999985],[-65.777304,-2.631379400000061],[-65.7974866,-2.612686799999963],[-65.79865260000001,-2.592004399999959],[-65.8049039,-2.588898400000032],[-65.8115146,-2.589833299999957],[-65.8314543,-2.606028800000016],[-65.8350969,-2.602821500000036],[-65.8349148,-2.589430499999965],[-65.837931,-2.597477800000053],[-65.8458711,-2.595010800000011],[-65.8552823,-2.610235100000063],[-65.8676015,-2.614458600000022],[-65.8852566,-2.613909099999951],[-65.8869975,-2.607373399999948],[-65.8793772,-2.607180200000036],[-65.8791152,-2.597591799999976],[-65.8958599,-2.590053100000065],[-65.8985589,-2.59286689999994],[-65.8953305,-2.599749900000053],[-65.90102680000001,-2.602504],[-65.8987551,-2.610477599999987],[-65.9091325,-2.613534],[-65.9127124,-2.605267],[-65.918663,-2.612840499999988],[-65.923637,-2.603913599999987],[-65.9349776,-2.61682889999994],[-65.946581,-2.607298100000063],[-65.9546551,-2.608683199999937],[-65.9594937,-2.6166424],[-65.9494847,-2.623058100000052],[-65.9483781,-2.629605500000043],[-65.9535301,-2.631443800000052],[-65.9663071,-2.625841599999961],[-65.969496,-2.637162799999951],[-65.9826945,-2.642988499999974],[-65.9795745,-2.65726380000005],[-65.9897249,-2.661959500000011],[-65.9840793,-2.668072400000058],[-65.9848852,-2.674038],[-65.9990769,-2.677023299999942],[-65.998692,-2.6874465],[-66.0032344,-2.693555900000059],[-66.0002174,-2.705765200000035],[-66.0052991,-2.696465],[-66.0177568,-2.692998500000015],[-66.0209932,-2.710915300000024],[-66.0333846,-2.71875039999996],[-66.0299052,-2.729449800000044],[-66.039379,-2.722465],[-66.0551621,-2.7272738],[-66.0533286,-2.731563300000039],[-66.0456647,-2.733181],[-66.0537955,-2.737038600000041],[-66.066103,-2.755818399999989],[-66.069454,-2.765253700000011],[-66.0640125,-2.774416],[-66.0766022,-2.783447800000016],[-66.0715461,-2.79264919999996],[-66.0797818,-2.797803099999987],[-66.0908845,-2.814997099999963],[-66.0824753,-2.824608500000017],[-66.0876808,-2.827122099999944],[-66.0929323,-2.823662899999951],[-66.1009958,-2.842927600000011],[-66.1159716,-2.850053600000059],[-66.1042639,-2.878171300000027],[-66.1221379,-2.882475599999979],[-66.1257993,-2.896628300000054],[-66.1362046,-2.898270399999934],[-66.1417423,-2.906123],[-66.1481802,-2.903138],[-66.1540831,-2.922952100000058],[-66.1585618,-2.92107069999997],[-66.1672558,-2.926246400000029],[-66.16742660000001,-2.940755299999987],[-66.172566,-2.943157599999939],[-66.1701652,-2.952763599999968],[-66.1813512,-2.957635199999979],[-66.1876729,-2.950306500000033],[-66.1930495,-2.965476100000036],[-66.1988841,-2.96756409999997],[-66.191824,-2.9856139],[-66.1974042,-2.989250400000045],[-66.1984103,-2.984389500000042],[-66.2026879,-2.992100499999958],[-66.2066071,-2.991014299999966],[-66.2067778,-3.000191500000033],[-66.196379,-3.007463700000025],[-66.2010095,-3.0072078],[-66.1982216,-3.011280399999986],[-66.2031572,-3.018099500000052],[-66.2055394,-3.014937499999974],[-66.21243560000002,-3.018484],[-66.2108186,-3.027653],[-66.2065552,-3.029076599999934],[-66.2068687,-3.038191799999967],[-66.21934990000001,-3.054183500000036],[-66.21817,-3.061667],[-66.2115278,-3.061839399999962],[-66.214376,-3.066842899999974],[-66.20948459999998,-3.068194300000016],[-66.2281296,-3.0797858],[-66.2287479,-3.0924464],[-66.2317366,-3.08866],[-66.241343,-3.091584400000051],[-66.236625,-3.10004],[-66.2435421,-3.099526199999945],[-66.2397272,-3.1096257],[-66.2493236,-3.109861300000022],[-66.2518809,-3.120197699999943],[-66.2468693,-3.123726800000013],[-66.2504877,-3.133465300000021],[-66.2544356,-3.125733200000048],[-66.2586389,-3.128049299999974],[-66.2600474,-3.1240676],[-66.2820961,-3.129659100000019],[-66.2802348,-3.134985099999962],[-66.2926168,-3.1285258],[-66.2965228,-3.139035200000019],[-66.3059416,-3.142729199999949],[-66.3045884,-3.1563335],[-66.3272038,-3.1585803],[-66.3302478,-3.1535848],[-66.32873,-3.157486399999966],[-66.3348485,-3.16143119999998],[-66.3426599,-3.15264619999998],[-66.3420853,-3.144468199999968],[-66.3487516,-3.1496082],[-66.3477345,-3.143179899999948],[-66.3558007,-3.147383099999938],[-66.3633045,-3.1424599],[-66.3639435,-3.135982],[-66.3763816,-3.139653600000021],[-66.3813016,-3.146841700000045],[-66.380145,-3.140929799999935],[-66.3852,-3.144845],[-66.3916015,-3.137868399999986],[-66.390237,-3.13280539999998],[-66.3971051,-3.137202099999955],[-66.411106,-3.1304192],[-66.4228074,-3.136948400000031],[-66.4257386,-3.146898099999989],[-66.4343162,-3.141909800000025],[-66.4291423,-3.137684300000013],[-66.4327086,-3.1346031],[-66.4375716,-3.141271700000046],[-66.4408623,-3.134613499999979],[-66.4496247,-3.14227670000004],[-66.4494109,-3.1348107],[-66.4563517,-3.137234700000011],[-66.4576093,-3.130167199999973],[-66.4637463,-3.138214],[-66.4690966,-3.132661600000038],[-66.4725059,-3.149069200000025],[-66.4773764,-3.1539234],[-66.4793081,-3.144948299999971],[-66.4877206,-3.146728],[-66.4947364,-3.140363100000029],[-66.5047119,-3.148222099999963],[-66.503696,-3.141453599999958],[-66.5154764,-3.1393662],[-66.5107878,-3.145325400000027],[-66.5131052,-3.149238499999952],[-66.5162556,-3.144877800000046],[-66.5252398,-3.144176299999949],[-66.5295592,-3.15476009999995],[-66.5370538,-3.148923700000021],[-66.5318735,-3.144995600000012],[-66.5347067,-3.14047810000004],[-66.5388721,-3.153976699999955],[-66.5433403,-3.147537400000016],[-66.5607468,-3.151191399999936],[-66.5579289,-3.143979800000015],[-66.5883112,-3.146399199999962],[-66.5994641,-3.139372899999953],[-66.5933787,-3.128667],[-66.5960157,-3.097717099999983],[-66.6106679,-3.083373],[-66.6186123,-3.057792300000045],[-66.6111945,-3.03091890000004],[-66.5966112,-3.0173835],[-66.5890033,-3.000805299999954],[-66.5961203,-2.97835479999998],[-66.6195656,-2.955835500000047],[-66.6216681,-2.941886099999957],[-66.600062,-2.898599099999981],[-66.5700344,-2.886538],[-66.5645354,-2.879813800000026],[-66.5565925,-2.85208],[-66.5622019,-2.833845200000033],[-66.5936477,-2.802604899999982],[-66.59145530000002,-2.785197],[-66.5617581,-2.7703622],[-66.543452,-2.769235700000013],[-66.5216506,-2.7548006],[-66.4894534,-2.742146499999942],[-66.4788442,-2.7288714],[-66.4677018,-2.697834699999945],[-66.4543661,-2.686579599999946],[-66.412316,-2.690403299999984],[-66.4066512,-2.7053554],[-66.3930313,-2.715541699999984],[-66.3778949,-2.704982799999981],[-66.3687333,-2.705269900000017],[-66.35931080000002,-2.717842700000036],[-66.3499762,-2.720446400000028],[-66.3317572,-2.711058300000024],[-66.2985645,-2.70333459999996],[-66.2858736,-2.69184610000003],[-66.2835331,-2.684459699999956],[-66.2900356,-2.678269600000033],[-66.299157,-2.6800878],[-66.3107952,-2.675912899999976],[-66.3207836,-2.680724700000029],[-66.3362686,-2.678654500000054],[-66.3740233,-2.646941899999934],[-66.3748111,-2.635023599999954],[-66.3705312,-2.629210699999976],[-66.3616756,-2.620511100000052],[-66.351098,-2.619527300000013],[-66.3480889,-2.606510500000049],[-66.338203,-2.603491399999954],[-66.3332313,-2.562472300000038],[-66.3720869,-2.55605580000002],[-66.39667770000001,-2.526872899999968],[-66.4047375,-2.496047899999965],[-66.4022688,-2.427124399999933],[-66.4134981,-2.403066600000071],[-66.4516914,-2.389547799999946],[-66.5194699,-2.400095799999962],[-66.561349,-2.398842200000025],[-66.5967549,-2.37777919999992],[-66.6114181,-2.375533600000019],[-66.6230966,-2.3773543],[-66.6410975,-2.388715599999955],[-66.64821490000001,-2.4219691],[-66.63505,-2.467212400000046],[-66.6144891,-2.513953799999942],[-66.6206014,-2.546884299999957],[-66.5987524,-2.588383800000015],[-66.5982785,-2.6084223],[-66.6030989,-2.630591600000054],[-66.6180319,-2.652001299999953],[-66.6830998,-2.694021499999948],[-66.7305397,-2.718184],[-66.7549267,-2.721103100000034],[-66.7971474,-2.686204899999926],[-66.8298068,-2.677382800000029],[-66.8622688,-2.657202700000039],[-66.8825551,-2.662479500000021],[-66.8981118,-2.671910899999985],[-66.912078,-2.689420800000038],[-66.9223748,-2.715915800000045],[-66.9414489,-2.727531400000011],[-66.9757986,-2.7282064],[-67.0121069,-2.7191667],[-67.0324928,-2.711330499999951],[-67.0480274,-2.697713700000041],[-67.0516112,-2.680638300000024],[-67.0416995,-2.645027599999965],[-67.0475609,-2.628920700000046],[-67.0610352,-2.613625600000037],[-67.0814701,-2.607129200000022],[-67.0953273,-2.608101799999938],[-67.1262721,-2.6225693],[-67.138051,-2.623562400000047],[-67.173302,-2.605102099999943],[-67.2009329,-2.59794],[-67.2064568,-2.590418900000043],[-67.2126214,-2.5685547],[-67.2150865,-2.520495],[-67.2463656,-2.477091799999954],[-67.23636120000002,-2.457446599999982],[-67.2331274,-2.456473299999964],[-67.2302967,-2.463612],[-67.2281144,-2.450510499999966],[-67.2150639,-2.44865319999997],[-67.2164392,-2.440301399999921],[-67.2087579,-2.426746],[-67.1970529,-2.430273599999964],[-67.1984891,-2.422569500000039],[-67.19297290000002,-2.4076772],[-67.1803433,-2.409237600000019],[-67.1825671,-2.417601800000023],[-67.1754971,-2.422398399999941],[-67.1699378,-2.393324600000017],[-67.1783835,-2.3836605],[-67.1853916,-2.362271499999928],[-67.2014146,-2.346622399999946],[-67.2025601,-2.335764099999946],[-67.2162393,-2.318974700000034],[-67.2525301,-2.302993],[-67.2622932,-2.304109800000028],[-67.2664028,-2.308760499999935],[-67.2735706,-2.305380599999981],[-67.2719926,-2.292983799999974],[-67.2636286,-2.283080599999967],[-67.2536884,-2.28103509999994],[-67.2419196,-2.265226700000052],[-67.2409004,-2.242800599999967],[-67.2445233,-2.2374203],[-67.2593252,-2.236201600000025],[-67.2762125,-2.225964600000064],[-67.2777392,-2.218077499999942],[-67.3093494,-2.173120499999981],[-67.2923676,-2.172130099999986],[-67.2637058,-2.196077399999978],[-67.231514,-2.205183099999927],[-67.2094065,-2.221964699999929],[-67.2040938,-2.2458645],[-67.1683155,-2.2530358],[-67.1326447,-2.247464400000073],[-67.1159597,-2.25352489999997],[-67.1049011,-2.268162599999968],[-67.07087,-2.273947],[-67.0327657,-2.2538063],[-66.9611774,-2.250076800000023],[-66.9459593,-2.245359600000028],[-66.9217869,-2.2295011],[-66.8949805,-2.228672299999937],[-66.8575431,-2.220172600000033],[-66.8175116,-2.197796800000058],[-66.791068,-2.202447399999975],[-66.7857583,-2.195671900000068],[-66.7788462,-2.153656799999963],[-66.7719249,-2.149504100000035],[-66.7527355,-2.151012400000084],[-66.7141517,-2.1658471],[-66.6661779,-2.146114699999935],[-66.6407871,-2.1531899],[-66.6130654,-2.147163599999932],[-66.5998146,-2.117804899999927],[-66.5741692,-2.1157145],[-66.5584825,-2.10789250000005],[-66.5466501,-2.0841663],[-66.529177,-2.06430730000002],[-66.5280396,-2.055785699999953],[-66.53868,-2.024463099999911],[-66.5302307,-1.993271600000022],[-66.5098427,-1.9718724],[-66.4600613,-1.934374800000055],[-66.4438094,-1.930622500000069],[-66.4318712,-1.932732399999935],[-66.4261749,-1.94023],[-66.422953,-1.957809300000048],[-66.4101477,-1.971580700000062],[-66.4050379,-1.995862200000037],[-66.3574772,-2.043913699999966],[-66.34100849999999,-2.0497288],[-66.3373667,-2.056392699999964],[-66.3503295,-2.067083],[-66.3493212,-2.08392769999994],[-66.3355192,-2.077700500000087],[-66.3360142,-2.067924500000021],[-66.3246053,-2.0572873],[-66.3111258,-2.05706240000008],[-66.3174467,-2.0405941],[-66.30522,-2.029785],[-66.2679015,-2.0233273],[-66.2622315,-2.025028499999958],[-66.2587249,-2.033214499999978],[-66.256043,-2.025011499999964],[-66.2435734,-2.0162149],[-66.2206218,-2.0099148],[-66.1876769,-1.990149],[-66.1640152,-1.985442],[-66.1623451,-2.020988699999974],[-66.1522923,-2.033498600000077],[-66.1728342,-2.031821599999923],[-66.1784825,-2.034792900000011],[-66.1801354,-2.043130199999931],[-66.1734109,-2.055135399999916],[-66.1740106,-2.063122700000064],[-66.1624973,-2.060977100000015],[-66.151759,-2.070437899999984],[-66.1452302,-2.062616599999974],[-66.1386701,-2.064124599999957],[-66.1361714,-2.075042400000023],[-66.1209587,-2.07182419999996],[-66.090108,-2.078346199999982],[-66.0666329,-2.071709900000032],[-66.0459864,-2.08066490000006],[-66.0353905,-2.100718],[-66.03879440000001,-2.114590799999961],[-66.0255391,-2.12088270000005],[-66.0182263,-2.141549600000054],[-65.9910815,-2.144587299999953],[-65.9721504,-2.150615599999969],[-65.9600143,-2.159698599999917],[-65.9432985,-2.246665099999977],[-65.9339112,-2.257798899999971],[-65.9012952,-2.260533200000014],[-65.9034455,-2.292389600000064],[-65.8972734,-2.305208799999935],[-65.8659731,-2.292718600000016],[-65.8586869,-2.277678900000041],[-65.8550012,-2.252723699999963],[-65.8501357,-2.24783810000007],[-65.8282429,-2.251778399999979],[-65.81140630000002,-2.267819400000026],[-65.7999782,-2.25250049999993],[-65.763447,-2.255906599999943],[-65.7374689,-2.264301700000043],[-65.7153761,-2.255759599999981],[-65.7075762,-2.2625118],[-65.7054819,-2.256654500000043],[-65.6983312,-2.26005269999994],[-65.6900161,-2.269464500000042],[-65.69032,-2.275703399999963],[-65.6849754,-2.278377299999927],[-65.6603039,-2.27340030000003],[-65.6501997,-2.249600600000079],[-65.6077041,-2.2375479],[-65.5903202,-2.247253199999947],[-65.5848987,-2.257796700000067],[-65.6043443,-2.283559],[-65.6250228,-2.286396900000045],[-65.6283165,-2.290758800000028],[-65.6204758,-2.305757599999975],[-65.5947762,-2.31642],[-65.60313,-2.32701610000005],[-65.6056548,-2.3410045],[-65.6158475,-2.359514400000067],[-65.6088964,-2.383157599999973],[-65.5995176,-2.38760609999997],[-65.5910836,-2.386359099999955],[-65.5605146,-2.360604300000036],[-65.5445547,-2.356908200000017],[-65.5234914,-2.384558700000053],[-65.5007626,-2.387622799999974],[-65.486402,-2.3596845],[-65.4859327,-2.350978100000067],[-65.4956518,-2.345115599999979],[-65.5155676,-2.348011],[-65.5193496,-2.328239899999927],[-65.5140845,-2.320806],[-65.4886961,-2.319871199999976],[-65.4596084,-2.328148699999975],[-65.4549192,-2.334782499999926],[-65.4554428,-2.345609799999985],[-65.4717746,-2.359913200000067],[-65.4778426,-2.380281700000053],[-65.4721036,-2.400848],[-65.4603392,-2.406419300000025],[-65.4508417,-2.3980758],[-65.4267564,-2.3924979],[-65.4226213,-2.381266499999973],[-65.4300898,-2.364875],[-65.4158022,-2.351477700000078],[-65.3954897,-2.349120100000052],[-65.3783576,-2.358932899999964],[-65.3701682,-2.350269500000019],[-65.3702325,-2.32775230000006],[-65.3542841,-2.34333090000001],[-65.3494755,-2.329968],[-65.3416321,-2.3282483],[-65.3468387,-2.336231400000043],[-65.3447274,-2.341866500000018],[-65.3278987,-2.351318700000017],[-65.3091616,-2.336014],[-65.3028813,-2.311737600000046],[-65.291449,-2.308006100000012],[-65.2834722,-2.311762400000034],[-65.2731865,-2.369501],[-65.2553897,-2.382599599999951],[-65.2760484,-2.38008249999997],[-65.3200283,-2.361515499999975],[-65.3560812,-2.363552300000018],[-65.3741865,-2.3714608],[-65.3856486,-2.383992499999958],[-65.3891423,-2.399791199999963],[-65.3651776,-2.39972420000003],[-65.3499578,-2.394250199999953],[-65.3249004,-2.401219600000044],[-65.3069871,-2.413842900000072],[-65.3095609,-2.431467700000022],[-65.3285877,-2.446725800000065],[-65.3383151,-2.460432],[-65.3401684,-2.473841799999946],[-65.3723955,-2.461251800000043],[-65.3911706,-2.4455566],[-65.397731,-2.450511900000071],[-65.3992041,-2.470088800000045],[-65.4246187,-2.488219900000036],[-65.4424804,-2.510072499999946],[-65.4884181,-2.539262899999962],[-65.4872487,-2.545219399999958],[-65.5056976,-2.562761],[-65.5239767,-2.601823599999978]]]}},{"type":"Feature","properties":{"CD_MUN":"1302900","NM_MUN":"Maués","SIGLA_UF":"AM","CodigoIBGE":"1302900","SubRegiaoNumero":8,"CalhaSubRegiao":"Região do Médio Amazonas"},"geometry":{"type":"Polygon","coordinates":[[[-57.3261496,-3.588051200000045],[-57.3004586,-3.595763500000043],[-57.2948158,-3.61096980000002],[-57.266788,-3.607055200000024],[-57.2538448,-3.624986799999989],[-57.2583133,-3.651146100000046],[-57.2451434,-3.673858100000035],[-57.2310051,-3.66500690000001],[-57.225421,-3.671653499999948],[-57.2000277,-3.676739],[-57.1902262,-3.662389499999979],[-57.1818617,-3.659494599999954],[-57.1468584,-3.661505600000028],[-57.1329121,-3.637524300000016],[-57.1166889,-3.631683099999955],[-57.1150523,-3.6216374],[-57.122078,-3.602001],[-57.1141884,-3.595279900000028],[-57.0884121,-3.601771],[-57.064049,-3.592236899999967],[-57.0227652,-3.602361900000012],[-57.0070096,-3.596209900000012],[-56.9897365,-3.576676599999981],[-56.9741776,-3.583780699999962],[-56.965064,-3.582536899999987],[-56.9482623,-3.577732300000036],[-56.9299515,-3.5607477],[-56.9220311,-3.558170800000051],[-56.9137547,-3.562297500000012],[-57.0004891,-3.75912960000002],[-57.5855733,-5.000743099999987],[-58.2625526,-6.468922099999973],[-58.2725552,-6.481257900000021],[-58.2931091,-6.493882],[-58.319996,-6.4949958],[-58.3270562,-6.500374],[-58.3323084,-6.532999700000019],[-58.3498866,-6.562401099999977],[-58.4273058,-6.616167499999983],[-58.4475805,-6.651341100000015],[-58.4651949,-6.670041],[-58.4784712,-6.699613599999987],[-58.4817556,-6.7814217],[-58.4345559,-6.908806500000011],[-58.3941369,-6.9500992],[-58.3802498,-6.970504],[-58.35560920000001,-6.971659],[-58.3354221,-6.986372600000019],[-58.2882552,-7.061674],[-58.2685769,-7.07952],[-58.2458886,-7.088882299999971],[-58.2227767,-7.124274],[-58.209524,-7.134262600000024],[-58.1780835,-7.18899810000002],[-58.168085,-7.2313349],[-58.1748107,-7.271428499999977],[-58.17190260000001,-7.3055027],[-58.1473717,-7.343241],[-58.5003447,-7.350125099999985],[-58.540368,-7.342527500000012],[-58.5465587,-7.327024],[-58.5587845,-7.316930699999978],[-58.5724564,-7.296003],[-58.5740375,-7.287612699999981],[-58.56512080000001,-7.283519900000012],[-58.5563733,-7.2692666],[-58.5421775,-7.2598332],[-58.5297291,-7.23763559999998],[-58.5314211,-7.228440800000014],[-58.546616,-7.2184443],[-58.5639252,-7.1989291],[-58.5290022,-7.186463800000014],[-58.5264589,-7.179158],[-58.5378749,-7.1652522],[-58.5364026,-7.155629899999984],[-58.5253671,-7.1300881],[-58.5180659,-7.127896600000024],[-58.5063191,-7.1143349],[-58.4929231,-7.0680441],[-58.496669,-7.05206649999998],[-58.5071182,-7.0485196],[-58.52314830000001,-7.0550218],[-58.5321721,-7.052058900000025],[-58.5418207,-7.036142],[-58.559875,-7.032038499999976],[-58.5674595,-7.032921299999969],[-58.5747308,-7.049832599999987],[-58.582479,-7.045150699999979],[-58.5831463,-7.0357784],[-58.6016006,-7.0373016],[-58.6170658,-7.005708],[-58.6244019,-7.0034638],[-58.6328177,-7.0079953],[-58.65082490000001,-6.97811810000002],[-58.652323,-6.9619317],[-58.6755742,-6.928399],[-58.6815511,-6.923348100000012],[-58.6982977,-6.921272800000028],[-58.7330241,-6.8986134],[-58.7439639,-6.886897499999979],[-58.7516048,-6.857107099999978],[-58.7678042,-6.858298],[-58.769753,-6.85038610000002],[-58.7850249,-6.8322646],[-58.7941095,-6.776749800000011],[-58.8327276,-6.7447649],[-58.8378331,-6.72873610000002],[-58.8588333,-6.705470200000015],[-58.8680058,-6.6753895],[-58.8645017,-6.628206200000013],[-58.8746666,-6.589494],[-58.8701177,-6.5829893],[-58.87100370000001,-6.567121099999984],[-58.8665063,-6.5602778],[-58.8622751,-6.52789],[-58.8491381,-6.508153400000019],[-58.8359419,-6.470871800000026],[-58.8344166,-6.438896],[-58.8370577,-6.422722300000035],[-58.8481103,-6.401279399999977],[-58.8465815,-6.3935074],[-58.8552822,-6.381478199999977],[-58.8527856,-6.3738851],[-58.8600577,-6.3739411],[-58.8577333,-6.3686217],[-58.8683676,-6.3528733],[-58.8800056,-6.353742600000022],[-58.8822583,-6.345975],[-58.8918943,-6.3385649],[-58.8923634,-6.329900399999978],[-58.9070092,-6.3224169],[-58.9071471,-6.313162800000013],[-58.9105097,-6.311592],[-58.90805730000001,-6.3072578],[-58.912313,-6.3086064],[-58.9150168,-6.3044226],[-58.9127237,-6.299968500000027],[-58.9201268,-6.279289500000016],[-58.9071366,-6.248541899999983],[-58.9010533,-6.247275399999975],[-58.8977538,-6.25194269999998],[-58.8903699,-6.237145],[-58.8831936,-6.238464],[-58.8853787,-6.23291],[-58.8767372,-6.229010499999966],[-58.875828,-6.222050399999986],[-58.8475484,-6.212679500000024],[-58.8426392,-6.19736],[-58.846735,-6.1889408],[-58.8384616,-6.176189699999981],[-58.8434223,-6.172521500000029],[-58.8379759,-6.1701216],[-58.8359684,-6.16294040000001],[-58.8394062,-6.1576346],[-58.8345985,-6.155168100000026],[-58.8346186,-6.146569200000032],[-58.828559,-6.140361799999972],[-58.8325829,-6.13584990000001],[-58.8249142,-6.1283198],[-58.8294447,-6.1255361],[-58.8231939,-6.124413300000013],[-58.8150995,-6.115050799999974],[-58.8191169,-6.110247799999977],[-58.8090731,-6.09960240000003],[-58.8084247,-6.0894774],[-58.8040188,-6.090802099999988],[-58.8082076,-6.0866944],[-58.8059552,-6.0820433],[-58.8022884,-6.0825829],[-58.8025446,-6.07462810000002],[-58.8150302,-6.068234499999983],[-58.8081949,-6.057556700000015],[-58.804917,-6.05885120000001],[-58.80555059999999,-6.054883100000017],[-58.80065290000001,-6.055398399999989],[-58.8052366,-6.0469529],[-58.8099711,-6.0470989],[-58.8168291,-6.02912730000002],[-58.8108612,-6.01887830000002],[-58.8156191,-6.017313799999975],[-58.8220592,-6.0219161],[-58.8312565,-6.013668699999966],[-58.8297695,-6.001525199999961],[-58.8345416,-6.000358900000016],[-58.8326796,-5.991868700000014],[-58.8365488,-5.9894178],[-58.834389,-5.985638099999988],[-58.8280143,-5.987274200000026],[-58.8271751,-5.980052699999983],[-58.8308355,-5.9772264],[-58.8188701,-5.977676600000025],[-58.8197523,-5.9711091],[-58.8290681,-5.966845],[-58.8228587,-5.962494800000028],[-58.8270305,-5.958803],[-58.8226836,-5.9539703],[-58.8261719,-5.9494],[-58.8200478,-5.9418382],[-58.8255489,-5.938799199999973],[-58.8163883,-5.9355365],[-58.8249056,-5.930507600000029],[-58.8128976,-5.927037599999977],[-58.8128531,-5.920427800000025],[-58.8195332,-5.912572],[-58.8090478,-5.9066678],[-58.8174044,-5.8932411],[-58.8192387,-5.905107600000011],[-58.8235541,-5.901328700000017],[-58.8343598,-5.902096600000021],[-58.8297411,-5.894012399999964],[-58.8263841,-5.895322199999966],[-58.8258623,-5.8815138],[-58.83023020000001,-5.876669399999986],[-58.8253519,-5.875654400000012],[-58.8294947,-5.863828499999974],[-58.8241606,-5.867908099999987],[-58.8243412,-5.8600447],[-58.8307353,-5.85139],[-58.8266661,-5.8461462],[-58.8208911,-5.854839300000014],[-58.8197248,-5.8482255],[-58.8108465,-5.844353499999981],[-58.8151516,-5.842438899999982],[-58.8146981,-5.8364358],[-58.8198662,-5.836933],[-58.8174668,-5.833103899999986],[-58.8231015,-5.821330699999978],[-58.8295046,-5.820325800000014],[-58.8296464,-5.811517900000013],[-58.8232911,-5.8115675],[-58.8253346,-5.80216959999997],[-58.8312355,-5.801308300000016],[-58.8300114,-5.7965521],[-58.823314,-5.797687899999977],[-58.8138875,-5.790357],[-58.81841759999999,-5.787523900000028],[-58.815197,-5.78090719999997],[-58.8192944,-5.780031299999988],[-58.8257115,-5.766419899999976],[-58.8205969,-5.764244199999968],[-58.8197683,-5.74386759999997],[-58.8111799,-5.738734799999982],[-58.819351,-5.7310985],[-58.8207639,-5.71709920000001],[-58.8271991,-5.7129131],[-58.8315744,-5.715498800000015],[-58.8262038,-5.704006899999989],[-58.8323965,-5.708550600000026],[-58.8366937,-5.705762800000013],[-58.8345878,-5.6970068],[-58.8281881,-5.694197],[-58.8374153,-5.687655],[-58.828964,-5.6826122],[-58.8302163,-5.676308800000018],[-58.8399275,-5.677796700000018],[-58.8466219,-5.669263400000028],[-58.8287514,-5.6661158],[-58.8293934,-5.662302899999975],[-58.8331334,-5.6658278],[-58.8391122,-5.661125800000011],[-58.82999920000001,-5.654935],[-58.8329125,-5.640445099999975],[-58.8278233,-5.633108600000014],[-58.830518,-5.630933799999966],[-58.8270564,-5.612725599999985],[-58.8192334,-5.60181989999998],[-58.8252098,-5.597085200000014],[-58.8192566,-5.590506399999961],[-58.8268935,-5.591624200000018],[-58.8267925,-5.576417199999982],[-58.8352649,-5.5732026],[-58.8316941,-5.565568700000019],[-58.8416761,-5.561372],[-58.8402483,-5.55615],[-58.8507887,-5.557637400000033],[-58.8538355,-5.546908100000031],[-58.8477825,-5.540396499999965],[-58.8550993,-5.531023499999965],[-58.8545992,-5.524563699999963],[-58.8497223,-5.521687200000035],[-58.8553161,-5.519796699999968],[-58.8501206,-5.517446399999986],[-58.854962,-5.513989099999987],[-58.8488276,-5.507854800000014],[-58.8389911,-5.5100352],[-58.8337389,-5.5049889],[-58.8392528,-5.4953541],[-58.8335592,-5.4840666],[-58.8379861,-5.479447],[-58.8278352,-5.469256399999972],[-58.8343664,-5.453442300000022],[-58.8366533,-5.4566838],[-58.8383194,-5.4529124],[-58.8269083,-5.442361499999988],[-58.834083,-5.437010400000038],[-58.8336647,-5.432890899999988],[-58.8292078,-5.430234599999975],[-58.8264922,-5.4382229],[-58.8216213,-5.43824],[-58.8254575,-5.434410700000028],[-58.821275,-5.423272399999983],[-58.8078151,-5.425146799999969],[-58.8094965,-5.4197511],[-58.8041642,-5.414855],[-58.8057628,-5.4098058],[-58.8175925,-5.412093599999983],[-58.8227415,-5.40196160000002],[-58.8200484,-5.395645499999988],[-58.8172396,-5.402587599999984],[-58.8083632,-5.400276199999989],[-58.8131524,-5.39481010000003],[-58.8114281,-5.383862],[-58.8050601,-5.3851213],[-58.8024889,-5.3749928],[-58.8044704,-5.371034099999988],[-58.8171857,-5.370542300000032],[-58.8156898,-5.365312500000025],[-58.8087687,-5.3664771],[-58.8107185,-5.353343300000021],[-58.8050546,-5.346723299999987],[-58.8107299,-5.33992120000001],[-58.8035845,-5.33293039999998],[-58.7989671,-5.344068800000014],[-58.8013739,-5.346950700000015],[-58.7971314,-5.3504075],[-58.7958076,-5.3416184],[-58.7843053,-5.337705899999967],[-58.7792141,-5.341582500000031],[-58.7769403,-5.330804899999984],[-58.7714881,-5.3286912],[-58.760647,-5.33034060000002],[-58.7664529,-5.337370499999968],[-58.7512447,-5.329255100000016],[-58.7364509,-5.338747400000012],[-58.7379509,-5.330018],[-58.7264296,-5.315767900000024],[-58.7178249,-5.316379200000012],[-58.7162557,-5.3071482],[-58.7275446,-5.3050889],[-58.7352255,-5.3082406],[-58.7423286,-5.303088399999986],[-58.7357221,-5.2910414],[-58.719812,-5.287431399999969],[-58.7145984,-5.281813800000017],[-58.7303767,-5.265176099999988],[-58.7131862,-5.267115799999987],[-58.7038609,-5.263237299999967],[-58.6980931,-5.253460699999974],[-58.7055702,-5.237764399999981],[-58.7005195,-5.2356488],[-58.6921085,-5.241363399999983],[-58.6923105,-5.233357300000014],[-58.6856678,-5.230631199999962],[-58.687663,-5.220736600000015],[-58.6525083,-5.231001200000025],[-58.6514802,-5.210360699999975],[-58.656944,-5.205085299999966],[-58.65339010000001,-5.203401900000018],[-58.6225354,-5.220010099999989],[-58.621933,-5.2095687],[-58.6312164,-5.198114],[-58.6313364,-5.191756200000023],[-58.6382251,-5.19574],[-58.6414388,-5.187715399999962],[-58.6338416,-5.182121600000019],[-58.6060634,-5.186391699999959],[-58.5956905,-5.176239500000011],[-58.5837499,-5.1779165],[-58.5806386,-5.159446299999977],[-58.5759663,-5.1613772],[-58.5714367,-5.15561960000002],[-58.5622765,-5.154928499999981],[-58.5681013,-5.143749],[-58.5802525,-5.13751],[-58.5799799,-5.133314899999987],[-58.54708620000001,-5.126086700000012],[-58.5422907,-5.143057],[-58.5349564,-5.1380737],[-58.5331129,-5.1282168],[-58.5279946,-5.126595600000012],[-58.5112783,-5.1358232],[-58.5085152,-5.131814199999979],[-58.5158708,-5.115788899999965],[-58.5057358,-5.103372600000033],[-58.4900598,-5.11473430000003],[-58.4765438,-5.107016799999983],[-58.4874054,-5.098520699999988],[-58.4992213,-5.100118900000023],[-58.4942257,-5.086957100000017],[-58.4879066,-5.084448199999967],[-58.47013530000001,-5.090467],[-58.4744692,-5.079235299999971],[-58.4687449,-5.070209900000028],[-58.463311,-5.068143399999981],[-58.4563882,-5.073578800000022],[-58.4443909,-5.074166800000024],[-58.4361809,-5.07000449999997],[-58.4450588,-5.056813599999966],[-58.4498379,-5.038111900000016],[-58.44282590000001,-5.036571300000033],[-58.429062,-5.047963600000013],[-58.4284602,-5.02661460000002],[-58.4080564,-5.013339800000019],[-58.41354410000001,-4.99193389999996],[-58.4035852,-4.9874904],[-58.4025861,-4.965348500000019],[-58.3739114,-4.953585200000017],[-58.3746687,-4.9487926],[-58.3842753,-4.943852099999969],[-58.3857602,-4.929695],[-58.39654560000001,-4.92085149999997],[-58.362019,-4.9151189],[-58.3653537,-4.893678300000016],[-58.3603503,-4.888045599999965],[-58.3533775,-4.899703699999987],[-58.3422333,-4.893229100000027],[-58.3446883,-4.882749900000013],[-58.354439,-4.873974199999984],[-58.365512,-4.851589799999972],[-58.3539146,-4.856630799999982],[-58.3504349,-4.848026699999982],[-58.3373534,-4.849276299999986],[-58.3259481,-4.839716900000031],[-58.3310242,-4.817827699999969],[-58.3224253,-4.807997600000018],[-58.3153937,-4.8128282],[-58.3149527,-4.826379599999985],[-58.3069086,-4.8192436],[-58.3058905,-4.8005568],[-58.2964081,-4.773822599999974],[-58.3007081,-4.74956049999998],[-58.2877658,-4.7323684],[-58.2762188,-4.735996499999978],[-58.26953850000001,-4.7226804],[-58.2711737,-4.718384400000016],[-58.2793685,-4.7227967],[-58.2765667,-4.713861200000012],[-58.2870748,-4.711810800000026],[-58.2672899,-4.706435300000035],[-58.2681289,-4.679034],[-58.2730624,-4.675000800000026],[-58.26619070000001,-4.673460100000034],[-58.2669042,-4.661497899999978],[-58.2710882,-4.6554865],[-58.2595756,-4.639343699999962],[-58.250058,-4.638343200000019],[-58.2562274,-4.6323635],[-58.2557703,-4.621747699999971],[-58.26374520000001,-4.615271400000035],[-58.2632214,-4.602132299999989],[-58.2561907,-4.59638380000001],[-58.2336209,-4.60259829999997],[-58.2217473,-4.59660840000001],[-58.2193764,-4.5869959],[-58.2318315,-4.5810704],[-58.2352406,-4.57342949999998],[-58.2350838,-4.5547246],[-58.2296438,-4.547339900000015],[-58.2185835,-4.5427814],[-58.2111257,-4.545062500000014],[-58.2078611,-4.5539961],[-58.2028198,-4.5481287],[-58.2151926,-4.51750109999998],[-58.2134595,-4.5125515],[-58.2019259,-4.510244700000019],[-58.2077499,-4.4979138],[-58.2055517,-4.490340600000017],[-58.1973849,-4.488777300000014],[-58.1824146,-4.498832400000015],[-58.1738187,-4.48223550000001],[-58.1751428,-4.4762701],[-58.1828819,-4.47173449999997],[-58.1825165,-4.454453100000011],[-58.1527487,-4.443655],[-58.1522399,-4.4338232],[-58.1269992,-4.4308436],[-58.1218076,-4.4183117],[-58.125529,-4.41318689999998],[-58.1321436,-4.414871599999977],[-58.1327431,-4.409858300000037],[-58.1170187,-4.3754411],[-58.15535340000001,-4.240106199999966],[-58.1622941,-4.227695],[-58.183608,-4.217606],[-58.198713,-4.2225194],[-58.2053034,-4.2167576],[-58.21935520000001,-4.231734100000037],[-58.2277753,-4.227539600000028],[-58.2379395,-4.233481600000032],[-58.2518756,-4.2281955],[-58.2596959,-4.2092728],[-58.2577682,-4.2013329],[-58.2692345,-4.194484],[-58.27111,-4.177332],[-58.2794107,-4.1756678],[-58.28061120000001,-4.162556900000029],[-58.30620660000001,-4.156195399999977],[-58.3210838,-4.141950400000031],[-58.32275880000001,-4.135479499999951],[-58.3125966,-4.1317861],[-58.3084475,-4.1178186],[-58.3140516,-4.1093484],[-58.3208055,-4.107216599999966],[-58.3228378,-4.098127],[-58.3331179,-4.093067100000013],[-58.3356334,-4.074163799999964],[-58.3484828,-4.068413699999982],[-58.3460476,-4.057798499999959],[-58.3555562,-4.057950900000029],[-58.3552519,-4.0491153],[-58.3736878,-4.038162100000013],[-58.3798341,-4.0272388],[-58.3788327,-4.019478100000025],[-58.384437,-4.022161699999979],[-58.3843699,-4.008927599999971],[-58.39324280000001,-4.017229499999971],[-58.393438,-4.012629199999985],[-58.4012582,-4.010677500000022],[-58.406036,-3.995027],[-58.4118343,-3.99943359999998],[-58.4226921,-3.997102300000048],[-58.4157654,-3.983587599999973],[-58.4345348,-3.990396100000018],[-58.4300925,-3.97320979999997],[-58.432647,-3.965931600000017],[-58.4571514,-3.958558199999971],[-58.4642588,-3.942392099999987],[-58.4590961,-3.934674],[-58.4662645,-3.929860199999963],[-58.4647325,-3.9247472],[-58.4414053,-3.911096800000032],[-58.4280938,-3.915955299999977],[-58.4253498,-3.9118053],[-58.4196521,-3.913561500000048],[-58.4086781,-3.895282900000036],[-58.39538,-3.896609],[-58.3652246,-3.886407400000027],[-58.3620285,-3.889438799999983],[-58.3439924,-3.886187899999962],[-58.345576,-3.878982500000043],[-58.340842,-3.872417],[-58.3263943,-3.867643099999972],[-58.3201644,-3.856181899999989],[-58.3215959,-3.850007700000048],[-58.317054,-3.845221899999961],[-58.3226903,-3.8393016],[-58.3146506,-3.839977600000038],[-58.3149943,-3.8322828],[-58.3028578,-3.823985100000017],[-58.2917954,-3.824601699999965],[-58.2862988,-3.812844100000023],[-58.290522,-3.8056132],[-58.29228770000001,-3.77762219999997],[-58.3053241,-3.771632],[-58.2990728,-3.7634821],[-58.30915,-3.750556399999987],[-58.2955727,-3.693496600000017],[-58.2541446,-3.687336899999988],[-58.213344,-3.697327400000029],[-58.2002127,-3.680995600000013],[-58.2011372,-3.666573899999953],[-58.2282937,-3.651334699999957],[-58.2307712,-3.627172299999981],[-58.2256593,-3.609789],[-58.2366413,-3.612089900000027],[-58.2587732,-3.602782899999955],[-58.2739179,-3.601309800000017],[-58.2820171,-3.597429900000059],[-58.287273,-3.586823799999971],[-58.2980506,-3.596988299999949],[-58.3372624,-3.581080699999982],[-58.3496158,-3.582819099999964],[-58.357618,-3.576857499999967],[-58.3628654,-3.582731699999948],[-58.37736970000001,-3.569962799999952],[-58.3856689,-3.55320660000004],[-58.3783967,-3.532022200000052],[-58.3648373,-3.515323],[-58.3705354,-3.5101466],[-58.3703477,-3.500345799999971],[-58.1813564,-3.4965817],[-58.1830828,-3.46095390000001],[-58.1752407,-3.446385100000039],[-58.1796882,-3.438336500000032],[-58.17397050000001,-3.4146132],[-58.1771078,-3.367749],[-58.167797,-3.3538267],[-58.1506342,-3.345104599999951],[-58.1233241,-3.343251700000022],[-58.1168533,-3.34928],[-58.1081547,-3.3482585],[-58.0971837,-3.337221200000048],[-58.0878256,-3.334886899999972],[-58.0916826,-3.325577099999968],[-58.08865990000001,-3.315055600000055],[-58.0797395,-3.3162561],[-58.0704741,-3.306364399999976],[-58.0622945,-3.339258700000042],[-58.0424556,-3.3488947],[-58.0291431,-3.340938],[-57.9508183,-3.34416890000005],[-57.941342,-3.339660900000036],[-57.9247289,-3.311883900000012],[-57.9133154,-3.301959400000024],[-57.9099226,-3.2903231],[-57.9006394,-3.284313499999951],[-57.8779977,-3.293328],[-57.8621702,-3.281883500000057],[-57.85061480000001,-3.27897670000002],[-57.84349910000001,-3.284347600000017],[-57.8349717,-3.277719500000011],[-57.8256069,-3.245441200000045],[-57.8093346,-3.224920099999954],[-57.8057211,-3.189883600000035],[-57.7942834,-3.16659890000004],[-57.7958893,-3.133591800000058],[-57.616154,-3.13371489999994],[-57.6152596,-3.158692299999982],[-57.6097056,-3.168486299999954],[-57.6185946,-3.173438200000058],[-57.627541,-3.1692632],[-57.6335675,-3.178890099999961],[-57.6384531,-3.211870900000032],[-57.6366471,-3.248170499999945],[-57.6254591,-3.257108899999949],[-57.6226491,-3.278898200000024],[-57.6286743,-3.290413400000057],[-57.6274801,-3.298559499999989],[-57.621846,-3.30614239999998],[-57.60201210000001,-3.315511100000054],[-57.5894213,-3.339964199999987],[-57.5793121,-3.3393757],[-57.56747759999999,-3.32145],[-57.5489835,-3.315909799999973],[-57.5287591,-3.316902899999959],[-57.5159421,-3.3245236],[-57.5176459,-3.332758599999985],[-57.51052760000001,-3.350286399999954],[-57.5096177,-3.370114500000034],[-57.5012242,-3.386329400000033],[-57.4980623,-3.417818400000022],[-57.4874505,-3.44336190000003],[-57.4653345,-3.461186899999954],[-57.434966,-3.500289600000027],[-57.370184,-3.513920599999988],[-57.3626843,-3.523688800000032],[-57.3590681,-3.544215],[-57.343238,-3.55436750000001],[-57.3401532,-3.570727599999985],[-57.3261496,-3.588051200000045]]]}},{"type":"Feature","properties":{"CD_MUN":"1301209","NM_MUN":"Coari","SIGLA_UF":"AM","CodigoIBGE":"1301209","SubRegiaoNumero":7,"CalhaSubRegiao":"Região do Rio Negro/Solimões"},"geometry":{"type":"Polygon","coordinates":[[[-62.5775573,-3.925129899999956],[-62.5616537,-3.948086499999966],[-62.57181820000001,-3.9983939],[-62.56207460000001,-4.013212500000042],[-62.5260797,-4.03419569999998],[-62.4953673,-4.037363200000025],[-62.49544980000001,-4.04452229999997],[-62.4871996,-4.0467338],[-62.4793293,-4.057381600000033],[-62.4658759,-4.05653590000005],[-62.4470704,-4.066522900000039],[-62.4418253,-4.080909],[-62.4232272,-4.076664499999976],[-62.4074136,-4.08807],[-62.3965972,-4.078834400000016],[-62.3879036,-4.077002],[-62.3808071,-4.083836299999968],[-62.3610216,-4.0909454],[-62.36563670000001,-4.1057719],[-62.3351212,-4.1210503],[-62.340024,-4.1311735],[-62.3366137,-4.136864],[-62.3310056,-4.141431300000015],[-62.3180119,-4.142571400000018],[-62.2835635,-4.1660208],[-62.2838468,-4.170217500000011],[-62.2959213,-4.169274100000017],[-62.2873596,-4.183369699999964],[-62.2952644,-4.187607299999968],[-62.2765683,-4.21759940000004],[-62.2654318,-4.219365200000025],[-62.2626461,-4.232482],[-62.27071620000001,-4.234005899999984],[-62.2728536,-4.2408104],[-62.2902464,-4.249020899999967],[-62.3182527,-4.248333],[-62.3476245,-4.2537131],[-62.3826092,-4.250633300000016],[-62.4055331,-4.2344367],[-62.4348943,-4.229065899999972],[-62.4472706,-4.239496300000042],[-62.4524726,-4.257113299999966],[-62.4767366,-4.263594],[-62.4705308,-4.279099900000041],[-62.4745464,-4.302166199999972],[-62.4844947,-4.310264],[-62.4949775,-4.3099652],[-62.4980359,-4.313980100000028],[-62.4946745,-4.31376549999997],[-62.4958827,-4.321679200000037],[-62.5096349,-4.327509500000031],[-62.5193431,-4.356857099999967],[-62.5327128,-4.358478699999955],[-62.5351292,-4.3545108],[-62.5527301,-4.373290799999964],[-62.5506279,-4.386097300000029],[-62.5311543,-4.401988100000043],[-62.5491212,-4.4097726],[-62.5525643,-4.417040200000026],[-62.5875926,-4.409015500000042],[-62.5929049,-4.412834699999976],[-62.5883372,-4.4244503],[-62.5929412,-4.4344315],[-62.6183589,-4.442108099999981],[-62.6383332,-4.4234924],[-62.6514501,-4.419605300000026],[-62.651802,-4.3983559],[-62.6575425,-4.3890938],[-62.6761409,-4.388367],[-62.6880164,-4.394499799999988],[-62.6918535,-4.392094300000033],[-62.6983021,-4.405633400000025],[-62.6938996,-4.414518500000025],[-62.6936017,-4.432114200000036],[-62.7209557,-4.454514],[-62.7270233,-4.478708699999989],[-62.73679820000001,-4.483884799999956],[-62.7518887,-4.462845299999959],[-62.7627729,-4.45830229999998],[-62.7646452,-4.481931599999974],[-62.77515540000001,-4.501764],[-62.7877635,-4.512915200000012],[-62.8071597,-4.511065099999964],[-62.8038289,-4.503198899999976],[-62.7898075,-4.4954199],[-62.78869490000001,-4.482291799999988],[-62.7972445,-4.4707333],[-62.8118475,-4.468512600000028],[-62.8294175,-4.4791702],[-62.8379547,-4.475664799999964],[-62.8664159,-4.4775352],[-62.8882692,-4.4883728],[-62.895111,-4.515063799999978],[-62.9238228,-4.519950599999971],[-62.9542499,-4.518544300000031],[-63.0311476,-4.70516859999997],[-63.0519399,-4.7243093],[-63.093775,-4.7344864],[-63.1292502,-4.760639],[-63.1778591,-4.768180800000025],[-63.2068531,-4.789889100000035],[-63.224415,-4.824923799999954],[-63.2380829,-4.883418300000014],[-63.248439,-4.9066421],[-63.2782484,-4.926642799999964],[-63.3026901,-4.96295840000002],[-63.3360285,-4.990246199999981],[-63.34091140000001,-5.0006374],[-63.3419692,-5.0541528],[-63.3518335,-5.075764099999962],[-63.3594986,-5.1084468],[-63.3721324,-5.121777699999978],[-63.450609,-5.153014700000035],[-63.545304,-5.1571502],[-63.5619967,-5.153351699999988],[-63.5944141,-5.1370559],[-63.6291389,-5.14347060000001],[-63.6468355,-5.140485900000013],[-63.7022788,-5.1100188],[-63.7660586,-5.127858],[-63.7978113,-5.147177799999972],[-63.8251963,-5.152422],[-63.8549457,-5.169785499999978],[-63.88300550000001,-5.193757200000018],[-63.92680020000001,-5.210188499999971],[-63.9449769,-5.2361211],[-64.0257248,-5.2671542],[-64.0372535,-5.28089570000003],[-64.0490875,-5.3255309],[-64.06855590000002,-5.35537920000001],[-64.0821752,-5.366444],[-64.09022310000002,-5.4048171],[-64.10372260000001,-5.418818799999975],[-64.1278927,-5.426419899999974],[-64.1643412,-5.4257812],[-64.1883327,-5.437769599999972],[-64.2085625,-5.458713400000023],[-64.2323588,-5.473851],[-64.2986679,-5.480566],[-64.3672774,-5.5218068],[-64.3971991,-5.544766700000028],[-64.4374759,-5.5575384],[-64.4471984,-5.571242],[-64.4522226,-5.600247299999986],[-64.4739464,-5.6345543],[-64.4766662,-5.670341200000032],[-64.4927547,-5.689670300000035],[-64.5244257,-5.699759700000016],[-64.5322218,-5.697680499999971],[-64.5423915,-5.683976600000027],[-64.5506479,-5.6838034],[-64.6037818,-5.698407599999966],[-64.6248396,-5.7130731],[-64.6300013,-5.7288156],[-64.6516979,-5.746114800000019],[-64.6702264,-5.768625900000016],[-64.7050881,-5.7854428],[-64.7233383,-5.8026],[-64.741566,-5.806516099999981],[-64.7637586,-5.8048393],[-64.812894,-5.787005200000024],[-64.8558113,-5.784423800000032],[-64.9068975,-5.759253599999977],[-64.9613795,-5.74536190000002],[-64.9982304,-5.744569800000026],[-65.0616179,-5.754203500000019],[-65.0753379,-5.746997800000028],[-65.1111134,-5.708635300000034],[-65.1356438,-5.6970009],[-65.1464791,-5.696466800000027],[-65.1544487,-5.701019299999972],[-65.1968162,-5.734626499999977],[-65.223176,-5.746118800000025],[-65.2343429,-5.745912299999988],[-65.2654188,-5.7016167],[-65.28973079999999,-5.691335199999986],[-65.3237069,-5.6867605],[-65.3366494,-5.676520299999978],[-65.3566223,-5.645936900000017],[-65.3713478,-5.637256100000023],[-65.398647,-5.64490140000002],[-65.4276477,-5.669088700000015],[-65.4450674,-5.6751276],[-65.5294547,-5.6425071],[-65.5692643,-5.613434500000015],[-65.5947902,-5.582854],[-65.6028468,-5.564874],[-65.6096824,-5.527205],[-65.6157007,-5.521186],[-65.6260097,-5.522549200000015],[-65.6652815,-5.552935],[-65.6813115,-5.551437400000019],[-65.6946518,-5.54051],[-65.710176,-5.514132599999984],[-65.729985,-5.445910399999978],[-65.7369532,-5.442365800000033],[-65.7530981,-5.451458500000035],[-65.7717886,-5.480068499999967],[-65.7854867,-5.491656100000013],[-65.8212335,-5.497793],[-65.8447624,-5.492270600000011],[-65.8756511,-5.448164299999974],[-65.9005917,-5.4369759],[-65.8854565,-5.370387],[-65.866119,-5.3377416],[-65.8301197,-5.307609799999971],[-65.8038777,-5.299283200000024],[-65.7613488,-5.305988300000021],[-65.7533119,-5.3028426],[-65.7429006,-5.290607400000011],[-65.7273975,-5.2857919],[-65.7000655,-5.308316699999986],[-65.6908435,-5.310760399999974],[-65.6817874,-5.307574500000027],[-65.676624,-5.29941],[-65.6784802,-5.2612273],[-65.6964506,-5.222407599999983],[-65.7022845,-5.196693899999985],[-65.6904227,-5.173162699999971],[-65.6500611,-5.135020499999961],[-65.6449262,-5.118691599999972],[-65.6599254,-5.1067442],[-65.6852876,-5.1129901],[-65.6928401,-5.112191600000014],[-65.6978388,-5.105404],[-65.6970071,-5.078172399999957],[-65.68626140000002,-5.044789400000023],[-65.6808955,-5.037351600000032],[-65.6669516,-5.03229869999998],[-65.6483431,-5.031782299999967],[-65.6229827,-5.0237795],[-65.5971806,-4.981285399999972],[-65.5769555,-4.960617],[-65.5709758,-4.944197499999972],[-65.578285,-4.891465499999981],[-65.5699215,-4.87817679999997],[-65.5420028,-4.85512],[-65.516426,-4.8157579],[-65.4669804,-4.771317800000022],[-65.4571783,-4.73989989999997],[-65.4466441,-4.6802588],[-65.4315089,-4.667722],[-65.4050938,-4.666377699999972],[-65.3818222,-4.6537041],[-65.3682271,-4.627536800000012],[-65.3640029,-4.609960399999973],[-65.353594,-4.605954700000018],[-65.3188649,-4.62284109999998],[-65.2775567,-4.6256229],[-65.2575374,-4.620182200000027],[-65.21836660000001,-4.586396400000027],[-65.1848702,-4.565642899999982],[-65.1299225,-4.5226772],[-65.1189271,-4.510361100000038],[-65.1120302,-4.481390299999975],[-65.0990282,-4.46073810000002],[-65.0921382,-4.45510619999997],[-65.0391653,-4.44036829999998],[-65.0221992,-4.421842200000013],[-65.0162812,-4.4053188],[-65.0154697,-4.361809300000041],[-65.0066977,-4.319728300000015],[-64.9942868,-4.294479500000035],[-64.9858713,-4.287564299999963],[-64.9793965,-4.283455100000027],[-64.969479,-4.2848037],[-64.9454527,-4.298057299999965],[-64.934613,-4.2990727],[-64.8903333,-4.2829222],[-64.8639758,-4.2893063],[-64.8211721,-4.273365200000015],[-64.8092009,-4.259474],[-64.7856652,-4.214270099999976],[-64.7690818,-4.203824],[-64.7315004,-4.195898399999962],[-64.7248333,-4.188620200000021],[-64.7180044,-4.1425721],[-64.7037006,-4.119310699999988],[-64.6961081,-4.11667250000004],[-64.670028,-4.128416299999985],[-64.653165,-4.125027199999983],[-64.6360757,-4.104077799999967],[-64.6190866,-4.0711589],[-64.5767813,-4.048523399999987],[-64.5671437,-4.033245499999979],[-64.5631134,-4.0164438],[-64.5619979,-4.006622799999982],[-64.5670596,-4.0004048],[-64.5648355,-3.990126499999959],[-64.5420565,-3.964532899999972],[-64.5258648,-3.9594445],[-64.4841652,-3.9675772],[-64.4483883,-3.988178200000049],[-64.4392213,-3.987597399999968],[-64.4236615,-3.9782489],[-64.414173,-3.9808824],[-64.382406,-3.9658494],[-64.35021370000001,-3.975638200000045],[-64.3258908,-3.967041100000018],[-64.3169334,-3.951698700000034],[-64.3030135,-3.947793700000035],[-64.2925988,-3.951228],[-64.2934184,-3.947908599999984],[-64.2861192,-3.944404700000042],[-64.2887928,-3.938842799999974],[-64.2819053,-3.93925040000005],[-64.2780349,-3.925636700000034],[-64.2741006,-3.926799700000025],[-64.2689003,-3.92037270000001],[-64.2696261,-3.907394199999989],[-64.2605474,-3.9053984],[-64.2578953,-3.893460200000048],[-64.2519456,-3.888030800000042],[-64.2369965,-3.89362349999996],[-64.1900803,-3.871902099999962],[-64.1665576,-3.865547100000044],[-64.1579685,-3.829354399999987],[-64.1598902,-3.811649299999989],[-64.1109975,-3.759818499999972],[-64.0927759,-3.752874],[-64.08393970000002,-3.768792100000044],[-64.076496,-3.767406],[-64.0715793,-3.704084499999969],[-64.0173884,-3.70654709999996],[-64.0115018,-3.701239],[-63.98094050000001,-3.7115766],[-63.9824731,-3.720646],[-63.9739167,-3.745580700000017],[-63.977743,-3.764504700000034],[-63.9551322,-3.802260500000028],[-63.942111,-3.81286950000001],[-63.8670227,-3.811190300000049],[-63.7590796,-3.7982145],[-63.7705179,-3.78730449999997],[-63.7890422,-3.7797084],[-63.8025865,-3.783035899999968],[-63.8315798,-3.7801996],[-63.8381007,-3.7947557],[-63.8501709,-3.7995466],[-63.8815927,-3.792038199999989],[-63.8954206,-3.779017699999953],[-63.9017311,-3.764126799999955],[-63.9107977,-3.755106199999973],[-63.917215,-3.75626170000003],[-63.9255644,-3.742906599999979],[-63.9184539,-3.715041099999962],[-63.9197465,-3.692591299999985],[-63.9267421,-3.682125900000016],[-63.941481,-3.674473299999953],[-63.9363698,-3.666431899999977],[-63.94770650000002,-3.659933],[-63.941798,-3.656485600000013],[-63.9247277,-3.659752800000019],[-63.9200134,-3.669902400000012],[-63.9102353,-3.66339049999997],[-63.9292029,-3.641403100000022],[-63.9353864,-3.642239800000028],[-63.9413139,-3.637510900000029],[-63.9377796,-3.616588199999955],[-63.9454911,-3.600675],[-63.9498704,-3.599452400000041],[-63.9521085,-3.617157300000012],[-63.9630084,-3.633208399999983],[-63.971529,-3.631395700000021],[-63.9722904,-3.611517600000039],[-63.9805305,-3.6026556],[-63.9936887,-3.606126500000017],[-64.0172051,-3.6282036],[-64.0222561,-3.60151],[-64.0374455,-3.579611100000041],[-64.0532475,-3.571565600000026],[-64.0701742,-3.5751354],[-64.0785594,-3.567860800000019],[-64.078271,-3.5614483],[-64.0723429,-3.5574242],[-64.0554812,-3.557164],[-64.0625985,-3.543609],[-64.08731,-3.5292914],[-64.0972249,-3.5306843],[-64.1071928,-3.540655900000016],[-64.1194654,-3.520720600000037],[-64.1595101,-3.50947190000001],[-64.1591843,-3.479653199999986],[-64.13596,-3.450809400000014],[-64.1466017,-3.448523200000032],[-64.1517832,-3.441506500000018],[-64.1510244,-3.418470599999977],[-64.1311974,-3.390586499999961],[-64.1336142,-3.3781662],[-64.1275143,-3.363439],[-64.1100954,-3.368248],[-64.1016906,-3.360826500000016],[-64.0837908,-3.360148399999966],[-64.08744,-3.330316600000052],[-64.0997855,-3.315051],[-64.1086562,-3.325936700000049],[-64.1111095,-3.309086900000019],[-64.1078779,-3.301919400000048],[-64.1175655,-3.297694300000046],[-64.1157554,-3.286991499999989],[-64.1330337,-3.288791899999973],[-64.1377604,-3.266492399999953],[-64.1455891,-3.281762900000036],[-64.1432262,-3.29601560000004],[-64.1498285,-3.298046199999983],[-64.1546553,-3.2942655],[-64.1627999,-3.2808459],[-64.1498808,-3.267169899999983],[-64.1629514,-3.237597699999956],[-64.1684951,-3.247017700000031],[-64.1736575,-3.246623800000036],[-64.1838255,-3.231794699999983],[-64.1837851,-3.2457985],[-64.1922188,-3.253637799999964],[-64.2060303,-3.228021],[-64.2175,-3.2275841],[-64.2249543,-3.219162],[-64.2170001,-3.209699099999979],[-64.2270029,-3.209937700000058],[-64.2374189,-3.20338239999998],[-64.2365875,-3.188528],[-64.2508818,-3.1858707],[-64.2559744,-3.168802899999984],[-64.2903171,-3.1588745],[-64.2913828,-3.151763],[-64.2854891,-3.1420493],[-64.2873761,-3.133592600000017],[-64.2695868,-3.13690720000005],[-64.2726781,-3.121455400000049],[-64.2693049,-3.107835300000021],[-64.2619522,-3.098693],[-64.2567271,-3.108907],[-64.2511842,-3.10793489999995],[-64.2454603,-3.102687100000013],[-64.2476853,-3.097068600000036],[-64.255686,-3.0892384],[-64.2688116,-3.098277099999946],[-64.2708869,-3.091977499999972],[-64.2637229,-3.0862251],[-64.270807,-3.081884400000053],[-64.2881109,-3.08633829999996],[-64.2871709,-3.095872],[-64.2934954,-3.100555799999988],[-64.3212432,-3.0961756],[-64.3276369,-3.090356600000039],[-64.3247806,-3.082437299999961],[-64.3304425,-3.076286600000026],[-64.32891460000002,-3.057799],[-64.34020350000002,-3.0403207],[-64.3308504,-3.0308403],[-64.333701,-3.022329400000044],[-64.3692534,-3.0075516],[-64.3730548,-2.992797699999979],[-64.4052219,-2.973983400000026],[-64.4063134,-2.95998889999997],[-64.4232556,-2.957839500000043],[-64.4359228,-2.947867300000014],[-64.4483911,-2.927269499999987],[-64.4428633,-2.9174214],[-64.4522798,-2.888358800000032],[-64.4488343,-2.864186599999964],[-64.442001,-2.850512199999977],[-64.4565528,-2.8459193],[-64.4643332,-2.822998199999963],[-64.4760729,-2.813111699999945],[-64.4762194,-2.799703799999985],[-64.4960461,-2.795360700000069],[-64.4958236,-2.785211500000021],[-64.5023354,-2.778837599999968],[-64.4999836,-2.762420299999976],[-64.5099446,-2.7410063],[-64.4542998,-2.738798],[-64.44444510000001,-2.744092699999978],[-64.4325709,-2.739220500000043],[-64.4189955,-2.723893500000033],[-64.4186374,-2.718179300000061],[-64.4105053,-2.720077499999989],[-64.4050446,-2.7150731],[-64.3894114,-2.722299600000053],[-64.388849,-2.718698299999958],[-64.382197,-2.717984],[-64.3839046,-2.715261699999942],[-64.3578467,-2.720926099999983],[-64.3511982,-2.710299099999974],[-64.3531129,-2.707186799999942],[-64.33956,-2.697014900000024],[-64.3371532,-2.67629130000004],[-64.3495562,-2.658860199999971],[-64.3577047,-2.6552534],[-64.358779,-2.649578],[-64.415878,-2.643388200000017],[-64.4276381,-2.635328300000054],[-64.4288437,-2.621403499999986],[-64.4200359,-2.607746599999974],[-64.4373498,-2.573084799999944],[-64.4347014,-2.552128800000022],[-64.4561078,-2.537142200000041],[-64.46499760000002,-2.522394800000034],[-64.4576946,-2.480447300000047],[-64.4613309,-2.470813300000035],[-64.4781135,-2.471312299999989],[-64.4857508,-2.468336300000037],[-64.490335,-2.460287899999941],[-64.4918861,-2.430070099999987],[-64.5062792,-2.405276300000011],[-64.5249764,-2.35554370000008],[-64.5293301,-2.336790700000071],[-64.5180581,-2.311818],[-64.497186,-2.3201187],[-64.4676736,-2.322008299999943],[-64.4523444,-2.328087500000018],[-64.4480571,-2.323971800000061],[-64.450331,-2.283717],[-64.4432212,-2.280013399999976],[-64.4275834,-2.285960200000066],[-64.417198,-2.284417499999978],[-64.4029432,-2.271352],[-64.3672163,-2.265118900000019],[-64.3867193,-2.343204799999925],[-64.3708103,-2.360393],[-64.349678,-2.3688963],[-64.3404199,-2.367673900000037],[-64.3332381,-2.37077220000008],[-64.33266190000002,-2.375442099999942],[-64.2932285,-2.384883900000048],[-64.2824341,-2.400872],[-64.2675878,-2.40449869999997],[-64.2633524,-2.413655800000054],[-64.2504703,-2.414417699999925],[-64.2432049,-2.4249402],[-64.2370595,-2.4237702],[-64.231146,-2.4297354],[-64.2205231,-2.426565299999954],[-64.2108877,-2.4290251],[-64.2086599,-2.425850800000015],[-64.1923885,-2.427663],[-64.1859963,-2.432552899999964],[-64.1841318,-2.428907099999959],[-64.1730016,-2.429501699999962],[-64.1640233,-2.439349300000074],[-64.155243,-2.436194],[-64.1497976,-2.442465699999937],[-64.1439058,-2.4422661],[-64.1430463,-2.446518699999937],[-64.1214376,-2.4472867],[-64.1172171,-2.456306100000074],[-64.1004952,-2.463619899999946],[-64.1021268,-2.472205899999936],[-64.0979053,-2.482751899999958],[-64.1016109,-2.480654800000043],[-64.1030881,-2.484364699999956],[-64.10027270000002,-2.497923599999946],[-64.0836447,-2.507785600000048],[-64.0793531,-2.517719600000035],[-64.0861972,-2.522836599999943],[-64.0820094,-2.52618249999998],[-64.0841947,-2.5317909],[-64.0794266,-2.535983],[-64.07843830000002,-2.54646],[-64.0827451,-2.545163199999969],[-64.0849853,-2.550199599999973],[-64.0782675,-2.5551616],[-64.080186,-2.561113800000047],[-64.0746713,-2.562829600000034],[-64.0748218,-2.5750529],[-64.0722993,-2.57729039999994],[-64.0703922,-2.57402079999994],[-64.0635444,-2.581035],[-64.0676773,-2.585497300000011],[-64.06553190000001,-2.605563099999966],[-64.0623448,-2.606907800000041],[-64.0600583,-2.600691],[-64.0531336,-2.6090422],[-64.0461676,-2.607754],[-64.0453193,-2.6195091],[-64.0404534,-2.628598299999944],[-64.0376274,-2.626458700000019],[-64.0385583,-2.63623409999994],[-64.0295553,-2.642560500000021],[-64.032863,-2.644904],[-64.0288412,-2.653348600000029],[-64.0246272,-2.65038539999996],[-64.0190265,-2.66126150000005],[-64.0120008,-2.658735299999969],[-64.0162286,-2.6628544],[-64.0119398,-2.665923399999937],[-64.0101828,-2.662225899999932],[-64.0047609,-2.667218899999973],[-64.0000394,-2.655768200000053],[-63.9889254,-2.660228899999946],[-63.975952,-2.655901800000025],[-63.9685463,-2.665268300000053],[-63.9744168,-2.671761100000059],[-63.9638454,-2.6769274],[-63.9622586,-2.694443900000034],[-63.9541953,-2.6966662],[-63.9603053,-2.707215],[-63.9566527,-2.707481699999955],[-63.9596097,-2.710108500000028],[-63.9569083,-2.7144369],[-63.9641041,-2.719077600000046],[-63.9602949,-2.72217510000001],[-63.9645126,-2.7419307],[-63.9634285,-2.744692900000031],[-63.9592567,-2.740382500000049],[-63.9594701,-2.752622099999971],[-63.9634314,-2.754837699999985],[-63.9611391,-2.758633699999964],[-63.9671531,-2.7613053],[-63.9659116,-2.768402800000023],[-63.9614452,-2.7675348],[-63.9589911,-2.7728362],[-63.9647719,-2.773627199999986],[-63.9681612,-2.781366700000016],[-63.9619834,-2.781160400000065],[-63.9576139,-2.7886314],[-63.9623637,-2.790515],[-63.9581499,-2.793210399999938],[-63.9612586,-2.7984632],[-63.9671284,-2.7984283],[-63.9605897,-2.809284499999984],[-63.9680748,-2.808965299999984],[-63.9683561,-2.813858499999951],[-63.9630096,-2.8137119],[-63.96288409999999,-2.818234299999987],[-63.95960010000001,-2.816058099999986],[-63.9549829,-2.823915200000057],[-63.95180830000001,-2.820778899999929],[-63.9508811,-2.825594900000025],[-63.9475487,-2.824215900000012],[-63.9489595,-2.838942899999978],[-63.9555001,-2.839640199999946],[-63.9535495,-2.8437233],[-63.9437393,-2.852715700000022],[-63.9387212,-2.846918699999967],[-63.933586,-2.8527255],[-63.948362,-2.870232499999979],[-63.9449597,-2.874807],[-63.9481838,-2.8790505],[-63.9380294,-2.882814799999948],[-63.9343423,-2.892534900000049],[-63.9104743,-2.898878900000044],[-63.9122757,-2.9074528],[-63.904903,-2.904658299999963],[-63.8987429,-2.91184009999997],[-63.90327,-2.913747300000031],[-63.8989557,-2.921402300000037],[-63.906299,-2.923620400000027],[-63.9051404,-2.93007],[-63.9114283,-2.927796300000026],[-63.9057086,-2.9406264],[-63.9102056,-2.943632600000015],[-63.9012622,-2.944649399999964],[-63.8969334,-2.95304389999994],[-63.8998144,-2.955166499999949],[-63.8942649,-2.9542348],[-63.8975171,-2.957576900000044],[-63.8926695,-2.9645716],[-63.8848486,-2.9619151],[-63.8860291,-2.966562],[-63.8894024,-2.965605399999961],[-63.8867657,-2.9740626],[-63.8841305,-2.969872599999971],[-63.8793474,-2.972462299999959],[-63.881439,-2.97740609999996],[-63.8756772,-2.973542099999971],[-63.873291,-2.978900400000019],[-63.8784208,-2.991686800000031],[-63.8729175,-2.992038900000058],[-63.8710707,-2.996225500000044],[-63.8747511,-2.9975415],[-63.86907,-2.998395599999975],[-63.8738481,-3.011722800000018],[-63.8635063,-3.01948109999995],[-63.8700492,-3.025518099999965],[-63.8743143,-3.024516599999977],[-63.8767282,-3.028723500000053],[-63.8719218,-3.031250700000034],[-63.8783028,-3.031362900000055],[-63.8817016,-3.03753569999995],[-63.8687795,-3.047227699999963],[-63.8739014,-3.048568500000018],[-63.8702038,-3.053227600000018],[-63.8728672,-3.0581469],[-63.8649555,-3.059333400000027],[-63.8591022,-3.067356200000021],[-63.8625727,-3.076318299999975],[-63.857341,-3.09295170000002],[-63.8536559,-3.087772500000038],[-63.8458912,-3.0986584],[-63.8489611,-3.104869800000056],[-63.8442886,-3.108121],[-63.8424456,-3.115873699999969],[-63.8458762,-3.120232200000039],[-63.8428182,-3.121840500000015],[-63.8449556,-3.122730199999935],[-63.8487583,-3.1182014],[-63.8502579,-3.127481399999958],[-63.8391503,-3.129189699999963],[-63.8420436,-3.136720699999973],[-63.828165,-3.133428],[-63.8221196,-3.134436],[-63.8222557,-3.1400994],[-63.8165826,-3.137173399999946],[-63.8173409,-3.1474185],[-63.8106771,-3.151443799999987],[-63.8114774,-3.15654949999997],[-63.815024,-3.1565113],[-63.8139211,-3.165290799999951],[-63.8036325,-3.174385699999939],[-63.7919229,-3.175252499999986],[-63.797896,-3.181112199999976],[-63.7887516,-3.183129600000027],[-63.7913589,-3.1881345],[-63.7824574,-3.177661099999977],[-63.7752526,-3.182311],[-63.7758585,-3.2000063],[-63.7817394,-3.20962460000005],[-63.7796065,-3.216233700000016],[-63.7744601,-3.213121799999939],[-63.7731625,-3.224396600000035],[-63.7520097,-3.22410819999996],[-63.7513664,-3.232333499999953],[-63.7445817,-3.234523900000055],[-63.7459484,-3.243132700000027],[-63.7322818,-3.241470400000018],[-63.72865130000001,-3.236069600000027],[-63.7236198,-3.243233],[-63.7219591,-3.236733300000021],[-63.7182365,-3.245678],[-63.7233473,-3.2535542],[-63.7232079,-3.267733100000046],[-63.7120007,-3.273006299999965],[-63.7078749,-3.2706783],[-63.706851,-3.276892399999964],[-63.6940149,-3.2752915],[-63.6937743,-3.285058],[-63.6879742,-3.285128800000042],[-63.6868569,-3.289637300000047],[-63.6665625,-3.301180100000011],[-63.6670614,-3.306420699999975],[-63.6746895,-3.308063500000049],[-63.6742589,-3.316216199999973],[-63.6593615,-3.323027899999969],[-63.6540912,-3.337726299999989],[-63.6403338,-3.3323241],[-63.6253027,-3.346193599999955],[-63.623138,-3.3539106],[-63.6058279,-3.359770499999946],[-63.5975829,-3.359573399999944],[-63.58924720000001,-3.343726],[-63.562383,-3.366293400000013],[-63.5525469,-3.366272900000023],[-63.4771666,-3.394302800000039],[-63.4543842,-3.4247344],[-63.3674412,-3.49306949999995],[-63.3444654,-3.503872900000028],[-63.2768876,-3.517277500000034],[-63.2625829,-3.5251034],[-63.2363532,-3.54833380000002],[-63.19888490000001,-3.599403],[-63.1836936,-3.611251499999966],[-63.150858,-3.6185181],[-63.1231619,-3.61418570000002],[-63.0816359,-3.594941399999972],[-63.0468325,-3.568906399999974],[-63.0143819,-3.567030200000039],[-62.5805723,-3.857846699999949],[-62.5775573,-3.925129899999956]]]}},{"type":"Feature","properties":{"CD_MUN":"1302504","NM_MUN":"Manacapuru","SIGLA_UF":"AM","CodigoIBGE":"1302504","SubRegiaoNumero":7,"CalhaSubRegiao":"Região do Rio Negro/Solimões"},"geometry":{"type":"Polygon","coordinates":[[[-61.4105011,-3.622147500000037],[-61.3767198,-3.599351900000028],[-61.3270094,-3.604405699999977],[-61.2884475,-3.600287300000045],[-61.2938725,-3.566955700000012],[-61.2896517,-3.5493745],[-61.2962923,-3.537283800000049],[-61.3026544,-3.53997479999998],[-61.29712390000001,-3.512228],[-61.3023569,-3.500398599999948],[-61.211483,-3.494883099999961],[-61.2019025,-3.47314979999995],[-61.2042505,-3.46456],[-61.1973174,-3.440574600000052],[-61.1895154,-3.4373955],[-61.1841385,-3.428154099999977],[-61.1495085,-3.408716200000026],[-61.1190743,-3.416535599999968],[-61.1033258,-3.433058900000038],[-61.1006915,-3.451165799999968],[-61.0820581,-3.449535100000019],[-61.0720971,-3.435094899999946],[-61.0758815,-3.39680190000003],[-61.0671428,-3.390698899999973],[-61.074924,-3.390489099999958],[-61.0734817,-3.385336200000022],[-61.080424,-3.372393800000042],[-61.0869413,-3.370519499999983],[-61.0882326,-3.3571378],[-61.1048232,-3.349926],[-61.1129311,-3.3403098],[-61.1144175,-3.316746399999971],[-61.1081197,-3.301565600000044],[-61.0980127,-3.290642199999975],[-61.1028114,-3.280460199999986],[-61.0997274,-3.267508300000046],[-61.1189588,-3.2529496],[-61.150626,-3.253631],[-61.1810957,-3.242801200000033],[-61.1973448,-3.243969299999982],[-61.2273182,-3.236417299999959],[-61.28282,-3.2046387],[-61.3064308,-3.207412599999961],[-61.3189566,-3.1975181],[-61.320846,-3.14790680000002],[-61.3525106,-3.108881699999979],[-61.3510706,-3.067018100000018],[-61.3591895,-3.0048832],[-61.3818591,-2.992384499999958],[-61.3841118,-2.9712711],[-61.4092395,-2.895668400000024],[-61.4075695,-2.882367100000034],[-61.4176563,-2.873675100000043],[-61.4139514,-2.8693324],[-61.43337,-2.865373],[-61.43690260000001,-2.84583],[-61.4426893,-2.838907099999982],[-61.483285,-2.812755700000033],[-61.4834851,-2.786616099999979],[-61.4727616,-2.773386599999945],[-61.4661282,-2.7668832],[-61.44912140000001,-2.761061200000017],[-61.4133198,-2.76592],[-61.4042629,-2.761554899999977],[-61.4082649,-2.742534100000025],[-61.40270910000001,-2.7326949],[-61.3682349,-2.745668400000064],[-61.3371002,-2.745714899999951],[-61.3135965,-2.739401600000016],[-61.2768397,-2.7436617],[-61.2506264,-2.74102929999997],[-61.244143,-2.769608100000043],[-61.2351775,-2.775423499999939],[-61.2321178,-2.767761399999954],[-61.2219531,-2.7645133],[-61.1656543,-2.785491799999976],[-61.1530683,-2.802636400000022],[-61.1441237,-2.807951199999978],[-61.1148525,-2.815182],[-61.0613424,-2.8137643],[-61.053152,-2.817270099999952],[-61.0407874,-2.826725099999957],[-61.0338199,-2.8419012],[-61.0164517,-2.852222299999967],[-61.0005079,-2.883675399999959],[-60.9845681,-2.886259599999962],[-60.9616173,-2.927885900000017],[-60.978865,-2.940122],[-60.9773197,-2.977495],[-60.9947023,-2.987960399999985],[-60.9905719,-3.000303399999981],[-60.9760373,-3.0064472],[-60.9475654,-3.0033667],[-60.9380655,-3.0161688],[-60.9178707,-3.02757419999997],[-60.9088425,-3.048973500000022],[-60.9017848,-3.052852399999972],[-60.8877872,-3.044590100000033],[-60.8741222,-3.052606299999941],[-60.8688662,-3.046597899999965],[-60.8606267,-3.049559400000053],[-60.8543743,-3.06490950000004],[-60.8320192,-3.082123899999972],[-60.81936480000001,-3.083501500000013],[-60.8103087,-3.099301199999978],[-60.7857511,-3.099436899999934],[-60.7632854,-3.092824900000056],[-60.7179805,-3.104304899999955],[-60.6894564,-3.133238199999937],[-60.6870134,-3.154414100000044],[-60.6785281,-3.164033800000039],[-60.6825719,-3.144201799999951],[-60.6140653,-3.1304566],[-60.5862811,-3.115679],[-60.5478901,-3.124076900000031],[-60.5335033,-3.116340299999965],[-60.4590086,-3.117275200000021],[-60.36808090000001,-3.132903799999961],[-60.3656351,-3.13425880000006],[-60.3786648,-3.1483816],[-60.37427550000001,-3.167229100000045],[-60.3560938,-3.181163300000049],[-60.3525232,-3.200852700000013],[-60.3423315,-3.2041955],[-60.3446953,-3.223885399999975],[-60.3397274,-3.235585700000044],[-60.3310048,-3.242620600000023],[-60.3284488,-3.236681300000041],[-60.3208401,-3.234040199999982],[-60.3175393,-3.239177199999979],[-60.3105758,-3.2695909],[-60.354654,-3.3055764],[-60.3969914,-3.306269499999963],[-60.6399007,-3.448195500000032],[-60.6287078,-3.480765899999969],[-60.6368722,-3.508909499999957],[-60.6282601,-3.5471225],[-60.6641182,-3.609148],[-60.6667835,-3.6166389],[-60.662569,-3.63218379999996],[-60.6827868,-3.667687599999969],[-60.693764,-3.706336899999959],[-60.707893,-3.715502299999985],[-60.776042,-3.725052100000038],[-60.8066491,-3.736598],[-60.8754546,-3.743580199999947],[-60.8968411,-3.767117599999976],[-60.9191247,-3.775148400000024],[-60.938397,-3.761563100000047],[-60.9727564,-3.766703299999983],[-61.0005368,-3.782093300000042],[-61.0154588,-3.782611499999974],[-61.0447363,-3.821456899999962],[-61.0621479,-3.794854499999968],[-61.0867084,-3.792661099999961],[-61.1138523,-3.796619],[-61.12546,-3.7940763],[-61.1286485,-3.787366],[-61.145893,-3.790121],[-61.1532123,-3.784210300000031],[-61.1448715,-3.778364899999985],[-61.1471011,-3.7695454],[-61.1386239,-3.765577500000034],[-61.1439604,-3.754247299999951],[-61.1608202,-3.750683300000028],[-61.1466213,-3.728648499999955],[-61.1468885,-3.700795800000046],[-61.3323234,-3.696200699999977],[-61.4105011,-3.622147500000037]]]}},{"type":"Feature","properties":{"CD_MUN":"1302553","NM_MUN":"Manaquiri","SIGLA_UF":"AM","CodigoIBGE":"1302553","SubRegiaoNumero":7,"CalhaSubRegiao":"Região do Rio Negro/Solimões"},"geometry":{"type":"Polygon","coordinates":[[[-60.444621,-3.652499199999986],[-60.4505078,-3.677375699999978],[-60.4343723,-3.681915100000037],[-60.4234262,-3.704256300000042],[-60.4245964,-3.7118239],[-60.4486207,-3.7175437],[-60.4756991,-3.765362099999987],[-60.4872584,-3.777434199999983],[-60.5241188,-3.8005394],[-60.5400067,-3.81920080000002],[-60.5715039,-3.8303894],[-60.5757591,-3.847410800000028],[-60.5748694,-3.873148599999974],[-60.5916733,-3.901427700000037],[-60.5958989,-3.919085799999946],[-60.5935055,-3.959165900000023],[-60.6059285,-3.981159299999971],[-60.6050699,-4.0254139],[-60.7980699,-4.168098],[-60.8070978,-4.181597],[-60.8122983,-4.1799496],[-60.8079948,-4.1767537],[-60.8160844,-4.170033199999958],[-60.8102738,-4.167047100000035],[-60.8182959,-4.1623977],[-60.8297499,-4.1671866],[-60.8269137,-4.159433800000036],[-60.8360206,-4.152569500000029],[-60.8411687,-4.154617],[-60.8420858,-4.164642099999977],[-60.8491504,-4.172117500000025],[-60.855587,-4.1700872],[-60.857679,-4.16189],[-60.8712663,-4.156068],[-60.8765873,-4.1626488],[-60.88888630000001,-4.1651516],[-60.8864975,-4.167075099999989],[-60.8899541,-4.17050179999996],[-60.9009442,-4.167239100000026],[-60.897733,-4.163159600000034],[-60.9002341,-4.152756299999965],[-60.90390330000001,-4.1488287],[-60.9171,-4.147986199999973],[-60.9251609,-4.129757200000029],[-60.93891630000001,-4.124928],[-60.9435838,-4.136747400000012],[-60.950076,-4.131598099999988],[-60.9550431,-4.132975],[-60.9548955,-4.129828400000032],[-60.9650831,-4.134511100000037],[-60.9667878,-4.129156],[-60.9730749,-4.127585199999964],[-60.9659707,-4.1203604],[-60.9667162,-4.106331199999984],[-60.9778326,-4.0974923],[-60.9967647,-4.103048],[-60.9994587,-4.093569700000021],[-61.0057764,-4.091878900000034],[-61.0060259,-4.08349159999997],[-61.0101126,-4.085954099999954],[-61.0094905,-4.080622099999965],[-61.0160304,-4.07874079999998],[-61.0270094,-4.08151710000001],[-61.0341243,-4.094224],[-61.0328162,-4.100276500000035],[-61.0398258,-4.102330199999976],[-61.0548509,-4.129685200000051],[-61.0733488,-4.1192207],[-61.0795863,-4.1267731],[-61.0937515,-4.1277451],[-61.0933664,-4.13606180000003],[-61.0970302,-4.136734900000014],[-61.0976699,-4.132706899999985],[-61.1151189,-4.1344955],[-61.1187147,-4.129756],[-61.1271076,-4.130870799999967],[-61.1324206,-4.125146899999961],[-61.1370046,-4.128685199999975],[-61.1406914,-4.124643699999977],[-61.1552087,-4.129987599999954],[-61.1608024,-4.136619899999987],[-61.1578952,-4.140510899999952],[-61.1637082,-4.140704099999985],[-61.1636533,-3.974907899999959],[-61.1367576,-3.958574],[-61.1102581,-3.926930799999955],[-61.0876526,-3.918020599999974],[-61.0750978,-3.90703220000004],[-61.0506526,-3.865229699999964],[-61.0447363,-3.821456899999962],[-61.0154588,-3.782611499999974],[-61.0005368,-3.782093300000042],[-60.9727564,-3.766703299999983],[-60.9472067,-3.762194400000024],[-60.9307083,-3.764687199999984],[-60.9191247,-3.775148400000024],[-60.8968411,-3.767117599999976],[-60.8754546,-3.743580199999947],[-60.8066491,-3.736598],[-60.776042,-3.725052100000038],[-60.7241239,-3.720228500000033],[-60.693764,-3.706336899999959],[-60.6827868,-3.667687599999969],[-60.662569,-3.63218379999996],[-60.6667835,-3.6166389],[-60.6641182,-3.609148],[-60.6282601,-3.5471225],[-60.6368722,-3.508909499999957],[-60.6287078,-3.480765899999969],[-60.6399007,-3.448195500000032],[-60.3952957,-3.3055192],[-60.3431882,-3.305672700000047],[-60.32165,-3.310258699999988],[-60.2828014,-3.329185200000033],[-60.2501391,-3.353760699999979],[-60.2319071,-3.360015599999957],[-60.219695,-3.361617800000023],[-60.1867888,-3.350611100000028],[-60.1825588,-3.358729100000045],[-60.1913823,-3.360225299999944],[-60.194467,-3.371359100000029],[-60.2046204,-3.36469149999996],[-60.2130232,-3.367458799999965],[-60.219172,-3.380909800000056],[-60.230819,-3.382758900000023],[-60.2512019,-3.396860499999961],[-60.2567511,-3.410158200000028],[-60.2709944,-3.423066500000016],[-60.2847425,-3.423133],[-60.2869541,-3.430467399999954],[-60.3017956,-3.438824],[-60.28796,-3.47170749999996],[-60.2764447,-3.479733600000013],[-60.2636185,-3.501445699999946],[-60.2693106,-3.512569200000019],[-60.2816589,-3.519985200000031],[-60.2904704,-3.520331300000027],[-60.2965126,-3.52771639999997],[-60.2922658,-3.547276],[-60.2953434,-3.5619308],[-60.3144459,-3.590441399999968],[-60.31344270000001,-3.598610700000025],[-60.3052604,-3.607974],[-60.3087884,-3.643362200000024],[-60.3275381,-3.657678799999963],[-60.4093403,-3.590689700000033],[-60.4303738,-3.600688500000034],[-60.4524594,-3.622982800000041],[-60.454456,-3.63032850000004],[-60.444621,-3.652499199999986]]]}},{"type":"Feature","properties":{"CD_MUN":"1303809","NM_MUN":"São Gabriel da Cachoeira","SIGLA_UF":"AM","CodigoIBGE":"1303809","SubRegiaoNumero":6,"CalhaSubRegiao":"Região do Alto Rio Negro"},"geometry":{"type":"Polygon","coordinates":[[[-68.6735782,-0.606657000000183],[-68.6922853,-0.586118],[-68.6913767,-0.580657199999945],[-68.6972962,-0.578239399999759],[-68.6989524,-0.569573300000156],[-68.7189191,-0.562777],[-68.75038890000002,-0.559862800000295],[-68.7650755,-0.549690100000155],[-68.7820178,-0.550399],[-68.8155112,-0.529593399999966],[-68.8499524,-0.525782699999835],[-68.8628582,-0.511390299999739],[-68.9071698,-0.496488299999939],[-68.9200635,-0.484566799999778],[-68.9440662,-0.484867399999884],[-68.9610569,-0.47728300000021],[-68.9833374,-0.488558899999731],[-69.0140852,-0.484985900000132],[-69.0193003,-0.491400399999964],[-69.0304696,-0.49301150000032],[-69.032632,-0.503118999999658],[-69.0634753,-0.499727900000215],[-69.0824947,-0.510548000000291],[-69.1046949,-0.5158486],[-69.1175419,-0.53398520000018],[-69.1379501,-0.533331799999828],[-69.1586389,-0.53853609999968],[-69.1810177,-0.523718900000153],[-69.2189668,-0.511509799999753],[-69.2582842,-0.521440899999725],[-69.2864039,-0.516834599999733],[-69.3094066,-0.489454999999662],[-69.3452701,-0.483412899999957],[-69.3540147,-0.477168699999921],[-69.3743529,-0.438651400000036],[-69.3966936,-0.424119900000015],[-69.4089407,-0.40693209999992],[-69.4212047,-0.4007971000004],[-69.4347431,-0.405191600000282],[-69.4574661,-0.402163299999893],[-69.4769175,-0.408925599999679],[-69.48579580000002,-0.401024300000413],[-69.4876931,-0.371474500000117],[-69.5017686,-0.360981999999648],[-69.5432128,-0.338238799999686],[-69.5751268,-0.334299400000387],[-69.5917701,-0.325764299999663],[-69.603876,-0.310548500000439],[-69.6057625,-0.298332499999845],[-69.6041821,-0.220874899999688],[-69.647136,-0.194631099999122],[-69.6601633,-0.175405900000027],[-69.6768682,-0.167602599999815],[-69.7188002,-0.1711723],[-69.7479327,-0.159991999999834],[-69.7563592,-0.148424799999203],[-69.760434,-0.132723200001207],[-69.7554358,-0.106605599998477],[-69.75765880000002,-0.098589399998681],[-69.7745983,-0.077664000001371],[-69.7896555,-0.074043599999842],[-69.7979937,-0.08134010000058],[-69.8048514,-0.106737899998613],[-69.8126094,-0.118388600000354],[-69.8481273,-0.123228300000389],[-69.8666565,-0.143212899999275],[-69.8834965,-0.143353100000668],[-69.89499120000002,-0.131037900000789],[-69.8988839,-0.116817299998786],[-69.9062966,-0.108419000000328],[-69.9211894,-0.102422999999198],[-69.9418779,-0.085352200001333],[-69.9464372,-0.074990499999342],[-69.951861,-0.020585299996363],[-69.9613259,-0.010959000009505],[-69.984548,-0.005742199980001],[-69.9892453,0.006258700025584],[-69.9855758,0.038552000003991],[-69.9921909,0.053748799999194],[-70.013214,0.065327899998568],[-70.04711995691349,0.068338832419749],[-70.046467,0.562937000000259],[-70.0385982,0.566203800000092],[-70.0270868,0.562357700000017],[-70.0209611,0.555815300000154],[-70.0209439,0.544836999999731],[-70.00920280000001,0.54830359999982],[-70.00541229999999,0.544468600000178],[-69.9956541,0.550342499999984],[-69.9963545,0.559326699999943],[-69.9917027,0.56290179999971],[-70.0005186,0.573532000000288],[-69.994898,0.574799599999724],[-69.9858965,0.567621900000022],[-69.9883307,0.575616900000266],[-69.9784226,0.57799040000021],[-69.9636997,0.571005499999718],[-69.9611227,0.561582899999881],[-69.9361206,0.552859400000073],[-69.9142578,0.580557500000115],[-69.91625919999998,0.590131199999714],[-69.9037928,0.580925800000108],[-69.8949718,0.585580699999817],[-69.88657230000001,0.577005100000027],[-69.8693688,0.582830000000178],[-69.8603602,0.577547600000171],[-69.8526793,0.587374800000068],[-69.8374412,0.584724099999984],[-69.8328393,0.590796499999979],[-69.8232406,0.59127],[-69.8130194,0.585643999999777],[-69.803044,0.571796300000169],[-69.8020952,0.578408999999769],[-69.7951995,0.579465500000158],[-69.782379,0.596055099999722],[-69.76266279999999,0.603935899999711],[-69.7487814,0.619638],[-69.738909,0.608752000000143],[-69.7237186,0.615169399999743],[-69.7158699,0.640878299999745],[-69.7105411,0.640253699999824],[-69.7091991,0.646446199999867],[-69.6954253,0.654918600000077],[-69.6910233,0.648888999999867],[-69.6866378,0.6545],[-69.6876752,0.663851300000109],[-69.6715909,0.66774000000023],[-69.6672642,0.664100599999864],[-69.649105,0.663580699999911],[-69.6444761,0.658521],[-69.6482381,0.654657000000219],[-69.6401344,0.649503800000063],[-69.6398108,0.642175099999863],[-69.6301502,0.62879300000026],[-69.6262212,0.634830599999828],[-69.6203753,0.634203900000126],[-69.6071265,0.613064799999848],[-69.60570359999998,0.634931999999762],[-69.5869589,0.640598200000119],[-69.5978181,0.648875600000093],[-69.5971946,0.6542675],[-69.566605,0.672145900000249],[-69.5629011,0.683676099999746],[-69.5354506,0.679499900000071],[-69.5320511,0.702981900000243],[-69.5146773,0.713989500000038],[-69.50560080000001,0.713217100000108],[-69.4997973,0.723658699999763],[-69.4800409,0.735772700000073],[-69.4635791,0.736349299999774],[-69.455311,0.718687699999834],[-69.4333619,0.712484299999784],[-69.4359102,0.699445099999958],[-69.43049730000001,0.693492799999911],[-69.4148167,0.688079900000028],[-69.4037492,0.664121899999857],[-69.3727786,0.638136400000281],[-69.3538429,0.614662],[-69.3493415,0.614699199999888],[-69.3359079,0.643089099999961],[-69.326958,0.636696299999968],[-69.322483,0.640212399999904],[-69.3192452,0.62646429999997],[-69.3067639,0.642572699999958],[-69.2943013,0.649808499999886],[-69.28529849999998,0.648487799999775],[-69.2899859,0.634685900000147],[-69.2843684,0.621572300000212],[-69.2952872,0.604310600000244],[-69.2852985,0.606235800000093],[-69.2716454,0.601446100000136],[-69.2645817,0.609658400000103],[-69.2536676,0.604910499999812],[-69.2420048,0.60906780000001],[-69.2334949,0.602492399999936],[-69.2119457,0.610658199999797],[-69.1995999,0.606559599999884],[-69.2032829,0.632898500000011],[-69.1940005,0.650836399999742],[-69.1588452,0.653423099999822],[-69.1541648,0.646459000000148],[-69.134371,0.645032400000178],[-69.1249815,0.633964800000209],[-69.115672,0.643953600000266],[-69.118309,0.654901299999767],[-69.1454386,0.698252600000103],[-69.15830409999998,0.711617600000236],[-69.1804393,0.715613099999979],[-69.1906025,0.739970999999895],[-69.1761641,0.759683700000105],[-69.1614206,0.756327400000175],[-69.1475962,0.768433800000197],[-69.1542087,0.806441200000138],[-69.16640125199996,0.819910692000475],[-69.1671532089675,0.843701906329655],[-69.16087787100048,0.849290011999291],[-69.1473365,0.8463963],[-69.1412633,0.850152100000066],[-69.1359093,0.869570299999876],[-69.1384464,0.882755499999888],[-69.156606,0.882415899999977],[-69.1808907,0.9018264],[-69.1912374,0.91664110000014],[-69.1898213,0.932572099999985],[-69.1807514,0.937206899999921],[-69.1676861,0.936128099999973],[-69.1644497,0.940203499999892],[-69.1729602,0.9518305],[-69.2036857,0.962378699999874],[-69.2090397,0.972247599999935],[-69.2181894,0.973126599999955],[-69.2179097,0.980438400000107],[-69.199011,0.996180700000126],[-69.1982918,1.001015299999978],[-69.2112772,1.017516800000093],[-69.2460985,1.046433499999972],[-69.2441703,1.055980699999904],[-69.2875324,1.053088300000013],[-69.2880967,1.060048800000081],[-69.3022882,1.062294499999977],[-69.3056744,1.074475399999852],[-69.3213943,1.088414099999899],[-69.3374141,1.080483599999831],[-69.34557970000002,1.084746099999846],[-69.3580312,1.0789066],[-69.3648935,1.084030899999926],[-69.3720555,1.080404899999952],[-69.3753518,1.089454799999881],[-69.3816147,1.073692499999989],[-69.400529,1.058755500000057],[-69.4134154,1.038990900000021],[-69.4162725,1.043352999999868],[-69.4332035,1.04612779999988],[-69.4338454,1.070051799999865],[-69.4401073,1.074542399999952],[-69.4521072,1.072895800000014],[-69.4606644,1.07748620000015],[-69.4747196,1.074205],[-69.4848638,1.079507],[-69.5244344,1.071025500000067],[-69.5656082,1.072493800000043],[-69.5788833,1.076419399999859],[-69.5977322,1.094579],[-69.6075825,1.098367599999954],[-69.6239228,1.095807600000071],[-69.6319837,1.085319400000083],[-69.6467571,1.090174000000139],[-69.6525406,1.085169600000157],[-69.668303,1.082143],[-69.6743562,1.071475],[-69.6841252,1.071744700000046],[-69.6921262,1.076269599999912],[-69.7046522,1.075610300000081],[-69.7059407,1.099403600000099],[-69.7011161,1.116244699999853],[-69.7050717,1.118881699999886],[-69.7125932,1.118072700000134],[-69.7222424,1.108663199999959],[-69.740402,1.115705300000147],[-69.7712175,1.105114],[-69.7912388,1.088982499999891],[-69.7968765,1.072195700000072],[-69.8085613,1.063569799999973],[-69.8198418,1.064492200000023],[-69.8330222,1.080416399999856],[-69.84657,1.076521],[-69.8457467,1.713698199999979],[-69.8390649,1.718678],[-69.8353351,1.709540900000067],[-69.8281134,1.71194410000005],[-69.8237667,1.703051500000064],[-69.818777,1.704607700000044],[-69.8223128,1.699284800000097],[-69.8163499,1.701012300000015],[-69.8141798,1.695748899999989],[-69.8089498,1.694678199999989],[-69.8021921,1.700407900000082],[-69.8037911,1.7046957],[-69.7974189,1.69851389999993],[-69.7857072,1.698904099999913],[-69.7875346,1.694245100000078],[-69.7826187,1.692560399999975],[-69.7807246,1.703082399999903],[-69.7732626,1.701845099999951],[-69.775723,1.707175099999947],[-69.7653063,1.7110629],[-69.7620512,1.717558899999974],[-69.7579038,1.713332899999922],[-69.7557766,1.717844399999973],[-69.7529105,1.7129011],[-69.7485882,1.7138612],[-69.7542026,1.719418399999956],[-69.7451547,1.729483499999943],[-69.7377272,1.725992900000014],[-69.7386445,1.730872],[-69.7201454,1.730565],[-69.7211162,1.735026499999984],[-69.7183001,1.731621499999971],[-69.7033326,1.734667200000106],[-69.6872427,1.727179],[-69.6768325,1.73295870000002],[-69.6766136,1.721970399999903],[-69.6651494,1.729180199999969],[-69.6544275,1.71786580000006],[-69.6482957,1.723538499999916],[-69.6414404,1.723695500000072],[-69.6461423,1.727188600000099],[-69.6433393,1.73001059999991],[-69.6392609,1.7302271],[-69.6363888,1.722843699999927],[-69.6219788,1.727512200000012],[-69.6250245,1.73091],[-69.6220954,1.735975899999923],[-69.6177743,1.729342],[-69.613389,1.738498099999944],[-69.6011681,1.742505099999909],[-69.6041781,1.747306899999966],[-69.5979082,1.745781700000096],[-69.5898805,1.753418799999932],[-69.5902267,1.758244400000027],[-69.587407,1.752380200000073],[-69.5839735,1.760046799999939],[-69.5788731,1.755071400000077],[-69.57199530000001,1.759582800000084],[-69.571542,1.756249200000062],[-69.5659348,1.759336600000105],[-69.569429,1.763708799999906],[-69.5648212,1.764565400000021],[-69.5641431,1.761246099999974],[-69.5600706,1.764847400000024],[-69.5629402,1.767731299999952],[-69.5589713,1.7720429],[-69.5549453,1.773252799999977],[-69.55317489999999,1.769508799999968],[-69.5525004,1.774459199999903],[-69.5346758,1.77682559999991],[-69.5309531,1.770622300000074],[-69.5342546,1.763544599999973],[-69.52790510000001,1.763287700000063],[-69.52740889999998,1.768991200000035],[-69.5197352,1.769744299999944],[-69.5179621,1.76362560000003],[-69.5177222,1.770925700000069],[-69.5134534,1.77135050000008],[-69.5095344,1.762991399999982],[-69.51257180000002,1.76128529999993],[-69.5079604,1.758376399999923],[-69.5048264,1.76389],[-69.5012111,1.757923200000084],[-69.4903393,1.759550700000021],[-69.4918312,1.755881599999908],[-69.4868772,1.7524159],[-69.4824121,1.758797600000011],[-69.4821944,1.750324299999967],[-69.4787287,1.746723],[-69.4746956,1.748782499999944],[-69.4764801,1.743385800000073],[-69.4698343,1.746323299999977],[-69.4664585,1.756842599999971],[-69.46169010000001,1.752891499999922],[-69.4654056,1.748587],[-69.4551049,1.752588099999955],[-69.4552441,1.747651900000029],[-69.4473205,1.742462300000016],[-69.4413528,1.743186799999928],[-69.4417026,1.747812500000063],[-69.4372518,1.749454299999897],[-69.4328688,1.738682500000083],[-69.4302026,1.744589499999958],[-69.4250523,1.7394499],[-69.4239387,1.745724499999986],[-69.4218864,1.736947899999935],[-69.4174571,1.7414451],[-69.4078238,1.741277300000026],[-69.405975,1.731387100000018],[-69.3920052,1.730077200000026],[-69.393255,1.726748],[-68.163292,1.727788],[-68.1710966,1.74369340000002],[-68.1773568,1.733072099999966],[-68.1828633,1.734107099999937],[-68.1850941,1.730077700000108],[-68.1930123,1.737332700000075],[-68.18891250000001,1.757078],[-68.177819,1.765709700000055],[-68.1922888,1.780129200000093],[-68.2056232,1.78229970000001],[-68.2123851,1.773298199999966],[-68.2200026,1.771658399999929],[-68.2270466,1.774271],[-68.2301516,1.7812346],[-68.2394585,1.770686400000059],[-68.2448361,1.786509900000027],[-68.226776,1.829149800000016],[-68.2364009,1.821392799999908],[-68.24756059999999,1.82486679999996],[-68.2747459,1.81926309999995],[-68.2767566,1.832076499999925],[-68.2810158,1.834396500000095],[-68.281694,1.8289],[-68.285049,1.829518599999934],[-68.285306,1.8362031],[-68.2730922,1.844676399999925],[-68.2851489,1.846296799999984],[-68.2734634,1.852785599999935],[-68.2747198,1.858489100000047],[-68.2705724,1.858610499999931],[-68.2698022,1.866203300000037],[-68.2648707,1.866423399999918],[-68.2530518,1.879916900000045],[-68.2430059,1.916055],[-68.2453437,1.925705],[-68.23866789999998,1.932734900000064],[-68.2317843,1.933474],[-68.2316034,1.944351099999926],[-68.2086701,1.97587],[-68.2109667,1.982057499999968],[-68.2047475,1.9836695],[-68.1994978,2.039075399999983],[-68.1926163,2.0386745],[-68.18455840000001,1.976701199999954],[-68.171388,1.978396799999961],[-68.1762268,1.9698726],[-68.1685024,1.963210199999971],[-68.14649350000002,1.9726493],[-68.1398806,1.970480200000035],[-68.1292091,1.958491400000063],[-68.1320549,1.952849399999976],[-68.1257957,1.950372400000072],[-68.1197805,1.938048799999906],[-68.1095467,1.929655400000021],[-68.1038342,1.908934800000076],[-68.0967867,1.899546299999925],[-68.0835872,1.898802899999967],[-68.0747936,1.8926701],[-68.064053,1.8936999],[-68.0603584,1.878933400000064],[-68.051164,1.876816199999957],[-68.0460042,1.865474700000059],[-68.0496753,1.860002299999961],[-68.0436961,1.851661499999965],[-68.0465534,1.841829399999952],[-68.0380244,1.837463199999962],[-68.0403779,1.8348406],[-68.0347642,1.826820199999958],[-68.0391726,1.818988],[-68.0360744,1.815101100000079],[-68.02163,1.818276800000067],[-68.0164955,1.831628100000067],[-67.9997235,1.838822200000044],[-67.9859125,1.826903600000034],[-67.9850676,1.818283100000043],[-67.9412033,1.819895299999966],[-67.907677,1.805623100000094],[-67.9049664,1.809491899999943],[-67.9177106,1.819702700000088],[-67.9153459,1.833288899999923],[-67.9230915,1.856496299999956],[-67.9175114,1.862355],[-67.9082333,1.86192789999992],[-67.915472,1.879236700000011],[-67.9211599,1.883467600000057],[-67.9222147,1.892394],[-67.91037710000002,1.897943300000013],[-67.896989,1.8887973],[-67.89683940000002,1.895000200000052],[-67.8815728,1.896166900000032],[-67.8784182,1.905080100000052],[-67.8708116,1.901631400000071],[-67.8694691,1.920499599999918],[-67.8609316,1.923664700000068],[-67.8500889,1.939596400000065],[-67.8336316,1.9403021],[-67.8293276,1.945122],[-67.8322934,1.95040250000008],[-67.8157234,1.968549499999943],[-67.8154777,1.973927100000044],[-67.8055286,1.975072100000084],[-67.8081534,1.984217799999909],[-67.8002628,1.9876813],[-67.8009437,1.99406670000009],[-67.7882103,2.001887600000052],[-67.7843861,1.999309100000036],[-67.7826046,2.008116899999912],[-67.775887,2.013416099999941],[-67.7792273,2.026917299999938],[-67.7753171,2.0352891],[-67.7610991,2.034474],[-67.7573613,2.029677800000043],[-67.7484496,2.0358161],[-67.74290039999998,2.034148199999971],[-67.7417483,2.028230499999971],[-67.7310145,2.024377200000023],[-67.7311028,2.015434599999926],[-67.7255574,2.009337199999902],[-67.7203946,2.009513899999905],[-67.7173317,2.016780600000021],[-67.708436,2.015088500000033],[-67.6971579,2.002084099999915],[-67.6903275,2.000523899999962],[-67.6762917,2.008247899999912],[-67.6632065,1.993831900000032],[-67.6563647,1.991846799999967],[-67.6423842,2.006503099999913],[-67.6363115,2.007438100000021],[-67.6348366,2.014456300000046],[-67.6219666,2.027312500000071],[-67.6264075,2.0392543],[-67.6180316,2.0365568],[-67.6132316,2.043027300000027],[-67.6090803,2.039124],[-67.6002665,2.0435056],[-67.598018,2.064956],[-67.5917486,2.06925469999995],[-67.5963357,2.07554],[-67.5893644,2.076239599999928],[-67.5840041,2.084185],[-67.5872356,2.087941300000048],[-67.5620459,2.110306899999936],[-67.559402,2.133465199999934],[-67.5517503,2.13909969999997],[-67.5499643,2.146836900000036],[-67.542818,2.152808900000015],[-67.5323988,2.152246600000015],[-67.528352,2.16058550000003],[-67.515383,2.1617701],[-67.5117149,2.166176500000057],[-67.49628439999998,2.164234299999936],[-67.4892794,2.177991],[-67.4816248,2.175897799999949],[-67.4784647,2.166437700000013],[-67.4656114,2.174246700000011],[-67.4547359,2.167912300000026],[-67.4500257,2.171168199999959],[-67.4517644,2.175509299999923],[-67.4470402,2.1808367],[-67.4496379,2.188477399999943],[-67.4425718,2.197737],[-67.445788,2.217097199999989],[-67.4400542,2.218222700000049],[-67.4333527,2.229944],[-67.4279617,2.231361799999936],[-67.4150804,2.224613600000078],[-67.4105851,2.229316399999962],[-67.4016732,2.226961199999983],[-67.3978746,2.235334],[-67.3868991,2.2316171],[-67.3865505,2.222739799999916],[-67.3746578,2.220817799999911],[-67.3660596,2.205478],[-67.372159,2.199549300000019],[-67.3734946,2.19039070000003],[-67.3637398,2.189861200000022],[-67.3604197,2.1850887],[-67.3633577,2.1690292],[-67.3763182,2.158831200000041],[-67.3730107,2.146469899999934],[-67.3670145,2.137404100000066],[-67.34642850000002,2.135091600000042],[-67.3432439,2.130095899999938],[-67.3527606,2.118171500000056],[-67.3607056,2.116155099999976],[-67.3565646,2.109747900000015],[-67.3597466,2.094092699999948],[-67.3522861,2.082562799999978],[-67.3495425,2.083677799999972],[-67.3473256,2.075550800000049],[-67.3545485,2.055277799999917],[-67.3439916,2.036205699999972],[-67.34748,2.010611899999918],[-67.3445221,2.00560180000003],[-67.3523598,1.999668299999954],[-67.3473358,1.980235499999916],[-67.3347195,1.97944],[-67.3351395,1.972525],[-67.3238159,1.952264600000069],[-67.3269145,1.945705599999918],[-67.3177626,1.927518500000088],[-67.3119942,1.925507],[-67.3175301,1.922776499999934],[-67.3202429,1.912090800000043],[-67.3121904,1.901519200000018],[-67.3070944,1.903143800000045],[-67.2986189,1.888124599999955],[-67.2750338,1.8763908],[-67.2800998,1.87165470000006],[-67.2786429,1.862690499999975],[-67.2702378,1.863406599999982],[-67.2646344,1.860204600000019],[-67.2646084,1.855575],[-67.2589442,1.854824800000084],[-67.2393942,1.865453600000055],[-67.2345021,1.861260400000055],[-67.2132415,1.861378199999923],[-67.1951262,1.854756699999971],[-67.184342,1.841635199999946],[-67.1747369,1.844349600000093],[-67.1710493,1.831549299999907],[-67.1614229,1.823403700000071],[-67.1613652,1.815728600000049],[-67.1522467,1.812472099999932],[-67.1526572,1.805141800000079],[-67.1406091,1.796199300000045],[-67.133275,1.798449099999988],[-67.135299,1.786286499999896],[-67.1261535,1.776428],[-67.1259488,1.768638899999916],[-67.1350878,1.768264600000041],[-67.1397837,1.760301100000046],[-67.1410849,1.73894630000009],[-67.1364196,1.732191299999923],[-67.1409139,1.7299862],[-67.1426924,1.703947099999892],[-67.1297523,1.687002499999962],[-67.1380517,1.669118899999976],[-67.134497,1.661779699999888],[-67.1379379,1.64670949999997],[-67.1333106,1.632669499999944],[-67.1398466,1.623097200000071],[-67.1443344,1.603718300000101],[-67.1387211,1.605948400000093],[-67.1327154,1.598855],[-67.1212996,1.596590800000029],[-67.1030007,1.580165200000105],[-67.1068251,1.57387819999994],[-67.1046822,1.55884760000005],[-67.0985113,1.552242700000053],[-67.1025415,1.542232500000058],[-67.1012317,1.509341400000035],[-67.0945419,1.506416400000105],[-67.0966538,1.500574499999876],[-67.0899245,1.476512700000017],[-67.080766,1.474487599999918],[-67.0772278,1.469341800000092],[-67.0778712,1.455534499999989],[-67.0843489,1.448186699999966],[-67.0866203,1.4338157],[-67.0810582,1.421974699999913],[-67.0869296,1.414457],[-67.0812939,1.40841160000006],[-67.0827825,1.400242300000108],[-67.0785149,1.3941305],[-67.0825158,1.390339800000125],[-67.0816698,1.37746789999993],[-67.0862893,1.368186100000052],[-67.0779812,1.365373499999911],[-67.088803,1.360119700000035],[-67.0895624,1.348604299999897],[-67.1005877,1.345929],[-67.1104816,1.336028],[-67.1278199,1.341378099999945],[-67.1325726,1.351672299999962],[-67.1430108,1.343165100000031],[-67.1507711,1.345419599999983],[-67.1559511,1.319251499999862],[-67.1460311,1.319413100000108],[-67.1481521,1.306720600000013],[-67.1269606,1.283609499999927],[-67.1256973,1.270958100000032],[-67.11524789999999,1.268848399999971],[-67.0982366,1.254830100000066],[-67.1020667,1.237825599999906],[-67.0904387,1.226784199999957],[-67.09172150000002,1.213092299999962],[-67.0806674,1.198345700000143],[-67.0907214,1.189796299999842],[-67.085051,1.177782700000065],[-67.0918979,1.172546499999951],[-67.0905825,1.165597800000079],[-66.8568869,1.227954399999881],[-66.3184951,0.752026200000092],[-66.3164795,0.736142099999766],[-66.3087887,0.7364797],[-66.3049924,0.728885000000231],[-66.2952642,0.727240400000061],[-66.2906146,0.718655499999838],[-66.2824444,0.718839199999959],[-66.2738252,0.71015119999995],[-66.2591527,0.715314],[-66.2551112,0.712143300000122],[-66.2553306,0.704870399999823],[-66.2463173,0.701404399999772],[-66.2431687,0.692262400000087],[-66.2351004,0.689717500000232],[-66.2323741,0.681968100000253],[-66.2264985,0.678473200000176],[-66.22597210000002,0.6825106],[-66.2092026,0.671409699999849],[-66.1933974,0.669073599999857],[-66.1904511,0.661769],[-66.166011,0.651836099999963],[-66.1698608,0.645169499999821],[-66.1666787,0.646319699999932],[-66.1616736,0.63616149999992],[-66.152716,0.637277900000038],[-66.1384278,0.628821299999862],[-66.1365957,0.614776000000208],[-66.1335724,0.616666799999925],[-66.128354,0.609443900000053],[-66.131168,0.604334399999891],[-66.1224078,0.600043500000164],[-66.1179476,0.60253070000018],[-66.1155529,0.597708599999848],[-66.1215257,0.595434100000211],[-66.1216687,0.583357100000251],[-66.1304222,0.582631899999839],[-66.1239056,0.576334700000051],[-66.1231079,0.568323699999796],[-66.1318355,0.568500099999881],[-66.1380324,0.559264900000011],[-66.143314,0.560972600000082],[-66.1422296,0.556241400000222],[-66.1521731,0.559240599999868],[-66.1559731,0.555052600000117],[-66.1622375,0.555862600000081],[-66.1678709,0.539672799999826],[-66.1729504,0.545284],[-66.1756833,0.538768299999782],[-66.1931244,0.530326599999769],[-66.2013812,0.536155800000167],[-66.2078581,0.531298999999716],[-66.2014131,0.527223100000128],[-66.2128699,0.518633999999809],[-66.2249564,0.51887609999992],[-66.2313283,0.523984799999784],[-66.2303282,0.514042399999718],[-66.2404631,0.507990100000256],[-66.2395201,0.498825700000212],[-66.2443294,0.49262510000007],[-66.2549392,0.493115099999969],[-66.2556258,0.501935800000248],[-66.258633,0.49766940000009],[-66.2653667,0.50040269999997],[-66.2659638,0.495931499999719],[-66.2703772,0.497096100000355],[-66.2690869,0.484306500000065],[-66.27393,0.481438300000127],[-66.2758837,0.484262699999909],[-66.2758397,0.479360400000328],[-66.2886324,0.478390099999984],[-66.282631,0.471892100000359],[-66.2877708,0.469619400000019],[-66.2914114,0.474679],[-66.3039511,0.461870899999849],[-66.2986769,0.460490499999713],[-66.29780730000002,0.453146100000326],[-66.2999841,0.447242900000372],[-66.3036934,0.4529801],[-66.3087451,0.451084099999644],[-66.3051831,0.431886800000361],[-66.31227610000002,0.420650000000107],[-66.2953509,0.404805200000232],[-66.3027877,0.380585199999759],[-66.2921439,0.368144799999611],[-66.297097,0.360911599999673],[-66.2889331,0.358141299999907],[-66.2963863,0.352717300000423],[-66.2884504,0.35267439999962],[-66.2914124,0.347306500000367],[-66.2884895,0.339586100000255],[-66.293489,0.333612700000041],[-66.29342750000002,0.340556699999688],[-66.2991225,0.338418200000465],[-66.3022701,0.343204699999511],[-66.31170529999999,0.339093199999675],[-66.3115041,0.333027299999979],[-66.3034943,0.327563099999613],[-66.3149809,0.323385899999579],[-66.3136665,0.314555599999759],[-66.3246681,0.301781800000248],[-66.3207081,0.273503299999969],[-66.3255009,0.273877499999696],[-66.3289823,0.283581999999476],[-66.3404438,0.277829700000261],[-66.3436835,0.282532599999788],[-66.3451991,0.26900040000038],[-66.3585381,0.269425899999888],[-66.3603658,0.272640300000541],[-66.3772871,0.254439799999533],[-66.3889464,0.257616700000574],[-66.3855207,0.251687700000119],[-66.3984362,0.241976499999524],[-66.4017151,0.228763400000756],[-66.4084874,0.227254399999429],[-66.4156574,0.234180800000254],[-66.4217688,0.229523899999761],[-66.4165602,0.22921180000055],[-66.4061027,0.216426600000196],[-66.4045959,0.210754700000525],[-66.4099564,0.200710399999379],[-66.4001872,0.202937100000318],[-66.3985585,0.194902899999126],[-66.3904804,0.190586599999416],[-66.3916165,0.176374700000192],[-66.379442,0.173366300000272],[-66.3773916,0.167558900000013],[-66.356726,0.17382299999976],[-66.3406125,0.165501400000531],[-66.3287624,0.144528400001011],[-66.308512,0.137747999999407],[-66.3071118,0.131059199999108],[-66.301211,0.134210699998724],[-66.2920964,0.131220199999402],[-66.283303,0.112404099999082],[-66.27800670000002,0.112714300001375],[-66.2778456,0.120886700000154],[-66.2718296,0.125740299999589],[-66.2460535,0.105662999999009],[-66.2323113,0.109147200000366],[-66.2244052,0.104259099999381],[-66.218876,0.108402599999959],[-66.2061636,0.105355799999362],[-66.2015873,0.11015079999997],[-66.1904346,0.111369899998801],[-66.1759755,0.10733100000152],[-66.1721247,0.094854100001107],[-66.1593868,0.083096800001179],[-66.1621521,0.072552400000048],[-66.14827620000001,0.068703699997592],[-66.1381631,0.04811350000296],[-66.12022190000002,0.040858100001395],[-66.1150565,0.032032899995454],[-66.1152291,0.00893939998356],[-66.1197972,-0.000229600055846],[-66.1099237,-0.017221499992935],[-66.1182912,-0.031648300000408],[-66.1163129,-0.046626100002463],[-66.1295864,-0.049899600003274],[-66.127368,-0.058651400001042],[-66.1362446,-0.062723799997336],[-66.1390336,-0.07508860000166],[-66.1341964,-0.080127500001056],[-66.1310118,-0.066757200001729],[-66.122443,-0.065263699997795],[-66.0922928,-0.074010799998619],[-66.0818491,-0.082188199999762],[-66.0925205,-0.101496100000742],[-66.1172403,-0.115443299999877],[-66.11864460000001,-0.121280700000174],[-66.1020127,-0.133782700000363],[-66.0944338,-0.122469300001453],[-66.0766446,-0.125131999999048],[-66.0822593,-0.131643399999336],[-66.0817831,-0.151337599999137],[-66.0909413,-0.153801400000682],[-66.0986284,-0.16308769999891],[-66.08603379999998,-0.158281899998907],[-66.0803216,-0.171711700000767],[-66.073355,-0.174773899999075],[-66.0573222,-0.198669100000092],[-66.045725,-0.246839299999335],[-66.0418782,-0.24867039999974],[-66.0295689,-0.235523900000717],[-66.0153059,-0.243431600000138],[-66.0010322,-0.235833099999678],[-66.00407090000002,-0.224831900000787],[-65.9981693,-0.207598200000347],[-65.9781368,-0.183259599999394],[-65.9728876,-0.184065200000451],[-65.9654061,-0.194384800000405],[-65.9552596,-0.196552999999895],[-65.9452196,-0.194775299999256],[-65.9396779,-0.18561440000001],[-65.9227896,-0.184769399999477],[-65.9022414,-0.212478600000539],[-65.8960244,-0.231576399999309],[-65.8965107,-0.246763799999603],[-65.8877768,-0.259337499999813],[-65.890679,-0.310411599999753],[-65.9358025,-0.322295699999771],[-65.9406227,-0.331223699999863],[-65.9673015,-0.333682399999604],[-65.9879066,-0.327312300000537],[-65.9923722,-0.335582199999897],[-66.0081637,-0.34297799999967],[-66.0087326,-0.349515700000122],[-66.0253173,-0.357199699999957],[-66.0669956,-0.354459599999644],[-66.0926193,-0.367580700000386],[-66.0976672,-0.412393699999701],[-66.1204933,-0.426903400000031],[-66.1310864,-0.454194299999826],[-66.1292486,-0.471494799999681],[-66.1347733,-0.480053499999937],[-66.1622642,-0.486786400000161],[-66.2022018,-0.481167200000051],[-66.22831410000002,-0.490017],[-66.2532625,-0.481820600000201],[-66.2634828,-0.485192700000287],[-66.2852514,-0.508063200000173],[-66.2836317,-0.537690100000122],[-66.3337933,-0.578105799999806],[-66.4068421,-0.601720599999954],[-66.4241905,-0.593875500000134],[-66.4593823,-0.555519499999975],[-66.48248340000002,-0.556239100000145],[-66.4907684,-0.560163800000061],[-66.5159593,-0.591027000000258],[-66.5778601,-0.609136000000251],[-66.608907,-0.633820800000251],[-66.6443851,-0.64803],[-66.6809607,-0.677596999999782],[-66.7100878,-0.691620200000243],[-66.7167571,-0.700421499999819],[-66.714592,-0.713108799999815],[-66.7010072,-0.732130099999822],[-66.6984545,-0.750018699999777],[-66.7257278,-0.800005799999824],[-66.726756,-0.809825400000044],[-66.7236237,-0.817585800000174],[-66.7055364,-0.810084899999966],[-66.6945062,-0.810249499999833],[-66.6911741,-0.827701299999849],[-66.7163274,-0.853272900000036],[-66.7352317,-0.886936400000015],[-66.7406236,-0.909509900000101],[-66.7409553,-0.949282800000046],[-66.7496205,-0.974009500000158],[-66.76395560000002,-0.989236600000056],[-66.7808114,-0.991731500000167],[-66.8081303,-0.9846947],[-66.8429631,-0.968795299999911],[-66.8957877,-0.977213699999966],[-66.9124001,-0.972584000000184],[-66.9244836,-0.975189299999836],[-66.9544219,-1.035320900000083],[-66.9523985,-1.047628799999853],[-66.9307661,-1.069425799999942],[-66.9123487,-1.104918399999979],[-66.9149921,-1.123594900000149],[-66.9262702,-1.135837299999909],[-66.9477896,-1.148348799999982],[-66.9798761,-1.151861200000157],[-67.0159327,-1.166665799999974],[-67.036021,-1.16403440000002],[-67.0864896,-1.135160300000106],[-67.1255985,-1.134954900000112],[-67.182068,-1.179446700000062],[-67.2243313,-1.197964],[-67.2917902,-1.250440300000119],[-67.3778099,-1.28258909999995],[-67.472185,-1.340695700000013],[-67.4929606,-1.348837399999976],[-67.505074,-1.371154400000068],[-67.50910539999998,-1.407724699999949],[-67.5193273,-1.432678700000022],[-67.5447431,-1.45525229999989],[-67.5562743,-1.461612800000058],[-67.6074719,-1.468537899999931],[-67.6160825,-1.473628500000079],[-67.6379698,-1.505665799999901],[-67.6606591,-1.515618799999975],[-67.7113893,-1.527877699999928],[-67.74477220000001,-1.522007900000093],[-67.8004763,-1.486721499999949],[-67.8195886,-1.482471400000027],[-67.8431416,-1.484446699999914],[-67.8780706,-1.508563499999925],[-67.9175872,-1.518182100000083],[-67.9341246,-1.5126039],[-67.9735259,-1.485256200000097],[-68.0268262,-1.474387100000107],[-68.0611377,-1.482657800000121],[-68.08885629999999,-1.4987713],[-68.1271932,-1.499739499999963],[-68.160696,-1.483431900000051],[-68.1611162,-0.999070499999852],[-68.1673189,-0.665571099999884],[-68.1760163,-0.670933299999734],[-68.1820855,-0.663034799999982],[-68.181072,-0.671856300000212],[-68.1854817,-0.672373199999957],[-68.1883548,-0.665342900000109],[-68.1927395,-0.668584900000098],[-68.1956732,-0.664991200000231],[-68.21100370000002,-0.66680559999995],[-68.2131308,-0.659122400000216],[-68.2147039,-0.66454339999993],[-68.2243015,-0.660999499999751],[-68.2299626,-0.668472699999915],[-68.2329832,-0.665993600000186],[-68.2386886,-0.671080199999882],[-68.2419658,-0.667297699999794],[-68.2495739,-0.676206200000172],[-68.2568571,-0.672333499999813],[-68.25300640000002,-0.668118900000218],[-68.2655998,-0.665949599999971],[-68.262224,-0.67089289999996],[-68.2676913,-0.675059699999912],[-68.2644371,-0.679103700000077],[-68.2679456,-0.683681899999919],[-68.2761696,-0.674670100000133],[-68.2771057,-0.678440300000238],[-68.2901303,-0.680794499999753],[-68.2884129,-0.688925599999888],[-68.2939488,-0.692095900000231],[-68.303876,-0.685658699999734],[-68.2979952,-0.690960099999881],[-68.29922469999998,-0.698678599999808],[-68.3117626,-0.694639000000239],[-68.3157061,-0.70190900000024],[-68.3222618,-0.69999339999986],[-68.3257865,-0.709794700000036],[-68.3327908,-0.70922199999984],[-68.3364099,-0.717301200000123],[-68.3418112,-0.7164106],[-68.34418930000001,-0.721167099999951],[-68.3473769,-0.71714930000013],[-68.3486518,-0.721806099999961],[-68.3524658,-0.717959800000174],[-68.3537837,-0.72322339999987],[-68.35841580000002,-0.721969],[-68.3571169,-0.728391099999847],[-68.3609697,-0.73317889999991],[-68.3680381,-0.733655200000045],[-68.3692884,-0.72987],[-68.3717003,-0.73480719999997],[-68.3744912,-0.731267799999986],[-68.3821577,-0.736806299999963],[-68.3858696,-0.732985600000137],[-68.38959290000001,-0.739359400000224],[-68.3886299,-0.733813799999956],[-68.4046211,-0.735023100000231],[-68.404969,-0.741516800000138],[-68.4099361,-0.741247],[-68.4143261,-0.750283699999769],[-68.41630189999998,-0.746288799999946],[-68.424129,-0.75229030000017],[-68.4254274,-0.761027399999825],[-68.4302413,-0.759375300000109],[-68.429018,-0.75557119999982],[-68.4369944,-0.756941400000176],[-68.4395385,-0.7525222],[-68.4426851,-0.755967400000166],[-68.4429412,-0.751946200000074],[-68.4463551,-0.754358699999966],[-68.44788480000001,-0.7508178],[-68.4502938,-0.756779799999897],[-68.455119,-0.751895300000083],[-68.4581875,-0.75547980000003],[-68.4592756,-0.750880900000064],[-68.4624428,-0.755607599999914],[-68.4640945,-0.750661099999842],[-68.4641771,-0.755157899999807],[-68.4766719,-0.753028900000027],[-68.4803892,-0.757008],[-68.480206,-0.751311899999767],[-68.4885148,-0.75468320000021],[-68.487299,-0.7510097],[-68.4938217,-0.749231799999903],[-68.4972393,-0.757067599999846],[-68.5039113,-0.757327899999795],[-68.5108272,-0.751256299999828],[-68.5159586,-0.758250400000213],[-68.5135972,-0.752670699999913],[-68.5181135,-0.746163700000202],[-68.5235385,-0.756098799999941],[-68.524409,-0.75240789999997],[-68.538652,-0.748587799999845],[-68.5390045,-0.744107400000015],[-68.5441506,-0.748942199999823],[-68.54724,-0.744671100000034],[-68.5541304,-0.747117200000213],[-68.5619782,-0.73363330000021],[-68.5687809,-0.73906680000008],[-68.5669691,-0.735212199999845],[-68.5762569,-0.726772699999875],[-68.5777915,-0.730711499999905],[-68.5908451,-0.71934029999982],[-68.5897609,-0.72444620000012],[-68.5941011,-0.724811099999774],[-68.5991741,-0.715062499999979],[-68.6137998,-0.708463999999892],[-68.6180093,-0.697711400000025],[-68.6219593,-0.696851199999807],[-68.6195372,-0.682096399999793],[-68.6262965,-0.678713900000079],[-68.622868,-0.675170700000158],[-68.6250252,-0.663250799999836],[-68.637243,-0.656573600000026],[-68.6423881,-0.640220599999841],[-68.6578355,-0.624556899999741],[-68.6716767,-0.619714899999949],[-68.6735782,-0.606657000000183]]]}},{"type":"Feature","properties":{"CD_MUN":"1300839","NM_MUN":"Caapiranga","SIGLA_UF":"AM","CodigoIBGE":"1300839","SubRegiaoNumero":7,"CalhaSubRegiao":"Região do Rio Negro/Solimões"},"geometry":{"type":"Polygon","coordinates":[[[-61.2759064,-3.207934300000049],[-61.2637883,-3.218259],[-61.2273182,-3.236417299999959],[-61.1973448,-3.243969299999982],[-61.1810957,-3.242801200000033],[-61.150626,-3.253631],[-61.1189588,-3.2529496],[-61.0997274,-3.267508300000046],[-61.1028114,-3.280460199999986],[-61.0980127,-3.290642199999975],[-61.1081197,-3.301565600000044],[-61.1144175,-3.316746399999971],[-61.1144058,-3.334205399999967],[-61.10966350000001,-3.345704],[-61.0882326,-3.3571378],[-61.0869413,-3.370519499999983],[-61.080424,-3.372393800000042],[-61.0734817,-3.385336200000022],[-61.074924,-3.390489099999958],[-61.0671428,-3.390698899999973],[-61.0758815,-3.39680190000003],[-61.0720971,-3.435094899999946],[-61.0780572,-3.446922],[-61.0896914,-3.45233610000001],[-61.0996734,-3.451742200000034],[-61.1033258,-3.433058900000038],[-61.1190743,-3.416535599999968],[-61.1298003,-3.4110554],[-61.1510571,-3.409083900000038],[-61.1841385,-3.428154099999977],[-61.1895154,-3.4373955],[-61.1973174,-3.440574600000052],[-61.2042505,-3.46456],[-61.2019025,-3.47314979999995],[-61.211483,-3.494883099999961],[-61.3023569,-3.500398599999948],[-61.300068,-3.480018099999986],[-61.3063999,-3.468247599999976],[-61.2940373,-3.459027600000048],[-61.2866107,-3.461464],[-61.279099,-3.449988200000019],[-61.2830779,-3.437632800000019],[-61.3140653,-3.4439082],[-61.3195036,-3.4532141],[-61.3270402,-3.454389199999952],[-61.4700168,-3.4538623],[-61.4667944,-3.44323429999997],[-61.4960741,-3.4427195],[-61.5051185,-3.425736100000037],[-61.5179344,-3.416651],[-61.5338188,-3.416724399999973],[-61.5467891,-3.406572499999985],[-61.5646844,-3.400417099999958],[-61.5825155,-3.405459600000041],[-61.6182089,-3.381897699999976],[-61.6383739,-3.394228299999988],[-61.64942520000001,-3.42033370000004],[-61.656568,-3.4266509],[-61.6653531,-3.426849],[-61.6830712,-3.418882200000044],[-61.7256588,-3.382003399999958],[-61.7623786,-3.363634399999986],[-61.78615460000001,-3.318253699999971],[-61.8221822,-3.289426399999986],[-61.8376855,-3.282476300000026],[-61.9074039,-3.283856300000032],[-61.9257645,-3.288951],[-61.9529574,-3.3112738],[-61.9872112,-3.355579399999989],[-62.0043766,-3.3671185],[-62.021459,-3.369611],[-62.037904,-3.36124720000001],[-62.0474062,-3.347074],[-62.0423772,-3.280787500000023],[-62.0451555,-3.272696699999985],[-62.0615758,-3.262463699999986],[-62.0774594,-3.276271],[-62.087993,-3.278102700000049],[-62.1025407,-3.267708499999961],[-62.1110123,-3.2693757],[-62.1256016,-3.282116399999979],[-62.1516831,-3.32327],[-62.166326,-3.337654599999961],[-62.1945192,-3.352782900000024],[-62.2557679,-3.368023400000013],[-62.2703208,-3.375726],[-62.2779959,-3.401894499999956],[-62.2723451,-3.443662],[-62.2767932,-3.452189699999979],[-62.292298,-3.455080500000047],[-62.2994933,-3.452510399999955],[-62.3111017,-3.437938600000031],[-62.3953207,-3.442120599999959],[-62.4247652,-3.4358486],[-62.44004670000001,-3.427823],[-62.4448204,-3.421135100000032],[-62.45026880000001,-3.39287749999996],[-62.4574597,-3.29374310000004],[-62.4771302,-3.2374315],[-62.5218233,-3.164176300000012],[-62.5677429,-3.126789299999981],[-62.5830899,-3.106760299999977],[-62.5507986,-3.091096],[-62.5314106,-3.064854799999954],[-62.4960339,-2.981857],[-62.484519,-2.882088399999984],[-62.4692931,-2.85190049999996],[-62.4417405,-2.824716399999978],[-62.4275855,-2.816795300000058],[-62.3857667,-2.806624],[-62.3543264,-2.774040899999953],[-62.3356307,-2.774663299999976],[-62.3015703,-2.765594099999973],[-62.2768459,-2.7704127],[-62.2442614,-2.765390799999949],[-62.1847069,-2.744666100000054],[-62.1584581,-2.729345800000014],[-62.1084339,-2.719510200000049],[-62.0829323,-2.703785800000059],[-62.0609338,-2.662737899999972],[-62.0285748,-2.644534],[-61.9638723,-2.636010100000056],[-61.9241553,-2.609549700000014],[-61.9132937,-2.60992949999994],[-61.8763747,-2.623564199999985],[-61.8611243,-2.6237583],[-61.8102941,-2.610069799999975],[-61.7797979,-2.61985679999994],[-61.7601243,-2.640338],[-61.7462825,-2.692793600000035],[-61.7018751,-2.744005199999978],[-61.6992902,-2.751666700000011],[-61.7055171,-2.77158749999996],[-61.7325447,-2.810218199999988],[-61.7302396,-2.8312219],[-61.7169027,-2.8437327],[-61.6621529,-2.861136799999946],[-61.6559555,-2.855699600000011],[-61.655296,-2.837651799999986],[-61.6487624,-2.830138600000057],[-61.64059970000001,-2.828166400000043],[-61.6080988,-2.834446100000053],[-61.5732626,-2.8244543],[-61.5299315,-2.824780499999952],[-61.5129619,-2.815133800000051],[-61.4967097,-2.790004199999979],[-61.4834851,-2.786616099999979],[-61.4820437,-2.815217],[-61.4426893,-2.838907099999982],[-61.43690260000001,-2.84583],[-61.43337,-2.865373],[-61.4139514,-2.8693324],[-61.4176563,-2.873675100000043],[-61.4075695,-2.882367100000034],[-61.4092395,-2.895668400000024],[-61.3841118,-2.9712711],[-61.3818591,-2.992384499999958],[-61.3591895,-3.0048832],[-61.3510706,-3.067018100000018],[-61.3525106,-3.108881699999979],[-61.320846,-3.14790680000002],[-61.3189566,-3.1975181],[-61.3064308,-3.207412599999961],[-61.2909542,-3.203594299999959],[-61.2759064,-3.207934300000049]]]}},{"type":"Feature","properties":{"CD_MUN":"1300805","NM_MUN":"Borba","SIGLA_UF":"AM","CodigoIBGE":"1300805","SubRegiaoNumero":5,"CalhaSubRegiao":"Região do Madeira"},"geometry":{"type":"Polygon","coordinates":[[[-59.4518595,-5.9557667],[-59.4623238,-5.9439944],[-59.4838037,-5.9388375],[-59.4820038,-5.931685599999982],[-59.4974614,-5.932932099999989],[-59.496436,-5.905703],[-59.5024039,-5.91104560000003],[-59.5049527,-5.908253],[-59.4894813,-5.895873899999983],[-59.4883336,-5.888652800000028],[-59.4972183,-5.883307699999976],[-59.5013099,-5.89135889999998],[-59.51236990000001,-5.888191099999978],[-59.5227852,-5.894256400000032],[-59.5222225,-5.861540799999973],[-59.5269819,-5.859058600000024],[-59.5381212,-5.8665023],[-59.54755750000001,-5.847079],[-59.5623341,-5.843995900000018],[-59.5549649,-5.816394799999981],[-59.566294,-5.815253],[-59.583162,-5.794500200000011],[-59.5961468,-5.799601700000016],[-59.5877292,-5.786495600000016],[-59.6013519,-5.7842844],[-59.6050327,-5.779034200000026],[-59.6054206,-5.767540699999983],[-59.5990779,-5.759548300000013],[-59.5989414,-5.752121300000013],[-59.6058003,-5.7455415],[-59.6143905,-5.750166300000015],[-59.6105894,-5.736967300000024],[-59.6172001,-5.718918599999986],[-59.61513320000001,-5.6915972],[-59.598223,-5.6652073],[-59.59168180000001,-5.6365945],[-59.5719596,-5.620971500000021],[-59.5471445,-5.566306800000014],[-59.5444783,-5.552176899999964],[-59.5516709,-5.532825199999982],[-59.5469924,-5.518299100000016],[-59.5734614,-5.4999281],[-59.5899127,-5.502646799999972],[-59.5974084,-5.4830527],[-59.6045184,-5.477895099999963],[-59.6200456,-5.4877426],[-59.6493344,-5.490626599999961],[-59.6801663,-5.503168299999966],[-59.7071867,-5.495735300000035],[-59.7099853,-5.467815500000015],[-59.727753,-5.448542],[-59.72682540000001,-5.404913199999967],[-59.699327,-5.354592700000015],[-59.6943621,-5.314895700000027],[-59.678772,-5.298443299999976],[-59.6707811,-5.282335199999981],[-59.945402,-4.868133099999969],[-59.9760158,-4.874946700000025],[-60.0924833,-4.92561760000001],[-60.1183562,-4.923952900000024],[-60.172116,-4.901887],[-60.1908491,-4.901412],[-60.2085583,-4.9073017],[-60.2284163,-4.927204],[-60.25375,-4.99020340000003],[-60.28764060000001,-5.0425436],[-60.7031179,-5.0421924],[-60.695294,-5.056765400000018],[-60.6942047,-5.072664299999972],[-60.7168272,-5.106496700000015],[-60.7257889,-5.113233199999966],[-60.913605,-5.1129307],[-61.2935664,-4.7118901],[-61.2714876,-4.662467499999986],[-61.2486071,-4.62765],[-61.1678288,-4.544239],[-61.0093905,-4.4234954],[-60.8489643,-4.282191500000036],[-60.8070978,-4.181597],[-60.8033296,-4.1859137],[-60.8003528,-4.181101399999977],[-60.7917733,-4.182235499999982],[-60.7796111,-4.1908583],[-60.7777062,-4.180954300000015],[-60.7587046,-4.187446900000019],[-60.7675634,-4.191119499999963],[-60.7643724,-4.195629799999978],[-60.76957320000001,-4.1972755],[-60.7585737,-4.202153199999956],[-60.7572326,-4.198593600000036],[-60.755874,-4.202435599999968],[-60.7548285,-4.196185100000039],[-60.7615821,-4.193508899999961],[-60.7498292,-4.190502599999983],[-60.7480794,-4.196650599999971],[-60.7443279,-4.193085500000023],[-60.7445079,-4.1984691],[-60.7343939,-4.1942167],[-60.72,-4.1992059],[-60.7115541,-4.186200400000023],[-60.7047417,-4.1847028],[-60.7022891,-4.187137199999953],[-60.7117934,-4.1958748],[-60.7006079,-4.195935600000032],[-60.6965725,-4.202462500000014],[-60.7073054,-4.209111499999963],[-60.6895314,-4.222841699999975],[-60.6838053,-4.20565730000001],[-60.6751216,-4.218014399999967],[-60.6714604,-4.2139962],[-60.6727927,-4.205544300000015],[-60.6630031,-4.205085699999959],[-60.6551139,-4.213000100000046],[-60.6538279,-4.2029721],[-60.6391995,-4.200818600000033],[-60.6382104,-4.1864195],[-60.6295426,-4.18937040000003],[-60.6284014,-4.198934399999964],[-60.6234597,-4.201244599999975],[-60.6262068,-4.18267509999998],[-60.6179394,-4.174389],[-60.6102068,-4.1755773],[-60.6044047,-4.186522800000022],[-60.6006166,-4.174439],[-60.5919551,-4.173953],[-60.586263,-4.177654300000015],[-60.5863391,-4.184249599999978],[-60.5744365,-4.174931],[-60.5721573,-4.163488700000014],[-60.56475,-4.164905800000015],[-60.5606652,-4.153750800000036],[-60.5450045,-4.164856],[-60.543932,-4.155348899999967],[-60.5500407,-4.152903099999969],[-60.5495016,-4.149209400000043],[-60.5381169,-4.1500002],[-60.5244389,-4.169422499999976],[-60.5224465,-4.165858700000037],[-60.5276848,-4.159362799999977],[-60.522563,-4.1544891],[-60.5241453,-4.148417699999967],[-60.5159842,-4.141192699999968],[-60.5122067,-4.154809300000012],[-60.50337170000001,-4.1390766],[-60.493074,-4.149572899999979],[-60.4935723,-4.128806800000015],[-60.4884364,-4.138952700000044],[-60.4755557,-4.130134700000037],[-60.4781463,-4.1397089],[-60.4525353,-4.1533269],[-60.4579947,-4.16341910000001],[-60.4497384,-4.173064800000041],[-60.4417809,-4.1734088],[-60.4415231,-4.167433900000034],[-60.4357237,-4.164363100000028],[-60.4176567,-4.174624499999966],[-60.4038209,-4.164145899999983],[-60.4003045,-4.156030700000017],[-60.3971008,-4.161034399999962],[-60.3885078,-4.161704],[-60.3956072,-4.1624171],[-60.3901675,-4.1721096],[-60.3767575,-4.172419300000044],[-60.3768905,-4.178115700000014],[-60.3831571,-4.175012500000015],[-60.3900035,-4.183212],[-60.3805609,-4.180027699999973],[-60.36747350000001,-4.190196500000017],[-60.3710581,-4.180633199999954],[-60.3619999,-4.178664600000044],[-60.3574386,-4.184790599999963],[-60.3483243,-4.1862131],[-60.3301849,-4.181672299999981],[-60.3176705,-4.190109799999965],[-60.2994015,-4.178107900000027],[-60.3077866,-4.168069100000035],[-60.3053067,-4.162933599999987],[-60.2870022,-4.164507799999971],[-60.2778276,-4.17179],[-60.2801459,-4.182398],[-60.2672287,-4.203811],[-60.2772047,-4.2324497],[-60.2728436,-4.2363415],[-60.2618285,-4.234430799999986],[-60.2617707,-4.250684099999969],[-60.2509151,-4.249058300000019],[-60.2502246,-4.255712100000035],[-60.237645,-4.268095799999952],[-60.2281509,-4.263234299999955],[-60.2294852,-4.2786698],[-60.2154373,-4.2952675],[-60.20987,-4.295007699999974],[-60.2084225,-4.288964200000027],[-60.2184753,-4.275487599999965],[-60.2054147,-4.273819599999982],[-60.1844074,-4.29396879999998],[-60.1912169,-4.2987789],[-60.1923326,-4.306498400000021],[-60.1721794,-4.316154299999978],[-60.1709148,-4.33214430000002],[-60.1666487,-4.336914900000016],[-60.1501665,-4.343713900000034],[-60.1236897,-4.3380884],[-60.1216633,-4.358955099999987],[-60.1368854,-4.372915900000014],[-60.12501970000001,-4.378472399999985],[-60.12895549999999,-4.388149499999972],[-60.1094224,-4.394241099999983],[-60.1008529,-4.40738810000004],[-60.0901328,-4.409327499999989],[-60.0839623,-4.406021599999973],[-60.0753744,-4.382703099999988],[-60.06423,-4.3785953],[-60.0537635,-4.380548799999988],[-60.0468713,-4.386288100000029],[-60.0536059,-4.399123200000022],[-60.0525707,-4.4114364],[-60.039388,-4.421030399999966],[-60.0282235,-4.4220887],[-60.02277870000001,-4.4108462],[-60.0095484,-4.402359699999979],[-59.9969781,-4.396784400000044],[-59.9757652,-4.39645309999998],[-59.9540449,-4.388513800000031],[-59.9487154,-4.381939],[-59.947921,-4.3644281],[-59.9679181,-4.3397524],[-59.9700873,-4.30751149999997],[-59.9889155,-4.2637087],[-59.9877604,-4.2573279],[-59.9768344,-4.249449199999961],[-59.9671053,-4.257700700000011],[-59.9405218,-4.249107899999983],[-59.9405233,-4.2395878],[-59.9474225,-4.2276031],[-59.9418283,-4.219796900000039],[-59.9289188,-4.2128426],[-59.6944041,-4.212209800000011],[-59.675436,-4.188732],[-59.6441028,-4.2019445],[-59.620154,-4.198588799999968],[-59.5861452,-4.140783499999973],[-59.5797131,-4.117074],[-59.5875088,-4.0767949],[-59.5817577,-4.057625399999959],[-59.558708,-4.0214449],[-59.5575082,-3.982655700000029],[-59.5512364,-3.971274599999961],[-59.5278475,-3.955624399999962],[-59.5293688,-3.9339648],[-59.5259284,-3.9258052],[-59.5004286,-3.919156899999961],[-59.1481653,-3.922145900000032],[-59.1723393,-3.9437362],[-59.1956266,-3.95202440000004],[-59.21335590000001,-3.953408499999985],[-59.2139768,-3.958747699999964],[-59.2008259,-3.955439199999947],[-59.199775,-3.967787799999962],[-59.1782712,-3.96671060000003],[-59.1547025,-3.972638199999974],[-59.1447452,-3.9666151],[-59.1304198,-3.970586],[-59.1155581,-3.9669516],[-59.0955572,-3.993003],[-59.0797382,-3.963437300000026],[-59.0464326,-3.958981499999978],[-59.0238962,-3.93058909999997],[-59.0098081,-3.937812199999982],[-59.0000837,-3.932807299999985],[-58.9928917,-3.916102700000042],[-58.9979614,-3.898146300000031],[-58.9922961,-3.891943800000029],[-58.9640132,-3.887967400000024],[-58.917057,-3.908987699999982],[-58.902057,-3.8960142],[-58.8816386,-3.853673200000011],[-58.862401,-3.8568817],[-58.8451833,-3.8490244],[-58.8393565,-3.8557488],[-58.8467931,-3.865673199999955],[-58.8461867,-3.8755097],[-58.8155828,-3.874338799999963],[-58.7985464,-3.908631800000037],[-58.7747764,-3.9052898],[-58.7867353,-3.918960499999988],[-58.799611,-3.955580600000018],[-58.8195037,-3.987734],[-58.8214579,-3.999062],[-58.8171152,-4.011220199999978],[-58.7882062,-4.036088600000041],[-58.7730315,-4.0739359],[-58.7409557,-4.086798399999958],[-58.69771990000001,-4.117409600000017],[-58.6786531,-4.151759499999979],[-58.6899181,-4.1877592],[-58.6891261,-4.201758600000036],[-58.66156620000001,-4.237159],[-58.6549615,-4.26684389999998],[-58.6237632,-4.259878800000036],[-58.6167382,-4.2680596],[-58.6155763,-4.289714400000014],[-58.6519801,-4.343176100000013],[-58.64712140000001,-4.3683447],[-58.6525751,-4.39010889999998],[-58.6303674,-4.43133680000002],[-58.6329846,-4.452795899999975],[-58.6474012,-4.453078799999987],[-58.6389954,-4.466831499999977],[-58.6236087,-4.470848200000027],[-58.6080685,-4.460271699999968],[-58.5938002,-4.459331],[-58.55229820000001,-4.4940191],[-58.5272283,-4.476632599999969],[-58.5085684,-4.469740199999986],[-58.5015072,-4.472262900000027],[-58.4896062,-4.491556799999979],[-58.4757004,-4.4890274],[-58.4647727,-4.495274600000038],[-58.4622551,-4.50448290000003],[-58.4518683,-4.50249349999997],[-58.4386622,-4.506691600000017],[-58.4204375,-4.493283],[-58.4143958,-4.5016396],[-58.3960965,-4.5032953],[-58.3852203,-4.474581],[-58.3845684,-4.460736700000026],[-58.3566827,-4.464559],[-58.351752,-4.45129149999998],[-58.3395407,-4.4416194],[-58.324681,-4.442159199999965],[-58.2941893,-4.427575],[-58.2932997,-4.413368100000033],[-58.2803149,-4.394983399999962],[-58.2681092,-4.398749400000025],[-58.2553972,-4.378928],[-58.2422165,-4.3826509],[-58.2258634,-4.38066840000003],[-58.2269398,-4.366834],[-58.2211986,-4.35905359999996],[-58.2093481,-4.360981199999961],[-58.196451,-4.348750500000037],[-58.1793788,-4.372413],[-58.1746536,-4.37109740000002],[-58.1759885,-4.363521899999961],[-58.1680576,-4.36106640000003],[-58.1538987,-4.371058],[-58.1508653,-4.363382199999974],[-58.14380890000001,-4.36680530000002],[-58.1274062,-4.365336600000032],[-58.1178731,-4.372929200000037],[-58.1169351,-4.379934199999978],[-58.1294387,-4.396317400000015],[-58.1327431,-4.409858300000037],[-58.1321436,-4.414871599999977],[-58.1219468,-4.416089800000014],[-58.1265883,-4.430334],[-58.1522399,-4.4338232],[-58.1527487,-4.443655],[-58.1825165,-4.454453100000011],[-58.1828819,-4.47173449999997],[-58.1751428,-4.4762701],[-58.1738187,-4.48223550000001],[-58.1824146,-4.498832400000015],[-58.1996235,-4.487967200000028],[-58.2075325,-4.494219299999979],[-58.2019259,-4.510244700000019],[-58.2134595,-4.5125515],[-58.2151926,-4.51750109999998],[-58.2024524,-4.544726100000028],[-58.2062786,-4.55362],[-58.2111257,-4.545062500000014],[-58.2177913,-4.5427777],[-58.2344801,-4.55233],[-58.2352406,-4.57342949999998],[-58.2318315,-4.5810704],[-58.2193764,-4.5869959],[-58.2203676,-4.594607700000018],[-58.2305873,-4.602394699999983],[-58.2561907,-4.59638380000001],[-58.2632214,-4.602132299999989],[-58.26374520000001,-4.615271400000035],[-58.2557703,-4.621747699999971],[-58.2562274,-4.6323635],[-58.250058,-4.638343200000019],[-58.2595756,-4.639343699999962],[-58.2710882,-4.6554865],[-58.2669042,-4.661497899999978],[-58.26619070000001,-4.673460100000034],[-58.2730624,-4.675000800000026],[-58.2681289,-4.679034],[-58.2672899,-4.706435300000035],[-58.2870748,-4.711810800000026],[-58.2765667,-4.713861200000012],[-58.2793685,-4.7227967],[-58.2711737,-4.718384400000016],[-58.26953850000001,-4.7226804],[-58.2762188,-4.735996499999978],[-58.2877658,-4.7323684],[-58.3007081,-4.74956049999998],[-58.2964081,-4.773822599999974],[-58.3058905,-4.8005568],[-58.3069086,-4.8192436],[-58.3149527,-4.826379599999985],[-58.3153937,-4.8128282],[-58.3224253,-4.807997600000018],[-58.3310242,-4.817827699999969],[-58.3259481,-4.839716900000031],[-58.3373534,-4.849276299999986],[-58.3504349,-4.848026699999982],[-58.3539146,-4.856630799999982],[-58.365512,-4.851589799999972],[-58.354439,-4.873974199999984],[-58.3446883,-4.882749900000013],[-58.3422333,-4.893229100000027],[-58.3533775,-4.899703699999987],[-58.3603503,-4.888045599999965],[-58.3653537,-4.893678300000016],[-58.362019,-4.9151189],[-58.39654560000001,-4.92085149999997],[-58.3857602,-4.929695],[-58.3842753,-4.943852099999969],[-58.3746687,-4.9487926],[-58.3739114,-4.953585200000017],[-58.4025861,-4.965348500000019],[-58.4035852,-4.9874904],[-58.41354410000001,-4.99193389999996],[-58.4080564,-5.013339800000019],[-58.4284602,-5.02661460000002],[-58.429062,-5.047963600000013],[-58.44282590000001,-5.036571300000033],[-58.4498379,-5.038111900000016],[-58.4450588,-5.056813599999966],[-58.4361809,-5.07000449999997],[-58.4443909,-5.074166800000024],[-58.4563882,-5.073578800000022],[-58.463311,-5.068143399999981],[-58.4687449,-5.070209900000028],[-58.4744692,-5.079235299999971],[-58.47013530000001,-5.090467],[-58.4879066,-5.084448199999967],[-58.4942257,-5.086957100000017],[-58.4992213,-5.100118900000023],[-58.4874054,-5.098520699999988],[-58.4765438,-5.107016799999983],[-58.4900598,-5.11473430000003],[-58.5057358,-5.103372600000033],[-58.5158708,-5.115788899999965],[-58.5085152,-5.131814199999979],[-58.5112783,-5.1358232],[-58.5279946,-5.126595600000012],[-58.5331129,-5.1282168],[-58.5349564,-5.1380737],[-58.5422907,-5.143057],[-58.54708620000001,-5.126086700000012],[-58.5799799,-5.133314899999987],[-58.5802525,-5.13751],[-58.5681013,-5.143749],[-58.5622765,-5.154928499999981],[-58.5714367,-5.15561960000002],[-58.5759663,-5.1613772],[-58.5806386,-5.159446299999977],[-58.5837499,-5.1779165],[-58.5956905,-5.176239500000011],[-58.6060634,-5.186391699999959],[-58.6338416,-5.182121600000019],[-58.6414388,-5.187715399999962],[-58.6382251,-5.19574],[-58.6313364,-5.191756200000023],[-58.6312164,-5.198114],[-58.621933,-5.2095687],[-58.6225354,-5.220010099999989],[-58.65339010000001,-5.203401900000018],[-58.656944,-5.205085299999966],[-58.6514802,-5.210360699999975],[-58.6525083,-5.231001200000025],[-58.687663,-5.220736600000015],[-58.6856678,-5.230631199999962],[-58.6923105,-5.233357300000014],[-58.6921085,-5.241363399999983],[-58.7005195,-5.2356488],[-58.7055702,-5.237764399999981],[-58.6980931,-5.253460699999974],[-58.7038609,-5.263237299999967],[-58.7131862,-5.267115799999987],[-58.7303767,-5.265176099999988],[-58.7145984,-5.281813800000017],[-58.719812,-5.287431399999969],[-58.7357221,-5.2910414],[-58.7423286,-5.303088399999986],[-58.7352255,-5.3082406],[-58.7275446,-5.3050889],[-58.7162557,-5.3071482],[-58.7178249,-5.316379200000012],[-58.7264296,-5.315767900000024],[-58.7379509,-5.330018],[-58.7364509,-5.338747400000012],[-58.7512447,-5.329255100000016],[-58.7664529,-5.337370499999968],[-58.760647,-5.33034060000002],[-58.7714881,-5.3286912],[-58.7769403,-5.330804899999984],[-58.7792141,-5.341582500000031],[-58.7843053,-5.337705899999967],[-58.7958076,-5.3416184],[-58.7971314,-5.3504075],[-58.8013739,-5.346950700000015],[-58.7989671,-5.344068800000014],[-58.8035845,-5.33293039999998],[-58.8107299,-5.33992120000001],[-58.8050546,-5.346723299999987],[-58.8107185,-5.353343300000021],[-58.8087687,-5.3664771],[-58.8156898,-5.365312500000025],[-58.8171857,-5.370542300000032],[-58.8044704,-5.371034099999988],[-58.8024889,-5.3749928],[-58.8050601,-5.3851213],[-58.8114281,-5.383862],[-58.8131524,-5.39481010000003],[-58.8083632,-5.400276199999989],[-58.8172396,-5.402587599999984],[-58.8200484,-5.395645499999988],[-58.8227415,-5.40196160000002],[-58.8175925,-5.412093599999983],[-58.8057628,-5.4098058],[-58.8041642,-5.414855],[-58.8094965,-5.4197511],[-58.8078151,-5.425146799999969],[-58.821275,-5.423272399999983],[-58.8254575,-5.434410700000028],[-58.8216213,-5.43824],[-58.8264922,-5.4382229],[-58.8292078,-5.430234599999975],[-58.8336647,-5.432890899999988],[-58.834083,-5.437010400000038],[-58.8269083,-5.442361499999988],[-58.8383194,-5.4529124],[-58.8366533,-5.4566838],[-58.8343664,-5.453442300000022],[-58.8278352,-5.469256399999972],[-58.8379861,-5.479447],[-58.8335592,-5.4840666],[-58.8392528,-5.4953541],[-58.8337389,-5.5049889],[-58.8389911,-5.5100352],[-58.8488276,-5.507854800000014],[-58.854962,-5.513989099999987],[-58.8501206,-5.517446399999986],[-58.8553161,-5.519796699999968],[-58.8497223,-5.521687200000035],[-58.8545992,-5.524563699999963],[-58.8550993,-5.531023499999965],[-58.8477825,-5.540396499999965],[-58.8538355,-5.546908100000031],[-58.8507887,-5.557637400000033],[-58.8402483,-5.55615],[-58.8416761,-5.561372],[-58.8316941,-5.565568700000019],[-58.8352649,-5.5732026],[-58.8267925,-5.576417199999982],[-58.8268935,-5.591624200000018],[-58.8192566,-5.590506399999961],[-58.8252098,-5.597085200000014],[-58.8192334,-5.60181989999998],[-58.8270564,-5.612725599999985],[-58.830518,-5.630933799999966],[-58.8278233,-5.633108600000014],[-58.8329125,-5.640445099999975],[-58.82999920000001,-5.654935],[-58.8391122,-5.661125800000011],[-58.8331334,-5.6658278],[-58.8293934,-5.662302899999975],[-58.8287514,-5.6661158],[-58.8466219,-5.669263400000028],[-58.8399275,-5.677796700000018],[-58.8302163,-5.676308800000018],[-58.828964,-5.6826122],[-58.8374153,-5.687655],[-58.8281881,-5.694197],[-58.8345878,-5.6970068],[-58.8366937,-5.705762800000013],[-58.8323965,-5.708550600000026],[-58.8262038,-5.704006899999989],[-58.8315744,-5.715498800000015],[-58.8271991,-5.7129131],[-58.8207639,-5.71709920000001],[-58.819351,-5.7310985],[-58.8111799,-5.738734799999982],[-58.8197683,-5.74386759999997],[-58.8205969,-5.764244199999968],[-58.8257115,-5.766419899999976],[-58.8192944,-5.780031299999988],[-58.815197,-5.78090719999997],[-58.81841759999999,-5.787523900000028],[-58.8138875,-5.790357],[-58.823314,-5.797687899999977],[-58.8300114,-5.7965521],[-58.8312355,-5.801308300000016],[-58.8253346,-5.80216959999997],[-58.8232911,-5.8115675],[-58.8296464,-5.811517900000013],[-58.8295046,-5.820325800000014],[-58.8231015,-5.821330699999978],[-58.8174668,-5.833103899999986],[-58.8198662,-5.836933],[-58.8146981,-5.8364358],[-58.8151516,-5.842438899999982],[-58.8108465,-5.844353499999981],[-58.8197248,-5.8482255],[-58.8208911,-5.854839300000014],[-58.8266661,-5.8461462],[-58.8307353,-5.85139],[-58.8243412,-5.8600447],[-58.8241606,-5.867908099999987],[-58.8294947,-5.863828499999974],[-58.8253519,-5.875654400000012],[-58.83023020000001,-5.876669399999986],[-58.8258623,-5.8815138],[-58.8263841,-5.895322199999966],[-58.8297411,-5.894012399999964],[-58.8343598,-5.902096600000021],[-58.8235541,-5.901328700000017],[-58.8192387,-5.905107600000011],[-58.8174044,-5.8932411],[-58.8090478,-5.9066678],[-58.8195332,-5.912572],[-58.8128531,-5.920427800000025],[-58.8128976,-5.927037599999977],[-58.8249056,-5.930507600000029],[-58.8163883,-5.9355365],[-58.8255489,-5.938799199999973],[-58.8200478,-5.9418382],[-58.8261719,-5.9494],[-58.8226836,-5.9539703],[-58.8270305,-5.958803],[-58.8228587,-5.962494800000028],[-58.8290681,-5.966845],[-58.8197523,-5.9711091],[-58.8188701,-5.977676600000025],[-58.8308355,-5.9772264],[-58.8271751,-5.980052699999983],[-58.8280143,-5.987274200000026],[-58.834389,-5.985638099999988],[-58.8365488,-5.9894178],[-58.8326796,-5.991868700000014],[-58.8345416,-6.000358900000016],[-58.8297695,-6.001525199999961],[-58.8312565,-6.013668699999966],[-58.8220592,-6.0219161],[-58.8156191,-6.017313799999975],[-58.8108612,-6.01887830000002],[-58.8168291,-6.02912730000002],[-58.8099711,-6.0470989],[-58.8052366,-6.0469529],[-58.80065290000001,-6.055398399999989],[-58.80555059999999,-6.054883100000017],[-58.804917,-6.05885120000001],[-58.8081949,-6.057556700000015],[-58.8150302,-6.068234499999983],[-58.8025446,-6.07462810000002],[-58.8022884,-6.0825829],[-58.8059552,-6.0820433],[-58.8082076,-6.0866944],[-58.8040188,-6.090802099999988],[-58.8084247,-6.0894774],[-58.8090731,-6.09960240000003],[-58.8191169,-6.110247799999977],[-58.8150995,-6.115050799999974],[-58.8231939,-6.124413300000013],[-58.8294447,-6.1255361],[-58.8249142,-6.1283198],[-58.8325829,-6.13584990000001],[-58.828559,-6.140361799999972],[-58.8346186,-6.146569200000032],[-58.8345985,-6.155168100000026],[-58.8394062,-6.1576346],[-58.8359684,-6.16294040000001],[-58.8379759,-6.1701216],[-58.8434223,-6.172521500000029],[-58.8384616,-6.176189699999981],[-58.846735,-6.1889408],[-58.8426392,-6.19736],[-58.8475484,-6.212679500000024],[-58.875828,-6.222050399999986],[-58.8767372,-6.229010499999966],[-58.8853787,-6.23291],[-58.8831936,-6.238464],[-58.8903699,-6.237145],[-58.8977538,-6.25194269999998],[-58.9010533,-6.247275399999975],[-58.9071366,-6.248541899999983],[-58.9201268,-6.279289500000016],[-58.9127237,-6.299968500000027],[-58.9150168,-6.3044226],[-58.912313,-6.3086064],[-58.90805730000001,-6.3072578],[-58.9105097,-6.311592],[-58.9071471,-6.313162800000013],[-58.9070092,-6.3224169],[-58.8923634,-6.329900399999978],[-58.8918943,-6.3385649],[-58.8822583,-6.345975],[-58.8800056,-6.353742600000022],[-58.8740654,-6.350971200000018],[-58.86644960000001,-6.354993800000023],[-58.8657223,-6.361327100000034],[-58.8577333,-6.3686217],[-58.8600577,-6.3739411],[-58.8527856,-6.3738851],[-58.8552822,-6.381478199999977],[-59.0791778,-6.389020800000017],[-59.2942456,-6.520616099999973],[-59.4006685,-6.576337200000014],[-59.8727486,-6.8120612],[-59.87453150000001,-6.8081839],[-59.8830106,-6.808923400000024],[-59.8851139,-6.800396699999988],[-59.8818456,-6.7933806],[-59.887916,-6.788856],[-59.9026616,-6.79456],[-59.905714,-6.7467289],[-59.9151188,-6.7446132],[-59.9325515,-6.7271885],[-59.9301544,-6.712675599999981],[-59.9163697,-6.692459200000018],[-59.9216176,-6.686995499999976],[-59.9437269,-6.6810824],[-59.9404552,-6.6662635],[-59.9262018,-6.660852299999974],[-59.9298104,-6.637753400000024],[-59.9563076,-6.6216829],[-59.9287828,-6.571334300000025],[-59.9334781,-6.55559840000003],[-59.9039413,-6.541772200000018],[-59.8983094,-6.527657],[-59.880562,-6.5273748],[-59.8733792,-6.5218985],[-59.8559239,-6.524072500000019],[-59.8452046,-6.478193700000012],[-59.8313753,-6.459721299999977],[-59.8176397,-6.4300527],[-59.8134972,-6.437202700000018],[-59.8030805,-6.434440699999976],[-59.7965894,-6.448019600000027],[-59.7978466,-6.458536500000031],[-59.7853512,-6.462198100000016],[-59.7824768,-6.468934200000022],[-59.778865,-6.4654088],[-59.7674021,-6.470163299999986],[-59.7595192,-6.4657762],[-59.7490282,-6.448293099999972],[-59.7346613,-6.445820399999974],[-59.7144465,-6.457944100000023],[-59.6608995,-6.464287199999966],[-59.6315429,-6.4768873],[-59.6157243,-6.472608399999986],[-59.6098139,-6.4604762],[-59.3140601,-6.458877500000032],[-59.3097152,-6.444802300000027],[-59.3140543,-6.440545],[-59.3105491,-6.434720800000019],[-59.31297090000001,-6.428940099999977],[-59.3091412,-6.4234037],[-59.3191778,-6.41529],[-59.3144985,-6.409113],[-59.3173473,-6.40373110000001],[-59.3260517,-6.4016329],[-59.3271474,-6.388792],[-59.3351064,-6.381174299999978],[-59.3277138,-6.3726575],[-59.3462062,-6.3575231],[-59.34703420000001,-6.35367960000002],[-59.3409142,-6.352036800000028],[-59.3427378,-6.349210299999986],[-59.3627585,-6.340426100000015],[-59.3539717,-6.334828199999983],[-59.35049380000001,-6.313747099999967],[-59.35337160000001,-6.311360300000013],[-59.3536954,-6.3175997],[-59.3658591,-6.3034435],[-59.37808960000001,-6.3103409],[-59.3809026,-6.303716599999979],[-59.3705195,-6.290582700000022],[-59.3673908,-6.2784514],[-59.3458141,-6.2785674],[-59.3337297,-6.274282400000012],[-59.3393694,-6.272527],[-59.3432177,-6.263303399999985],[-59.35601290000001,-6.258211900000022],[-59.3487047,-6.25180249999998],[-59.3450317,-6.2376222],[-59.3297624,-6.2259508],[-59.3340413,-6.221683399999987],[-59.3391101,-6.223200100000027],[-59.3417433,-6.217753100000023],[-59.3300687,-6.202872599999975],[-59.3314714,-6.1949817],[-59.3365742,-6.1941427],[-59.3415062,-6.18447220000001],[-59.3379853,-6.177372899999985],[-59.3430926,-6.18137220000002],[-59.3446142,-6.1731046],[-59.3492537,-6.1745346],[-59.3588928,-6.168248800000027],[-59.3616962,-6.127171],[-59.34640490000001,-6.122229800000022],[-59.3542966,-6.122452800000019],[-59.35714020000001,-6.109311899999977],[-59.3672331,-6.109150700000033],[-59.3750181,-6.0880562],[-59.3973289,-6.082776],[-59.3972064,-6.068233],[-59.3961945,-6.07741190000003],[-59.3922983,-6.075798900000031],[-59.3861841,-6.081457799999977],[-59.3850163,-6.074227300000024],[-59.3976243,-6.048647299999974],[-59.4121081,-6.048687799999971],[-59.405963,-6.021391499999981],[-59.4086556,-6.009420599999973],[-59.4351174,-6.003368900000019],[-59.4359691,-5.995001700000028],[-59.4426227,-5.9986266],[-59.4528005,-5.993949599999978],[-59.45688710000001,-5.979626099999966],[-59.4499806,-5.96402550000001],[-59.4518595,-5.9557667]]]}},{"type":"Feature","properties":{"CD_MUN":"1304302","NM_MUN":"Urucará","SIGLA_UF":"AM","CodigoIBGE":"1304302","SubRegiaoNumero":9,"CalhaSubRegiao":"Região do Baixo Amazonas"},"geometry":{"type":"MultiPolygon","coordinates":[[[[-57.756208,-2.7018004],[-57.73516,-2.6835235],[-57.723315,-2.677760600000036],[-57.75171490000001,-2.728221799999985],[-57.7659859,-2.733182100000044],[-57.7777223,-2.7315291],[-57.756208,-2.7018004]]],[[[-59.1922781,0.263526800000183],[-59.1937448,0.246555900000135],[-59.1851364,0.242668500000353],[-59.1898587,0.232453199999349],[-59.1801354,0.225491999999476],[-59.1343002,0.222968200000094],[-59.1270763,0.219082200000808],[-59.1267943,0.21103509999931],[-59.13791169999999,0.196296400000607],[-59.1337432,0.189335100000569],[-59.1267993,0.192680699999102],[-59.1101338,0.157148699999077],[-59.097628,0.148291699999402],[-59.0956848,0.13988509999933],[-59.099573,0.132379800000206],[-59.0923493,0.126322600001409],[-59.0779046,0.132381599998707],[-59.0695768,0.130481699998933],[-59.0656847,0.122708299999728],[-59.0490226,0.12714189999866],[-59.0456839,0.103812200001108],[-59.0301237,0.094951800000243],[-59.0309589,0.086814099999483],[-59.0465161,0.081299700000303],[-59.0387432,0.047665999998062],[-59.0226258,0.050739199998133],[-59.01401890000001,0.048570500000971],[-59.00901660000001,0.041878899996295],[-59.0012363,0.042692099996171],[-58.9931865,0.025784900006044],[-58.9945696,0.017105299998316],[-58.9815169,0.003814000003786],[-58.9715188,0.015749100008984],[-58.94540270000001,0.001824799954812],[-58.9129258,0.000378799674992],[-58.9012935,-0.006568299976809],[-58.8991467,-0.037493500000207],[-58.9018701,-0.047685100003665],[-58.9121837,-0.04803579999966],[-58.9125706,-0.055785599999846],[-58.9020683,-0.064761000001917],[-58.8937091,-0.086524299999286],[-58.8860645,-0.093345500001595],[-58.8890937,-0.160774800001045],[-58.897507,-0.170424000000291],[-58.907207,-0.162861799999123],[-58.9167918,-0.165085900000558],[-58.9277329,-0.155794600000467],[-58.9330677,-0.189338000000156],[-58.9283443,-0.198566599999419],[-58.9310155,-0.206144200000311],[-58.924622,-0.214470700000625],[-58.94468,-0.233684299999307],[-58.9384315,-0.242074799999655],[-58.94512370000001,-0.264832400000451],[-58.9355684,-0.274387799999697],[-58.8956802,-0.294084300000354],[-58.9158949,-0.31876459999983],[-58.9110925,-0.326444600000546],[-58.9426484,-0.354973599999925],[-58.9583742,-0.378626599999853],[-58.9461179,-0.389086000000104],[-58.9488784,-0.405483300000381],[-58.9414861,-0.410145100000199],[-58.9336213,-0.431803900000203],[-58.9180628,-0.448104700000391],[-58.9070074,-0.455518700000391],[-58.8956795,-0.453256600000329],[-58.8813717,-0.457411299999702],[-58.8478415,-0.481756299999928],[-58.85353580000001,-0.49134099999975],[-58.8530305,-0.500479600000028],[-58.84376970000001,-0.498449100000039],[-58.8352605,-0.547697300000124],[-58.8211771,-0.563353700000201],[-58.8178088,-0.585516100000102],[-58.8024503,-0.601031500000233],[-58.8013061,-0.608514199999876],[-58.7883364,-0.621691400000136],[-58.784617,-0.631391799999914],[-58.7529703,-0.664381400000167],[-58.7558872,-0.6890926],[-58.7426129,-0.701813700000089],[-58.7610068,-0.704924],[-58.7722015,-0.72303619999982],[-58.755335,-0.728975100000217],[-58.7390837,-0.772013400000069],[-58.7435633,-0.792097499999853],[-58.7228938,-0.811752199999955],[-58.7475597,-0.822476099999956],[-58.7417214,-0.830477300000019],[-58.71680880000001,-0.832264699999872],[-58.6979463,-0.852253400000057],[-58.6956932,-0.86113239999994],[-58.6791425,-0.873602199999913],[-58.6672235,-0.904559800000179],[-58.6362195,-0.905872499999813],[-58.623248,-0.928959099999808],[-58.6003334,-0.939338500000168],[-58.6177478,-0.988536000000141],[-58.6079661,-0.997464800000055],[-58.5757687,-1.006822100000128],[-58.5503598,-0.992082000000174],[-58.5349353,-1.008494],[-58.5391907,-1.019045799999841],[-58.5274338,-1.028852100000072],[-58.5184592,-1.048521399999924],[-58.5201038,-1.061276800000134],[-58.5161874,-1.068666200000086],[-58.5250211,-1.075305699999906],[-58.5157672,-1.106299399999944],[-58.5226222,-1.112526700000094],[-58.514794,-1.133169],[-58.5065141,-1.14105260000001],[-58.5025443,-1.16661110000015],[-58.483848,-1.172645600000049],[-58.4537663,-1.174497],[-58.4404897,-1.164673200000099],[-58.4337297,-1.169991900000052],[-58.4349864,-1.185680399999928],[-58.4246823,-1.187375799999919],[-58.4184886,-1.173587499999889],[-58.4053436,-1.174273700000072],[-58.3980659,-1.169193400000049],[-58.3864543,-1.173683199999891],[-58.3866767,-1.183747700000066],[-58.3777063,-1.193625800000056],[-58.3689004,-1.192756199999873],[-58.3639547,-1.207796000000112],[-58.3703964,-1.212484599999876],[-58.364895,-1.227643500000119],[-58.3658424,-1.242133799999948],[-58.3729582,-1.25103189999997],[-58.3713994,-1.259801100000124],[-58.37606190000001,-1.269953900000091],[-58.3688403,-1.277380199999977],[-58.360815,-1.276059300000036],[-58.3579264,-1.283638799999988],[-58.3638204,-1.289182600000084],[-58.3517613,-1.304588900000087],[-58.3490589,-1.321951499999956],[-58.3416212,-1.318115800000089],[-58.3338947,-1.31980660000014],[-58.32145580000001,-1.348983099999925],[-58.3052011,-1.3542885000001],[-58.295532,-1.364118400000137],[-58.28364280000001,-1.364519399999882],[-58.2791713,-1.371533699999907],[-58.2797575,-1.387739599999967],[-58.2953675,-1.413765600000071],[-58.2853069,-1.4245097],[-58.2909747,-1.437746],[-58.2655904,-1.458043099999934],[-58.2673954,-1.471169700000109],[-58.2743363,-1.4782431],[-58.2737581,-1.486445500000056],[-58.25056090000001,-1.5265902999999],[-58.2514205,-1.543192099999879],[-58.2362813,-1.540137],[-58.2267259,-1.556852],[-58.1949184,-1.5555808],[-58.1865303,-1.559140399999912],[-58.1759965,-1.575976600000057],[-58.1600002,-1.590268900000014],[-58.1533051,-1.607647399999892],[-58.140214,-1.61868749999996],[-58.1287459,-1.613740900000071],[-58.1069948,-1.61748430000002],[-58.0924597,-1.6291574],[-58.0888489,-1.644239999999886],[-58.0694951,-1.6541222],[-58.0521321,-1.654889500000027],[-58.0490218,-1.663718400000082],[-58.0529642,-1.67547269999997],[-58.0361597,-1.689139299999989],[-58.0197107,-1.693540800000021],[-58.0077097,-1.747461700000058],[-58.0060167,-1.783644200000019],[-57.9949516,-1.79620919999996],[-57.99332,-1.805550199999987],[-57.9979605,-1.819516200000017],[-57.9952855,-1.829998],[-57.97551,-1.836624400000046],[-57.98009230000001,-1.847696500000015],[-57.9798138,-1.864197],[-57.9862942,-1.87218629999997],[-57.9869587,-1.89521810000001],[-57.9804854,-1.902242],[-57.9790147,-1.911918599999961],[-57.9597346,-1.92343830000002],[-57.95651130000001,-1.933074100000041],[-57.9510965,-1.984685799999924],[-57.9613988,-2.000703899999963],[-57.9580629,-2.008074800000089],[-57.9488769,-2.00825859999998],[-57.9471242,-2.015743100000059],[-57.9512044,-2.0229165],[-57.9479242,-2.0302586],[-57.9405169,-2.035940900000087],[-57.9324315,-2.031884400000016],[-57.9230905,-2.036037600000059],[-57.9079797,-2.058444900000048],[-57.8740846,-2.04932269999996],[-57.859979,-2.066753299999978],[-57.8571409,-2.082966599999934],[-57.8414996,-2.090631400000059],[-57.8308373,-2.086434600000068],[-57.8205265,-2.101528899999931],[-57.8244173,-2.109000700000072],[-57.82285790000001,-2.124843299999957],[-57.8058039,-2.153843200000024],[-57.7716612,-2.194508299999942],[-57.752883,-2.209781200000058],[-57.7303873,-2.2052907],[-57.7263843,-2.211842499999925],[-57.7175194,-2.2150884],[-57.713802,-2.22440119999998],[-57.6639084,-2.2405458],[-57.6582418,-2.246291900000058],[-57.657541,-2.268714800000041],[-57.6513516,-2.277419900000036],[-57.630764,-2.273881799999961],[-57.62343160000001,-2.276425599999926],[-57.6141819,-2.265708499999953],[-57.60632,-2.275124699999979],[-57.5979563,-2.270768200000029],[-57.5870057,-2.282900899999974],[-57.5709629,-2.288497399999955],[-57.5606765,-2.287180900000028],[-57.5492014,-2.30069449999996],[-57.5527036,-2.317148599999954],[-57.5272029,-2.320039600000032],[-57.5145644,-2.332166699999922],[-57.5080594,-2.348323500000034],[-57.4963661,-2.345788400000075],[-57.4774221,-2.332052600000011],[-57.4604474,-2.336239800000043],[-57.4537255,-2.3301523],[-57.4425861,-2.341933100000071],[-57.4248023,-2.341460399999977],[-57.4086155,-2.381387900000065],[-57.3495724,-2.41962510000003],[-57.3334878,-2.440949699999988],[-57.3304061,-2.4577627],[-57.3135998,-2.474403099999984],[-57.2892284,-2.489242800000028],[-57.3171356,-2.5085982],[-57.3522699,-2.455862699999947],[-57.5919775,-2.457284200000049],[-57.611873,-2.496030699999988],[-57.6236437,-2.533478300000044],[-57.7151078,-2.667844099999964],[-57.7525973,-2.697083],[-57.782378,-2.7291428],[-57.836996,-2.757681500000034],[-57.8789647,-2.7511492],[-57.9442448,-2.76168429999997],[-57.9538638,-2.748116600000066],[-57.9594824,-2.747341200000034],[-57.9321428,-2.729164600000012],[-57.9319202,-2.723508200000011],[-57.9440155,-2.706511599999944],[-57.9254183,-2.695032800000031],[-57.9300536,-2.670342199999955],[-57.9400134,-2.661580600000068],[-57.9524239,-2.6681887],[-57.9585119,-2.683268],[-57.9629652,-2.6829924],[-57.9643223,-2.677644],[-57.9373836,-2.619113199999966],[-57.8923756,-2.609293300000036],[-57.8795364,-2.6111873],[-57.8266901,-2.596026199999933],[-57.8039704,-2.578425499999948],[-57.7896652,-2.555648400000019],[-57.766851,-2.540399200000022],[-57.8110619,-2.53080320000006],[-57.8156704,-2.534741100000043],[-57.8201772,-2.524270600000027],[-57.8343684,-2.511933],[-57.839989,-2.497870600000052],[-57.8390776,-2.484013100000054],[-57.8592364,-2.468925299999946],[-57.8618296,-2.45148229999997],[-57.8859784,-2.421619599999935],[-57.8924447,-2.406109899999984],[-57.9814452,-2.405824],[-57.9857467,-2.371964200000031],[-57.9769474,-2.342202199999945],[-57.9772662,-2.327010399999939],[-57.9817432,-2.3216223],[-57.9778467,-2.319509799999988],[-57.976789,-2.30812020000001],[-57.9821403,-2.291377],[-57.99856,-2.265545800000034],[-58.0097435,-2.258734800000076],[-58.0131806,-2.250371700000052],[-58.0303145,-2.234672100000057],[-58.0331499,-2.2250473],[-58.1138326,-2.219873300000069],[-58.1173467,-2.198413300000012],[-58.1398723,-2.164241099999982],[-58.1293474,-2.123719200000057],[-58.1370327,-2.1192564],[-58.1433116,-2.1321295],[-58.1518373,-2.135077900000045],[-58.1608515,-2.131549800000051],[-58.1721412,-2.118027],[-58.1875055,-2.11513960000007],[-58.1752164,-2.092238800000068],[-58.16849340000001,-2.091263],[-58.1639165,-2.098899200000012],[-58.1555731,-2.101832900000041],[-58.1500504,-2.100573500000092],[-58.1502368,-2.094146],[-58.1564583,-2.081269499999971],[-58.1746067,-2.070676399999948],[-58.1830334,-2.0208501],[-58.1890746,-2.00861459999994],[-58.212779,-2.000116400000063],[-58.2231757,-1.989763499999966],[-58.2472229,-1.977902600000065],[-58.25128380000001,-1.969999199999921],[-58.2542132,-1.935787399999909],[-58.268599,-1.930036400000019],[-58.285681,-1.940699900000091],[-58.3046121,-1.92442519999993],[-58.3005888,-1.911926500000098],[-58.3227725,-1.913882600000086],[-58.3449016,-1.922121400000036],[-58.37543260000001,-1.920610300000024],[-58.3971286,-1.903749],[-58.4131621,-1.871500499999931],[-58.4250697,-1.87009770000003],[-58.4348935,-1.844602299999941],[-58.4559459,-1.825011900000053],[-58.4625571,-1.805988099999972],[-58.4756452,-1.804688500000083],[-58.4855652,-1.798493099999977],[-58.5060669,-1.802847600000083],[-58.5143696,-1.7952308],[-58.54401020000001,-1.78931450000003],[-58.5621937,-1.769917400000082],[-58.586411,-1.766541800000013],[-58.5893006,-1.75785259999997],[-58.5594563,-1.735690800000032],[-58.5580671,-1.729981099999895],[-58.5674764,-1.719124900000049],[-58.5838809,-1.715424700000112],[-58.5782083,-1.712553600000067],[-58.5777512,-1.701919499999911],[-58.5684515,-1.688234599999956],[-58.57369889999999,-1.670172600000077],[-58.5853698,-1.6674675],[-58.587965,-1.647444099999952],[-58.6004413,-1.644714500000053],[-58.5927113,-1.6379879000001],[-58.5964869,-1.63399070000003],[-58.599668,-1.60012530000006],[-58.6082399,-1.602101899999927],[-58.6313556,-1.592976400000048],[-58.6255755,-1.585921599999976],[-58.64051950000001,-1.563765599999877],[-58.6480776,-1.561714300000068],[-58.6546633,-1.567752400000078],[-58.6503079,-1.557621300000101],[-58.65331780000001,-1.555250099999898],[-58.6624525,-1.559243399999919],[-58.66596470000001,-1.575665400000074],[-58.6752971,-1.572252700000044],[-58.6942586,-1.575583899999908],[-58.7062027,-1.558610799999986],[-58.6968784,-1.555044299999935],[-58.6945944,-1.560822],[-58.6935644,-1.554349399999976],[-58.7046307,-1.546814100000079],[-58.7163551,-1.520653900000019],[-58.724449,-1.519780400000098],[-58.727572,-1.514403099999964],[-58.7358239,-1.514942800000072],[-58.7400254,-1.4976677],[-58.7522916,-1.503191499999892],[-58.7850624,-1.499836499999953],[-58.78022,-1.508015800000085],[-58.7910595,-1.505759599999929],[-58.7985069,-1.49865620000012],[-58.8037303,-1.500999899999944],[-58.8059988,-1.495519499999948],[-58.8236578,-1.504470699999905],[-58.8236947,-1.508890799999978],[-58.83626,-1.51085539999994],[-58.8407,-1.5051058],[-58.8334266,-1.4985841],[-58.8425832,-1.488565499999934],[-58.8367034,-1.483421599999923],[-58.8494594,-1.489809599999911],[-58.8567608,-1.485013800000066],[-58.8522293,-1.476805600000095],[-58.8640927,-1.45429149999996],[-58.8727704,-1.455340199999956],[-58.8792649,-1.447448500000049],[-58.889245,-1.44678819999998],[-58.8988934,-1.45129679999998],[-58.9189273,-1.4486975],[-58.9207239,-1.454953700000101],[-58.9247747,-1.453493600000068],[-58.9279358,-1.4317108],[-58.9387721,-1.4284692],[-58.9355807,-1.424210700000032],[-58.9462337,-1.402222500000026],[-58.9462951,-1.383788699999968],[-58.9557353,-1.383249099999954],[-58.9617499,-1.388272399999957],[-58.9704916,-1.38320490000002],[-58.9681316,-1.371825699999955],[-58.9725644,-1.372899800000031],[-58.9873549,-1.356549799999865],[-58.9846959,-1.348657700000099],[-58.9884321,-1.340753100000069],[-59.0052812,-1.336896999999895],[-59.0035482,-1.333468899999937],[-59.010191,-1.332219300000055],[-59.0094588,-1.326580599999922],[-59.0180176,-1.315511],[-59.0291699,-1.328712899999988],[-59.0336107,-1.329582500000063],[-59.0366881,-1.323992600000115],[-59.0396184,-1.330289000000106],[-59.0446728,-1.3290279],[-59.05029170000001,-1.33476379999991],[-59.06322380000001,-1.314907299999952],[-59.0800477,-1.321963399999977],[-59.0819709,-1.312293500000049],[-59.0940967,-1.308164899999909],[-59.0979398,-1.302227599999877],[-59.0954052,-1.295842599999889],[-59.1080947,-1.295077899999902],[-59.1088399,-1.28937680000011],[-59.120693,-1.279479000000141],[-59.1281185,-1.279840800000104],[-59.1303401,-1.285377099999906],[-59.1405115,-1.278534399999922],[-59.1593436,-1.277393200000069],[-59.1647837,-1.266101700000101],[-59.1808617,-1.251373299999904],[-59.1870589,-1.259113799999879],[-59.2055635,-1.250604199999851],[-59.2043052,-1.244101800000135],[-59.2003975,-1.243501800000085],[-59.20287470000001,-1.236845500000052],[-59.2132697,-1.233232299999962],[-59.2213761,-1.220988099999982],[-59.2317629,-1.219882499999887],[-59.2330703,-1.213369699999982],[-59.2383194,-1.213368599999943],[-59.2359975,-1.207574900000082],[-59.2414966,-1.202111100000077],[-59.2355638,-1.196444499999951],[-59.239458,-1.185105000000145],[-59.245751,-1.184209499999861],[-59.2520843,-1.189039299999904],[-59.2660498,-1.184740500000126],[-59.2756013,-1.175953199999901],[-59.2771892,-1.158925700000105],[-59.2811765,-1.154881099999876],[-59.3054764,-1.156259299999948],[-59.3316653,-1.140981800000014],[-59.3468391,-1.139503899999935],[-59.362726,-1.154295800000036],[-59.3797214,-1.147744000000119],[-59.3828377,-1.137284800000056],[-59.3754717,-1.133849200000081],[-59.380618,-1.106673499999944],[-59.6139594,-1.109899800000138],[-59.6217474,-1.105138399999916],[-59.6271713,-1.0932828],[-59.6343406,-1.09099330000016],[-59.6311022,-1.0810773999999],[-59.6400526,-1.0756346],[-59.6504915,-1.075448200000157],[-59.6580743,-1.068801999999841],[-59.6591963,-1.0721624],[-59.6676332,-1.070152300000085],[-59.6687978,-1.065786800000025],[-59.673631,-1.075240800000077],[-59.6736486,-1.0892786],[-59.6877324,-1.090432499999846],[-59.6880199,-1.096865600000052],[-59.692374,-1.094786],[-59.700286,-1.104837800000124],[-59.7129314,-1.095558600000082],[-59.7210493,-1.097207],[-59.7154641,-1.085310600000138],[-59.7174595,-1.079876900000055],[-59.7439819,-1.076608000000105],[-59.7426608,-1.066283399999971],[-59.74941470000001,-1.054976900000099],[-59.7560273,-1.0597003],[-59.773761,-1.047935999999843],[-59.7864812,-1.045449700000028],[-59.7899969,-1.037491100000064],[-59.8047995,-1.025790899999928],[-59.8061319,-1.014623700000086],[-59.8088477,-1.016892299999967],[-59.8230895,-1.007280999999833],[-59.8240062,-1.001339900000046],[-59.8185879,-0.997963200000076],[-59.8421762,-0.96959159999986],[-59.8406808,-0.94312709999985],[-59.85681670000001,-0.910876500000108],[-59.8657307,-0.906915999999843],[-59.8677267,-0.901282599999806],[-59.8854581,-0.899661100000048],[-59.9029917,-0.888782999999801],[-59.8936391,-0.876169100000135],[-59.9046437,-0.872841100000168],[-59.9069561,-0.867801700000181],[-59.9112562,-0.869188799999843],[-59.918815,-0.857426199999943],[-59.93042890000001,-0.851706299999918],[-59.9452781,-0.855056700000085],[-59.957766,-0.843348700000025],[-59.9648767,-0.844005499999837],[-59.9665486,-0.834242300000036],[-59.9804675,-0.82982280000021],[-59.9838138,-0.819010799999869],[-60.0048802,-0.791685],[-60.0106616,-0.794723800000081],[-60.0349644,-0.742547899999758],[-60.0301404,-0.727159099999969],[-60.0455436,-0.700014600000139],[-60.0468936,-0.68149639999982],[-60.0542705,-0.675992300000232],[-60.0533055,-0.650087700000232],[-60.0455329,-0.650941500000266],[-60.0335071,-0.663518999999735],[-60.0249925,-0.661486899999881],[-60.0360259,-0.635343799999824],[-60.0268884,-0.633717699999902],[-60.0217165,-0.62669059999997],[-60.022437,-0.617216699999732],[-60.0384185,-0.596532500000036],[-60.0298326,-0.583887099999754],[-60.0119171,-0.581018400000056],[-60.0087121,-0.572868800000108],[-60.000945,-0.569551799999754],[-59.9676402,-0.568876700000222],[-59.9502045,-0.530536000000172],[-59.9567433,-0.525431499999655],[-59.9541333,-0.515576600000104],[-59.9294436,-0.497607299999957],[-59.9258576,-0.484625899999927],[-59.8928663,-0.455384099999919],[-59.8826048,-0.456851599999673],[-59.8795556,-0.465333800000266],[-59.87019,-0.469292700000026],[-59.8573688,-0.447264099999827],[-59.8480313,-0.442523200000373],[-59.8385854,-0.416872900000037],[-59.8313147,-0.411340799999732],[-59.8318462,-0.39841739999963],[-59.8373836,-0.389427500000112],[-59.8531953,-0.392133499999936],[-59.8626391,-0.366164400000182],[-59.8535489,-0.36890080000016],[-59.8463683,-0.335471599999529],[-59.85207650000001,-0.325187],[-59.8499621,-0.312912399999839],[-59.8430555,-0.307558799999897],[-59.8444089,-0.284671599999929],[-59.8387438,-0.267571800000483],[-59.8079557,-0.248472799999336],[-59.8079825,-0.237596900000098],[-59.84756260000001,-0.181776400000837],[-59.8730253,-0.163421400000909],[-59.9022494,-0.156918000000908],[-59.9134065,-0.150050400000296],[-59.9194453,-0.125959100000381],[-59.892578,-0.101940899999417],[-59.8747683,-0.113219000000173],[-59.8752092,-0.103313299998623],[-59.8804416,-0.096144299999079],[-59.8790684,-0.087251999998036],[-59.8640642,-0.070766800000529],[-59.86211260000001,-0.059754599998669],[-59.8645351,-0.04664050000088],[-59.8805549,-0.015530900000565],[-59.8934491,-0.005349099967342],[-59.9032646,0.022149800004722],[-59.9169142,0.033538399998349],[-59.933275,0.029920400004536],[-59.9477232,0.038235399999167],[-59.9571878,0.037417999997897],[-59.9557778,0.028564500003699],[-59.9426978,0.015826500009086],[-59.9393288,-0.000345600290741],[-59.9306773,-0.014868399991699],[-59.93514230000001,-0.022964800000447],[-59.92898850000001,-0.034259500000834],[-59.9359193,-0.039210899999937],[-59.9511071,-0.038931000004247],[-59.96121010000001,-0.032092500003611],[-59.9723743,-0.030994499994659],[-59.9759725,-0.037822899998429],[-59.9528094,-0.04991],[-59.9628014,-0.058563799997773],[-59.9855874,-0.060946600002139],[-60.005174,-0.048141499999207],[-60.02350460000001,-0.043134899995989],[-60.0633969,-0.050836999998361],[-60.0825021,-0.048070000002565],[-60.1226498,-0.079650900001326],[-60.1533666,-0.089358999998125],[-60.1800389,-0.085528800002093],[-60.2276107,-0.121710599999481],[-60.2343661,-0.111351499999514],[-60.2390082,-0.113672599998493],[-60.2281116,-0.084110000000889],[-60.2108138,-0.06388049999975],[-60.2157002,-0.058554299997612],[-60.210032,-0.0503940999985],[-60.213599,-0.046729299998767],[-60.2064161,-0.040621299997723],[-60.2117911,-0.042429300003188],[-60.2118888,-0.03939969999967],[-60.1853069,-0.013110999994609],[-60.18950920000001,-0.008908699985937],[-60.179541,-0.007003100024492],[-60.1761205,-0.001334899938538],[-60.169133,-0.003777999987096],[-60.16874210000001,0.001548100025769],[-60.1595069,0.006825400016718],[-60.1569659,0.016549300008209],[-60.1488057,0.016793599995213],[-60.1400102,0.027103799996369],[-60.1325829,0.027690199995261],[-60.1406455,0.034824299996864],[-60.1370295,0.036876600000994],[-60.1399614,0.04542770000169],[-60.1297488,0.048603900002667],[-60.1278431,0.061699399997957],[-60.1320943,0.065657300001552],[-60.11797270000001,0.081391400001853],[-60.1213931,0.088036899999859],[-60.13380449999999,0.095219899999572],[-60.1336091,0.103477799998867],[-60.1191454,0.121948299999104],[-60.1149431,0.122094899999724],[-60.1158227,0.128886900001055],[-60.1104965,0.134945999999114],[-60.09241690000001,0.138073299999385],[-60.0590829,0.162996900001073],[-60.0379686,0.263545499999583],[-59.1922781,0.263526800000183]]]]}},{"type":"Feature","properties":{"CD_MUN":"1302603","NM_MUN":"Manaus","SIGLA_UF":"AM","CodigoIBGE":"1302603","SubRegiaoNumero":7,"CalhaSubRegiao":"Região do Rio Negro/Solimões"},"geometry":{"type":"Polygon","coordinates":[[[-59.91211,-2.624018699999947],[-59.90449180000001,-2.65767949999997],[-59.8963001,-2.659187600000056],[-59.8736307,-2.683865],[-59.8761116,-2.715710100000063],[-59.87064680000001,-2.721729],[-59.8475046,-2.726285699999987],[-59.8335161,-2.73552129999996],[-59.83025210000001,-2.742504300000026],[-59.8322473,-2.770582599999988],[-59.8153999,-2.788107099999968],[-59.8191358,-2.803350300000036],[-59.811156,-2.817249099999957],[-59.8035491,-2.817481300000022],[-59.782813,-2.8304843],[-59.7596553,-2.82222239999995],[-59.7520712,-2.826905599999949],[-59.7382211,-2.85034360000004],[-59.7385458,-2.857938299999977],[-59.7156537,-2.881315699999952],[-59.7286047,-2.898789600000054],[-59.7212139,-2.919094400000032],[-59.7083782,-2.931325899999962],[-59.7061518,-2.939600800000037],[-59.6545313,-2.946761599999952],[-59.6372324,-2.961454200000016],[-59.62033730000001,-2.9644101],[-59.5963742,-2.958732499999976],[-59.5471517,-2.9567735],[-59.5321515,-2.95119],[-59.5250919,-2.953877],[-59.5211798,-2.960379399999943],[-59.5003077,-2.971895800000033],[-59.5004803,-2.988301],[-59.4855025,-2.993823100000035],[-59.4553311,-3.029749099999942],[-59.4313407,-3.0484995],[-59.4051414,-3.054340400000016],[-59.3738939,-3.0716152],[-59.3415584,-3.106644699999949],[-59.3231364,-3.1143276],[-59.3045319,-3.1319016],[-59.2621154,-3.129017599999971],[-59.1599483,-3.168427900000056],[-59.1683863,-3.178844499999972],[-59.2069989,-3.179743800000024],[-59.2648034,-3.153696],[-59.3518989,-3.145600100000038],[-59.3586368,-3.153022699999979],[-59.390981,-3.1630657],[-59.4796685,-3.128622300000057],[-59.5455554,-3.12147120000004],[-59.6264986,-3.085932300000044],[-59.7001697,-3.060890400000059],[-59.7467507,-3.062305699999956],[-59.7976963,-3.07013],[-59.8687807,-3.103729299999987],[-59.897282,-3.1260927],[-59.9173648,-3.152011699999985],[-59.9332521,-3.16144910000004],[-59.9352862,-3.170566600000043],[-59.9459344,-3.179088599999953],[-59.9534462,-3.2027837],[-59.9607243,-3.199718299999983],[-59.9633664,-3.208022100000031],[-59.9707834,-3.213656300000046],[-59.994466,-3.222208799999973],[-60.0000287,-3.212785399999957],[-59.9914006,-3.210992099999981],[-60.0039262,-3.199526900000025],[-59.9861714,-3.196971799999964],[-59.9923629,-3.189777200000063],[-60.0234229,-3.1746458],[-60.0406165,-3.159068799999949],[-60.0541186,-3.1679476],[-60.0705845,-3.162345900000018],[-60.0743387,-3.159061299999952],[-60.0724208,-3.147200100000013],[-60.0858225,-3.127688],[-60.0934497,-3.136189399999944],[-60.0970047,-3.149074800000023],[-60.1126108,-3.150201899999965],[-60.1406699,-3.137592500000051],[-60.1445107,-3.130846],[-60.1688603,-3.127652499999959],[-60.1955315,-3.099543],[-60.2305894,-3.082762300000016],[-60.2462557,-3.079886399999946],[-60.26256020000001,-3.082604700000051],[-60.2901706,-3.09873339999997],[-60.2940331,-3.084183099999963],[-60.3040916,-3.079881699999961],[-60.3122871,-3.079724500000042],[-60.3152899,-3.094565199999975],[-60.3288945,-3.100956100000026],[-60.3667854,-3.093271],[-60.3827297,-3.098081799999956],[-60.4307882,-3.095212499999958],[-60.4455058,-3.090683],[-60.4545673,-3.078128],[-60.4552889,-3.064109400000063],[-60.4573189,-3.079998500000027],[-60.4696215,-3.090267099999966],[-60.5053395,-3.092151],[-60.5191446,-3.081320199999986],[-60.5145632,-3.07488859999997],[-60.5005381,-3.073401399999952],[-60.5050936,-3.062114],[-60.5445661,-3.0350349],[-60.5685627,-3.03313770000002],[-60.5821735,-3.024087299999978],[-60.6000129,-2.982446199999946],[-60.6206438,-2.965458800000033],[-60.6340383,-2.945481],[-60.65253830000001,-2.935902199999975],[-60.6646148,-2.914171500000068],[-60.701485,-2.879317900000027],[-60.7055924,-2.861886],[-60.7564315,-2.821788299999942],[-60.8027272,-2.539225800000062],[-60.7964032,-2.52481890000006],[-60.7918145,-2.484482800000063],[-60.781758,-2.460816099999942],[-60.7737018,-2.453574600000077],[-60.74946,-2.447695700000016],[-60.7433439,-2.440308],[-60.7438421,-2.430435199999937],[-60.75396,-2.414522599999935],[-60.7674267,-2.407027800000034],[-60.7689269,-2.399484600000069],[-60.7357056,-2.38517049999993],[-60.733402,-2.368153099999937],[-60.717058,-2.374025500000026],[-60.7085391,-2.370869199999968],[-60.7174521,-2.35676890000003],[-60.69531,-2.346176900000021],[-60.7107068,-2.327923300000014],[-60.71137,-2.320078100000015],[-60.6994803,-2.307765400000063],[-60.7054853,-2.292285600000055],[-60.7044838,-2.283624599999936],[-60.7185118,-2.274820100000039],[-60.6998123,-2.259312399999967],[-60.6920593,-2.242665699999989],[-60.6978468,-2.236470400000078],[-60.7007621,-2.220989399999934],[-60.7165647,-2.220800100000016],[-60.7389514,-2.189352899999915],[-60.729067,-2.176229600000048],[-60.7217343,-2.179110299999988],[-60.7077919,-2.1707465],[-60.7001694,-2.1731506],[-60.6639797,-2.130685399999928],[-60.6820321,-2.108096800000023],[-60.6729534,-2.09767209999998],[-60.6750471,-2.089019399999966],[-60.6681733,-2.074606399999946],[-60.6530337,-2.073922699999941],[-60.652759,-2.066272300000022],[-60.6444814,-2.0646523],[-60.6426505,-2.056260799999985],[-60.6348178,-2.055699599999921],[-60.6222036,-2.046337300000079],[-60.6078385,-2.008636599999987],[-60.5989812,-1.9988342],[-60.5737802,-1.999645899999966],[-60.559063,-2.0057252],[-60.5425305,-2.002680799999954],[-60.5036232,-2.017454799999935],[-60.4800867,-2.016253800000043],[-60.4166408,-1.996832399999968],[-60.4126438,-1.988552900000044],[-60.37439160000001,-1.9683167],[-60.3577562,-1.954464],[-60.3397535,-1.952610399999963],[-60.281118,-1.9243044],[-60.2935041,-1.941635700000032],[-60.297427,-1.957424799999946],[-60.2670573,-1.986496799999963],[-60.2329808,-2.003194499999981],[-60.21848,-2.00004],[-60.2047245,-2.004048],[-60.1678081,-2.027657299999956],[-60.1596729,-2.027579500000078],[-60.1486997,-2.04209679999998],[-60.1332248,-2.043370700000013],[-60.1067325,-2.061737699999913],[-60.0912827,-2.059988500000052],[-60.0834781,-2.076367100000025],[-60.0697529,-2.087688],[-60.0605856,-2.087868100000022],[-60.0508974,-2.102654400000011],[-60.0334218,-2.09762359999995],[-60.0148393,-2.101849300000064],[-60.0124729,-2.110601399999924],[-60.0004884,-2.1201904],[-59.9971746,-2.134253],[-60.0278655,-2.2421672],[-60.0396371,-2.26456],[-60.0465613,-2.328262299999964],[-60.024428,-2.448334600000046],[-60.0357775,-2.500363100000077],[-60.0366726,-2.542054599999974],[-60.0332813,-2.549303900000019],[-60.0248984,-2.549788399999957],[-60.0126603,-2.539759799999988],[-60.0059171,-2.543422900000027],[-59.9995579,-2.5494273],[-59.9965592,-2.566435700000047],[-59.9823521,-2.559041400000048],[-59.966969,-2.564229100000053],[-59.9624845,-2.570598500000068],[-59.9466329,-2.5727088],[-59.9411924,-2.578277800000038],[-59.9489703,-2.59223310000003],[-59.9464489,-2.615007600000022],[-59.9424212,-2.622236199999987],[-59.9202073,-2.610515200000055],[-59.91211,-2.624018699999947]]]}},{"type":"Feature","properties":{"CD_MUN":"1301308","NM_MUN":"Codajás","SIGLA_UF":"AM","CodigoIBGE":"1301308","SubRegiaoNumero":7,"CalhaSubRegiao":"Região do Rio Negro/Solimões"},"geometry":{"type":"Polygon","coordinates":[[[-61.8969765,-3.9538183],[-61.8641992,-3.974282800000039],[-61.8474356,-3.992628199999977],[-61.8359592,-4.0381257],[-61.8158388,-4.039663099999969],[-61.8151772,-4.043277100000021],[-61.8341292,-4.049155200000024],[-61.8416966,-4.045420200000033],[-61.8429853,-4.038339400000012],[-61.8540263,-4.042700400000047],[-61.8658456,-4.035861400000019],[-61.87076660000001,-4.037136299999981],[-61.8717695,-4.0280239],[-61.8911809,-4.046676],[-61.9050939,-4.043400400000012],[-61.9118613,-4.037408399999969],[-61.911129,-4.0249163],[-61.9212853,-4.02286150000001],[-61.9364107,-4.035814],[-61.9279739,-4.042034100000022],[-61.9295702,-4.0531243],[-61.9368414,-4.061090400000034],[-61.930279,-4.076625599999976],[-61.912903,-4.077534299999981],[-61.9128856,-4.08259],[-61.9215741,-4.085258300000024],[-61.9169518,-4.0918723],[-61.9074168,-4.088989700000036],[-61.8764736,-4.101501299999985],[-61.8671807,-4.095991],[-61.8656463,-4.086131899999981],[-61.8572769,-4.0838534],[-61.8099347,-4.09224110000004],[-61.7938252,-4.099560899999965],[-61.8204914,-4.11796530000002],[-61.8397611,-4.144322699999961],[-61.8578178,-4.1530015],[-61.8705771,-4.1535948],[-61.8740425,-4.149095899999973],[-61.8698134,-4.1353409],[-61.8604385,-4.1403926],[-61.8547455,-4.1357956],[-61.8527221,-4.1048588],[-61.8636906,-4.107835],[-61.8650122,-4.1187118],[-61.8748205,-4.1261598],[-61.8904423,-4.130689900000031],[-61.90837530000001,-4.12944409999997],[-61.9514771,-4.119594099999964],[-61.98564480000001,-4.089322],[-62.0345916,-4.079658400000043],[-62.0772762,-4.081698],[-62.1201223,-4.093195],[-62.1476688,-4.0864797],[-62.1770657,-4.11463890000004],[-62.1839326,-4.116682200000025],[-62.2282635,-4.096808700000026],[-62.2310925,-4.0880226],[-62.2539192,-4.076648],[-62.2643748,-4.0619118],[-62.294169,-4.0730372],[-62.3028288,-4.084228],[-62.309633,-4.086608600000045],[-62.3618227,-4.090392400000013],[-62.3914706,-4.0768349],[-62.4074136,-4.08807],[-62.4232272,-4.076664499999976],[-62.4418253,-4.080909],[-62.4470704,-4.066522900000039],[-62.4658759,-4.05653590000005],[-62.4793293,-4.057381600000033],[-62.4871996,-4.0467338],[-62.4949235,-4.045173799999981],[-62.4969484,-4.036698700000033],[-62.5279595,-4.0333422],[-62.56207460000001,-4.013212500000042],[-62.5706989,-4.002255700000023],[-62.5616537,-3.948086499999966],[-62.5784586,-3.92302],[-62.5805723,-3.857846699999949],[-63.0143819,-3.567030200000039],[-63.0468325,-3.568906399999974],[-63.0816359,-3.594941399999972],[-63.1231619,-3.61418570000002],[-63.150858,-3.6185181],[-63.1836936,-3.611251499999966],[-63.19888490000001,-3.599403],[-63.2363532,-3.54833380000002],[-63.2625829,-3.5251034],[-63.2768876,-3.517277500000034],[-63.3444654,-3.503872900000028],[-63.3674412,-3.49306949999995],[-63.4543842,-3.4247344],[-63.4771666,-3.394302800000039],[-63.5525469,-3.366272900000023],[-63.562383,-3.366293400000013],[-63.58924720000001,-3.343726],[-63.5975829,-3.359573399999944],[-63.6058279,-3.359770499999946],[-63.623138,-3.3539106],[-63.6253027,-3.346193599999955],[-63.6403338,-3.3323241],[-63.6533845,-3.338220699999979],[-63.6593615,-3.323027899999969],[-63.6742589,-3.316216199999973],[-63.6746895,-3.308063500000049],[-63.6670614,-3.306420699999975],[-63.6665625,-3.301180100000011],[-63.6868569,-3.289637300000047],[-63.6879742,-3.285128800000042],[-63.6937743,-3.285058],[-63.6940149,-3.2752915],[-63.706851,-3.276892399999964],[-63.7078749,-3.2706783],[-63.7120007,-3.273006299999965],[-63.7232079,-3.267733100000046],[-63.7233473,-3.2535542],[-63.7182365,-3.245678],[-63.7219591,-3.236733300000021],[-63.7236198,-3.243233],[-63.72865130000001,-3.236069600000027],[-63.7322818,-3.241470400000018],[-63.7459484,-3.243132700000027],[-63.7445817,-3.234523900000055],[-63.7513664,-3.232333499999953],[-63.7520097,-3.22410819999996],[-63.7731625,-3.224396600000035],[-63.7744601,-3.213121799999939],[-63.7796065,-3.216233700000016],[-63.7817394,-3.20962460000005],[-63.7758585,-3.2000063],[-63.7752526,-3.182311],[-63.7824574,-3.177661099999977],[-63.7866118,-3.185701299999952],[-63.7913589,-3.1881345],[-63.7887516,-3.183129600000027],[-63.797896,-3.181112199999976],[-63.7919229,-3.175252499999986],[-63.8036325,-3.174385699999939],[-63.8139211,-3.165290799999951],[-63.815024,-3.1565113],[-63.8114774,-3.15654949999997],[-63.8106771,-3.151443799999987],[-63.8173409,-3.1474185],[-63.8165826,-3.137173399999946],[-63.8222557,-3.1400994],[-63.8221196,-3.134436],[-63.828165,-3.133428],[-63.8420436,-3.136720699999973],[-63.8391503,-3.129189699999963],[-63.8502579,-3.127481399999958],[-63.8487583,-3.1182014],[-63.8449556,-3.122730199999935],[-63.8428182,-3.121840500000015],[-63.8458762,-3.120232200000039],[-63.8424456,-3.115873699999969],[-63.8442886,-3.108121],[-63.8489611,-3.104869800000056],[-63.8458912,-3.0986584],[-63.8536559,-3.087772500000038],[-63.857341,-3.09295170000002],[-63.8625727,-3.076318299999975],[-63.8591022,-3.067356200000021],[-63.8649555,-3.059333400000027],[-63.8728672,-3.0581469],[-63.8702038,-3.053227600000018],[-63.8739014,-3.048568500000018],[-63.8687795,-3.047227699999963],[-63.8817016,-3.03753569999995],[-63.8783028,-3.031362900000055],[-63.8719218,-3.031250700000034],[-63.8767282,-3.028723500000053],[-63.8743143,-3.024516599999977],[-63.8700492,-3.025518099999965],[-63.8635063,-3.01948109999995],[-63.8738481,-3.011722800000018],[-63.86907,-2.998395599999975],[-63.8747511,-2.9975415],[-63.8710707,-2.996225500000044],[-63.8729175,-2.992038900000058],[-63.8784208,-2.991686800000031],[-63.873291,-2.978900400000019],[-63.8756772,-2.973542099999971],[-63.881439,-2.97740609999996],[-63.8793474,-2.972462299999959],[-63.8841305,-2.969872599999971],[-63.8867657,-2.9740626],[-63.8894024,-2.965605399999961],[-63.8860291,-2.966562],[-63.8848486,-2.9619151],[-63.8926695,-2.9645716],[-63.8975171,-2.957576900000044],[-63.8942649,-2.9542348],[-63.8998144,-2.955166499999949],[-63.8969334,-2.95304389999994],[-63.9012622,-2.944649399999964],[-63.9102056,-2.943632600000015],[-63.9057086,-2.9406264],[-63.9114283,-2.927796300000026],[-63.9051404,-2.93007],[-63.906299,-2.923620400000027],[-63.8989557,-2.921402300000037],[-63.90327,-2.913747300000031],[-63.8987429,-2.91184009999997],[-63.904903,-2.904658299999963],[-63.9122757,-2.9074528],[-63.9104743,-2.898878900000044],[-63.9343423,-2.892534900000049],[-63.9380294,-2.882814799999948],[-63.9481838,-2.8790505],[-63.9449597,-2.874807],[-63.948362,-2.870232499999979],[-63.933586,-2.8527255],[-63.9387212,-2.846918699999967],[-63.9437393,-2.852715700000022],[-63.9535495,-2.8437233],[-63.9555001,-2.839640199999946],[-63.9489595,-2.838942899999978],[-63.9475487,-2.824215900000012],[-63.9508811,-2.825594900000025],[-63.95180830000001,-2.820778899999929],[-63.9549829,-2.823915200000057],[-63.95960010000001,-2.816058099999986],[-63.96288409999999,-2.818234299999987],[-63.9630096,-2.8137119],[-63.9683561,-2.813858499999951],[-63.9680748,-2.808965299999984],[-63.9605897,-2.809284499999984],[-63.9671284,-2.7984283],[-63.9612586,-2.7984632],[-63.9581499,-2.793210399999938],[-63.9623637,-2.790515],[-63.9576139,-2.7886314],[-63.9619834,-2.781160400000065],[-63.9681612,-2.781366700000016],[-63.9647719,-2.773627199999986],[-63.9589911,-2.7728362],[-63.9614452,-2.7675348],[-63.9659116,-2.768402800000023],[-63.9671531,-2.7613053],[-63.9611391,-2.758633699999964],[-63.9634314,-2.754837699999985],[-63.9594701,-2.752622099999971],[-63.9592567,-2.740382500000049],[-63.9634285,-2.744692900000031],[-63.9645126,-2.7419307],[-63.9602949,-2.72217510000001],[-63.9641041,-2.719077600000046],[-63.9569083,-2.7144369],[-63.9596097,-2.710108500000028],[-63.9566527,-2.707481699999955],[-63.9603053,-2.707215],[-63.9541953,-2.6966662],[-63.9622586,-2.694443900000034],[-63.9638454,-2.6769274],[-63.9744168,-2.671761100000059],[-63.9685463,-2.665268300000053],[-63.975952,-2.655901800000025],[-63.9889254,-2.660228899999946],[-64.0000394,-2.655768200000053],[-64.0047609,-2.667218899999973],[-64.0101828,-2.662225899999932],[-64.0119398,-2.665923399999937],[-64.0162286,-2.6628544],[-64.0120008,-2.658735299999969],[-64.0190265,-2.66126150000005],[-64.0246272,-2.65038539999996],[-64.0288412,-2.653348600000029],[-64.032863,-2.644904],[-64.0295553,-2.642560500000021],[-64.0385583,-2.63623409999994],[-64.0376274,-2.626458700000019],[-64.0404534,-2.628598299999944],[-64.0453193,-2.6195091],[-64.0461676,-2.607754],[-64.0531336,-2.6090422],[-64.0600583,-2.600691],[-64.0623448,-2.606907800000041],[-64.06553190000001,-2.605563099999966],[-64.0676773,-2.585497300000011],[-64.0635444,-2.581035],[-64.0703922,-2.57402079999994],[-64.0722993,-2.57729039999994],[-64.0748218,-2.5750529],[-64.0746713,-2.562829600000034],[-64.080186,-2.561113800000047],[-64.0782675,-2.5551616],[-64.0849853,-2.550199599999973],[-64.0827451,-2.545163199999969],[-64.07843830000002,-2.54646],[-64.0794266,-2.535983],[-64.0841947,-2.5317909],[-64.0820094,-2.52618249999998],[-64.0861972,-2.522836599999943],[-64.0793531,-2.517719600000035],[-64.0836447,-2.507785600000048],[-64.10027270000002,-2.497923599999946],[-64.1030881,-2.484364699999956],[-64.1016109,-2.480654800000043],[-64.0979053,-2.482751899999958],[-64.1021268,-2.472205899999936],[-64.1004035,-2.463745399999937],[-64.1172171,-2.456306100000074],[-64.1214376,-2.4472867],[-64.1430463,-2.446518699999937],[-64.1439058,-2.4422661],[-64.1497976,-2.442465699999937],[-64.155243,-2.436194],[-64.1640233,-2.439349300000074],[-64.1730016,-2.429501699999962],[-64.1841318,-2.428907099999959],[-64.1859963,-2.432552899999964],[-64.1923885,-2.427663],[-64.2086599,-2.425850800000015],[-64.2108877,-2.4290251],[-64.2205231,-2.426565299999954],[-64.231146,-2.4297354],[-64.2370595,-2.4237702],[-64.2432049,-2.4249402],[-64.2504703,-2.414417699999925],[-64.2633524,-2.413655800000054],[-64.2675878,-2.40449869999997],[-64.2824341,-2.400872],[-64.2932285,-2.384883900000048],[-64.33266190000002,-2.375442099999942],[-64.3332381,-2.37077220000008],[-64.3404199,-2.367673900000037],[-64.349678,-2.3688963],[-64.3708103,-2.360393],[-64.3867193,-2.343204799999925],[-64.3672163,-2.265118900000019],[-64.3377466,-2.277724200000054],[-64.3083889,-2.260863],[-64.3033824,-2.240738900000018],[-64.2926697,-2.2233606],[-64.260026,-2.20516],[-64.2538833,-2.12416],[-64.2485357,-2.116216599999984],[-64.2234386,-2.103911500000087],[-64.201582,-2.103376600000018],[-64.1852715,-2.113625399999966],[-64.1689062,-2.131450899999964],[-64.1614938,-2.165025500000012],[-64.1556669,-2.171616],[-64.1348557,-2.179501400000078],[-64.1167395,-2.1809826],[-64.0858002,-2.191796800000049],[-64.0750786,-2.190817399999948],[-64.0287772,-2.160662599999919],[-64.0200851,-2.1580936],[-64.0113008,-2.161695],[-64.0127763,-2.18765930000007],[-63.9929451,-2.21591329999996],[-64.0024114,-2.242127600000049],[-63.9998333,-2.272128299999979],[-64.0070551,-2.303561500000059],[-64.0068359,-2.328458800000024],[-63.9772737,-2.373501400000013],[-63.974442,-2.422732900000056],[-63.9574946,-2.444758099999982],[-63.9551922,-2.459019100000064],[-63.9848593,-2.515153699999958],[-63.9892548,-2.5417297],[-63.9842779,-2.565401400000056],[-63.9646079,-2.575380199999952],[-63.9546899,-2.575473800000059],[-63.9114684,-2.562166400000054],[-63.8756333,-2.56570269999993],[-63.8462188,-2.5632084],[-63.836275,-2.56098479999994],[-63.8184132,-2.547804499999974],[-63.8083819,-2.547274200000056],[-63.7884706,-2.5571956],[-63.7673264,-2.593152500000065],[-63.7501885,-2.6496849],[-63.7295286,-2.693559],[-63.7144903,-2.762425700000037],[-63.7182715,-2.78233],[-63.72885740000001,-2.802997],[-63.7283265,-2.815784300000036],[-63.7194972,-2.830088200000028],[-63.7035258,-2.836819899999954],[-63.6915554,-2.834600300000018],[-63.662461,-2.817887399999981],[-63.6296666,-2.806752100000026],[-63.6091911,-2.786576500000059],[-63.5844709,-2.780382399999963],[-63.5639944,-2.762851699999964],[-63.5173878,-2.749322300000025],[-63.4972485,-2.73321],[-63.4813791,-2.7133492],[-63.4630817,-2.7034447],[-63.4086592,-2.707487700000032],[-63.374136,-2.701889],[-63.3462891,-2.704121399999939],[-63.3049101,-2.700194400000061],[-63.2835521,-2.710792800000045],[-63.2592169,-2.7515611],[-63.2407555,-2.796254099999952],[-63.2185511,-2.819825099999957],[-63.1890164,-2.837129800000017],[-63.16960430000001,-2.840244299999984],[-63.1455454,-2.832569199999952],[-63.1054072,-2.834051899999973],[-63.0574909,-2.814058699999959],[-63.0497713,-2.814760299999971],[-63.0096618,-2.84080589999998],[-62.9378276,-2.8493402],[-62.9288574,-2.8536175],[-62.9179358,-2.870758699999961],[-62.9104606,-2.925334200000012],[-62.9331622,-2.990874399999963],[-62.93346120000001,-3.000941500000011],[-62.92883290000001,-3.008073300000011],[-62.8780423,-3.0025064],[-62.8280763,-3.003041300000037],[-62.7960447,-3.019003600000019],[-62.7799878,-3.020196099999973],[-62.7414352,-3.067081300000032],[-62.7209062,-3.083617300000053],[-62.6919934,-3.092721100000027],[-62.6265218,-3.093081700000017],[-62.5830899,-3.106760299999977],[-62.5677429,-3.126789299999981],[-62.5218233,-3.164176300000012],[-62.4938302,-3.206197699999983],[-62.467015,-3.2631557],[-62.4557691,-3.304439699999961],[-62.4489614,-3.4008071],[-62.4448204,-3.421135100000032],[-62.4324623,-3.4331679],[-62.3953207,-3.442120599999959],[-62.3193223,-3.4364356],[-62.3111017,-3.437938600000031],[-62.2994933,-3.452510399999955],[-62.2767932,-3.452189699999979],[-62.2723451,-3.443662],[-62.2779959,-3.401894499999956],[-62.2703208,-3.375726],[-62.2557679,-3.368023400000013],[-62.1945192,-3.352782900000024],[-62.1759317,-3.343562499999969],[-62.1516831,-3.32327],[-62.1180123,-3.27387950000004],[-62.1025407,-3.267708499999961],[-62.0939574,-3.272486200000032],[-62.0790439,-3.291939200000045],[-62.0769894,-3.301555799999968],[-62.0856559,-3.400811799999966],[-62.08016,-3.418256899999986],[-62.06976250000001,-3.432825199999971],[-62.0382381,-3.45192219999997],[-62.03920560000001,-3.470702299999967],[-62.0264362,-3.50451089999998],[-62.0348202,-3.544665200000022],[-62.0332415,-3.572035899999985],[-62.0287092,-3.580933200000023],[-62.0122377,-3.594215699999977],[-61.943355,-3.61812290000003],[-61.888959,-3.6642585],[-61.8716028,-3.66725030000004],[-61.8234865,-3.661818900000023],[-61.8234396,-3.888304899999977],[-61.8447824,-3.918623500000026],[-61.8619497,-3.933622499999967],[-61.8980542,-3.94443690000003],[-61.9007795,-3.949084299999984],[-61.8943416,-3.952364500000026],[-61.8969765,-3.9538183]]]}},{"type":"Feature","properties":{"CD_MUN":"1303908","NM_MUN":"São Paulo de Olivença","SIGLA_UF":"AM","CodigoIBGE":"1303908","SubRegiaoNumero":1,"CalhaSubRegiao":"Região do Alto Solimões"},"geometry":{"type":"Polygon","coordinates":[[[-68.63349969999999,-3.228437],[-68.6246616,-3.6921494],[-68.6675527,-3.707753099999969],[-68.6944388,-3.701566399999973],[-68.7450761,-3.69973340000003],[-68.7601596,-3.705730900000023],[-68.7711914,-3.747097500000045],[-68.7971313,-3.750330600000045],[-68.8089962,-3.735599399999979],[-68.8185735,-3.735983399999962],[-68.8249669,-3.743905],[-68.8276322,-3.76016320000002],[-68.8188581,-3.79670780000004],[-68.8223777,-3.811596100000043],[-68.8326334,-3.826976500000027],[-68.832572,-3.836839699999957],[-68.8229081,-3.849429799999971],[-68.8207858,-3.859255700000032],[-68.839217,-3.887475700000037],[-68.8404325,-3.896572200000034],[-68.8354055,-3.911964100000011],[-68.8148315,-3.92811530000004],[-68.8124353,-3.9370578],[-68.8281633,-3.984342400000046],[-68.8287647,-4.0004873],[-68.8376276,-4.025360800000015],[-68.8579103,-4.060755900000031],[-68.88024320000001,-4.070490600000031],[-68.8898777,-4.093747499999964],[-68.9105454,-4.1063404],[-68.9207107,-4.1471684],[-68.9356116,-4.169185499999971],[-68.9507716,-4.208653900000018],[-68.9512991,-4.233311499999982],[-68.9361901,-4.274358199999972],[-68.9425778,-4.326399399999983],[-68.958876,-4.326499099999982],[-68.9619928,-4.333498700000024],[-68.9879946,-4.3365072],[-69.0121007,-4.344629399999958],[-69.0175537,-4.352361899999986],[-69.0234117,-4.367446899999972],[-69.0287754,-4.412035799999982],[-69.0279125,-4.524638],[-69.0398598,-4.5783591],[-69.065552,-4.596958700000029],[-69.0836304,-4.620698900000026],[-69.0913837,-4.665895700000012],[-69.1219405,-4.723423900000014],[-69.1373536,-4.7159775],[-69.1490462,-4.719199899999984],[-69.1621866,-4.7365079],[-69.1656624,-4.772048100000031],[-69.1814647,-4.7947735],[-69.2301315,-4.807645],[-69.2827525,-4.852026600000032],[-69.2905479,-4.880348],[-69.3002786,-4.895465],[-69.3159676,-4.906184799999975],[-69.3314146,-4.931921],[-69.34410490000002,-4.9648488],[-69.3598285,-4.9817423],[-69.3872413,-4.989462799999975],[-69.3995848,-4.9842945],[-69.4170572,-4.96358450000002],[-69.4298333,-4.964927899999976],[-69.4341785,-4.979403900000026],[-69.4233615,-5.000561799999969],[-69.4220225,-5.016926100000021],[-69.4271041,-5.0388093],[-69.45188939999998,-5.072189199999976],[-69.4715865,-5.12280239999998],[-69.5201392,-5.149978499999974],[-69.5313606,-5.177471199999987],[-69.5318072,-5.2079146],[-69.5383369,-5.236379199999975],[-69.547779,-5.2443642],[-69.5666115,-5.246835700000018],[-69.5760272,-5.2385468],[-69.5668328,-5.2185953],[-69.5672236,-5.210088599999979],[-69.5941112,-5.206882899999989],[-69.6061613,-5.2106685],[-69.6466939,-5.237275700000017],[-69.6912761,-5.2407865],[-69.7007468,-5.258302299999987],[-69.7426991,-5.26527770000002],[-69.7560563,-5.2786898],[-69.7829405,-5.286992],[-69.7798847,-5.298617200000038],[-69.7884479,-5.311358100000025],[-69.7843919,-5.3464109],[-69.7940805,-5.350021899999987],[-69.8014173,-5.343782800000024],[-69.8097443,-5.3475065],[-69.8509188,-5.342403300000023],[-69.8814758,-5.354312400000018],[-69.906752,-5.35591080000003],[-69.9298603,-5.369652499999986],[-69.9328913,-5.3851235],[-69.9256398,-5.394775],[-69.9013645,-5.403384699999972],[-69.8944726,-5.410247199999978],[-69.8840282,-5.4401506],[-69.8585824,-5.475007500000022],[-69.8502775,-5.493726399999967],[-69.854528,-5.5059122],[-69.8715293,-5.511331099999974],[-69.8943658,-5.5412301],[-69.8939125,-5.557960600000016],[-69.8801678,-5.6039115],[-69.8831119,-5.616946599999974],[-69.90558129999998,-5.620366100000011],[-69.9164757,-5.624713599999977],[-69.9206166,-5.631732899999983],[-69.92016340000002,-5.6433033],[-69.9046632,-5.666346100000013],[-69.9043909,-5.706377199999986],[-69.9225045,-5.7568043],[-69.9279458,-5.7629201],[-69.9399998,-5.7650004],[-69.9479716,-5.7608398],[-69.957278,-5.7638298],[-69.975976,-5.780804],[-69.989608,-5.81372],[-70.0008946,-5.866028900000021],[-70.01439,-5.8838667],[-70.0137564,-5.917879800000027],[-70.001194,-5.922331099999989],[-69.9972845,-5.93339490000002],[-69.9991131,-5.941784099999973],[-70.0181368,-5.968387499999986],[-70.0265338,-5.98969579999998],[-70.0538388,-6.0089001],[-70.0658972,-6.023995399999966],[-70.0752258,-6.0259159],[-70.079444,-6.0344927],[-70.1112512,-6.049631],[-70.1204772,-6.04874],[-70.12006,-6.05757049999998],[-70.1127795,-6.0615476],[-70.11124950000001,-6.069171700000028],[-70.1271386,-6.101435399999983],[-70.1166711,-6.124630099999979],[-70.1202001,-6.143755799999982],[-70.1401448,-6.164378699999966],[-70.1671489,-6.215163499999987],[-70.1875014,-6.221916300000014],[-70.2055364,-6.241736799999982],[-70.2295901,-6.244172799999982],[-70.2617555,-6.267200399999973],[-70.2877863,-6.274958500000023],[-70.296399,-6.289475400000025],[-70.3232251,-6.296883099999988],[-70.3377834,-6.3067398],[-70.3451428,-6.3025278],[-70.3530607,-6.263533399999972],[-70.3683652,-6.256598600000019],[-70.3723682,-6.2475318],[-70.3667246,-6.229903],[-70.3807847,-6.21712930000001],[-70.3920273,-6.19175780000001],[-70.3989492,-6.186795699999982],[-70.4078692,-6.18986189999998],[-70.4111991,-6.196777600000024],[-70.4180082,-6.19313920000002],[-70.4360326,-6.193987499999981],[-70.4454496,-6.177680599999981],[-70.444978,-6.1656476],[-70.442698,-6.157865699999983],[-70.4338705,-6.155381400000026],[-70.4303944,-6.148114900000017],[-70.4255645,-6.1209743],[-70.3943712,-6.0882033],[-70.3586175,-6.032470899999988],[-70.3413391,-6.021536199999979],[-70.3139749,-6.018549600000015],[-70.3076951,-6.011808900000013],[-70.310197,-5.9607413],[-70.3231992,-5.944614600000015],[-70.32348029999999,-5.934520199999973],[-70.3035373,-5.905596600000012],[-70.2982583,-5.855669],[-70.269528,-5.829943099999984],[-70.2678094,-5.8185532],[-70.2741734,-5.795694300000023],[-70.2589787,-5.752128199999987],[-70.2643677,-5.711694499999973],[-70.2536974,-5.69244670000002],[-70.2581446,-5.680020299999973],[-70.2811176,-5.666527],[-70.2883383,-5.6516599],[-70.2864158,-5.6283602],[-70.2729223,-5.6165472],[-70.2538673,-5.618686200000012],[-70.24858550000002,-5.612006899999966],[-70.2356682,-5.5799491],[-70.2415564,-5.57200040000003],[-70.2371705,-5.563104799999977],[-70.2109963,-5.542195100000022],[-70.1977556,-5.509684899999983],[-70.1948074,-5.4697148],[-70.1803082,-5.410390100000035],[-70.1879172,-5.3569063],[-70.1764458,-5.330061900000029],[-70.1504222,-5.290371399999979],[-70.1561388,-5.245912200000014],[-70.1508575,-5.222620100000028],[-70.1066685,-5.17751659999998],[-70.0920831,-5.1336071],[-70.0438874,-5.09303920000001],[-70.0212252,-5.06020110000003],[-69.9988907,-5.016745699999978],[-69.973669,-5.003981600000011],[-69.9576084,-5.011431300000028],[-69.9483869,-5.0007438],[-69.9503575,-4.9717663],[-69.9718059,-4.929625],[-69.9727779,-4.906299600000021],[-69.9566055,-4.878778099999973],[-69.9336089,-4.856006399999974],[-69.900387,-4.797797200000026],[-69.8853314,-4.733595],[-69.8696613,-4.721186199999969],[-69.8321943,-4.707720899999975],[-69.79494090000001,-4.673650799999966],[-69.7640253,-4.653744400000037],[-69.7098335,-4.588131500000021],[-69.6824674,-4.5772545],[-69.6232223,-4.580955700000015],[-69.6146656,-4.573981900000015],[-69.6198595,-4.5337036],[-69.6103334,-4.514399400000032],[-69.5898591,-4.506711600000036],[-69.5484448,-4.502649099999981],[-69.5240555,-4.445729899999981],[-69.5034943,-4.4294882],[-69.4701878,-4.418100299999979],[-69.4478599,-4.423725299999967],[-69.4380279,-4.399176699999964],[-69.4371851,-4.384486],[-69.4490721,-4.356565899999979],[-69.490414,-4.341010200000023],[-69.5160855,-4.3193757],[-69.5331002,-4.27907520000003],[-69.5062781,-4.261002899999976],[-69.4658068,-4.195019500000011],[-69.4066116,-4.1696263],[-69.4007244,-4.155692300000018],[-69.4080716,-4.152993700000021],[-69.4272256,-4.130843],[-69.4386388,-4.133001799999962],[-69.4584033,-4.121343399999961],[-69.4887996,-4.130850200000038],[-69.5169837,-4.1300587],[-69.5298717,-4.1183832],[-69.5372456,-4.088113],[-69.528321,-4.0535271],[-69.5206581,-4.046853200000016],[-69.4337795,-4.004067599999981],[-69.4182108,-3.9883368],[-69.3940357,-3.9040885],[-69.3935143,-3.831055799999969],[-69.3975423,-3.8197974],[-69.4188768,-3.804414],[-69.4246594,-3.7945532],[-69.4143561,-3.758018400000021],[-69.4399946,-3.716946200000045],[-69.4573636,-3.72198550000003],[-69.4656466,-3.717410300000012],[-69.4658821,-3.732710299999987],[-69.4788598,-3.733058299999954],[-69.4956644,-3.740294300000023],[-69.5313566,-3.731952799999988],[-69.5331859,-3.739590199999963],[-69.5552505,-3.7512569],[-69.5596653,-3.759904100000028],[-69.5767409,-3.761135699999966],[-69.6006379,-3.7709991],[-69.6184444,-3.769929699999957],[-69.6450259,-3.7915967],[-69.66082980000002,-3.795628],[-69.6657127,-3.805508099999981],[-69.6845533,-3.8120044],[-69.6832127,-3.802306300000029],[-69.6760532,-3.799278],[-69.6804354,-3.784056100000051],[-69.6771908,-3.7761091],[-69.6656936,-3.75453880000003],[-69.6529705,-3.743626500000037],[-69.6499363,-3.715767699999962],[-69.6436055,-3.698691200000016],[-69.6374569,-3.6888025],[-69.6268045,-3.6840591],[-69.626522,-3.657778699999952],[-69.6186775,-3.652932900000025],[-69.6053199,-3.632681300000021],[-69.5962194,-3.5996983],[-69.5873342,-3.59010020000002],[-69.5695286,-3.592617799999949],[-69.5639882,-3.5859875],[-69.5573296,-3.585630100000014],[-69.5358193,-3.59974],[-69.5289542,-3.59519949999997],[-69.5167111,-3.6007774],[-69.5123555,-3.591906399999981],[-69.5064807,-3.591715499999953],[-69.4970752,-3.58283119999997],[-69.502551,-3.574897400000022],[-69.4999451,-3.568148799999967],[-69.5042191,-3.566457600000017],[-69.5066306,-3.553947],[-69.5130419,-3.549242799999957],[-69.5208861,-3.550037899999948],[-69.524742,-3.5437381],[-69.5151947,-3.540910900000012],[-69.512793,-3.532964899999949],[-69.5009055,-3.527935900000033],[-69.5031676,-3.521817299999963],[-69.4942484,-3.50526960000002],[-69.484427,-3.506385699999965],[-69.4794453,-3.51327720000005],[-69.474021,-3.5088241],[-69.4724892,-3.513502],[-69.4640602,-3.510628200000056],[-69.457922,-3.500142099999974],[-69.4489244,-3.497823400000019],[-69.4480308,-3.501601699999966],[-69.4397931,-3.500874600000026],[-69.4404851,-3.49729089999997],[-69.4319233,-3.490098400000016],[-69.4189419,-3.492551200000028],[-69.4136426,-3.485329],[-69.41227360000002,-3.488509900000033],[-69.4120862,-3.48525639999997],[-69.4078281,-3.486468599999969],[-69.4087902,-3.479087900000046],[-69.39998040000002,-3.4765221],[-69.4013264,-3.468113500000045],[-69.393125,-3.46728919999995],[-69.3936965,-3.464602200000016],[-69.383485,-3.467361299999985],[-69.3793612,-3.452934900000039],[-69.3698081,-3.453454499999977],[-69.3702462,-3.456312800000041],[-69.3662165,-3.450043],[-69.359815,-3.454849300000024],[-69.3566216,-3.4387586],[-69.3473103,-3.431885300000021],[-69.3421944,-3.405930500000037],[-69.3384584,-3.404033100000025],[-69.33723539999998,-3.409544],[-69.3274316,-3.394120500000031],[-69.3189234,-3.393864500000014],[-69.31857260000001,-3.404282700000016],[-69.3029229,-3.4133619],[-69.2995566,-3.408329300000021],[-69.2935096,-3.4130581],[-69.291924,-3.406366699999975],[-69.2888648,-3.408379499999958],[-69.2837702,-3.403858500000033],[-69.2746668,-3.408508],[-69.2552248,-3.40752329999996],[-69.250468,-3.400336299999983],[-69.2444345,-3.403258899999968],[-69.24190750000001,-3.384046200000022],[-69.23169,-3.3665005],[-69.2215026,-3.360652900000022],[-69.2022872,-3.359988800000047],[-69.2061026,-3.35744],[-69.2047316,-3.352614200000013],[-69.1971407,-3.34107849999997],[-69.1859313,-3.334072399999961],[-69.1883385,-3.326169400000049],[-69.1830316,-3.29837910000003],[-69.1735607,-3.28950569999998],[-69.1162256,-3.2904198],[-69.09599380000002,-3.296987],[-69.0838353,-3.3126202],[-69.0817903,-3.308322099999988],[-69.0687975,-3.308762400000021],[-69.0617251,-3.295458399999946],[-69.0511508,-3.292919399999981],[-69.042107,-3.2812868],[-69.0323782,-3.278634200000047],[-69.03392,-3.259944699999952],[-69.0229844,-3.25648880000002],[-69.0149834,-3.236229900000047],[-69.006367,-3.240928],[-69.0020908,-3.230908900000023],[-68.9965326,-3.2288237],[-68.983632,-3.23949279999996],[-68.9810035,-3.234152400000053],[-68.9616495,-3.225468399999952],[-68.9341668,-3.223445899999965],[-68.9290679,-3.214532],[-68.9103665,-3.207357199999989],[-68.8726713,-3.217445500000042],[-68.8721378,-3.21014],[-68.8780308,-3.205137799999984],[-68.8605024,-3.206521399999951],[-68.85143669999998,-3.20112459999997],[-68.8549314,-3.193169500000014],[-68.8525142,-3.185952],[-68.8426942,-3.188071399999971],[-68.8421031,-3.18394439999997],[-68.8333826,-3.182694899999987],[-68.839383,-3.196200300000025],[-68.8355509,-3.19862870000004],[-68.8281701,-3.188396699999988],[-68.813019,-3.185804100000041],[-68.8122322,-3.17841980000002],[-68.8041484,-3.173047899999974],[-68.7987124,-3.17324720000004],[-68.7905777,-3.18317],[-68.7907216,-3.188440700000012],[-68.7990327,-3.191723],[-68.7950425,-3.194731199999982],[-68.7818329,-3.193465700000012],[-68.7772904,-3.190289099999956],[-68.7766786,-3.181543300000047],[-68.7709413,-3.182305899999957],[-68.7419698,-3.167248100000024],[-68.7278956,-3.17184479999995],[-68.7055896,-3.201589],[-68.7060826,-3.230376599999961],[-68.6886003,-3.233385600000052],[-68.67758560000001,-3.230248],[-68.6744227,-3.24133230000001],[-68.6642725,-3.2315193],[-68.6489424,-3.233161600000036],[-68.645661,-3.222496399999971],[-68.6277752,-3.220156599999964],[-68.63349969999999,-3.228437]]]}},{"type":"Feature","properties":{"CD_MUN":"1300029","NM_MUN":"Alvarães","SIGLA_UF":"AM","CodigoIBGE":"1300029","SubRegiaoNumero":2,"CalhaSubRegiao":"Região do Triângulo Jutaí/Solimões/Juruá"},"geometry":{"type":"Polygon","coordinates":[[[-64.9271669,-3.0696479],[-64.8919206,-3.100184500000021],[-64.8718507,-3.095717800000032],[-64.8260113,-3.112222900000043],[-64.8033806,-3.149391900000014],[-64.7849892,-3.158776400000026],[-64.7790076,-3.1685425],[-64.7545393,-3.183178399999963],[-64.7282812,-3.207685899999942],[-64.7031678,-3.2218687],[-64.6712787,-3.273828500000052],[-64.6811131,-3.27990340000003],[-64.7087768,-3.273009599999974],[-64.7218964,-3.278165799999972],[-64.7223431,-3.293145],[-64.7257982,-3.295043],[-64.7727449,-3.30781789999995],[-64.78880320000002,-3.31656460000005],[-64.7988963,-3.3375803],[-64.81243310000002,-3.34130349999995],[-64.8498842,-3.381634099999962],[-64.8858776,-3.39267449999995],[-64.8955969,-3.431071099999969],[-64.9224489,-3.452911199999959],[-64.9456877,-3.487632399999971],[-64.9570836,-3.493329699999973],[-64.9749733,-3.4904191],[-64.980382,-3.51043739999996],[-64.9661331,-3.521701100000013],[-64.9609636,-3.534516],[-64.9719956,-3.543411400000029],[-64.9758281,-3.554066200000011],[-64.9824654,-3.556042],[-64.9830833,-3.5684515],[-64.9924294,-3.569716600000043],[-64.9899163,-3.578549400000053],[-64.9853985,-3.580388],[-64.991262,-3.58848310000002],[-64.9846523,-3.5954634],[-64.9831389,-3.611620600000036],[-64.9798831,-3.613278],[-64.9736456,-3.607094099999951],[-64.97623649999998,-3.615980099999945],[-64.9721068,-3.626211100000038],[-64.996528,-3.636610699999959],[-65.0034803,-3.648479600000035],[-65.0141887,-3.655947300000039],[-65.037811,-3.66439629999997],[-65.0356189,-3.6701937],[-65.0269255,-3.668546699999987],[-65.0264214,-3.682384600000042],[-65.0133785,-3.687085900000021],[-65.0147609,-3.70171359999998],[-65.0258654,-3.70614810000001],[-65.0186027,-3.70960590000001],[-65.0152042,-3.71733],[-65.026366,-3.7157847],[-65.0300709,-3.727251],[-65.0244335,-3.744884499999974],[-65.0271909,-3.747981899999972],[-65.0218585,-3.755907900000049],[-65.0202515,-3.7851111],[-65.0264854,-3.7866722],[-65.026611,-3.790282899999966],[-65.0300651,-3.784379299999967],[-65.03399,-3.789452699999975],[-65.0442855,-3.786415299999968],[-65.0529886,-3.79505870000004],[-65.0738426,-3.787540800000021],[-65.0836405,-3.7992353],[-65.0934384,-3.7976472],[-65.0905669,-3.8005388],[-65.0943716,-3.800886699999954],[-65.0944207,-3.810211600000032],[-65.1030379,-3.811912599999988],[-65.0993225,-3.815066799999987],[-65.1020363,-3.821984900000026],[-65.1186499,-3.8326023],[-65.1154427,-3.836379099999989],[-65.1175306,-3.840509200000023],[-65.1210387,-3.839178500000033],[-65.120564,-3.8449581],[-65.1284815,-3.855565800000047],[-65.122193,-3.858330899999958],[-65.123896,-3.862691799999957],[-65.1210305,-3.860183799999981],[-65.1187111,-3.870179500000014],[-65.1235172,-3.8688709],[-65.128975,-3.879018500000017],[-65.1357913,-3.874946300000014],[-65.1443453,-3.878089599999976],[-65.1450285,-3.884388499999967],[-65.1398726,-3.8888298],[-65.1445669,-3.891695699999965],[-65.1501807,-3.8867838],[-65.1571479,-3.8877661],[-65.1576989,-3.9055179],[-65.1676387,-3.89646530000002],[-65.1711992,-3.899175],[-65.1666772,-3.9030289],[-65.170886,-3.909343400000036],[-65.1804631,-3.912216899999965],[-65.1857103,-3.907065],[-65.1861662,-3.910952400000043],[-65.199532,-3.916884699999979],[-65.2081906,-3.933050499999954],[-65.2161926,-3.9358425],[-65.2252072,-3.933278900000024],[-65.2338419,-3.940724],[-65.2352668,-3.936366],[-65.2388093,-3.946270499999967],[-65.2474885,-3.943354399999959],[-65.2446046,-3.946693500000036],[-65.2507089,-3.9458675],[-65.2541,-3.954224600000024],[-65.2772501,-3.949837400000037],[-65.2854203,-3.964044399999985],[-65.3049621,-3.962583499999973],[-65.3150694,-3.968104900000026],[-65.3126418,-3.972532400000013],[-65.3159312,-3.975129800000039],[-65.3189639,-3.971444700000015],[-65.3308701,-3.975548900000034],[-65.3360164,-3.970840699999977],[-65.3347889,-3.980297200000035],[-65.3415096,-3.981306299999979],[-65.3415887,-3.985702299999985],[-65.3454052,-3.982934100000023],[-65.3518738,-3.986038700000028],[-65.3534955,-3.994974800000016],[-65.356974,-3.991049400000027],[-65.3697758,-3.9973439],[-65.3703028,-3.99434290000003],[-65.372634,-3.993745300000016],[-65.3720985,-4.000946],[-65.3910512,-4.005831400000013],[-65.3879108,-4.012358],[-65.3967672,-4.0185588],[-65.3978036,-4.0277268],[-65.4025105,-4.023119500000019],[-65.4055063,-4.031123],[-65.4106259,-4.0326764],[-65.4254612,-4.02678],[-65.4395135,-4.035402299999969],[-65.4391878,-4.039309499999984],[-65.4434856,-4.0385717],[-65.4445079,-4.043025],[-65.4562895,-4.039879099999974],[-65.4655362,-4.044383100000015],[-65.4657218,-4.048126899999977],[-65.4800289,-4.050561500000032],[-65.4870651,-4.065467300000018],[-65.4941334,-4.06425250000003],[-65.502905,-4.070079099999971],[-65.5024785,-4.0745357],[-65.51565220000002,-4.087858100000029],[-65.5334084,-4.0927745],[-65.5379472,-4.087705699999966],[-65.5418651,-4.0942525],[-65.5457742,-4.0930474],[-65.5489907,-4.093841],[-65.5492862,-4.0995124],[-65.5661653,-4.1052745],[-65.5721713,-4.101637],[-65.57242249999999,-4.107818600000017],[-65.5837677,-4.114617499999973],[-65.596489,-4.110222899999961],[-65.5999281,-4.114763399999986],[-65.6147178,-4.1162511],[-65.6214028,-4.122882400000029],[-65.6282312,-4.1213533],[-65.6311199,-4.127293],[-65.657126,-4.128572099999983],[-65.6664176,-4.139403899999965],[-65.6670397,-4.154209499999963],[-65.6760815,-4.1627597],[-65.6936276,-4.163355600000018],[-65.6934212,-4.167385199999969],[-65.7009565,-4.1692382],[-65.7153792,-4.182599599999978],[-65.7244934,-4.182853],[-65.72692710000001,-4.1915408],[-65.7296824,-4.189796699999977],[-65.7342538,-4.195753099999969],[-65.7422069,-4.1926985],[-65.7640126,-4.213884500000029],[-65.7964283,-4.221786500000015],[-65.8091414,-4.2173085],[-65.8459243,-4.249160799999977],[-65.8726996,-4.2526008],[-65.8960947,-4.279268100000027],[-65.90400570000001,-4.28323770000003],[-65.9088738,-4.292671499999961],[-65.9254582,-4.260910500000016],[-65.9160139,-4.217285],[-65.9028179,-4.195721699999957],[-65.8779819,-4.18273909999997],[-65.8659301,-4.169796299999985],[-65.8627618,-4.146200699999957],[-65.8701993,-4.13289879999996],[-65.8633676,-4.127784],[-65.8619225,-4.106589600000023],[-65.8458702,-4.08534990000002],[-65.8406204,-4.068979799999969],[-65.8422243,-4.053248299999963],[-65.8557005,-4.030801900000015],[-65.8633928,-3.99764670000003],[-65.8626724,-3.977212799999986],[-65.8554764,-3.957867700000048],[-65.8404757,-3.9304948],[-65.8026986,-3.8909605],[-65.7973717,-3.8816481],[-65.7970898,-3.860919],[-65.784008,-3.8378385],[-65.72406590000001,-3.8075459],[-65.7199573,-3.7994476],[-65.7169789,-3.762538599999963],[-65.7073672,-3.738055799999946],[-65.6746416,-3.702989500000046],[-65.6586689,-3.692641900000028],[-65.6527,-3.631499799999982],[-65.6395894,-3.6214052],[-65.6295642,-3.620299199999981],[-65.5826168,-3.627023200000014],[-65.5420638,-3.6249359],[-65.5026187,-3.581059],[-65.4882846,-3.592132300000028],[-65.4845358,-3.600387200000011],[-65.4745004,-3.6004141],[-65.4261117,-3.575660800000025],[-65.4046998,-3.537442500000019],[-65.37556,-3.507108800000035],[-65.36064220000002,-3.497218],[-65.2851425,-3.481931800000037],[-65.2500057,-3.465452300000036],[-65.2173126,-3.4650623],[-65.1772862,-3.4388221],[-65.1665624,-3.426920199999952],[-65.1647553,-3.404079],[-65.1574467,-3.389365699999979],[-65.1320894,-3.387213300000029],[-65.1252503,-3.3824958],[-65.0677234,-3.302094400000017],[-65.0522801,-3.247784300000025],[-65.0458675,-3.2108741],[-65.0477551,-3.194194699999977],[-65.0356685,-3.1713714],[-64.9747556,-3.0935294],[-64.974134,-3.0577287],[-64.945297,-3.0604752],[-64.9271669,-3.0696479]]]}},{"type":"Feature","properties":{"CD_MUN":"1300904","NM_MUN":"Canutama","SIGLA_UF":"AM","CodigoIBGE":"1300904","SubRegiaoNumero":3,"CalhaSubRegiao":"Região do Purus"},"geometry":{"type":"Polygon","coordinates":[[[-63.9453732,-8.3878261],[-63.9769546,-8.409739699999989],[-63.9778954,-8.4201329],[-63.953727,-8.427964800000012],[-63.9390898,-8.4415485],[-63.9408384,-8.452264],[-63.9731772,-8.4784472],[-63.9745046,-8.487238100000017],[-63.9661763,-8.5053886],[-63.9437881,-8.5266044],[-63.9456204,-8.550498],[-63.9390055,-8.556227900000014],[-63.9231714,-8.559293500000022],[-63.9245687,-8.5755254],[-63.9459539,-8.609485299999982],[-63.9540923,-8.6072538],[-63.9655984,-8.59592610000001],[-63.9725403,-8.582452499999988],[-63.9802633,-8.5806881],[-63.98620970000001,-8.585633899999973],[-63.9910948,-8.617413800000017],[-64.0048419,-8.625910899999989],[-64.0051752,-8.641748],[-64.0167031,-8.6525006],[-64.0191786,-8.6604484],[-64.0164261,-8.667682],[-64.0354821,-8.6935577],[-64.0278692,-8.7156662],[-64.0673962,-8.710725299999979],[-64.0947671,-8.728363500000015],[-64.1112604,-8.725171100000022],[-64.1245948,-8.7167138],[-64.1430671,-8.7430315],[-64.1447623,-8.7764473],[-64.129459,-8.805162699999979],[-64.1357595,-8.820389199999989],[-64.1552052,-8.835416200000017],[-64.15820330000001,-8.84316750000002],[-64.1487937,-8.873090699999981],[-64.1517023,-8.8972333],[-64.1417669,-8.9450507],[-64.1434334,-8.9535324],[-64.1494522,-8.958937200000012],[-64.1750139,-8.960571399999981],[-64.2332051,-8.9923081],[-64.2650711,-8.988382400000013],[-64.3113185,-8.9964708],[-64.3252888,-8.988070299999979],[-64.326072,-8.979832099999989],[-64.3095688,-8.934492900000022],[-64.3233996,-8.9288606],[-64.3799237,-8.946735100000017],[-64.446574,-8.9768705],[-64.4711813,-8.9737446],[-64.4963719,-8.9790575],[-64.533628,-8.9762697],[-64.5579566,-8.981306],[-64.5688804,-8.99177410000001],[-64.5788533,-8.988415499999975],[-64.5731,-8.9647237],[-64.5817697,-8.95072620000001],[-64.5316523,-8.925552100000017],[-64.5257987,-8.9023893],[-64.5374346,-8.881115799999986],[-64.535703,-8.873207],[-64.5161551,-8.847794],[-64.5058721,-8.808470700000019],[-64.4817632,-8.8067121],[-64.4225428,-8.8328438],[-64.4010431,-8.8092821],[-64.3894853,-8.7776404],[-64.375322,-8.769959099999983],[-64.3396825,-8.762800199999976],[-64.3299065,-8.7506975],[-64.3450098,-8.7305194],[-64.3597097,-8.7227342],[-64.3838504,-8.6902704],[-64.3975694,-8.6527662],[-64.411598,-8.644361699999987],[-64.4421783,-8.6524253],[-64.4492855,-8.649108],[-64.4517907,-8.641122],[-64.4730446,-8.6174489],[-64.5029242,-8.5945697],[-64.4860141,-8.566784100000016],[-64.492481,-8.5262751],[-64.502872,-8.514547099999985],[-64.5242902,-8.506119099999985],[-64.5355428,-8.493774799999983],[-64.5410683,-8.4780193],[-64.5307354,-8.4435409],[-64.5148712,-8.4230858],[-64.512507,-8.3930274],[-64.5062077,-8.3743831],[-64.5083971,-8.3308587],[-64.5042366,-8.32404380000001],[-64.4844017,-8.313560199999982],[-64.4705405,-8.2862709],[-64.4662319,-8.266403899999977],[-64.4427389,-8.235779],[-64.4214869,-8.222438],[-64.4069482,-8.207213699999983],[-64.401013,-8.18029],[-64.3952029,-8.1750782],[-64.3938195,-8.163454499999984],[-64.402181,-8.134297199999988],[-64.3936754,-8.0962264],[-64.4043166,-8.0774751],[-64.3994809,-8.0427333],[-64.4075103,-8.023634199999986],[-64.4141759,-7.9771534],[-64.419207,-7.969596899999979],[-64.4210356,-7.928069399999985],[-64.4344282,-7.912846800000021],[-64.4465256,-7.8867754],[-64.4382773,-7.8741443],[-64.4355432,-7.829924099999982],[-64.4130355,-7.7997093],[-64.4147959,-7.785652800000013],[-64.427215,-7.7657794],[-64.42022019999999,-7.7520628],[-64.4227103,-7.747742499999982],[-64.4149181,-7.7398493],[-64.4125367,-7.7230665],[-64.4005655,-7.7107323],[-64.3976558,-7.70096010000002],[-64.3970417,-7.69122940000002],[-64.4062767,-7.678587800000011],[-64.4053283,-7.6723498],[-64.4175662,-7.65758690000001],[-64.40612,-7.62749490000001],[-64.4213285,-7.610433699999983],[-64.4207497,-7.604964],[-64.4288304,-7.603814499999971],[-64.4296988,-7.5973572],[-64.435866,-7.598136300000016],[-64.4383568,-7.593275600000013],[-64.4470212,-7.591039],[-64.4468469,-7.5860188],[-64.4511815,-7.584178900000015],[-64.4489309,-7.571237900000011],[-64.4642197,-7.5742866],[-64.4749324,-7.570338099999984],[-64.4846829,-7.57432330000001],[-64.4892739,-7.564159899999982],[-64.5041676,-7.555224],[-64.5075627,-7.532913],[-64.5013511,-7.514039699999989],[-64.5061081,-7.510855300000011],[-64.5019253,-7.5071134],[-64.5066016,-7.499019300000012],[-64.4922894,-7.4910883],[-64.499602,-7.4785677],[-64.4959499,-7.454258500000011],[-64.5140259,-7.4307305],[-64.5254491,-7.431508100000015],[-64.5389391,-7.422494],[-64.5382556,-7.4122035],[-64.531138,-7.4128595],[-64.5324565,-7.401782200000018],[-64.5397827,-7.406016400000016],[-64.5355124,-7.3997138],[-64.54432180000002,-7.390638400000029],[-64.5295403,-7.379443500000025],[-64.5409762,-7.363936899999986],[-64.5358416,-7.361736799999982],[-64.5305606,-7.34883],[-64.5352054,-7.3464997],[-64.5344161,-7.342071899999979],[-64.5434586,-7.3482953],[-64.5393762,-7.330703300000017],[-64.5491636,-7.3391173],[-64.555723,-7.330881299999984],[-64.5520947,-7.32566910000001],[-64.559301,-7.321469099999988],[-64.5546048,-7.310239],[-64.5576053,-7.306245],[-64.5533959,-7.3079876],[-64.5549908,-7.30334],[-64.5459922,-7.299938099999983],[-64.55157970000002,-7.2677165],[-64.5582476,-7.2638427],[-64.5510639,-7.247891099999982],[-64.5618997,-7.223497799999986],[-64.5556625,-7.216873900000015],[-64.55624440000001,-7.210874600000017],[-64.5701706,-7.1936295],[-64.5649006,-7.191874100000025],[-64.5668594,-7.1880324],[-64.5778273,-7.1815333],[-64.5829132,-7.1707591],[-64.5773784,-7.172576],[-64.5792969,-7.1656048],[-64.5744922,-7.1628905],[-64.578276,-7.160099499999986],[-64.5792136,-7.1387023],[-64.5837808,-7.1356726],[-64.5786735,-7.130030099999987],[-64.5765231,-7.132118099999985],[-64.5780806,-7.124935700000028],[-64.5735295,-7.12214990000001],[-64.5740862,-7.1192799],[-64.5787481,-7.121090199999982],[-64.5771657,-7.115084599999983],[-64.5800767,-7.114546500000023],[-64.5699071,-7.102729400000011],[-64.5780164,-7.094969199999979],[-64.5722879,-7.09255430000002],[-64.5803469,-7.090131700000015],[-64.5714014,-7.0752284],[-65.0391755,-7.073236599999983],[-65.0340377,-7.054996199999975],[-65.001875,-7.035836800000011],[-64.9841756,-7.033889300000012],[-64.974567,-7.013963400000026],[-64.9786178,-6.9869359],[-64.9973217,-6.9767076],[-65.0171793,-6.95014],[-64.9942903,-6.919784499999976],[-64.9822619,-6.8902978],[-64.9918479,-6.8705734],[-64.9868417,-6.836931799999983],[-65.004927,-6.8061474],[-65.0060385,-6.7975229],[-64.9647331,-6.747193],[-64.9458985,-6.702973900000023],[-64.9326979,-6.6841166],[-64.91895040000001,-6.6769969],[-64.8988489,-6.676892],[-64.8902341,-6.688124500000019],[-64.8888188,-6.6993206],[-64.8989261,-6.711001899999988],[-64.8995904,-6.726830400000013],[-64.9177855,-6.7309194],[-64.9213407,-6.7405344],[-64.913709,-6.747481100000019],[-64.8849214,-6.7491357],[-64.8455363,-6.743038],[-64.8146809,-6.733207499999987],[-64.7970657,-6.7364423],[-64.7677886,-6.725495300000023],[-64.759728,-6.694145599999969],[-64.7418445,-6.6819336],[-64.7365865,-6.6715832],[-64.734505,-6.626581099999988],[-64.7283417,-6.6152415],[-64.6904147,-6.5867241],[-64.6800875,-6.570972],[-64.675256,-6.521721700000016],[-64.6680893,-6.49563140000001],[-64.6372557,-6.461595699999982],[-64.63353080000002,-6.4406063],[-64.6351724,-6.4114924],[-64.6290838,-6.385963799999989],[-64.5821969,-6.34515330000002],[-64.56412360000002,-6.335340200000012],[-64.5544231,-6.318607400000024],[-64.539918,-6.304619599999976],[-64.5271137,-6.2688292],[-64.5229491,-6.233160700000028],[-64.5152555,-6.207770300000012],[-64.5005109,-6.1944992],[-64.4780093,-6.185944300000013],[-64.4629494,-6.1702728],[-64.4565879,-6.1597985],[-64.4523662,-6.130910099999973],[-64.4418976,-6.107139700000022],[-64.4304759,-6.1001853],[-64.3876941,-6.096621500000016],[-64.3885016,-5.92672],[-64.3630433,-5.915137199999974],[-64.2734762,-5.9387433],[-63.1786293,-6.8423112],[-63.1650283,-6.845984299999976],[-63.1682772,-6.851803700000018],[-63.1608499,-6.8499158],[-63.1648284,-6.860633600000026],[-63.1568921,-6.866991499999981],[-63.1488352,-6.866529300000018],[-63.1581139,-6.878262499999987],[-63.1530244,-6.882177900000018],[-63.1562126,-6.904953900000029],[-63.152621,-6.908684100000021],[-63.1456514,-6.9062989],[-63.1456666,-6.9178158],[-63.1574888,-6.923062299999981],[-63.1562383,-6.926638],[-63.1503031,-6.925358299999977],[-63.1546503,-6.938057500000019],[-63.1428553,-6.9383374],[-63.1441495,-6.9468309],[-63.1320566,-6.9538642],[-63.1399516,-6.964003499999989],[-63.1360397,-6.966704399999983],[-63.13248320000001,-6.9572819],[-63.1322936,-6.9661617],[-63.1435018,-6.97347729999998],[-63.1353196,-6.9774712],[-63.139972,-6.981837100000029],[-63.150626,-6.9819704],[-63.1489139,-6.98657859999998],[-63.1583421,-6.9844876],[-63.1677048,-7.01189],[-63.1740484,-7.0085418],[-63.1790816,-7.017455200000017],[-63.18749780000001,-7.0107693],[-63.200817,-7.023121799999982],[-63.200642,-7.0164561],[-63.2088613,-7.013868199999986],[-63.2050265,-7.0203274],[-63.209157,-7.025802500000019],[-63.2167252,-7.0188935],[-63.2136808,-7.0254751],[-63.2185182,-7.028064699999978],[-63.2116171,-7.034047499999972],[-63.2196075,-7.038839599999985],[-63.2049786,-7.0431528],[-63.2105017,-7.045698500000016],[-63.2036706,-7.0518929],[-63.2085535,-7.0559645],[-63.2073146,-7.0618559],[-63.2093474,-7.057938],[-63.2161373,-7.059913799999976],[-63.2207832,-7.068459700000012],[-63.2202878,-7.0602355],[-63.2222268,-7.059399799999986],[-63.2277197,-7.074841600000011],[-63.2314821,-7.069863600000015],[-63.2372143,-7.07538320000002],[-63.2386911,-7.086519],[-63.2409549,-7.079505300000024],[-63.249464,-7.0765209],[-63.2554035,-7.079685499999985],[-63.2561209,-7.085062300000016],[-63.2605328,-7.080145400000014],[-63.2635171,-7.091329300000027],[-63.2643246,-7.087546199999982],[-63.2690717,-7.088670099999983],[-63.2784819,-7.0970916],[-63.2785812,-7.0919138],[-63.2889206,-7.10179849999998],[-63.2974611,-7.09579],[-63.2983042,-7.102081499999988],[-63.3032596,-7.099673200000026],[-63.3075534,-7.103782099999986],[-63.30781240000001,-7.1171118],[-63.3008982,-7.118148400000014],[-63.3039568,-7.12188610000001],[-63.3010032,-7.129045499999986],[-63.3054899,-7.1383132],[-63.3076294,-7.1328216],[-63.3143897,-7.140378799999975],[-63.3120975,-7.1451108],[-63.3158201,-7.1484697],[-63.3131584,-7.152843599999985],[-63.3093731,-7.148989199999987],[-63.3046815,-7.156601200000032],[-63.3089454,-7.164290399999989],[-63.3127655,-7.1632452],[-63.3161658,-7.182275200000021],[-63.3128098,-7.189218699999977],[-63.3280896,-7.197858599999977],[-63.3205741,-7.2052729],[-63.3002004,-7.204763900000022],[-63.3013481,-7.2291452],[-63.2945052,-7.229127299999987],[-63.2992538,-7.234403900000022],[-63.2833022,-7.23869830000002],[-63.2800738,-7.245882300000027],[-63.2856784,-7.25143010000002],[-63.2813107,-7.255974499999978],[-63.2830827,-7.260656600000018],[-63.2884265,-7.2587331],[-63.2845063,-7.269678900000012],[-63.2933754,-7.265183],[-63.2915666,-7.26989070000002],[-63.2980928,-7.2697627],[-63.295923,-7.275036499999985],[-63.2998179,-7.272862900000025],[-63.3045727,-7.276874200000019],[-63.2985366,-7.276519499999985],[-63.3065662,-7.291703800000018],[-63.3033508,-7.2960461],[-63.2971987,-7.295084700000021],[-63.2996481,-7.301828800000017],[-63.292917,-7.316952599999987],[-63.2956737,-7.322078699999989],[-63.2887627,-7.3311506],[-63.2919989,-7.3367013],[-63.2996391,-7.3342285],[-63.3038902,-7.342320900000019],[-63.2731776,-7.352189100000013],[-63.2674142,-7.3495669],[-63.2686443,-7.356944399999988],[-63.2641357,-7.350084700000016],[-63.2633161,-7.356578],[-63.2507027,-7.3516473],[-63.2541264,-7.372970100000012],[-63.2451666,-7.372368],[-63.2518188,-7.393262900000031],[-63.2457803,-7.393059199999981],[-63.2437428,-7.398189299999983],[-63.2484512,-7.3956083],[-63.25677180000001,-7.402722399999976],[-63.2682586,-7.401462900000031],[-63.263891,-7.4113112],[-63.2683336,-7.419266199999976],[-63.2867368,-7.401248100000014],[-63.2950797,-7.407069300000012],[-63.2950563,-7.4006671],[-63.2999512,-7.405228],[-63.2992022,-7.399303199999979],[-63.3026753,-7.3980536],[-63.3095468,-7.409733300000022],[-63.3144098,-7.406402800000023],[-63.3132131,-7.400722399999975],[-63.3166053,-7.405504700000018],[-63.3209701,-7.4034876],[-63.3207097,-7.3970996],[-63.336677,-7.403051400000013],[-63.3428396,-7.4098954],[-63.3397479,-7.4141336],[-63.3315924,-7.414088],[-63.3393387,-7.4172585],[-63.3296819,-7.420124900000017],[-63.3340154,-7.424087599999983],[-63.3333117,-7.43232580000001],[-63.3289972,-7.4290273],[-63.3299146,-7.4354739],[-63.322981,-7.434166600000021],[-63.3272486,-7.4384249],[-63.3217337,-7.4397311],[-63.3211224,-7.447914299999976],[-63.3135744,-7.440823300000016],[-63.3083135,-7.441387400000013],[-63.30835,-7.4464084],[-63.3031849,-7.449377499999982],[-63.3118547,-7.46048539999998],[-63.3040521,-7.4604034],[-63.3047417,-7.466081700000021],[-63.3094504,-7.469072100000024],[-63.31696,-7.466639100000011],[-63.3142885,-7.471237699999979],[-63.3179837,-7.476668500000013],[-63.299575,-7.492417800000015],[-63.3265647,-7.489024600000021],[-63.3331273,-7.492125500000014],[-63.3358817,-7.4977648],[-63.3307072,-7.5001278],[-63.3358839,-7.503008600000017],[-63.33575410000001,-7.509704799999986],[-63.3397805,-7.508584199999985],[-63.3481146,-7.523338599999987],[-63.35998,-7.523443],[-63.361498,-7.527658099999984],[-63.3688827,-7.5255584],[-63.365907,-7.5302974],[-63.374022,-7.5283245],[-63.3710176,-7.532899700000018],[-63.3763877,-7.5347158],[-63.3771329,-7.542271699999975],[-63.3736182,-7.545975500000019],[-63.3818182,-7.547579399999987],[-63.3735831,-7.5484011],[-63.3725573,-7.553223],[-63.3816831,-7.551476399999989],[-63.3841255,-7.556403600000019],[-63.3952628,-7.5580717],[-63.3992569,-7.5681869],[-63.393911,-7.568963200000011],[-63.4041106,-7.5743425],[-63.4015544,-7.585031800000018],[-63.4036,-7.581794200000013],[-63.4076684,-7.581856600000012],[-63.4031288,-7.58918420000002],[-63.40771860000001,-7.5913652],[-63.4135745,-7.587666],[-63.4262659,-7.5998737],[-63.4223678,-7.6065989],[-63.4293417,-7.606406699999982],[-63.42656070000001,-7.6112758],[-63.42208,-7.609547],[-63.4223816,-7.6165902],[-63.4162882,-7.621157499999986],[-63.4214835,-7.6199007],[-63.4192579,-7.629433100000011],[-63.4072746,-7.629548100000012],[-63.3953646,-7.6360851],[-63.3972218,-7.649023200000017],[-63.3940293,-7.6457815],[-63.3923914,-7.6484638],[-63.3954812,-7.656525499999988],[-63.3872232,-7.655893800000018],[-63.3797588,-7.662555],[-63.3815271,-7.6708416],[-63.3860816,-7.6701283],[-63.3836538,-7.67673530000002],[-63.3879683,-7.676466],[-63.3853277,-7.6824246],[-63.395545,-7.6893034],[-63.39763820000001,-7.708276600000028],[-63.3934595,-7.7148224],[-63.4004026,-7.718024200000012],[-63.3967727,-7.7174262],[-63.3956507,-7.723414700000011],[-63.39987820000001,-7.7207207],[-63.4007287,-7.729560599999981],[-63.41005470000001,-7.7383044],[-63.4171756,-7.7385879],[-63.4164016,-7.7344],[-63.4286005,-7.742947600000023],[-63.436894,-7.74136890000002],[-63.4373055,-7.736175799999975],[-63.443251,-7.739540100000013],[-63.4396424,-7.744728900000028],[-63.4432195,-7.7477513],[-63.4553119,-7.745292200000018],[-63.4587724,-7.747449800000016],[-63.4540311,-7.750492800000013],[-63.4694946,-7.746093],[-63.4753265,-7.7487604],[-63.4799477,-7.755937400000016],[-63.4761723,-7.7571197],[-63.4779022,-7.760740400000011],[-63.4823256,-7.7634681],[-63.484795,-7.7604238],[-63.4918353,-7.77147619999998],[-63.4957342,-7.7690293],[-63.5036925,-7.7752925],[-63.5010498,-7.777980499999985],[-63.5073778,-7.781779300000017],[-63.5080964,-7.7890271],[-63.5139177,-7.789041799999973],[-63.5137906,-7.78398540000001],[-63.5224297,-7.7908388],[-63.5226762,-7.795757699999985],[-63.5292727,-7.795885599999989],[-63.5270278,-7.798635],[-63.5330962,-7.802086],[-63.532883,-7.80740979999998],[-63.5341442,-7.803535500000017],[-63.5363758,-7.805787899999984],[-63.5332891,-7.811241899999978],[-63.5479753,-7.808470399999984],[-63.5469429,-7.824025400000023],[-63.5582841,-7.84376670000001],[-63.5680461,-7.846976799999978],[-63.5838744,-7.842314300000015],[-63.5850757,-7.847701500000024],[-63.5998976,-7.846198],[-63.61261970000001,-7.8565562],[-63.6218914,-7.855848600000022],[-63.6345783,-7.873864699999979],[-63.6341851,-7.8830089],[-63.6291673,-7.883121899999988],[-63.6202981,-7.8942166],[-63.6250427,-7.9062464],[-63.6199007,-7.921554],[-63.6240985,-7.9474496],[-63.619085,-7.9662215],[-63.62645,-8.01611210000001],[-63.621779,-8.029610799999984],[-63.6266185,-8.04118449999998],[-63.6387579,-8.0471942],[-63.6508706,-8.066440299999988],[-63.6670003,-8.0816033],[-63.6689496,-8.0919041],[-63.6624486,-8.101171300000013],[-63.6698977,-8.1217432],[-63.6934211,-8.1583487],[-63.7301723,-8.1801862],[-63.7470344,-8.198583200000023],[-63.7485628,-8.207865199999986],[-63.7227614,-8.249499],[-63.7465624,-8.270169199999973],[-63.7735083,-8.32073279999998],[-63.7912313,-8.333215299999978],[-63.8253386,-8.3061526],[-63.8471237,-8.295031299999987],[-63.8707594,-8.2888196],[-63.8820051,-8.2912292],[-63.8949267,-8.30202870000001],[-63.9108359,-8.3285248],[-63.9317883,-8.324691600000017],[-63.9441225,-8.331187700000015],[-63.9453732,-8.3878261]]]}},{"type":"Feature","properties":{"CD_MUN":"1300060","NM_MUN":"Amaturá","SIGLA_UF":"AM","CodigoIBGE":"1300060","SubRegiaoNumero":1,"CalhaSubRegiao":"Região do Alto Solimões"},"geometry":{"type":"Polygon","coordinates":[[[-67.9428496,-3.329587],[-67.834039,-3.334378],[-67.851317,-3.349518499999963],[-67.8540713,-3.366465899999966],[-67.8454322,-3.381462799999961],[-67.8590972,-3.4015438],[-67.8674629,-3.40625979999997],[-67.891461,-3.4065042],[-67.9123494,-3.4224248],[-67.9478484,-3.430600699999954],[-67.9641581,-3.4314323],[-67.9940369,-3.419774100000014],[-68.055766,-3.412898599999976],[-68.0699112,-3.4193777],[-68.0720992,-3.428450900000025],[-68.0682954,-3.436625],[-68.029541,-3.46493620000002],[-68.0264381,-3.474000199999969],[-68.029825,-3.4909315],[-68.0457942,-3.522923600000018],[-68.0440444,-3.54329490000004],[-68.031408,-3.553271600000043],[-68.0127899,-3.558263400000019],[-68.0047388,-3.571554599999987],[-68.0099892,-3.589075799999969],[-68.0247639,-3.597407400000016],[-68.0347653,-3.622037299999977],[-68.0374068,-3.639488400000022],[-68.0343503,-3.6857142],[-68.0404591,-3.7112075],[-68.0356014,-3.734805199999955],[-68.0396538,-3.743793699999979],[-68.0901302,-3.752821799999971],[-68.1057101,-3.764593099999965],[-68.1819871,-3.770532],[-68.1964926,-3.761255199999953],[-68.2109908,-3.7208197],[-68.2560746,-3.6937421],[-68.2715457,-3.69571080000003],[-68.2844051,-3.706972599999973],[-68.306492,-3.707065800000039],[-68.3354635,-3.726113700000027],[-68.3678798,-3.72046080000001],[-68.3837449,-3.723217399999969],[-68.4085197,-3.7678958],[-68.4471851,-3.775039],[-68.4645203,-3.749549100000017],[-68.5148544,-3.716578100000037],[-68.5348262,-3.688097100000044],[-68.5563798,-3.674025100000019],[-68.5695477,-3.652588799999949],[-68.5783285,-3.649025100000031],[-68.5938845,-3.655008800000029],[-68.6013512,-3.6612159],[-68.609991,-3.683764099999952],[-68.6246616,-3.6921494],[-68.632525,-3.230180499999971],[-68.6085064,-3.237740599999965],[-68.6000548,-3.23440770000005],[-68.6030175,-3.2200931],[-68.6150791,-3.22476190000001],[-68.6172331,-3.221587800000039],[-68.6102522,-3.211811899999972],[-68.5945571,-3.211837700000045],[-68.5986159,-3.206415],[-68.6113867,-3.207154500000038],[-68.6133043,-3.202492799999957],[-68.5929762,-3.182560099999945],[-68.5665722,-3.178483500000048],[-68.5554851,-3.2007247],[-68.5471628,-3.190005900000047],[-68.5371761,-3.197799],[-68.5231691,-3.193705899999957],[-68.5104701,-3.175237600000033],[-68.4908238,-3.173117699999957],[-68.4616848,-3.182004600000045],[-68.4579813,-3.158416699999972],[-68.452365,-3.161075599999946],[-68.4320304,-3.158167499999975],[-68.428315,-3.1485148],[-68.4224996,-3.163217599999964],[-68.4161104,-3.165757799999976],[-68.4209937,-3.1412194],[-68.41874230000002,-3.137304600000017],[-68.4093835,-3.138478600000037],[-68.411712,-3.133630799999982],[-68.4187487,-3.132365900000043],[-68.4214724,-3.120066199999972],[-68.4197845,-3.0938975],[-68.4121282,-3.084706800000016],[-68.3968605,-3.08194170000001],[-68.3816194,-3.10612270000005],[-68.3746563,-3.096961500000029],[-68.38132769999999,-3.086185199999958],[-68.3760986,-3.086718499999974],[-68.3738174,-3.09233079999997],[-68.3645571,-3.093141800000014],[-68.3548307,-3.103724800000041],[-68.35176470000002,-3.1016647],[-68.3538952,-3.087899699999973],[-68.3455978,-3.097148600000051],[-68.3373531,-3.091525499999975],[-68.3124692,-3.097454900000054],[-68.2850985,-3.077468099999968],[-68.2780194,-3.083864],[-68.2892351,-3.088557699999937],[-68.2853965,-3.103124099999989],[-68.27792060000002,-3.10549260000005],[-68.2767755,-3.113259599999986],[-68.2646913,-3.112872],[-68.2593013,-3.121613100000033],[-68.2475976,-3.127263099999966],[-68.2348736,-3.123118500000052],[-68.2298147,-3.113794100000013],[-68.2311304,-3.105159300000041],[-68.2409467,-3.099173400000036],[-68.2421013,-3.087125900000062],[-68.2109308,-3.068786699999946],[-68.207224,-3.072806500000026],[-68.2141183,-3.077800799999969],[-68.209542,-3.0816965],[-68.2018752,-3.075259],[-68.1938873,-3.0780017],[-68.177479,-3.064840399999951],[-68.173745,-3.070982],[-68.1786629,-3.080419900000053],[-68.1712201,-3.085937600000036],[-68.1801268,-3.0867424],[-68.17702049999998,-3.114038499999982],[-68.159916,-3.109882299999974],[-68.1439998,-3.129566699999962],[-68.1340546,-3.134791699999957],[-68.1290999,-3.132839399999975],[-68.1299014,-3.117474799999953],[-68.1125369,-3.112409799999979],[-68.1012004,-3.125792900000039],[-68.0981498,-3.141879199999944],[-68.083241,-3.122366200000055],[-68.0783498,-3.127781599999982],[-68.0722423,-3.126186800000032],[-68.0720834,-3.1214132],[-68.08054,-3.120505499999978],[-68.079383,-3.11329429999997],[-68.0739632,-3.112497],[-68.0610977,-3.128049399999986],[-68.0513269,-3.154596500000014],[-68.0356919,-3.162107099999972],[-67.9864356,-3.136231100000046],[-67.9754757,-3.136436300000041],[-67.9727185,-3.145615],[-67.9661256,-3.146974500000039],[-67.9512169,-3.167478800000041],[-67.9217951,-3.2354869],[-67.9243206,-3.271925900000047],[-67.9428496,-3.329587]]]}},{"type":"Feature","properties":{"CD_MUN":"1303957","NM_MUN":"São Sebastião do Uatumã","SIGLA_UF":"AM","CodigoIBGE":"1303957","SubRegiaoNumero":9,"CalhaSubRegiao":"Região do Baixo Amazonas"},"geometry":{"type":"Polygon","coordinates":[[[-58.0107235,-2.648167799999936],[-58.0687876,-2.631819400000055],[-58.0894096,-2.616141],[-58.0969118,-2.61618],[-58.1319033,-2.595642799999969],[-58.1512697,-2.589574500000052],[-58.1655785,-2.5758246],[-58.1788321,-2.571020299999947],[-58.1838949,-2.5558843],[-58.2085513,-2.52016],[-58.2261367,-2.515128800000014],[-58.2469795,-2.489402900000047],[-58.2570561,-2.487422400000063],[-58.2631186,-2.4763277],[-58.2727098,-2.475311499999989],[-58.2824453,-2.4668132],[-58.2555186,-2.429542199999966],[-58.2543896,-2.4093885],[-58.2593171,-2.396643800000049],[-58.28501030000001,-2.3883164],[-58.2893682,-2.4009773],[-58.29635110000001,-2.406997800000021],[-58.3248217,-2.410677599999965],[-58.3367535,-2.399345600000031],[-58.3578263,-2.340990200000023],[-58.3675479,-2.334801600000068],[-58.3922338,-2.33500880000004],[-58.4025674,-2.316856399999944],[-58.4464929,-2.309943199999954],[-58.4589235,-2.29890810000001],[-58.47741090000001,-2.292696599999958],[-58.4988242,-2.297012499999926],[-58.5170591,-2.306497200000064],[-58.548349,-2.309524699999979],[-58.5594521,-2.315370500000045],[-58.607942,-2.288687300000043],[-58.6659036,-2.317008299999943],[-58.68503050000001,-2.338980400000068],[-58.7247975,-2.345175199999954],[-58.7413123,-2.337060500000044],[-58.7430443,-2.327629299999941],[-58.7351713,-2.309629100000062],[-58.7230706,-2.29759069999994],[-58.7238928,-2.280527699999961],[-58.7410111,-2.279038600000026],[-58.7648826,-2.289407499999971],[-58.7696624,-2.282099899999935],[-58.7681623,-2.269501599999934],[-58.77338730000001,-2.263937799999919],[-58.8191621,-2.2672732],[-58.8228337,-2.259243300000069],[-58.8177778,-2.247591900000022],[-58.8276204,-2.239204100000082],[-58.8495432,-2.254743099999978],[-58.8710337,-2.248095099999922],[-58.8746549,-2.233689600000039],[-58.8795613,-2.230097300000026],[-58.8977151,-2.232122600000012],[-58.9081519,-2.239666],[-58.9079541,-2.263489799999947],[-58.9236035,-2.253244199999981],[-58.9322068,-2.2768397],[-58.9391077,-2.280097799999931],[-58.9441378,-2.278144],[-58.9505553,-2.263745700000056],[-58.9765713,-2.250798799999936],[-59.0137253,-2.254503],[-59.0289711,-2.244911100000062],[-59.0435666,-2.252759100000011],[-59.0530365,-2.230524499999955],[-59.0610068,-2.231666899999945],[-59.0730423,-2.241438299999972],[-59.0732704,-2.2541045],[-59.0624005,-2.267050299999967],[-59.0669588,-2.274100199999947],[-59.0772811,-2.276967799999961],[-59.0903503,-2.268263],[-59.1058837,-2.244136900000063],[-59.1109915,-2.22377989999995],[-59.1293846,-2.223706099999987],[-59.1387774,-2.231497899999944],[-59.1442467,-2.249669599999983],[-59.1538,-2.248510899999912],[-59.163165,-2.232902199999968],[-59.1450234,-2.224696400000071],[-59.1456336,-2.217103099999986],[-59.160898,-2.21024149999996],[-59.1787078,-2.210244300000082],[-59.1824231,-2.201104],[-59.1796037,-2.185143300000039],[-59.1609938,-2.168985],[-59.1439864,-2.171921700000047],[-59.1384361,-2.165770699999976],[-59.1324775,-2.150181200000057],[-59.1284412,-2.100716399999917],[-59.11280150000001,-2.077327300000087],[-59.119377,-2.041375100000025],[-59.1147195,-2.032452599999946],[-59.1240798,-2.007328200000024],[-59.1623034,-1.985517400000052],[-59.1550726,-1.96705760000006],[-59.1613138,-1.960211900000059],[-59.1840176,-1.947919799999936],[-59.1922201,-1.9480989],[-59.201832,-1.940385],[-59.2038033,-1.918026199999948],[-59.2135192,-1.901263099999989],[-59.2224439,-1.899586200000083],[-59.2208847,-1.891898800000053],[-59.2278857,-1.873585699999935],[-59.2360336,-1.864623899999965],[-59.2456665,-1.8623735],[-59.2445301,-1.851614099999984],[-59.2507719,-1.844518100000072],[-59.2517462,-1.833175399999945],[-59.2460575,-1.8265738],[-59.2266897,-1.8265492],[-59.2193312,-1.818978499999951],[-59.2117058,-1.788960400000049],[-59.2177497,-1.781246600000043],[-59.1986641,-1.731094599999973],[-59.1960287,-1.710774300000028],[-59.1804096,-1.687442599999987],[-59.1796354,-1.677084300000055],[-59.1675783,-1.677720599999929],[-59.1679695,-1.6592817],[-59.1403289,-1.643086799999909],[-59.1379926,-1.629481900000076],[-59.14266,-1.620101599999932],[-59.1275756,-1.607528699999915],[-59.1324922,-1.601058099999891],[-59.1272968,-1.589371399999964],[-59.1363802,-1.584905500000082],[-59.1416885,-1.565112500000039],[-59.1503252,-1.562074800000069],[-59.150135,-1.550004900000095],[-59.1564662,-1.545295900000068],[-59.1514085,-1.515907299999894],[-59.170857,-1.485518799999899],[-59.1866076,-1.472994299999922],[-59.2006618,-1.469449900000102],[-59.1878051,-1.454117399999928],[-59.1913631,-1.446431100000015],[-59.2339579,-1.449961600000069],[-59.2301839,-1.4379024],[-59.2621146,-1.437399300000088],[-59.2705247,-1.431209400000108],[-59.2962237,-1.454058799999941],[-59.2981966,-1.474838499999943],[-59.3053891,-1.483909],[-59.3301961,-1.48193490000002],[-59.3349993,-1.472167099999964],[-59.331892,-1.46504299999989],[-59.3347878,-1.457256300000101],[-59.3597518,-1.459039999999898],[-59.3697374,-1.452364999999886],[-59.3921729,-1.45310470000013],[-59.3986825,-1.447453],[-59.4109012,-1.445744700000039],[-59.4249322,-1.451072500000126],[-59.4378368,-1.434764200000034],[-59.45874770000001,-1.43496010000005],[-59.4862511,-1.4539987],[-59.4916775,-1.443067699999978],[-59.5037956,-1.444746],[-59.5193767,-1.432909699999978],[-59.5202617,-1.420052299999973],[-59.504122,-1.389428599999891],[-59.4945898,-1.385886900000054],[-59.4891895,-1.370703800000084],[-59.4723707,-1.3555437],[-59.4680928,-1.335503100000024],[-59.4424833,-1.319310799999895],[-59.44383650000001,-1.296834999999899],[-59.4353437,-1.279619899999964],[-59.4048213,-1.258544500000037],[-59.3936541,-1.261529],[-59.3819794,-1.258446900000066],[-59.3755906,-1.265760400000098],[-59.3654748,-1.2679],[-59.3594776,-1.261616799999885],[-59.3619722,-1.250752799999905],[-59.3733622,-1.236683500000129],[-59.3725854,-1.193769899999988],[-59.3841963,-1.175882],[-59.3797214,-1.147744000000119],[-59.362726,-1.154295800000036],[-59.3468391,-1.139503899999935],[-59.3316653,-1.140981800000014],[-59.3054764,-1.156259299999948],[-59.2811765,-1.154881099999876],[-59.2771892,-1.158925700000105],[-59.2756013,-1.175953199999901],[-59.2660498,-1.184740500000126],[-59.2520843,-1.189039299999904],[-59.245751,-1.184209499999861],[-59.239458,-1.185105000000145],[-59.2355638,-1.196444499999951],[-59.2414966,-1.202111100000077],[-59.2359975,-1.207574900000082],[-59.2383194,-1.213368599999943],[-59.2330703,-1.213369699999982],[-59.2317629,-1.219882499999887],[-59.2213761,-1.220988099999982],[-59.2132697,-1.233232299999962],[-59.20287470000001,-1.236845500000052],[-59.2003975,-1.243501800000085],[-59.2043052,-1.244101800000135],[-59.2047653,-1.251173799999902],[-59.1870589,-1.259113799999879],[-59.1808617,-1.251373299999904],[-59.1647837,-1.266101700000101],[-59.1592535,-1.277428700000068],[-59.1405115,-1.278534399999922],[-59.1303401,-1.285377099999906],[-59.1281185,-1.279840800000104],[-59.120693,-1.279479000000141],[-59.1088399,-1.28937680000011],[-59.1080947,-1.295077899999902],[-59.0954052,-1.295842599999889],[-59.0979398,-1.302227599999877],[-59.0940967,-1.308164899999909],[-59.0819709,-1.312293500000049],[-59.0800477,-1.321963399999977],[-59.06322380000001,-1.314907299999952],[-59.05029170000001,-1.33476379999991],[-59.0446728,-1.3290279],[-59.0396184,-1.330289000000106],[-59.0366881,-1.323992600000115],[-59.0336107,-1.329582500000063],[-59.0291699,-1.328712899999988],[-59.0181859,-1.315391499999947],[-59.0094588,-1.326580599999922],[-59.010191,-1.332219300000055],[-59.0035482,-1.333468899999937],[-59.0052812,-1.336896999999895],[-58.9884321,-1.340753100000069],[-58.9846959,-1.348657700000099],[-58.9873549,-1.356549799999865],[-58.9725644,-1.372899800000031],[-58.9681316,-1.371825699999955],[-58.9704916,-1.38320490000002],[-58.9617499,-1.388272399999957],[-58.9557353,-1.383249099999954],[-58.9462951,-1.383788699999968],[-58.9462337,-1.402222500000026],[-58.9355807,-1.424210700000032],[-58.9387721,-1.4284692],[-58.9279358,-1.4317108],[-58.9247747,-1.453493600000068],[-58.9207239,-1.454953700000101],[-58.9189273,-1.4486975],[-58.8988934,-1.45129679999998],[-58.889245,-1.44678819999998],[-58.8792649,-1.447448500000049],[-58.8727704,-1.455340199999956],[-58.8640927,-1.45429149999996],[-58.8522293,-1.476805600000095],[-58.8567608,-1.485013800000066],[-58.8494594,-1.489809599999911],[-58.8367034,-1.483421599999923],[-58.8425832,-1.488565499999934],[-58.8334266,-1.4985841],[-58.8407,-1.5051058],[-58.83626,-1.51085539999994],[-58.8236947,-1.508890799999978],[-58.8236578,-1.504470699999905],[-58.8059988,-1.495519499999948],[-58.8037303,-1.500999899999944],[-58.7985069,-1.49865620000012],[-58.7910595,-1.505759599999929],[-58.78022,-1.508015800000085],[-58.7850624,-1.499836499999953],[-58.7522916,-1.503191499999892],[-58.7400254,-1.4976677],[-58.7358239,-1.514942800000072],[-58.727572,-1.514403099999964],[-58.724449,-1.519780400000098],[-58.7163551,-1.520653900000019],[-58.7046307,-1.546814100000079],[-58.6935644,-1.554349399999976],[-58.6945944,-1.560822],[-58.6968784,-1.555044299999935],[-58.7062027,-1.558610799999986],[-58.6942586,-1.575583899999908],[-58.6752971,-1.572252700000044],[-58.66596470000001,-1.575665400000074],[-58.6631936,-1.560931200000027],[-58.6573363,-1.555415400000077],[-58.6503079,-1.557621300000101],[-58.6543421,-1.568092099999973],[-58.6480776,-1.561714300000068],[-58.6404629,-1.56380310000006],[-58.6252273,-1.586743],[-58.6313556,-1.592976400000048],[-58.6082399,-1.602101899999927],[-58.599668,-1.60012530000006],[-58.5964869,-1.63399070000003],[-58.5927113,-1.6379879000001],[-58.6004413,-1.644714500000053],[-58.587965,-1.647444099999952],[-58.5853698,-1.6674675],[-58.57369889999999,-1.670172600000077],[-58.568908,-1.686241299999965],[-58.5777512,-1.701919499999911],[-58.5777971,-1.711823],[-58.5838809,-1.715424700000112],[-58.567184,-1.7192951],[-58.5580603,-1.7316465],[-58.5882842,-1.756558200000102],[-58.586411,-1.766541800000013],[-58.5621937,-1.769917400000082],[-58.54401020000001,-1.78931450000003],[-58.5143696,-1.7952308],[-58.5060669,-1.802847600000083],[-58.4855652,-1.798493099999977],[-58.4756452,-1.804688500000083],[-58.4625571,-1.805988099999972],[-58.4559459,-1.825011900000053],[-58.4348935,-1.844602299999941],[-58.4250697,-1.87009770000003],[-58.4131621,-1.871500499999931],[-58.3971286,-1.903749],[-58.37543260000001,-1.920610300000024],[-58.3449016,-1.922121400000036],[-58.3227725,-1.913882600000086],[-58.3005888,-1.911926500000098],[-58.3046121,-1.92442519999993],[-58.285681,-1.940699900000091],[-58.268599,-1.930036400000019],[-58.2542132,-1.935787399999909],[-58.25128380000001,-1.969999199999921],[-58.2472229,-1.977902600000065],[-58.2231757,-1.989763499999966],[-58.212779,-2.000116400000063],[-58.1890746,-2.00861459999994],[-58.1830334,-2.0208501],[-58.1746067,-2.070676399999948],[-58.1564583,-2.081269499999971],[-58.1502368,-2.094146],[-58.1500504,-2.100573500000092],[-58.1555731,-2.101832900000041],[-58.1639165,-2.098899200000012],[-58.16849340000001,-2.091263],[-58.1752164,-2.092238800000068],[-58.1875055,-2.11513960000007],[-58.1721412,-2.118027],[-58.1608515,-2.131549800000051],[-58.1518373,-2.135077900000045],[-58.1433116,-2.1321295],[-58.1370327,-2.1192564],[-58.1293474,-2.123719200000057],[-58.1398723,-2.164241099999982],[-58.1173467,-2.198413300000012],[-58.1138326,-2.219873300000069],[-58.0331499,-2.2250473],[-58.0303145,-2.234672100000057],[-58.0131806,-2.250371700000052],[-58.0097435,-2.258734800000076],[-57.99856,-2.265545800000034],[-57.9821403,-2.291377],[-57.976789,-2.30812020000001],[-57.9778467,-2.319509799999988],[-57.9817432,-2.3216223],[-57.9772662,-2.327010399999939],[-57.9769474,-2.342202199999945],[-57.9857467,-2.371964200000031],[-57.9814452,-2.405824],[-57.8924447,-2.406109899999984],[-57.8859784,-2.421619599999935],[-57.8618296,-2.45148229999997],[-57.8592364,-2.468925299999946],[-57.8390776,-2.484013100000054],[-57.839989,-2.497870600000052],[-57.8343684,-2.511933],[-57.8201772,-2.524270600000027],[-57.8156704,-2.534741100000043],[-57.8110619,-2.53080320000006],[-57.766851,-2.540399200000022],[-57.7896652,-2.555648400000019],[-57.8039704,-2.578425499999948],[-57.8266901,-2.596026199999933],[-57.8828678,-2.611309300000029],[-57.889021,-2.60890009999993],[-57.8561198,-2.5890032],[-57.8521558,-2.580695799999959],[-57.8884241,-2.5770273],[-57.9232492,-2.581193199999957],[-57.9812008,-2.60143480000003],[-57.9827949,-2.609405699999978],[-57.9739648,-2.614782400000011],[-57.972381,-2.621431099999985],[-57.9735293,-2.635404399999941],[-57.9795028,-2.641105800000072],[-58.0107235,-2.648167799999936]]]}},{"type":"Feature","properties":{"CD_MUN":"1303106","NM_MUN":"Nova Olinda do Norte","SIGLA_UF":"AM","CodigoIBGE":"1303106","SubRegiaoNumero":8,"CalhaSubRegiao":"Região do Médio Amazonas"},"geometry":{"type":"Polygon","coordinates":[[[-59.0549123,-3.962811299999987],[-59.0811377,-3.9643989],[-59.0955572,-3.993003],[-59.1146008,-3.967248100000047],[-59.1304198,-3.970586],[-59.1447452,-3.9666151],[-59.1547025,-3.972638199999974],[-59.1782712,-3.96671060000003],[-59.1986825,-3.967984300000042],[-59.20000240000001,-3.955975799999985],[-59.21158650000001,-3.9602976],[-59.2144287,-3.955831099999971],[-59.1723393,-3.9437362],[-59.1481653,-3.922145900000032],[-59.2082255,-3.92007439999997],[-59.1843311,-3.904040799999952],[-59.1710912,-3.888811199999956],[-59.1372177,-3.884898199999983],[-59.09589,-3.869797699999977],[-59.0533123,-3.806531499999977],[-59.0509151,-3.785867200000046],[-59.0546261,-3.765407300000033],[-59.1016476,-3.698958899999971],[-59.0996393,-3.691052700000036],[-59.0047616,-3.609669400000049],[-58.9853814,-3.607309],[-58.9680873,-3.596062499999945],[-58.9268152,-3.551588],[-58.9171927,-3.547584100000019],[-58.90650020000001,-3.573271399999959],[-58.9084462,-3.586870500000026],[-58.9215847,-3.5973456],[-58.91964020000001,-3.6136529],[-58.90879910000001,-3.6122791],[-58.8998696,-3.618128699999962],[-58.8718471,-3.6028941],[-58.788316,-3.614271500000037],[-58.7752501,-3.602327],[-58.7514469,-3.591174],[-58.7372441,-3.592437900000041],[-58.7328719,-3.5974104],[-58.7224936,-3.5973806],[-58.7063795,-3.611962300000013],[-58.699998,-3.646625599999974],[-58.6934217,-3.657559199999977],[-58.6845296,-3.6567003],[-58.6793347,-3.664770400000036],[-58.6558154,-3.658278800000046],[-58.6464817,-3.628753399999963],[-58.6333954,-3.622277800000041],[-58.6222797,-3.623930599999989],[-58.6105987,-3.638433299999952],[-58.5745399,-3.64904519999997],[-58.5733126,-3.6543324],[-58.5601389,-3.664132300000036],[-58.5612154,-3.67443330000002],[-58.5527563,-3.685858700000029],[-58.51704,-3.713700300000029],[-58.5125989,-3.728934599999954],[-58.5148354,-3.743250599999977],[-58.5081281,-3.7542257],[-58.4872255,-3.748227299999948],[-58.4645132,-3.752165600000015],[-58.4687952,-3.7337057],[-58.4585105,-3.720171],[-58.4566779,-3.7062893],[-58.4464694,-3.705531399999969],[-58.437718,-3.721262600000026],[-58.4245236,-3.728003],[-58.419238,-3.7240114],[-58.4162946,-3.707332599999988],[-58.4039624,-3.692940599999956],[-58.3979071,-3.67470929999996],[-58.3743768,-3.676303599999986],[-58.3720575,-3.637325400000013],[-58.36425830000001,-3.6252602],[-58.3428882,-3.611073400000052],[-58.3550741,-3.6001641],[-58.3542473,-3.584859300000026],[-58.3372624,-3.581080699999982],[-58.2980506,-3.596988299999949],[-58.287273,-3.586823799999971],[-58.2820171,-3.597429900000059],[-58.2739179,-3.601309800000017],[-58.2587732,-3.602782899999955],[-58.2366413,-3.612089900000027],[-58.2256593,-3.609789],[-58.2307712,-3.627172299999981],[-58.2282937,-3.651334699999957],[-58.2011372,-3.666573899999953],[-58.2002127,-3.680995600000013],[-58.213344,-3.697327400000029],[-58.2541446,-3.687336899999988],[-58.2964466,-3.694373],[-58.30915,-3.750556399999987],[-58.2990728,-3.7634821],[-58.3053241,-3.771632],[-58.29228770000001,-3.77762219999997],[-58.290522,-3.8056132],[-58.2862988,-3.812844100000023],[-58.2919333,-3.824786],[-58.3028578,-3.823985100000017],[-58.3149943,-3.8322828],[-58.3146506,-3.839977600000038],[-58.3226903,-3.8393016],[-58.317054,-3.845221899999961],[-58.3215959,-3.850007700000048],[-58.3201644,-3.856181899999989],[-58.3263943,-3.867643099999972],[-58.340842,-3.872417],[-58.345576,-3.878982500000043],[-58.3439924,-3.886187899999962],[-58.3620285,-3.889438799999983],[-58.3652246,-3.886407400000027],[-58.39538,-3.896609],[-58.4080251,-3.8950485],[-58.4196521,-3.913561500000048],[-58.4253498,-3.9118053],[-58.4280938,-3.915955299999977],[-58.4414053,-3.911096800000032],[-58.4561168,-3.918359],[-58.46647629999999,-3.9293007],[-58.4592381,-3.9339744],[-58.4643863,-3.9418887],[-58.4571514,-3.958558199999971],[-58.4321402,-3.966811800000013],[-58.4300925,-3.97320979999997],[-58.4346444,-3.99028730000004],[-58.4157654,-3.983587599999973],[-58.4226921,-3.997102300000048],[-58.4118343,-3.99943359999998],[-58.406036,-3.995027],[-58.4012582,-4.010677500000022],[-58.393438,-4.012629199999985],[-58.39324280000001,-4.017229499999971],[-58.3843699,-4.008927599999971],[-58.384437,-4.022161699999979],[-58.3788327,-4.019478100000025],[-58.3798341,-4.0272388],[-58.3736878,-4.038162100000013],[-58.3552519,-4.0491153],[-58.3555562,-4.057950900000029],[-58.3460476,-4.057798499999959],[-58.3484828,-4.068413699999982],[-58.3356334,-4.074163799999964],[-58.3331179,-4.093067100000013],[-58.3228378,-4.098127],[-58.3208055,-4.107216599999966],[-58.3140516,-4.1093484],[-58.3084475,-4.1178186],[-58.3125966,-4.1317861],[-58.32275880000001,-4.135479499999951],[-58.3210838,-4.141950400000031],[-58.30620660000001,-4.156195399999977],[-58.28061120000001,-4.162556900000029],[-58.2794107,-4.1756678],[-58.27111,-4.177332],[-58.2692345,-4.194484],[-58.2577682,-4.2013329],[-58.2596959,-4.2092728],[-58.2518756,-4.2281955],[-58.2379395,-4.233481600000032],[-58.2277753,-4.227539600000028],[-58.21935520000001,-4.231734100000037],[-58.2053034,-4.2167576],[-58.198713,-4.2225194],[-58.183608,-4.217606],[-58.1622941,-4.227695],[-58.15535340000001,-4.240106199999966],[-58.1195869,-4.370781699999974],[-58.128002,-4.365191400000034],[-58.14380890000001,-4.36680530000002],[-58.1517079,-4.363386499999975],[-58.1538987,-4.371058],[-58.1711559,-4.361138399999969],[-58.1759885,-4.363521899999961],[-58.1746536,-4.37109740000002],[-58.1793788,-4.372413],[-58.196451,-4.348750500000037],[-58.2093481,-4.360981199999961],[-58.2211986,-4.35905359999996],[-58.2269398,-4.366834],[-58.2258634,-4.38066840000003],[-58.2422165,-4.3826509],[-58.2553972,-4.378928],[-58.2681092,-4.398749400000025],[-58.2803149,-4.394983399999962],[-58.2932997,-4.413368100000033],[-58.2941893,-4.427575],[-58.324681,-4.442159199999965],[-58.3395407,-4.4416194],[-58.351752,-4.45129149999998],[-58.3566827,-4.464559],[-58.3845684,-4.460736700000026],[-58.3852203,-4.474581],[-58.3960965,-4.5032953],[-58.4143958,-4.5016396],[-58.4204375,-4.493283],[-58.4386622,-4.506691600000017],[-58.4518683,-4.50249349999997],[-58.4622551,-4.50448290000003],[-58.4647727,-4.495274600000038],[-58.4757004,-4.4890274],[-58.4896062,-4.491556799999979],[-58.5015072,-4.472262900000027],[-58.5085684,-4.469740199999986],[-58.5272283,-4.476632599999969],[-58.55229820000001,-4.4940191],[-58.5938002,-4.459331],[-58.6080685,-4.460271699999968],[-58.6236087,-4.470848200000027],[-58.6379685,-4.467337700000019],[-58.6474012,-4.453078799999987],[-58.6329846,-4.452795899999975],[-58.6303674,-4.43133680000002],[-58.6525751,-4.39010889999998],[-58.64712140000001,-4.3683447],[-58.6519801,-4.343176100000013],[-58.6155763,-4.289714400000014],[-58.6152989,-4.273528299999984],[-58.6237632,-4.259878800000036],[-58.6509162,-4.266960200000027],[-58.6572674,-4.263761699999963],[-58.66156620000001,-4.237159],[-58.6891261,-4.201758600000036],[-58.6899181,-4.1877592],[-58.6786531,-4.151759499999979],[-58.69771990000001,-4.117409600000017],[-58.7409557,-4.086798399999958],[-58.7730315,-4.0739359],[-58.7882062,-4.036088600000041],[-58.8190381,-4.007518200000021],[-58.8195037,-3.987734],[-58.799611,-3.955580600000018],[-58.7867353,-3.918960499999988],[-58.7751312,-3.904185500000022],[-58.7985464,-3.908631800000037],[-58.8155828,-3.874338799999963],[-58.8461867,-3.8755097],[-58.8467931,-3.865673199999955],[-58.8393565,-3.8557488],[-58.8429977,-3.849224699999981],[-58.862401,-3.8568817],[-58.8783481,-3.852292199999979],[-58.8849112,-3.857309500000051],[-58.89875580000001,-3.89029470000001],[-58.9118547,-3.906448199999978],[-58.9205516,-3.909001700000035],[-58.9375448,-3.8969043],[-58.9670403,-3.88731719999998],[-58.9922961,-3.891943800000029],[-58.9979614,-3.898146300000031],[-58.9928917,-3.916102700000042],[-59.0000837,-3.932807299999985],[-59.0098081,-3.937812199999982],[-59.0238962,-3.93058909999997],[-59.0414058,-3.954173900000052],[-59.0549123,-3.962811299999987]]]}},{"type":"Feature","properties":{"CD_MUN":"1304401","NM_MUN":"Urucurituba","SIGLA_UF":"AM","CodigoIBGE":"1304401","SubRegiaoNumero":8,"CalhaSubRegiao":"Região do Médio Amazonas"},"geometry":{"type":"Polygon","coordinates":[[[-58.0816537,-3.188095300000021],[-58.1925546,-3.18793750000005],[-58.1929398,-3.169265100000052],[-58.1828826,-3.154143400000037],[-58.1738034,-3.1243416],[-58.1690449,-3.053589400000012],[-58.1771352,-3.0352467],[-58.1622197,-3.018867799999978],[-58.1476858,-2.986830099999946],[-58.1298278,-2.915419199999965],[-58.1019338,-2.877941800000027],[-58.1104152,-2.859197800000029],[-58.1007433,-2.844163099999977],[-58.0704244,-2.820938600000036],[-58.04015,-2.807516500000034],[-57.9914321,-2.805828499999984],[-57.9582051,-2.796778099999949],[-57.9171597,-2.758055800000029],[-57.8789647,-2.7511492],[-57.836996,-2.757681500000034],[-57.782378,-2.7291428],[-57.7525973,-2.697083],[-57.7151078,-2.667844099999964],[-57.6236437,-2.533478300000044],[-57.611873,-2.496030699999988],[-57.5919775,-2.457284200000049],[-57.3522699,-2.455862699999947],[-57.3171356,-2.5085982],[-57.44975,-2.60531370000001],[-57.438323,-2.614248],[-57.4414573,-2.623698900000066],[-57.4316967,-2.640778699999943],[-57.448306,-2.660345],[-57.4498208,-2.6736179],[-57.4583295,-2.677615600000049],[-57.4584391,-2.69132060000001],[-57.4505211,-2.69690969999997],[-57.4420113,-2.693856899999957],[-57.428749,-2.7094303],[-57.4217989,-2.7042596],[-57.4174299,-2.719875499999969],[-57.4191155,-2.739387599999962],[-57.4373578,-2.7395912],[-57.4664745,-2.751564100000051],[-57.48946260000001,-2.776272799999953],[-57.4939252,-2.807204799999955],[-57.5190888,-2.811663599999962],[-57.53684959999999,-2.831025499999977],[-57.5553312,-2.824247700000025],[-57.5759228,-2.837039299999984],[-57.6022525,-2.891433499999982],[-57.6310091,-2.9135615],[-57.646238,-2.941639],[-57.6644425,-2.943605800000016],[-57.6758299,-2.937731299999989],[-57.6774546,-2.943416700000014],[-57.6947313,-2.950036299999969],[-57.6980413,-2.947981599999978],[-57.7039458,-2.956245300000036],[-57.7081623,-2.952946600000032],[-57.7124084,-2.964651899999945],[-57.7169258,-2.9609428],[-57.7393626,-2.9616574],[-57.7438807,-2.956658099999967],[-57.7578253,-2.98281],[-57.7789144,-2.99220050000005],[-57.792505,-2.984965899999958],[-57.7959126,-2.973548399999982],[-57.8175782,-2.955205900000033],[-57.8343494,-2.96300280000003],[-57.8718956,-2.965134100000045],[-57.8820951,-2.959745299999943],[-57.8855364,-2.949380699999961],[-57.9928734,-3.1338323],[-58.013149,-3.14910170000004],[-58.0209618,-3.17524209999998],[-58.0419911,-3.201667199999962],[-58.0430698,-3.2105747],[-58.0658519,-3.21512990000004],[-58.0816537,-3.188095300000021]],[[-57.7619141,-2.708698499999952],[-57.7777223,-2.7315291],[-57.7659859,-2.733182100000044],[-57.75171490000001,-2.728221799999985],[-57.723315,-2.677760600000036],[-57.73516,-2.6835235],[-57.7619141,-2.708698499999952]]]}},{"type":"Feature","properties":{"CD_MUN":"1301852","NM_MUN":"Iranduba","SIGLA_UF":"AM","CodigoIBGE":"1301852","SubRegiaoNumero":7,"CalhaSubRegiao":"Região do Rio Negro/Solimões"},"geometry":{"type":"Polygon","coordinates":[[[-60.072297,-3.147837399999984],[-60.0743387,-3.159061299999952],[-60.0705845,-3.162345900000018],[-60.0541186,-3.1679476],[-60.0406165,-3.159068799999949],[-60.0234229,-3.1746458],[-59.9923629,-3.189777200000063],[-59.9861714,-3.196971799999964],[-60.0039262,-3.199526900000025],[-59.9914006,-3.210992099999981],[-60.0000287,-3.212785399999957],[-59.994466,-3.222208799999973],[-59.9707834,-3.213656300000046],[-59.9633664,-3.208022100000031],[-59.9607243,-3.199718299999983],[-59.9534462,-3.2027837],[-59.9438391,-3.174864899999942],[-59.9352862,-3.170566600000043],[-59.9332521,-3.16144910000004],[-59.9173648,-3.152011699999985],[-59.9069985,-3.137799800000053],[-59.8954691,-3.156989799999978],[-59.8926714,-3.177396799999938],[-59.8954221,-3.22685649999998],[-59.9100915,-3.2651573],[-59.944797,-3.284227900000034],[-60.0315282,-3.298418600000039],[-60.1191973,-3.3416407],[-60.1519192,-3.350618699999955],[-60.177799,-3.3506647],[-60.1825361,-3.354506799999969],[-60.1914716,-3.350927500000014],[-60.219695,-3.361617800000023],[-60.2319071,-3.360015599999957],[-60.2501391,-3.353760699999979],[-60.2763788,-3.333233599999976],[-60.3155515,-3.312519699999988],[-60.354654,-3.3055764],[-60.3105758,-3.2695909],[-60.31896780000001,-3.23590139999997],[-60.328358,-3.236613899999939],[-60.3308233,-3.242644199999979],[-60.3397274,-3.235585700000044],[-60.3446953,-3.223885399999975],[-60.3423315,-3.2041955],[-60.3525232,-3.200852700000013],[-60.3560938,-3.181163300000049],[-60.3745712,-3.166534],[-60.3786648,-3.1483816],[-60.3672575,-3.1331873],[-60.4590086,-3.117275200000021],[-60.5335033,-3.116340299999965],[-60.5478901,-3.124076900000031],[-60.5862811,-3.115679],[-60.6140653,-3.1304566],[-60.6825719,-3.144201799999951],[-60.6785281,-3.164033800000039],[-60.6870134,-3.154414100000044],[-60.6894564,-3.133238199999937],[-60.7179805,-3.104304899999955],[-60.7632854,-3.092824900000056],[-60.7857511,-3.099436899999934],[-60.8103087,-3.099301199999978],[-60.81936480000001,-3.083501500000013],[-60.8320192,-3.082123899999972],[-60.8543743,-3.06490950000004],[-60.8606267,-3.049559400000053],[-60.8688662,-3.046597899999965],[-60.8741222,-3.052606299999941],[-60.8877872,-3.044590100000033],[-60.9017848,-3.052852399999972],[-60.9088425,-3.048973500000022],[-60.9178707,-3.02757419999997],[-60.9380655,-3.0161688],[-60.9475654,-3.0033667],[-60.9836792,-3.005616599999951],[-60.9905719,-3.000303399999981],[-60.9947023,-2.987960399999985],[-60.9773197,-2.977495],[-60.978865,-2.940122],[-60.9616173,-2.927885900000017],[-60.9845681,-2.886259599999962],[-60.983785,-2.865570399999946],[-60.9781227,-2.858865],[-60.942034,-2.842094199999951],[-60.9135681,-2.8118731],[-60.8732454,-2.82097],[-60.8625807,-2.837511900000056],[-60.8520055,-2.84134840000006],[-60.8127008,-2.828873800000013],[-60.7871472,-2.830234700000014],[-60.7564315,-2.821788299999942],[-60.7055924,-2.861886],[-60.701485,-2.879317900000027],[-60.6646148,-2.914171500000068],[-60.65253830000001,-2.935902199999975],[-60.6340383,-2.945481],[-60.6206438,-2.965458800000033],[-60.6000129,-2.982446199999946],[-60.5821735,-3.024087299999978],[-60.5685627,-3.03313770000002],[-60.5445661,-3.0350349],[-60.5050936,-3.062114],[-60.5005381,-3.073401399999952],[-60.5145632,-3.07488859999997],[-60.5191446,-3.081320199999986],[-60.5053395,-3.092151],[-60.4696215,-3.090267099999966],[-60.4573189,-3.079998500000027],[-60.4552889,-3.064109400000063],[-60.4545673,-3.078128],[-60.4455058,-3.090683],[-60.4307882,-3.095212499999958],[-60.3827297,-3.098081799999956],[-60.3667854,-3.093271],[-60.3288945,-3.100956100000026],[-60.3152899,-3.094565199999975],[-60.3122871,-3.079724500000042],[-60.3040916,-3.079881699999961],[-60.2940331,-3.084183099999963],[-60.2901706,-3.09873339999997],[-60.26256020000001,-3.082604700000051],[-60.2462557,-3.079886399999946],[-60.2020121,-3.095152700000028],[-60.1688603,-3.127652499999959],[-60.1445107,-3.130846],[-60.1406699,-3.137592500000051],[-60.1126108,-3.150201899999965],[-60.0970047,-3.149074800000023],[-60.0934497,-3.136189399999944],[-60.0858225,-3.127688],[-60.072297,-3.147837399999984]]]}},{"type":"Feature","properties":{"CD_MUN":"1301001","NM_MUN":"Carauari","SIGLA_UF":"AM","CodigoIBGE":"1301001","SubRegiaoNumero":4,"CalhaSubRegiao":"Região do Juruá"},"geometry":{"type":"Polygon","coordinates":[[[-66.2053608,-4.573907699999976],[-66.1959783,-4.594975899999969],[-66.1996514,-4.638915599999971],[-66.2109544,-4.652264099999977],[-66.2385085,-4.66818459999998],[-66.242265,-4.6751592],[-66.2456533,-4.683784700000032],[-66.2426234,-4.7086755],[-66.2515901,-4.761049300000029],[-66.2624051,-4.775822599999977],[-66.3193746,-4.7907461],[-66.3398157,-4.804752899999967],[-66.3545146,-4.82502519999997],[-66.36318,-4.828001],[-66.3874847,-4.824333099999981],[-66.4086221,-4.8543223],[-66.460707,-4.8921235],[-66.4725986,-4.91497029999998],[-66.4916798,-4.9215832],[-66.5241545,-4.944972800000022],[-66.5482646,-4.989302699999984],[-66.5631757,-5.000746],[-66.5646253,-5.010763200000026],[-66.5799565,-5.0283072],[-66.5931497,-5.0609509],[-66.6183166,-5.082567300000016],[-66.6340129,-5.084413100000019],[-66.6571258,-5.0690565],[-66.7088984,-5.055830100000024],[-66.7238913,-5.058254],[-66.7637102,-5.0784269],[-66.7739038,-5.093374099999957],[-66.7802052,-5.130294400000034],[-66.7909325,-5.152202599999976],[-66.8155998,-5.162148800000018],[-66.8229632,-5.1798471],[-66.839083,-5.193598299999975],[-66.8597146,-5.1987117],[-66.8684225,-5.205233199999976],[-66.8724443,-5.2147907],[-66.8817474,-5.215056599999969],[-66.9004639,-5.2514025],[-66.9010145,-5.2596052],[-66.9095746,-5.263746],[-66.9259554,-5.258837599999974],[-66.9333798,-5.261349600000023],[-66.9384026,-5.277549699999978],[-66.9316531,-5.303136099999983],[-66.9333763,-5.3197198],[-66.9541274,-5.3331158],[-66.9572949,-5.3567593],[-66.9677626,-5.368469],[-66.9744552,-5.384311899999972],[-66.9581868,-5.419878800000011],[-66.976625,-5.444409],[-66.9796,-5.452477799999976],[-66.9772674,-5.46842979999997],[-66.9837928,-5.475321],[-66.9912647,-5.499477599999985],[-67.00568,-5.505194299999985],[-67.021826,-5.49932180000003],[-67.0390711,-5.522339799999969],[-67.0876016,-5.561948900000027],[-67.1110164,-5.573837799999972],[-67.1186879,-5.588076199999981],[-67.121154,-5.6255649],[-67.1660413,-5.623461100000015],[-67.1655176,-5.63213590000002],[-67.1824929,-5.6373051],[-67.1974877,-5.6474182],[-67.2059093,-5.660970299999972],[-67.2057125,-5.68636329999998],[-67.2029058,-5.694287],[-67.1815465,-5.7081586],[-67.17999,-5.7165126],[-67.2234077,-5.75047],[-67.2652959,-5.818791600000015],[-67.293301,-5.8518646],[-67.3046903,-5.840605],[-67.3095783,-5.806253699999984],[-67.3160201,-5.799993100000022],[-67.3323756,-5.798077800000031],[-67.3743256,-5.814189899999984],[-67.3887766,-5.824730699999973],[-67.3887376,-5.8332213],[-67.3763533,-5.860360699999989],[-67.35796,-5.8778284],[-67.3559668,-5.886136599999976],[-67.3660212,-5.900961499999974],[-67.4011601,-5.908725899999988],[-67.4329657,-5.922647499999984],[-67.4405247,-5.922154],[-67.445822,-5.914992899999984],[-67.4442674,-5.898406800000012],[-67.4479386,-5.890819700000018],[-67.50057490000002,-5.892292599999989],[-67.5292178,-5.911657500000017],[-67.5449942,-5.912577099999986],[-67.5621866,-5.944202299999983],[-67.568988,-5.9709511],[-67.565848,-5.988678899999976],[-67.5726265,-5.992759],[-67.5882969,-5.991078099999986],[-67.6141838,-5.971035],[-67.6296065,-5.951335199999988],[-67.6511594,-5.937585900000021],[-67.6594966,-5.9353792],[-67.6746925,-5.94439250000002],[-67.6993256,-5.945310099999976],[-67.7049673,-5.9619741],[-67.7028278,-5.997664299999976],[-67.6921861,-6.02475190000001],[-67.6854925,-6.0304126],[-67.6778279,-6.028162500000033],[-67.6710211,-6.034099799999987],[-67.6692396,-6.043590500000013],[-68.3054956,-6.050925099999986],[-68.2980795,-6.0077879],[-68.3083254,-5.9850154],[-68.3128027,-5.9586064],[-68.3107169,-5.9497638],[-68.2984975,-5.938611600000017],[-68.29585620000002,-5.922296499999974],[-68.2661587,-5.907409700000022],[-68.2472761,-5.9245889],[-68.2305248,-5.9300342],[-68.2146889,-5.925224199999972],[-68.2102729,-5.918084400000022],[-68.215493,-5.894002499999977],[-68.2107422,-5.860915100000012],[-68.2247754,-5.822882],[-68.21868679999999,-5.805891699999965],[-68.238022,-5.769726700000033],[-68.2496913,-5.757657399999984],[-68.2416016,-5.7349927],[-68.2294379,-5.7192519],[-68.22854870000002,-5.6936383],[-68.2320794,-5.686436600000031],[-68.2816021,-5.653774899999984],[-68.276048,-5.6381923],[-68.2561598,-5.618711499999984],[-68.2341319,-5.587392800000023],[-68.2410259,-5.582114700000012],[-68.2590498,-5.581884800000029],[-68.2732435,-5.575020200000034],[-68.2742754,-5.567029100000013],[-68.2603286,-5.521026],[-68.26093940000001,-5.51275249999997],[-68.2743793,-5.5030537],[-68.2707143,-5.495294],[-68.2538248,-5.491902600000028],[-68.2363562,-5.4742904],[-68.2203572,-5.478204400000022],[-68.2065741,-5.4678489],[-68.2050473,-5.458669799999977],[-68.2181629,-5.4485733],[-68.219242,-5.440465199999961],[-68.2094098,-5.397581100000024],[-68.2228249,-5.3673151],[-68.2045795,-5.299786400000029],[-68.1952719,-5.282116100000038],[-68.2008278,-5.220625499999972],[-68.1898499,-5.1979148],[-68.1698827,-5.1811541],[-68.1698251,-5.154856300000032],[-68.160579,-5.1392321],[-68.1344109,-5.1164071],[-68.1135255,-5.087232299999974],[-68.0978852,-5.081234500000023],[-68.0921906,-5.047181400000012],[-68.0851885,-5.0425955],[-68.0775742,-5.045769100000029],[-68.0624698,-5.0668553],[-68.048742,-5.059897600000028],[-68.0410199,-5.033494599999982],[-68.0426304,-5.015132],[-68.0490175,-5.000736900000029],[-68.0459615,-4.985387299999982],[-68.02899849999999,-4.966271],[-67.9975158,-4.947920600000018],[-68.0044085,-4.918548],[-67.9939916,-4.889958700000022],[-67.9947129,-4.8810458],[-68.0070967,-4.870501699999982],[-68.0074931,-4.8627896],[-67.9932409,-4.842340100000033],[-67.9979649,-4.792636499999989],[-67.9891564,-4.777808099999971],[-67.9833547,-4.7549017],[-67.9768759,-4.750207200000023],[-67.9687982,-4.7498294],[-67.9627963,-4.7552707],[-67.9511273,-4.77698030000004],[-67.9447427,-4.781340700000027],[-67.9279883,-4.778552899999963],[-67.925187,-4.787877800000033],[-67.9127926,-4.7775066],[-67.8893547,-4.783452899999975],[-67.8728219,-4.7804296],[-67.8609866,-4.769203],[-67.8484085,-4.722490400000022],[-67.8193507,-4.6856898],[-67.7928776,-4.665918199999987],[-67.761874,-4.6521439],[-67.7101281,-4.59769159999998],[-67.6813487,-4.580042799999967],[-67.649241,-4.571482],[-67.6211305,-4.588460799999964],[-67.6035459,-4.590317599999986],[-67.5763744,-4.547262],[-67.569852,-4.5427803],[-67.5441303,-4.538472300000037],[-67.4969346,-4.539650500000018],[-67.4768734,-4.512930900000021],[-67.4453236,-4.504464199999981],[-67.4225674,-4.508163800000015],[-67.41056,-4.516239400000031],[-67.4068273,-4.5144353],[-67.3778181,-4.54385420000001],[-67.3562401,-4.554733],[-67.3580104,-4.548073700000012],[-67.3540047,-4.544154599999987],[-67.3602251,-4.537636900000041],[-67.351427,-4.532524299999963],[-67.3528683,-4.5217862],[-67.33650719999999,-4.522806300000013],[-67.3415659,-4.5159051],[-67.3315892,-4.515806099999973],[-67.3279876,-4.523046500000033],[-67.320432,-4.526379599999965],[-67.3204215,-4.520334],[-67.3150087,-4.522287800000025],[-67.3079743,-4.511908299999982],[-67.3103016,-4.5066432],[-67.3015946,-4.504503299999982],[-67.2967475,-4.507548400000023],[-67.3002608,-4.5004714],[-67.2965011,-4.492258300000023],[-67.2861964,-4.489154499999978],[-67.2974671,-4.4841992],[-67.2917427,-4.478854700000015],[-67.2993001,-4.4791261],[-67.2894388,-4.472939900000028],[-67.2798768,-4.4782554],[-67.2824993,-4.467813399999963],[-67.2687467,-4.456732100000026],[-67.2707477,-4.448113800000014],[-67.2570071,-4.453167300000037],[-67.25555180000002,-4.459313499999988],[-67.250408,-4.456570400000015],[-67.2423925,-4.462390299999976],[-67.2374457,-4.4686588],[-67.24137,-4.4740202],[-67.2253952,-4.475343400000027],[-67.2162047,-4.481114399999966],[-67.2076127,-4.475303],[-67.1953488,-4.4833451],[-67.183051,-4.481641699999983],[-67.1761097,-4.4861288],[-67.1733181,-4.477366],[-67.1631027,-4.4859763],[-67.1592903,-4.482039],[-67.1493422,-4.482938300000042],[-67.1469617,-4.493114800000029],[-67.1379191,-4.491211200000034],[-67.138739,-4.4882381],[-67.1283916,-4.482116199999954],[-67.1211594,-4.4867227],[-67.1185999,-4.4827892],[-67.1135186,-4.485211799999954],[-67.1133779,-4.480273200000028],[-67.1032797,-4.4829962],[-67.0985595,-4.4796224],[-67.094974,-4.487004399999988],[-67.0885843,-4.482291899999989],[-67.0743801,-4.487216700000012],[-67.0722061,-4.484071299999968],[-67.067334,-4.4897423],[-67.063629,-4.484469300000013],[-67.0632447,-4.491805500000021],[-67.0586734,-4.4853171],[-67.0559131,-4.490059499999956],[-67.04845579999999,-4.490109499999967],[-67.0482074,-4.494924599999975],[-67.0535342,-4.496578],[-67.0492981,-4.496331400000012],[-67.0493247,-4.505803100000021],[-67.0380044,-4.5056423],[-67.0335229,-4.513881500000032],[-67.0306179,-4.510222900000022],[-67.0235202,-4.511779],[-67.0227568,-4.507139199999982],[-66.8993913,-4.481869199999973],[-66.9018583,-4.469019299999979],[-66.89737550000001,-4.464449499999968],[-66.9002853,-4.456686599999952],[-66.8975212,-4.457099800000013],[-66.900386,-4.453652],[-66.8952871,-4.4488162],[-66.895914,-4.436887100000013],[-66.8900795,-4.435062899999955],[-66.8919314,-4.4294722],[-66.8873859,-4.427640099999976],[-66.8845749,-4.418433899999978],[-66.8883327,-4.4126735],[-66.8879355,-4.398287500000023],[-66.8942062,-4.390727700000013],[-66.8891204,-4.377684299999963],[-66.9006059,-4.354618900000014],[-66.9074985,-4.35355460000001],[-66.9072868,-4.341896899999984],[-66.9095234,-4.346503100000032],[-66.9170372,-4.338406399999983],[-66.9146507,-4.336148099999965],[-66.9186192,-4.336870799999955],[-66.9212644,-4.3305574],[-66.9180557,-4.323858600000013],[-66.9254834,-4.320580400000015],[-66.9269134,-4.3177434],[-66.9234072,-4.320210399999961],[-66.9250842,-4.315805899999971],[-66.9206257,-4.314634600000014],[-66.9317505,-4.302612399999956],[-66.9320944,-4.2956378],[-65.9501758,-4.294642299999969],[-66.0594244,-4.4008684],[-66.0831174,-4.4011028],[-66.100516,-4.3954738],[-66.1250686,-4.4036737],[-66.145622,-4.4189127],[-66.1507945,-4.424917200000018],[-66.1532952,-4.444160500000025],[-66.1670088,-4.453367799999977],[-66.1880531,-4.481653699999987],[-66.2105417,-4.4924258],[-66.2139543,-4.509349199999964],[-66.20162089999998,-4.535068899999959],[-66.2053608,-4.573907699999976]]]}},{"type":"Feature","properties":{"CD_MUN":"1302306","NM_MUN":"Jutaí","SIGLA_UF":"AM","CodigoIBGE":"1302306","SubRegiaoNumero":2,"CalhaSubRegiao":"Região do Triângulo Jutaí/Solimões/Juruá"},"geometry":{"type":"Polygon","coordinates":[[[-66.5640863,-2.831636800000026],[-66.5565925,-2.85208],[-66.5597089,-2.871167499999981],[-66.5700344,-2.886538],[-66.600062,-2.898599099999981],[-66.6216681,-2.941886099999957],[-66.6196581,-2.95566830000005],[-66.5961203,-2.97835479999998],[-66.5889504,-3.00119719999998],[-66.5966112,-3.0173835],[-66.6103926,-3.029463],[-66.6182594,-3.051923700000025],[-66.6122957,-3.080303],[-66.5959901,-3.0978089],[-66.5923138,-3.115091600000045],[-66.5977032,-3.140721300000024],[-66.6046935,-3.141992499999977],[-66.6038363,-3.137596499999942],[-66.6095603,-3.144410600000012],[-66.6116062,-3.140330399999943],[-66.6149361,-3.144736699999974],[-66.6212121,-3.1408824],[-66.6241847,-3.144019700000031],[-66.6275234,-3.133772],[-66.6468648,-3.146714100000036],[-66.6521461,-3.144363900000038],[-66.6555376,-3.151838900000035],[-66.6601433,-3.147964200000039],[-66.6694686,-3.151390399999932],[-66.6733049,-3.14773789999998],[-66.687647,-3.155448399999958],[-66.6891719,-3.16059580000003],[-66.6990641,-3.162255300000014],[-66.7002711,-3.158842500000014],[-66.6997122,-3.163372100000034],[-66.7086504,-3.162162499999962],[-66.7108837,-3.1566912],[-66.7209966,-3.158485200000035],[-66.7200138,-3.1553351],[-66.724405,-3.1540693],[-66.7233613,-3.157050699999967],[-66.7272513,-3.155291399999952],[-66.7306584,-3.158893399999968],[-66.7297393,-3.1559199],[-66.7363323,-3.152732499999987],[-66.7506394,-3.1637992],[-66.7571121,-3.1649508],[-66.7625408,-3.158778099999969],[-66.7727012,-3.1684945],[-66.7870021,-3.149959400000036],[-66.8014652,-3.141429099999975],[-66.8120558,-3.144670699999974],[-66.8203383,-3.1402855],[-66.830312,-3.142970300000021],[-66.8543781,-3.135094799999989],[-66.8839275,-3.145254],[-66.8857513,-3.150741699999986],[-66.9068733,-3.165799299999963],[-66.9072187,-3.176803899999958],[-66.923297,-3.2098494],[-66.9251589,-3.225885],[-66.9377624,-3.245358800000045],[-66.9347111,-3.27838149999996],[-66.94171,-3.303744700000048],[-66.9674283,-3.327506899999989],[-66.9905398,-3.334475200000038],[-66.9965378,-3.348945099999967],[-66.9926796,-3.373066700000021],[-67.0236812,-3.393635399999952],[-67.0326197,-3.40826669999996],[-67.0347862,-3.423566200000036],[-67.0269872,-3.483832499999957],[-67.0335398,-3.5113997],[-67.0281547,-3.529043699999974],[-66.9982603,-3.54864],[-66.9467308,-3.553757599999981],[-66.9103804,-3.57756709999995],[-66.9234553,-3.625039300000015],[-66.935732,-3.637964700000042],[-66.9415133,-3.655434599999976],[-66.9740424,-3.682144099999953],[-66.9892924,-3.707745100000011],[-66.987293,-3.725726599999954],[-66.976681,-3.747643199999973],[-66.9797324,-3.775718],[-66.9727032,-3.7913594],[-66.9695902,-3.852860599999955],[-66.9710418,-3.861039599999964],[-66.988539,-3.855303599999986],[-66.9961958,-3.858794],[-66.999562,-3.869350299999972],[-67.0102655,-3.878547199999989],[-67.0120695,-3.891962499999973],[-67.0093287,-3.9025769],[-66.984446,-3.9303738],[-66.9792922,-3.9491788],[-66.9856843,-3.97630719999998],[-66.9959051,-3.986660899999987],[-67.0058019,-3.987140500000021],[-67.018449,-3.983046799999961],[-67.0430629,-3.9646488],[-67.0630743,-3.9577637],[-67.0704107,-3.959191],[-67.0831436,-3.948465900000034],[-67.1025026,-3.946919],[-67.1245784,-3.933645899999988],[-67.1347854,-3.933239899999986],[-67.1474811,-3.912865200000014],[-67.1611462,-3.902352500000025],[-67.1649703,-3.893319],[-67.1697113,-3.893322800000021],[-67.1730825,-3.884141099999972],[-67.1833608,-3.883219200000032],[-67.1859861,-3.877291800000024],[-67.1945149,-3.894283799999978],[-67.1885205,-3.895097500000018],[-67.1886511,-3.90194],[-67.1970494,-3.906228800000011],[-67.195843,-3.918758800000025],[-67.2031809,-3.9188918],[-67.1880417,-3.931020100000021],[-67.1891332,-3.934594],[-67.1835396,-3.933837700000037],[-67.1808992,-3.9450645],[-67.177266,-3.9434673],[-67.1773665,-3.948241899999973],[-67.1817064,-3.9479122],[-67.1794648,-3.956878],[-67.1733906,-3.959990099999962],[-67.1759999,-3.965070200000046],[-67.1706156,-3.9640607],[-67.1717348,-3.9819451],[-67.1644234,-3.984410599999975],[-67.1658842,-3.990314],[-67.1552865,-4.002824099999978],[-67.1577129,-4.00573009999997],[-67.1508068,-4.0030873],[-67.1556238,-4.00826729999997],[-67.1438276,-4.0110052],[-67.1329349,-4.031556700000021],[-67.1275985,-4.0297115],[-67.1275671,-4.034246400000013],[-67.1206827,-4.0387442],[-67.1207252,-4.034105699999982],[-67.1157792,-4.039099299999967],[-67.1076341,-4.033853200000016],[-67.09650679999999,-4.044227399999957],[-67.0894171,-4.045741399999973],[-67.0882148,-4.0422178],[-67.0829323,-4.0564378],[-67.0756842,-4.058435099999953],[-67.0773289,-4.064315599999985],[-67.0730622,-4.06728],[-67.071529,-4.0786079],[-67.0734442,-4.081578499999982],[-67.0769182,-4.0783036],[-67.0757923,-4.0835279],[-67.0688271,-4.083297100000038],[-67.0710197,-4.089140299999988],[-67.0645832,-4.08672060000003],[-67.0736948,-4.1008445],[-67.0684896,-4.10757889999997],[-67.064695,-4.10560020000001],[-67.0592758,-4.110469199999958],[-67.0637105,-4.112934899999988],[-67.060984,-4.121069199999963],[-67.064394,-4.120729299999972],[-67.0596768,-4.127836899999969],[-67.0558073,-4.129433400000019],[-67.05282929999998,-4.125462599999982],[-67.0512004,-4.13127770000003],[-67.0470693,-4.1294936],[-67.0470696,-4.142457599999949],[-67.0372674,-4.142878],[-67.0328172,-4.1559027],[-67.0290527,-4.154249400000033],[-67.0253498,-4.1581763],[-67.0235535,-4.153630099999986],[-67.023878,-4.16157690000002],[-67.0147659,-4.171703599999987],[-67.012575,-4.1683375],[-67.0040949,-4.175077499999983],[-67.0063353,-4.178431799999974],[-66.9998336,-4.18844760000003],[-66.99522320000001,-4.185811099999977],[-66.9879662,-4.190630299999948],[-66.9869479,-4.186299399999982],[-66.9814619,-4.1860232],[-66.9804449,-4.189942199999966],[-66.9764513,-4.1872024],[-66.9630126,-4.203558900000032],[-66.9577252,-4.2006506],[-66.9539295,-4.20623020000003],[-66.944671,-4.2068481],[-66.9403652,-4.211611900000012],[-66.9353797,-4.208469900000016],[-66.93298110000002,-4.215017],[-66.9254249,-4.218238699999978],[-66.925871,-4.2220196],[-66.9224953,-4.2196331],[-66.9231539,-4.22462549999997],[-66.9151905,-4.2302458],[-66.9324954,-4.25719339999997],[-66.9294855,-4.266853],[-66.9347201,-4.282791699999957],[-66.9318538,-4.302396100000024],[-66.9206257,-4.314634600000014],[-66.9250842,-4.315805899999971],[-66.9234072,-4.320210399999961],[-66.9269134,-4.3177434],[-66.9179658,-4.32406770000003],[-66.9191833,-4.335736299999979],[-66.9146507,-4.336148099999965],[-66.9170372,-4.338406399999983],[-66.9095234,-4.346503100000032],[-66.9068864,-4.342452700000017],[-66.9074985,-4.35355460000001],[-66.9006059,-4.354618900000014],[-66.8891204,-4.377684299999963],[-66.8942062,-4.390727700000013],[-66.8879355,-4.398287500000023],[-66.8883327,-4.4126735],[-66.8845749,-4.418433899999978],[-66.8873859,-4.427640099999976],[-66.8919314,-4.4294722],[-66.8900795,-4.435062899999955],[-66.895914,-4.436887100000013],[-66.8952871,-4.4488162],[-66.900386,-4.453652],[-66.89737550000001,-4.464449499999968],[-66.9018517,-4.469327],[-66.8982443,-4.480544],[-67.0227568,-4.507139199999982],[-67.0235202,-4.511779],[-67.0306179,-4.510222900000022],[-67.0335229,-4.513881500000032],[-67.0380044,-4.5056423],[-67.0493247,-4.505803100000021],[-67.0492981,-4.496331400000012],[-67.0535342,-4.496578],[-67.0482074,-4.494924599999975],[-67.04845579999999,-4.490109499999967],[-67.0559131,-4.490059499999956],[-67.0586734,-4.4853171],[-67.0632447,-4.491805500000021],[-67.063629,-4.484469300000013],[-67.067334,-4.4897423],[-67.0722061,-4.484071299999968],[-67.0743801,-4.487216700000012],[-67.0885843,-4.482291899999989],[-67.094974,-4.487004399999988],[-67.0985595,-4.4796224],[-67.1032797,-4.4829962],[-67.1133779,-4.480273200000028],[-67.1135186,-4.485211799999954],[-67.1185999,-4.4827892],[-67.1211594,-4.4867227],[-67.1283916,-4.482116199999954],[-67.138739,-4.4882381],[-67.1379191,-4.491211200000034],[-67.1469617,-4.493114800000029],[-67.1493422,-4.482938300000042],[-67.1592903,-4.482039],[-67.1631027,-4.4859763],[-67.1733181,-4.477366],[-67.1761097,-4.4861288],[-67.183051,-4.481641699999983],[-67.1953488,-4.4833451],[-67.2076127,-4.475303],[-67.2162047,-4.481114399999966],[-67.2253952,-4.475343400000027],[-67.24137,-4.4740202],[-67.2374457,-4.4686588],[-67.2423925,-4.462390299999976],[-67.250408,-4.456570400000015],[-67.25555180000002,-4.459313499999988],[-67.2570071,-4.453167300000037],[-67.2707477,-4.448113800000014],[-67.2687467,-4.456732100000026],[-67.2824993,-4.467813399999963],[-67.2798768,-4.4782554],[-67.2894388,-4.472939900000028],[-67.2993001,-4.4791261],[-67.2917427,-4.478854700000015],[-67.2974671,-4.4841992],[-67.2861964,-4.489154499999978],[-67.2965011,-4.492258300000023],[-67.3002608,-4.5004714],[-67.2967475,-4.507548400000023],[-67.3015946,-4.504503299999982],[-67.3103016,-4.5066432],[-67.3079743,-4.511908299999982],[-67.3150087,-4.522287800000025],[-67.3204215,-4.520334],[-67.320432,-4.526379599999965],[-67.3279876,-4.523046500000033],[-67.3315892,-4.515806099999973],[-67.3415659,-4.5159051],[-67.33650719999999,-4.522806300000013],[-67.3528683,-4.5217862],[-67.351427,-4.532524299999963],[-67.3602251,-4.537636900000041],[-67.3540047,-4.544154599999987],[-67.3580104,-4.548073700000012],[-67.3562401,-4.554733],[-67.3778181,-4.54385420000001],[-67.4068273,-4.5144353],[-67.41056,-4.516239400000031],[-67.4225674,-4.508163800000015],[-67.4453236,-4.504464199999981],[-67.4768734,-4.512930900000021],[-67.4969346,-4.539650500000018],[-67.5441303,-4.538472300000037],[-67.569852,-4.5427803],[-67.5763744,-4.547262],[-67.6035459,-4.590317599999986],[-67.6211305,-4.588460799999964],[-67.649241,-4.571482],[-67.6813487,-4.580042799999967],[-67.7101281,-4.59769159999998],[-67.761874,-4.6521439],[-67.7928776,-4.665918199999987],[-67.8193507,-4.6856898],[-67.8484085,-4.722490400000022],[-67.8609866,-4.769203],[-67.8728219,-4.7804296],[-67.8893547,-4.783452899999975],[-67.9127926,-4.7775066],[-67.925187,-4.787877800000033],[-67.9279883,-4.778552899999963],[-67.9447427,-4.781340700000027],[-67.9511273,-4.77698030000004],[-67.9687982,-4.7498294],[-67.9833547,-4.7549017],[-67.9994902,-4.800046100000031],[-67.9932409,-4.842340100000033],[-68.0074931,-4.8627896],[-68.0070967,-4.870501699999982],[-67.9947129,-4.8810458],[-67.9939916,-4.889958700000022],[-68.0044085,-4.918548],[-67.9975158,-4.947920600000018],[-68.02899849999999,-4.966271],[-68.0459615,-4.985387299999982],[-68.0490175,-5.000736900000029],[-68.0426304,-5.015132],[-68.0410199,-5.033494599999982],[-68.048742,-5.059897600000028],[-68.0624698,-5.0668553],[-68.0775742,-5.045769100000029],[-68.0851885,-5.0425955],[-68.0921906,-5.047181400000012],[-68.0978852,-5.081234500000023],[-68.1135255,-5.087232299999974],[-68.1344109,-5.1164071],[-68.160579,-5.1392321],[-68.1698251,-5.154856300000032],[-68.1698827,-5.1811541],[-68.1898499,-5.1979148],[-68.2008278,-5.220625499999972],[-68.1952719,-5.282116100000038],[-68.2045795,-5.299786400000029],[-68.2228249,-5.3673151],[-68.2094098,-5.397581100000024],[-68.219242,-5.440465199999961],[-68.2181629,-5.4485733],[-68.2050473,-5.458669799999977],[-68.2065741,-5.4678489],[-68.2203572,-5.478204400000022],[-68.2363562,-5.4742904],[-68.2538248,-5.491902600000028],[-68.2707143,-5.495294],[-68.2743793,-5.5030537],[-68.26093940000001,-5.51275249999997],[-68.2603286,-5.521026],[-68.2742754,-5.567029100000013],[-68.2732435,-5.575020200000034],[-68.2590498,-5.581884800000029],[-68.2410259,-5.582114700000012],[-68.2341319,-5.587392800000023],[-68.2561598,-5.618711499999984],[-68.276048,-5.6381923],[-68.2816021,-5.653774899999984],[-68.2320794,-5.686436600000031],[-68.22854870000002,-5.6936383],[-68.2294379,-5.7192519],[-68.2416016,-5.7349927],[-68.2496913,-5.757657399999984],[-68.238022,-5.769726700000033],[-68.21868679999999,-5.805891699999965],[-68.2247754,-5.822882],[-68.2107422,-5.860915100000012],[-68.215493,-5.894002499999977],[-68.2102729,-5.918084400000022],[-68.2146889,-5.925224199999972],[-68.2305248,-5.9300342],[-68.2472761,-5.9245889],[-68.2661587,-5.907409700000022],[-68.29585620000002,-5.922296499999974],[-68.2984975,-5.938611600000017],[-68.3107169,-5.9497638],[-68.3128027,-5.9586064],[-68.3083254,-5.9850154],[-68.2980795,-6.0077879],[-68.30547180000002,-6.034932500000024],[-68.306607,-6.061382],[-68.3135292,-6.067067],[-68.3229429,-6.0666756],[-68.3444387,-6.081643500000018],[-68.3686658,-6.084352300000011],[-68.3686924,-6.1019398],[-68.3727468,-6.109158799999989],[-68.3889081,-6.117168400000013],[-68.4186074,-6.1432845],[-68.4326609,-6.164586299999987],[-68.4508882,-6.16417860000003],[-68.4637193,-6.175809600000011],[-68.4876968,-6.178965599999984],[-68.5107703,-6.193845899999969],[-68.5357783,-6.1921316],[-68.5547448,-6.208692700000022],[-68.5730266,-6.208564700000021],[-68.586687,-6.229796],[-68.5968001,-6.2284997],[-68.602076,-6.235745499999985],[-68.609442,-6.263098599999984],[-68.6226975,-6.2717328],[-68.630555,-6.2689259],[-68.6487264,-6.287965199999983],[-68.6639726,-6.2906157],[-68.6816111,-6.306985199999973],[-68.6866696,-6.32221220000003],[-68.677026,-6.321425500000029],[-68.6738299,-6.329081099999984],[-68.6825537,-6.354993099999986],[-68.6805784,-6.3632391],[-68.6660247,-6.371208800000011],[-68.6635509,-6.404912],[-68.6723905,-6.409100199999985],[-68.7033917,-6.4070319],[-68.7151387,-6.416883899999985],[-68.7406394,-6.4254938],[-68.7503348,-6.422149300000028],[-68.75522,-6.4154799],[-68.7525029,-6.398643699999981],[-68.7691915,-6.401324200000013],[-68.777136,-6.395331500000022],[-68.8092465,-6.389139199999975],[-68.8149132,-6.396441699999969],[-68.810772,-6.4118005],[-68.8233572,-6.42455660000001],[-68.8383034,-6.420504299999989],[-68.8640815,-6.420665900000032],[-68.8736346,-6.424739],[-68.8793901,-6.4169516],[-68.8727737,-6.402773499999972],[-68.8868842,-6.391217499999983],[-68.9023341,-6.362321499999974],[-68.9176652,-6.3612196],[-68.9169197,-6.371533],[-68.9236383,-6.377041199999989],[-68.9314695,-6.3767789],[-68.9452164,-6.368272399999979],[-68.94747590000001,-6.375569],[-68.9552179,-6.374066500000017],[-68.9947491,-6.35942],[-69.0279438,-6.3964097],[-69.044698,-6.396391500000016],[-69.0628085,-6.38691329999998],[-69.0694983,-6.378414700000023],[-69.1017504,-6.370463900000011],[-69.1184206,-6.376968700000019],[-69.1496697,-6.4141143],[-69.1576648,-6.418056900000026],[-69.1808882,-6.405239099999986],[-69.2099479,-6.428578499999978],[-69.2255781,-6.431642599999986],[-69.2340025,-6.4285336],[-69.2370249,-6.413169399999973],[-69.2165565,-6.3804729],[-69.2104756,-6.3451855],[-69.215755,-6.33520329999998],[-69.2681157,-6.2842148],[-69.2757477,-6.28247829999997],[-69.2984675,-6.292749300000013],[-69.3118689,-6.3066022],[-69.3238864,-6.3486418],[-69.3335298,-6.361347099999986],[-69.3456163,-6.3636211],[-69.3949435,-6.355950499999984],[-69.4134487,-6.35728810000003],[-69.5012771,-6.397852399999986],[-69.5151459,-6.4120339],[-69.5326625,-6.457382],[-69.5392234,-6.4641283],[-69.5485992,-6.467979],[-69.5645276,-6.461774500000025],[-69.579809,-6.465119300000016],[-69.5885905,-6.460801399999978],[-69.6077506,-6.43839820000002],[-69.6341688,-6.4315201],[-69.67155210000001,-6.4273532],[-69.6868683,-6.433843100000021],[-69.7016472,-6.4226863],[-69.7339501,-6.428097599999989],[-69.7684194,-6.439350400000015],[-69.7828086,-6.449823899999986],[-69.7938944,-6.466334599999988],[-69.7945903,-6.527946199999972],[-69.7983361,-6.551541499999983],[-69.8088333,-6.565145499999987],[-69.8332809,-6.570007899999989],[-69.8421662,-6.566425],[-69.8562245,-6.550794200000015],[-69.8636168,-6.5480768],[-69.8702535,-6.553278],[-69.8867559,-6.543825600000024],[-69.8939749,-6.548040300000026],[-69.9105003,-6.5482264],[-69.9180084,-6.567115200000014],[-69.9328067,-6.580932899999977],[-69.9531447,-6.569635699999974],[-69.98231139999999,-6.5635835],[-69.9897481,-6.566883500000013],[-69.9999829,-6.582663499999974],[-70.01492,-6.5890316],[-70.0217296,-6.5721604],[-70.0400289,-6.563855600000021],[-70.0480358,-6.5644526],[-70.0531185,-6.572988600000025],[-70.05159250000001,-6.591660499999988],[-70.0582242,-6.5965664],[-70.0759194,-6.595704199999979],[-70.0824481,-6.601639699999984],[-70.0856723,-6.6267896],[-70.0920864,-6.6319273],[-70.1164225,-6.6188554],[-70.1262293,-6.6193684],[-70.1434996,-6.6084189],[-70.1943896,-6.6121275],[-70.2007572,-6.605002400000012],[-70.2056442,-6.586871399999986],[-70.2138649,-6.584899700000024],[-70.2456748,-6.602542600000022],[-70.261371,-6.634795],[-70.2768927,-6.6370889],[-70.2878946,-6.609367399999979],[-70.2961185,-6.610134900000022],[-70.308147,-6.6354767],[-70.3265097,-6.635860200000013],[-70.3429454,-6.641642499999973],[-70.3520657,-6.638399299999985],[-70.3604348,-6.645343],[-70.3680631,-6.645090200000023],[-70.3749796,-6.6173866],[-70.3895328,-6.610909500000013],[-70.4165616,-6.6090771],[-70.41978460000001,-6.579731700000026],[-70.4313669,-6.5687946],[-70.4506178,-6.566885300000011],[-70.4901467,-6.5776547],[-70.5076445,-6.5744683],[-70.5364565,-6.562937100000017],[-70.5513401,-6.542901700000026],[-70.5718988,-6.534523],[-70.5718696,-6.5049845],[-70.56475,-6.48473],[-70.5257878,-6.4494541],[-70.5088081,-6.416105200000027],[-70.5005102,-6.409399399999972],[-70.4702292,-6.4013825],[-70.4625081,-6.385327399999969],[-70.45471569999998,-6.380429500000032],[-70.4217105,-6.371560900000016],[-70.4044208,-6.375465700000024],[-70.40225850000002,-6.3577105],[-70.3854912,-6.33428540000001],[-70.3853289,-6.3136685],[-70.3728132,-6.297546600000012],[-70.3489565,-6.2903087],[-70.3451428,-6.3025278],[-70.3377834,-6.3067398],[-70.3232251,-6.296883099999988],[-70.296399,-6.289475400000025],[-70.2877863,-6.274958500000023],[-70.2617555,-6.267200399999973],[-70.2295901,-6.244172799999982],[-70.2055364,-6.241736799999982],[-70.1875014,-6.221916300000014],[-70.1671489,-6.215163499999987],[-70.1401448,-6.164378699999966],[-70.1202001,-6.143755799999982],[-70.1166711,-6.124630099999979],[-70.1271386,-6.101435399999983],[-70.11124950000001,-6.069171700000028],[-70.1127795,-6.0615476],[-70.12006,-6.05757049999998],[-70.1204772,-6.04874],[-70.1112512,-6.049631],[-70.079444,-6.0344927],[-70.0752258,-6.0259159],[-70.0658972,-6.023995399999966],[-70.0538388,-6.0089001],[-70.0265338,-5.98969579999998],[-70.0181368,-5.968387499999986],[-69.9991131,-5.941784099999973],[-69.9972845,-5.93339490000002],[-70.001194,-5.922331099999989],[-70.0137564,-5.917879800000027],[-70.01439,-5.8838667],[-70.0008946,-5.866028900000021],[-69.989608,-5.81372],[-69.975976,-5.780804],[-69.957278,-5.7638298],[-69.9479716,-5.7608398],[-69.9399998,-5.7650004],[-69.9279458,-5.7629201],[-69.9225045,-5.7568043],[-69.9043909,-5.706377199999986],[-69.9046632,-5.666346100000013],[-69.92016340000002,-5.6433033],[-69.9206166,-5.631732899999983],[-69.9164757,-5.624713599999977],[-69.90558129999998,-5.620366100000011],[-69.8831119,-5.616946599999974],[-69.8801678,-5.6039115],[-69.8939125,-5.557960600000016],[-69.8943658,-5.5412301],[-69.8715293,-5.511331099999974],[-69.854528,-5.5059122],[-69.8502775,-5.493726399999967],[-69.8585824,-5.475007500000022],[-69.8840282,-5.4401506],[-69.8944726,-5.410247199999978],[-69.9013645,-5.403384699999972],[-69.9256398,-5.394775],[-69.9328913,-5.3851235],[-69.9298603,-5.369652499999986],[-69.906752,-5.35591080000003],[-69.8814758,-5.354312400000018],[-69.8509188,-5.342403300000023],[-69.8097443,-5.3475065],[-69.8014173,-5.343782800000024],[-69.7940805,-5.350021899999987],[-69.7843919,-5.3464109],[-69.7884479,-5.311358100000025],[-69.7798847,-5.298617200000038],[-69.7829405,-5.286992],[-69.7560563,-5.2786898],[-69.7426991,-5.26527770000002],[-69.7007468,-5.258302299999987],[-69.6912761,-5.2407865],[-69.6466939,-5.237275700000017],[-69.6061613,-5.2106685],[-69.5941112,-5.206882899999989],[-69.5672236,-5.210088599999979],[-69.5668328,-5.2185953],[-69.5760272,-5.2385468],[-69.5666115,-5.246835700000018],[-69.547779,-5.2443642],[-69.5383369,-5.236379199999975],[-69.5318072,-5.2079146],[-69.5313606,-5.177471199999987],[-69.5201392,-5.149978499999974],[-69.4715865,-5.12280239999998],[-69.45188939999998,-5.072189199999976],[-69.4271041,-5.0388093],[-69.4220225,-5.016926100000021],[-69.4233615,-5.000561799999969],[-69.4341785,-4.979403900000026],[-69.4298333,-4.964927899999976],[-69.4170572,-4.96358450000002],[-69.3995848,-4.9842945],[-69.3872413,-4.989462799999975],[-69.3598285,-4.9817423],[-69.34410490000002,-4.9648488],[-69.3314146,-4.931921],[-69.3159676,-4.906184799999975],[-69.3002786,-4.895465],[-69.2905479,-4.880348],[-69.2827525,-4.852026600000032],[-69.2301315,-4.807645],[-69.1814647,-4.7947735],[-69.1656624,-4.772048100000031],[-69.1621866,-4.7365079],[-69.1490462,-4.719199899999984],[-69.1373536,-4.7159775],[-69.1219405,-4.723423900000014],[-69.0913837,-4.665895700000012],[-69.0836304,-4.620698900000026],[-69.065552,-4.596958700000029],[-69.0398598,-4.5783591],[-69.0279125,-4.524638],[-69.0287754,-4.412035799999982],[-69.0234117,-4.367446899999972],[-69.0175537,-4.352361899999986],[-69.0121007,-4.344629399999958],[-68.9879946,-4.3365072],[-68.9619928,-4.333498700000024],[-68.958876,-4.326499099999982],[-68.9425778,-4.326399399999983],[-68.9361901,-4.274358199999972],[-68.9512991,-4.233311499999982],[-68.9507716,-4.208653900000018],[-68.9356116,-4.169185499999971],[-68.9207107,-4.1471684],[-68.9105454,-4.1063404],[-68.8898777,-4.093747499999964],[-68.88024320000001,-4.070490600000031],[-68.8579103,-4.060755900000031],[-68.8376276,-4.025360800000015],[-68.8287647,-4.0004873],[-68.8281633,-3.984342400000046],[-68.8124353,-3.9370578],[-68.8148315,-3.92811530000004],[-68.8354055,-3.911964100000011],[-68.8404325,-3.896572200000034],[-68.839217,-3.887475700000037],[-68.8207858,-3.859255700000032],[-68.8229081,-3.849429799999971],[-68.832572,-3.836839699999957],[-68.8326334,-3.826976500000027],[-68.8197135,-3.804396400000029],[-68.8199139,-3.786495100000034],[-68.8276322,-3.76016320000002],[-68.8249669,-3.743905],[-68.8185735,-3.735983399999962],[-68.8089962,-3.735599399999979],[-68.7971313,-3.750330600000045],[-68.7711914,-3.747097500000045],[-68.7601596,-3.705730900000023],[-68.7450761,-3.69973340000003],[-68.6944388,-3.701566399999973],[-68.6675527,-3.707753099999969],[-68.6449694,-3.702290900000027],[-68.6156575,-3.689438800000022],[-68.6013512,-3.6612159],[-68.5783285,-3.649025100000031],[-68.5626566,-3.658838700000024],[-68.5563798,-3.674025100000019],[-68.5348262,-3.688097100000044],[-68.5084603,-3.7229388],[-68.4583533,-3.754883400000051],[-68.4539908,-3.769634899999976],[-68.4471851,-3.775039],[-68.4085197,-3.7678958],[-68.3837449,-3.723217399999969],[-68.3678798,-3.72046080000001],[-68.3354635,-3.726113700000027],[-68.306492,-3.707065800000039],[-68.2844051,-3.706972599999973],[-68.2715457,-3.69571080000003],[-68.2560746,-3.6937421],[-68.2109908,-3.7208197],[-68.1964926,-3.761255199999953],[-68.1819871,-3.770532],[-68.1057101,-3.764593099999965],[-68.0901302,-3.752821799999971],[-68.0396538,-3.743793699999979],[-68.0356014,-3.734805199999955],[-68.0404591,-3.7112075],[-68.0343503,-3.6857142],[-68.0374068,-3.639488400000022],[-68.0347653,-3.622037299999977],[-68.0247639,-3.597407400000016],[-68.0099892,-3.589075799999969],[-68.0047388,-3.571554599999987],[-68.0127899,-3.558263400000019],[-68.031408,-3.553271600000043],[-68.0440444,-3.54329490000004],[-68.0457942,-3.522923600000018],[-68.029825,-3.4909315],[-68.0264381,-3.474000199999969],[-68.0354897,-3.4595567],[-68.0682954,-3.436625],[-68.0720992,-3.428450900000025],[-68.0699112,-3.4193777],[-68.0636297,-3.414560800000016],[-68.046933,-3.41323419999996],[-67.9940369,-3.419774100000014],[-67.9641581,-3.4314323],[-67.9478484,-3.430600699999954],[-67.9123494,-3.4224248],[-67.891461,-3.4065042],[-67.8674629,-3.40625979999997],[-67.849486,-3.3886388],[-67.8454322,-3.381462799999961],[-67.854632,-3.358524699999952],[-67.851317,-3.349518499999963],[-67.8279056,-3.3265612],[-67.8340705,-3.301238899999968],[-67.8312433,-3.2565997],[-67.8251023,-3.231680500000014],[-67.81001820000002,-3.197912300000046],[-67.8055447,-3.1726785],[-67.7897351,-3.137058800000057],[-67.7892108,-3.111303900000034],[-67.7661544,-2.997178600000028],[-67.742823,-2.93367010000003],[-67.7184553,-2.909116699999943],[-67.6894563,-2.895330900000029],[-67.6625431,-2.895375499999973],[-67.6450644,-2.906335899999973],[-67.6261249,-2.928642899999943],[-67.6063806,-2.94250270000005],[-67.5884174,-2.933340300000029],[-67.5812482,-2.9191423],[-67.5754311,-2.9185792],[-67.5752334,-2.8929464],[-67.5690998,-2.8954734],[-67.5616692,-2.890381199999975],[-67.5544893,-2.898167900000062],[-67.550715,-2.889501600000016],[-67.5393278,-2.891942499999982],[-67.5272833,-2.881270799999978],[-67.519551,-2.881832],[-67.5166154,-2.877528],[-67.5072171,-2.879422700000012],[-67.5029429,-2.872503100000044],[-67.4906424,-2.877941499999979],[-67.4844121,-2.876136900000056],[-67.4817517,-2.870195199999951],[-67.4689921,-2.8726031],[-67.46193159999999,-2.868960200000036],[-67.4519033,-2.881037299999965],[-67.442879,-2.88303269999997],[-67.4400396,-2.891559300000027],[-67.423594,-2.89218],[-67.38342930000002,-2.878400699999985],[-67.3682342,-2.883417],[-67.3512641,-2.87917539999998],[-67.3513499,-2.871301799999988],[-67.3407047,-2.859502200000011],[-67.3060366,-2.8838578],[-67.2909569,-2.883378499999978],[-67.2910968,-2.542334],[-67.271909,-2.54372590000006],[-67.2553189,-2.5580867],[-67.2435831,-2.589664899999967],[-67.2368427,-2.639513499999977],[-67.2305711,-2.656611200000028],[-67.2170815,-2.681173100000031],[-67.2054538,-2.688319900000027],[-67.1913817,-2.689834600000045],[-67.164039,-2.681198600000035],[-67.14678770000002,-2.659197799999962],[-67.1305706,-2.6236963],[-67.0959292,-2.6082629],[-67.0814701,-2.607129200000022],[-67.0610352,-2.613625600000037],[-67.0475609,-2.628920700000046],[-67.0416995,-2.645027599999965],[-67.0499664,-2.670501100000062],[-67.0507537,-2.6904735],[-67.0414144,-2.705579499999955],[-67.0239135,-2.7153867],[-66.9757986,-2.7282064],[-66.9414489,-2.727531400000011],[-66.9223748,-2.715915800000045],[-66.912078,-2.689420800000038],[-66.8981118,-2.671910899999985],[-66.8825551,-2.662479500000021],[-66.8614703,-2.657144400000014],[-66.8298068,-2.677382800000029],[-66.7996546,-2.6847783],[-66.7627693,-2.717127399999964],[-66.7453786,-2.722223699999976],[-66.716384,-2.71110339999996],[-66.6390063,-2.6676968],[-66.6127609,-2.646527899999926],[-66.6026766,-2.629348],[-66.5986471,-2.588797900000054],[-66.6209738,-2.54433529999994],[-66.6144891,-2.513953799999942],[-66.63505,-2.467212400000046],[-66.64821490000001,-2.4219691],[-66.6410975,-2.388715599999955],[-66.6230966,-2.3773543],[-66.6114181,-2.375533600000019],[-66.5967549,-2.37777919999992],[-66.5729367,-2.394531800000049],[-66.5555217,-2.399562],[-66.5194699,-2.400095799999962],[-66.4516914,-2.389547799999946],[-66.4236318,-2.397069700000039],[-66.4134981,-2.403066600000071],[-66.4022688,-2.427124399999933],[-66.4047375,-2.496047899999965],[-66.39667770000001,-2.526872899999968],[-66.3720869,-2.55605580000002],[-66.3332313,-2.562472300000038],[-66.338203,-2.603491399999954],[-66.3480889,-2.606510500000049],[-66.351098,-2.619527300000013],[-66.3616756,-2.620511100000052],[-66.3705312,-2.629210699999976],[-66.3748111,-2.635023599999954],[-66.3740233,-2.646941899999934],[-66.3362686,-2.678654500000054],[-66.2900356,-2.678269600000033],[-66.2835331,-2.684459699999956],[-66.2858736,-2.69184610000003],[-66.2985645,-2.70333459999996],[-66.3317572,-2.711058300000024],[-66.3499762,-2.720446400000028],[-66.35931080000002,-2.717842700000036],[-66.3687333,-2.705269900000017],[-66.3778949,-2.704982799999981],[-66.3930313,-2.715541699999984],[-66.4066512,-2.7053554],[-66.412316,-2.690403299999984],[-66.4543661,-2.686579599999946],[-66.4677018,-2.697834699999945],[-66.4788442,-2.7288714],[-66.4894534,-2.742146499999942],[-66.5216506,-2.7548006],[-66.543452,-2.769235700000013],[-66.5617581,-2.7703622],[-66.59145530000002,-2.785197],[-66.5936477,-2.802604899999982],[-66.5640863,-2.831636800000026]]]}},{"type":"Feature","properties":{"CD_MUN":"1303601","NM_MUN":"Santa Isabel do Rio Negro","SIGLA_UF":"AM","CodigoIBGE":"1303601","SubRegiaoNumero":6,"CalhaSubRegiao":"Região do Alto Rio Negro"},"geometry":{"type":"Polygon","coordinates":[[[-64.5764355,0.943841],[-64.5701147,0.933532000000113],[-64.5521093,0.930541400000042],[-64.5495289,0.912261599999892],[-64.5430449,0.904315000000149],[-64.5217677,0.8947981],[-64.506914,0.897828500000021],[-64.4936127,0.876256],[-64.4758028,0.863838300000035],[-64.46588810000002,0.864881800000085],[-64.4480215,0.853266899999885],[-64.4410847,0.805423799999785],[-64.4246971,0.8079623],[-64.4210854,0.801269499999841],[-64.412471,0.801816100000066],[-64.3966387,0.793771900000187],[-64.3996901,0.78572119999986],[-64.3969135,0.777944699999924],[-64.3796906,0.774059599999827],[-64.3755223,0.759048199999972],[-64.3663567,0.758235399999939],[-64.3549737,0.735718899999779],[-64.3348656,0.738436800000224],[-64.3246389,0.734010099999815],[-64.3242122,0.72865049999983],[-64.3175018,0.732744700000132],[-64.3131843,0.725059699999786],[-64.3157072,0.72063339999995],[-64.309985,0.723215899999895],[-64.31191130000002,0.718100799999777],[-64.3085643,0.716109700000196],[-64.2921412,0.723587400000072],[-64.2901022,0.729486500000209],[-64.2860723,0.720038],[-64.267945,0.706991600000197],[-64.2588402,0.714709499999952],[-64.2398824,0.718263400000239],[-64.2458824,0.70278230000024],[-64.2419517,0.694154499999972],[-64.2333322,0.690526500000184],[-64.2409481,0.687559999999768],[-64.2401253,0.680684100000144],[-64.2185207,0.673866399999969],[-64.202464,0.653539700000256],[-64.186917,0.658520600000114],[-64.1802466,0.665485899999984],[-64.1644141,0.664042199999768],[-64.148858,0.643784499999796],[-64.1519109,0.634376800000189],[-64.1466328,0.627412300000257],[-64.1277459,0.620722800000144],[-64.1177479,0.607427599999766],[-64.103021,0.6007366],[-64.100242,0.584363699999921],[-64.0841379,0.581836700000248],[-64.0846918,0.574056400000093],[-64.0769161,0.571344199999806],[-64.0677481,0.54773599999975],[-64.0764814,0.539203199999844],[-64.0624378,0.505685599999674],[-64.0571037,0.502841400000011],[-64.0595903,0.499268299999797],[-64.0553485,0.492749000000321],[-64.0586031,0.49016079999984],[-64.0522249,0.482476800000156],[-64.0534855,0.478530799999859],[-64.0588461,0.478841400000181],[-64.0570471,0.473387399999892],[-64.0528388,0.47556689999973],[-64.0551518,0.469256999999686],[-64.0472529,0.458713600000218],[-64.0513618,0.453247699999878],[-64.0480664,0.44644219999992],[-64.0534549,0.445238900000046],[-64.0518674,0.428955299999607],[-64.0567476,0.42553760000027],[-64.0522453,0.424114100000293],[-64.0490361,0.404970399999914],[-64.0395375,0.4026165],[-64.0389958,0.39384520000006],[-64.0344849,0.395111699999913],[-64.038933,0.368672199999908],[-64.0294141,0.362704000000138],[-64.0255342,0.349306899999496],[-64.0191322,0.353265600000499],[-64.0123501,0.346282100000518],[-64.0082615,0.3476513000001],[-64.0103903,0.340715800000508],[-64.0063216,0.338527600000534],[-64.0083838,0.332648600000454],[-64.0051361,0.331027200000449],[-64.012069,0.317791900000517],[-64.0170521,0.321692400000329],[-64.017965,0.316798100000253],[-64.0260496,0.316161600000436],[-64.0198588,0.313817500000117],[-64.0262726,0.306557299999456],[-64.0245757,0.301776899999879],[-64.0197309,0.301922700000333],[-64.0237861,0.293913600000198],[-64.0112446,0.288658900000219],[-64.015137,0.284067000000601],[-64.0101218,0.280979900000084],[-64.0193027,0.280707000000384],[-64.0210391,0.272290800000241],[-64.0149303,0.271441599999733],[-64.02013,0.268501799999504],[-64.0084922,0.257527200000497],[-64.0051637,0.242212100000505],[-63.9971076,0.240739899999689],[-63.9963482,0.235106799999878],[-63.9904395,0.232102899999444],[-63.9945996,0.228052200000732],[-63.9876415,0.230451199999427],[-63.9969305,0.21907980000058],[-63.9867616,0.221974199999952],[-63.9900147,0.21277839999938],[-63.9854799,0.209850099999834],[-63.9846323,0.199685599999332],[-63.9919383,0.198581600000412],[-63.9952659,0.192851200000422],[-63.9882662,0.18803419999912],[-63.9836728,0.189916000000593],[-63.9843432,0.184700000000842],[-63.9766251,0.179452299999954],[-63.9784145,0.173714499999537],[-63.9662136,0.165000099999423],[-63.959823,0.150053299999441],[-63.9662018,0.149154499999812],[-63.9637462,0.144291099999795],[-63.9704568,0.138209999999718],[-63.9610258,0.133953000000641],[-63.965791,0.124026600000107],[-63.9623221,0.121903600000584],[-63.9698946,0.11225069999922],[-63.9746223,0.119550000000111],[-63.9822792,0.115131999999234],[-63.9849638,0.109244799998684],[-63.9793915,0.10168520000016],[-63.9846507,0.10236290000128],[-63.9883131,0.097714799999378],[-63.9835377,0.09417809999891],[-63.9833794,0.085116999999763],[-63.9885998,0.076928400000979],[-63.985199,0.073218999997839],[-63.9941044,0.062646199998108],[-63.9850857,0.061220200001625],[-63.9929103,0.051880500001033],[-63.9876765,0.051784399996648],[-63.9872332,0.046156000000162],[-63.9839617,0.046521899997409],[-63.9864544,0.043172900002461],[-63.9814863,0.041726100002037],[-63.9879706,0.018607200004384],[-63.9829097,0.010444899986786],[-63.9895955,0.007598200002378],[-63.9849492,0.000152500122282],[-64.0003412,-0.009224600009667],[-64.004916,-0.017323100003636],[-64.0021938,-0.021756599993747],[-64.0062701,-0.024325700005194],[-64.0042881,-0.033071899997421],[-64.0109052,-0.032685899995515],[-64.0117745,-0.039142599995644],[-64.0169913,-0.041281500004064],[-64.0162655,-0.056945000000934],[-64.0198804,-0.061360000001427],[-64.014809,-0.066599300002172],[-64.0259882,-0.075088800000996],[-64.0262904,-0.106816900000884],[-64.0353665,-0.102465799998966],[-64.0329138,-0.099995899998535],[-64.0389716,-0.095036600000779],[-64.0517583,-0.102596200001753],[-64.0532639,-0.113802600000093],[-64.0587149,-0.112420299999931],[-64.0638066,-0.116910299999182],[-64.0658716,-0.121345999998522],[-64.0620325,-0.125116299998914],[-64.0689791,-0.138945400000649],[-64.0717748,-0.133498100000564],[-64.078698,-0.14257860000034],[-64.0946522,-0.148333599999354],[-64.089253,-0.138146700001252],[-64.0972467,-0.140518699999137],[-64.101314,-0.13744389999968],[-64.101545,-0.142652099999124],[-64.1078191,-0.14056780000017],[-64.1054759,-0.135359299999968],[-64.1083527,-0.134730500000273],[-64.1163026,-0.146525900000084],[-64.1195337,-0.155343600000203],[-64.1164959,-0.161756900001076],[-64.097595,-0.172129599999966],[-64.0877898,-0.171763499999066],[-64.0999351,-0.183094000000514],[-64.0999278,-0.189764200000089],[-64.0948875,-0.191933900000766],[-64.0852725,-0.188103400000711],[-64.0778279,-0.19451920000092],[-64.0857409,-0.205245800000653],[-64.0851327,-0.234843300000291],[-64.0940655,-0.243207700000288],[-64.0810091,-0.253947900000403],[-64.0999696,-0.286634300000493],[-64.1530786,-0.299814099999859],[-64.192694,-0.327338000000306],[-64.2332478,-0.33813029999968],[-64.3204265,-0.330247499999513],[-64.4375767,-0.349688599999796],[-64.45938,-0.364180399999904],[-64.4697008,-0.380234900000321],[-64.4812766,-0.387763300000407],[-64.5010133,-0.386039399999967],[-64.5359609,-0.393772900000265],[-64.556263,-0.407982100000337],[-64.5936476,-0.416085299999662],[-64.6127549,-0.426511399999928],[-64.6454432,-0.429769799999844],[-64.6552078,-0.423778100000276],[-64.6726599,-0.438935199999912],[-64.6938427,-0.442861499999847],[-64.7084536,-0.454499399999639],[-64.7611964,-0.457773199999608],[-64.772428,-0.47061820000021],[-64.8192409,-0.494459800000077],[-64.8309397,-0.517352199999844],[-64.820883,-0.527035800000084],[-64.8258441,-0.537096399999749],[-64.8144861,-0.540471699999714],[-64.8237281,-0.55226230000015],[-64.8071884,-0.570508800000254],[-64.825581,-0.581252099999723],[-64.8215804,-0.584540699999751],[-64.8241093,-0.5897938],[-64.8200111,-0.591733300000269],[-64.8239489,-0.594953500000039],[-64.8212917,-0.602525500000174],[-64.8153336,-0.602149499999788],[-64.80592,-0.614418599999784],[-64.8178981,-0.628931600000058],[-64.803605,-0.639345600000208],[-64.810263,-0.64515719999978],[-64.8105675,-0.653479900000125],[-64.8221757,-0.65586830000015],[-64.8147115,-0.665204900000127],[-64.8083128,-0.664708299999901],[-64.8122693,-0.6834635000002],[-64.8051925,-0.685456299999749],[-64.8000579,-0.696909299999836],[-64.7974498,-0.691910700000251],[-64.79320430000001,-0.692900599999902],[-64.7948297,-0.700727300000073],[-64.8017368,-0.699091],[-64.8043772,-0.703759700000076],[-64.79627,-0.705259299999819],[-64.7971049,-0.715927599999947],[-64.8051708,-0.721839799999853],[-64.7964315,-0.730787000000116],[-64.8103224,-0.741808599999811],[-64.8044718,-0.741893100000227],[-64.8092461,-0.746531299999894],[-64.8043501,-0.751546499999952],[-64.7970566,-0.745952300000189],[-64.7984476,-0.751867200000017],[-64.7899099,-0.754904099999983],[-64.7940429,-0.765154399999917],[-64.8012677,-0.759415500000077],[-64.800408,-0.767392599999901],[-64.808782,-0.768945399999788],[-64.7983946,-0.778669200000174],[-64.7996369,-0.786418200000131],[-64.7930408,-0.788033200000183],[-64.7958766,-0.794750300000209],[-64.7915601,-0.80241759999985],[-64.8041563,-0.805010499999893],[-64.8096184,-0.800628099999939],[-64.815054,-0.808085800000094],[-64.811127,-0.81181049999987],[-64.8144651,-0.817579800000185],[-64.8115456,-0.82740210000007],[-64.8169154,-0.829375100000204],[-64.833598,-0.822483100000107],[-64.83406,-0.827358],[-64.8421222,-0.831853700000068],[-64.8378532,-0.836934999999861],[-64.849706,-0.848143300000162],[-64.8454298,-0.8538734],[-64.8489104,-0.860537199999797],[-64.8452472,-0.867294399999896],[-64.8475102,-0.872581300000012],[-64.8383292,-0.874775799999834],[-64.8342567,-0.883338400000153],[-64.8415834,-0.884447699999818],[-64.8420399,-0.915523099999875],[-64.8474317,-0.915000500000113],[-64.8469904,-0.922341800000182],[-64.8516142,-0.927781499999848],[-64.8652194,-0.930868500000198],[-64.8638032,-0.945697299999859],[-64.8549279,-0.945629800000148],[-64.8625311,-0.952883999999856],[-64.8572189,-0.95845249999997],[-64.8618944,-0.960434300000167],[-64.8601117,-0.966441099999931],[-64.8696697,-0.968429499999849],[-64.8715117,-0.980807900000031],[-64.8633776,-0.983998099999965],[-64.8723966,-0.9893886],[-64.8693312,-0.999818500000152],[-64.8777973,-0.999454400000054],[-64.88042,-1.006752799999936],[-64.8847335,-1.007427],[-64.8781926,-1.021534],[-64.8985164,-1.029680499999924],[-64.9042732,-1.02185809999993],[-64.9123067,-1.024931099999904],[-64.9167879,-1.014763600000117],[-64.9278084,-1.015601599999929],[-64.931904,-1.012094299999869],[-64.9371756,-1.017798400000029],[-64.9583563,-1.021134099999958],[-64.9508639,-1.0303035],[-64.959752,-1.032482799999968],[-64.9623223,-1.037460599999888],[-64.9525799,-1.037000199999922],[-64.9522873,-1.04336460000014],[-64.9607744,-1.041415300000079],[-64.9679006,-1.052653300000016],[-64.9781363,-1.052073899999911],[-64.9802268,-1.045406200000107],[-64.9849556,-1.0453606],[-64.9866888,-1.06201379999988],[-64.9803863,-1.0618425],[-64.9783943,-1.070196400000069],[-64.9817117,-1.072476],[-64.9678027,-1.080769000000112],[-64.9754707,-1.096126399999923],[-64.9666728,-1.104167300000015],[-64.9763616,-1.105256900000167],[-64.968508,-1.113203900000081],[-64.9839353,-1.116965900000078],[-64.9738208,-1.1204429],[-64.9744017,-1.132310999999896],[-64.9657802,-1.146793799999967],[-64.9708936,-1.149165799999976],[-64.9737461,-1.146141599999907],[-64.9874935,-1.154491399999968],[-64.9806301,-1.158538799999902],[-64.9862326,-1.169176800000054],[-64.9927291,-1.162321699999856],[-65.0035462,-1.167703900000011],[-65.0012962,-1.174295899999965],[-65.0119511,-1.169723500000065],[-65.0201607,-1.175005900000078],[-65.0206072,-1.170238300000158],[-65.0320348,-1.16640680000012],[-65.0381618,-1.175641600000153],[-65.0412479,-1.17308759999995],[-65.0473064,-1.177110199999951],[-65.0398505,-1.182631800000139],[-65.0458172,-1.189919599999951],[-65.0363262,-1.200653999999872],[-65.0389366,-1.205092799999882],[-65.0430527,-1.202977300000069],[-65.0408192,-1.2072194],[-65.0465586,-1.215261800000033],[-65.0429401,-1.216373399999921],[-65.0435635,-1.224388399999872],[-65.0368538,-1.220237100000087],[-65.0357601,-1.224786600000138],[-65.0385036,-1.230484800000036],[-65.0421767,-1.228425500000094],[-65.0457172,-1.23468740000005],[-65.047992,-1.229795499999917],[-65.065533,-1.244184999999898],[-65.0598375,-1.255193699999877],[-65.0537733,-1.258162400000066],[-65.0549483,-1.265450700000076],[-65.0490141,-1.262721600000023],[-65.0404442,-1.266806599999935],[-65.0394015,-1.2704671],[-65.0435178,-1.26842979999989],[-65.0441127,-1.272038299999957],[-65.0395761,-1.2802076],[-65.0478952,-1.28269],[-65.0502992,-1.288000199999919],[-65.0631565,-1.280464900000095],[-65.0677778,-1.283368200000117],[-65.0641299,-1.287519299999877],[-65.0708273,-1.285317600000081],[-65.0690066,-1.29446540000008],[-65.0745597,-1.301571200000057],[-65.0668366,-1.311741099999862],[-65.0713398,-1.311480699999941],[-65.0749281,-1.340226099999972],[-65.0784113,-1.342738400000084],[-65.0682221,-1.350082399999958],[-65.070322,-1.358122700000074],[-65.0724724,-1.354997100000047],[-65.075913,-1.359441600000074],[-65.0721147,-1.362297500000023],[-65.0746896,-1.365473199999935],[-65.0444889,-1.383864699999949],[-65.0461189,-1.392825100000019],[-65.0538271,-1.397461500000122],[-65.0514858,-1.402101100000095],[-65.0592459,-1.4100532],[-65.0573654,-1.419579],[-65.0622246,-1.419741],[-65.0639953,-1.42596480000005],[-65.0706014,-1.425505100000042],[-65.0703916,-1.434136500000096],[-65.078688,-1.434799299999876],[-65.0796697,-1.43977],[-65.0756175,-1.444236800000047],[-65.07261,-1.44011200000012],[-65.0724858,-1.446605800000023],[-65.0860653,-1.458465199999929],[-65.0927748,-1.454527600000125],[-65.0927372,-1.447063900000051],[-65.10352930000002,-1.45232160000009],[-65.1054778,-1.459450600000022],[-65.1184206,-1.451826399999933],[-65.1360747,-1.451706500000025],[-65.1422021,-1.45477919999989],[-65.142958,-1.462403900000022],[-65.1486511,-1.467532599999904],[-65.1567346,-1.461627599999936],[-65.1633915,-1.464568400000051],[-65.1697663,-1.4604302000001],[-65.1750259,-1.465257799999974],[-65.1829429,-1.463690299999904],[-65.1844792,-1.468065400000087],[-65.1875663,-1.464921799999975],[-65.1847756,-1.460276200000029],[-65.1921119,-1.458977700000092],[-65.1978048,-1.463962100000117],[-65.1980959,-1.473361299999943],[-65.20343,-1.47324270000006],[-65.2032824,-1.479021],[-65.2099597,-1.479431799999903],[-65.2113773,-1.475119600000063],[-65.2132545,-1.481117099999945],[-65.2160657,-1.478202799999975],[-65.2188629,-1.482353900000018],[-65.2283588,-1.475276800000092],[-65.2323568,-1.484203400000098],[-65.2392792,-1.48375259999992],[-65.2524063,-1.492396800000072],[-65.2539855,-1.481996600000028],[-65.26935920000001,-1.479003200000079],[-65.2751149,-1.485181099999943],[-65.2738239,-1.490283599999933],[-65.2834624,-1.484806199999949],[-65.2874335,-1.486492600000093],[-65.2835379,-1.487902099999969],[-65.28653,-1.494186300000033],[-65.2967044,-1.485317699999927],[-65.3026298,-1.487812700000054],[-65.298068,-1.516206899999916],[-65.3040152,-1.518946599999946],[-65.2980749,-1.529132700000048],[-65.3117614,-1.5364505],[-65.3076468,-1.545824500000095],[-65.3258546,-1.565156699999951],[-65.324665,-1.578408],[-65.3299694,-1.582447499999983],[-65.3310106,-1.590543299999947],[-65.3462818,-1.600577700000094],[-65.3466026,-1.615522899999962],[-65.351371,-1.612929199999955],[-65.3573139,-1.620277099999895],[-65.3532272,-1.633367199999957],[-65.3581729,-1.649268899999905],[-65.3741805,-1.659883],[-65.3793856,-1.671415],[-65.3706679,-1.689647099999949],[-65.3729925,-1.707366799999894],[-65.3579898,-1.713656399999942],[-65.3478095,-1.743103],[-65.3405046,-1.746525600000049],[-65.3243646,-1.739348500000087],[-65.3155829,-1.742159],[-65.3106163,-1.750154499999919],[-65.3111144,-1.778537200000088],[-65.3286701,-1.770543400000096],[-65.3718406,-1.762726199999934],[-65.4205058,-1.735479700000035],[-65.4389451,-1.733533700000078],[-65.4580025,-1.738765099999904],[-65.4741966,-1.751595],[-65.483445,-1.770333300000018],[-65.4886097,-1.79429110000003],[-65.4959516,-1.798385299999972],[-65.5140636,-1.792989900000038],[-65.5258631,-1.767201200000076],[-65.5250053,-1.697578800000092],[-65.5424518,-1.667928100000077],[-65.5597522,-1.660054899999914],[-65.6048932,-1.662915099999965],[-65.6171189,-1.657543800000076],[-65.64095180000001,-1.63617679999991],[-65.6479724,-1.605613499999939],[-65.6397251,-1.576012799999924],[-65.6395361,-1.556671900000069],[-65.6480074,-1.533333],[-65.6623369,-1.515801799999969],[-65.6995067,-1.498064499999902],[-65.7590863,-1.50307380000004],[-65.7832565,-1.49420519999998],[-65.8177857,-1.473195399999938],[-65.860505,-1.471598799999922],[-65.8707568,-1.466463700000102],[-65.9010677,-1.427090500000092],[-65.9422011,-1.412534200000019],[-65.9819241,-1.417100800000046],[-66.0015598,-1.413727699999927],[-66.0518106,-1.417542],[-66.1241174,-1.430579],[-66.1569494,-1.44672619999996],[-66.1928365,-1.472383899999987],[-66.2415072,-1.491952300000061],[-66.2585312,-1.507119200000111],[-66.2881206,-1.5485353],[-66.316846,-1.569223699999956],[-66.3457292,-1.563338499999883],[-66.3688696,-1.543514800000092],[-66.3721428,-1.533281],[-66.3637881,-1.485014899999893],[-66.3682345,-1.475102300000039],[-66.3870379,-1.469431900000073],[-66.4178448,-1.479388700000022],[-66.4406977,-1.475067500000083],[-66.4531741,-1.478709199999981],[-66.4866718,-1.514298799999934],[-66.5223378,-1.530807900000029],[-66.5518105,-1.536378600000015],[-66.6302032,-1.571308600000073],[-66.657457,-1.601407799999976],[-66.7151437,-1.625813899999904],[-66.7379506,-1.624092299999893],[-66.7829013,-1.599833],[-66.8086718,-1.597831499999894],[-66.8526805,-1.60779820000003],[-66.8821495,-1.605009799999968],[-66.9185689,-1.610244800000028],[-66.9731754,-1.590912199999935],[-67.0061804,-1.594612800000094],[-67.0497633,-1.581738599999945],[-67.0759566,-1.579840799999934],[-67.1100676,-1.582107099999983],[-67.1514513,-1.604343299999977],[-67.2148455,-1.608903],[-67.2436556,-1.62076910000003],[-67.2862877,-1.609603],[-67.3097859,-1.612092600000028],[-67.3304273,-1.619851600000045],[-67.3532911,-1.6201523],[-67.3693741,-1.6318248],[-67.3857625,-1.664316200000023],[-67.3939297,-1.665310200000072],[-67.4388766,-1.640700700000074],[-67.4892099,-1.652198],[-67.5266503,-1.650927599999964],[-67.5546774,-1.639955700000023],[-67.6147111,-1.605846800000046],[-67.6191734,-1.595994],[-67.6167315,-1.566592099999907],[-67.6495041,-1.512070200000041],[-67.6379698,-1.505665799999901],[-67.6160825,-1.473628500000079],[-67.6074719,-1.468537899999931],[-67.5562743,-1.461612800000058],[-67.5242964,-1.438649700000088],[-67.50910539999998,-1.407724699999949],[-67.505074,-1.371154400000068],[-67.4929606,-1.348837399999976],[-67.472185,-1.340695700000013],[-67.3778099,-1.28258909999995],[-67.2917902,-1.250440300000119],[-67.2243313,-1.197964],[-67.182068,-1.179446700000062],[-67.1255985,-1.134954900000112],[-67.0864896,-1.135160300000106],[-67.036021,-1.16403440000002],[-67.0159327,-1.166665799999974],[-66.9798761,-1.151861200000157],[-66.9477896,-1.148348799999982],[-66.9262702,-1.135837299999909],[-66.9149921,-1.123594900000149],[-66.9123487,-1.104918399999979],[-66.9307661,-1.069425799999942],[-66.9523985,-1.047628799999853],[-66.9544219,-1.035320900000083],[-66.9244836,-0.975189299999836],[-66.9124001,-0.972584000000184],[-66.8957877,-0.977213699999966],[-66.8429631,-0.968795299999911],[-66.789512,-0.9901008],[-66.76395560000002,-0.989236600000056],[-66.7574293,-0.985068199999831],[-66.7409553,-0.949282800000046],[-66.7396503,-0.901844100000014],[-66.7315093,-0.877780399999863],[-66.7163274,-0.853272900000036],[-66.6911741,-0.827701299999849],[-66.6945062,-0.810249499999833],[-66.7055364,-0.810084899999966],[-66.7236237,-0.817585800000174],[-66.726756,-0.809825400000044],[-66.7257278,-0.800005799999824],[-66.6984545,-0.750018699999777],[-66.7010072,-0.732130099999822],[-66.714592,-0.713108799999815],[-66.7167571,-0.700421499999819],[-66.7100878,-0.691620200000243],[-66.6809607,-0.677596999999782],[-66.6443851,-0.64803],[-66.608907,-0.633820800000251],[-66.5778601,-0.609136000000251],[-66.5159593,-0.591027000000258],[-66.4907684,-0.560163800000061],[-66.48248340000002,-0.556239100000145],[-66.4593823,-0.555519499999975],[-66.4241905,-0.593875500000134],[-66.4068421,-0.601720599999954],[-66.3337933,-0.578105799999806],[-66.2836317,-0.537690100000122],[-66.2852514,-0.508063200000173],[-66.2634828,-0.485192700000287],[-66.2532625,-0.481820600000201],[-66.22831410000002,-0.490017],[-66.2022018,-0.481167200000051],[-66.1622642,-0.486786400000161],[-66.1347733,-0.480053499999937],[-66.1292486,-0.471494799999681],[-66.1310864,-0.454194299999826],[-66.1204933,-0.426903400000031],[-66.0976672,-0.412393699999701],[-66.0926193,-0.367580700000386],[-66.0669956,-0.354459599999644],[-66.0253173,-0.357199699999957],[-66.0087326,-0.349515700000122],[-66.0081637,-0.34297799999967],[-65.9923722,-0.335582199999897],[-65.9879066,-0.327312300000537],[-65.9673015,-0.333682399999604],[-65.9406227,-0.331223699999863],[-65.9358025,-0.322295699999771],[-65.890679,-0.310411599999753],[-65.8877768,-0.259337499999813],[-65.8965107,-0.246763799999603],[-65.8960244,-0.231576399999309],[-65.9022414,-0.212478600000539],[-65.9227896,-0.184769399999477],[-65.9396779,-0.18561440000001],[-65.9452196,-0.194775299999256],[-65.9552596,-0.196552999999895],[-65.9654061,-0.194384800000405],[-65.9728876,-0.184065200000451],[-65.9781368,-0.183259599999394],[-65.9981693,-0.207598200000347],[-66.00407090000002,-0.224831900000787],[-66.0010322,-0.235833099999678],[-66.0153059,-0.243431600000138],[-66.0295689,-0.235523900000717],[-66.0418782,-0.24867039999974],[-66.045725,-0.246839299999335],[-66.0573222,-0.198669100000092],[-66.073355,-0.174773899999075],[-66.0803216,-0.171711700000767],[-66.08603379999998,-0.158281899998907],[-66.0986284,-0.16308769999891],[-66.0909413,-0.153801400000682],[-66.0817831,-0.151337599999137],[-66.0822593,-0.131643399999336],[-66.0766446,-0.125131999999048],[-66.0944338,-0.122469300001453],[-66.1020127,-0.133782700000363],[-66.11864460000001,-0.121280700000174],[-66.1172403,-0.115443299999877],[-66.0925205,-0.101496100000742],[-66.0818491,-0.082188199999762],[-66.0922928,-0.074010799998619],[-66.122443,-0.065263699997795],[-66.1310118,-0.066757200001729],[-66.1341964,-0.080127500001056],[-66.1390336,-0.07508860000166],[-66.1362446,-0.062723799997336],[-66.127368,-0.058651400001042],[-66.1295864,-0.049899600003274],[-66.1163129,-0.046626100002463],[-66.1182912,-0.031648300000408],[-66.1099237,-0.017221499992935],[-66.1197972,-0.000229600055846],[-66.1152291,0.00893939998356],[-66.1150565,0.032032899995454],[-66.12022190000002,0.040858100001395],[-66.1381631,0.04811350000296],[-66.14827620000001,0.068703699997592],[-66.1621521,0.072552400000048],[-66.1593868,0.083096800001179],[-66.1721247,0.094854100001107],[-66.1759755,0.10733100000152],[-66.1904346,0.111369899998801],[-66.2015873,0.11015079999997],[-66.2061636,0.105355799999362],[-66.218876,0.108402599999959],[-66.2244052,0.104259099999381],[-66.2323113,0.109147200000366],[-66.2460535,0.105662999999009],[-66.2718296,0.125740299999589],[-66.2778456,0.120886700000154],[-66.27800670000002,0.112714300001375],[-66.283303,0.112404099999082],[-66.2920964,0.131220199999402],[-66.301211,0.134210699998724],[-66.3071118,0.131059199999108],[-66.308512,0.137747999999407],[-66.3287624,0.144528400001011],[-66.3406125,0.165501400000531],[-66.356726,0.17382299999976],[-66.3773916,0.167558900000013],[-66.379442,0.173366300000272],[-66.3916165,0.176374700000192],[-66.3904804,0.190586599999416],[-66.3985585,0.194902899999126],[-66.4001872,0.202937100000318],[-66.4099564,0.200710399999379],[-66.4045959,0.210754700000525],[-66.4061027,0.216426600000196],[-66.4165602,0.22921180000055],[-66.4217688,0.229523899999761],[-66.4156574,0.234180800000254],[-66.4084874,0.227254399999429],[-66.4017151,0.228763400000756],[-66.3984362,0.241976499999524],[-66.3855207,0.251687700000119],[-66.3889464,0.257616700000574],[-66.3772871,0.254439799999533],[-66.3603658,0.272640300000541],[-66.3585381,0.269425899999888],[-66.3451991,0.26900040000038],[-66.3436835,0.282532599999788],[-66.3404438,0.277829700000261],[-66.3289823,0.283581999999476],[-66.3255009,0.273877499999696],[-66.3207081,0.273503299999969],[-66.3246681,0.301781800000248],[-66.3136665,0.314555599999759],[-66.3149809,0.323385899999579],[-66.3034943,0.327563099999613],[-66.3115041,0.333027299999979],[-66.31170529999999,0.339093199999675],[-66.3022701,0.343204699999511],[-66.2991225,0.338418200000465],[-66.29342750000002,0.340556699999688],[-66.293489,0.333612700000041],[-66.2884895,0.339586100000255],[-66.2914124,0.347306500000367],[-66.2884504,0.35267439999962],[-66.2963863,0.352717300000423],[-66.2889331,0.358141299999907],[-66.297097,0.360911599999673],[-66.2921439,0.368144799999611],[-66.3027877,0.380585199999759],[-66.2953509,0.404805200000232],[-66.31227610000002,0.420650000000107],[-66.3051831,0.431886800000361],[-66.3087451,0.451084099999644],[-66.3036934,0.4529801],[-66.2999841,0.447242900000372],[-66.29780730000002,0.453146100000326],[-66.2986769,0.460490499999713],[-66.303703,0.462239300000098],[-66.2914114,0.474679],[-66.2877708,0.469619400000019],[-66.282631,0.471892100000359],[-66.2886324,0.478390099999984],[-66.2758397,0.479360400000328],[-66.2758837,0.484262699999909],[-66.27393,0.481438300000127],[-66.2690869,0.484306500000065],[-66.2703772,0.497096100000355],[-66.2659638,0.495931499999719],[-66.2653667,0.50040269999997],[-66.258633,0.49766940000009],[-66.2556258,0.501935800000248],[-66.2549392,0.493115099999969],[-66.2443294,0.49262510000007],[-66.2395201,0.498825700000212],[-66.2404631,0.507990100000256],[-66.2303282,0.514042399999718],[-66.2313283,0.523984799999784],[-66.2249564,0.51887609999992],[-66.2128699,0.518633999999809],[-66.2014131,0.527223100000128],[-66.2078581,0.531298999999716],[-66.2013812,0.536155800000167],[-66.1931244,0.530326599999769],[-66.1756833,0.538768299999782],[-66.1729504,0.545284],[-66.1678709,0.539672799999826],[-66.1622375,0.555862600000081],[-66.1559731,0.555052600000117],[-66.1521731,0.559240599999868],[-66.1422296,0.556241400000222],[-66.143314,0.560972600000082],[-66.1380324,0.559264900000011],[-66.1318355,0.568500099999881],[-66.1231079,0.568323699999796],[-66.1239056,0.576334700000051],[-66.1304222,0.582631899999839],[-66.1216687,0.583357100000251],[-66.1215257,0.595434100000211],[-66.1155759,0.597386399999951],[-66.1179476,0.60253070000018],[-66.1224078,0.600043500000164],[-66.131168,0.604334399999891],[-66.128354,0.609443900000053],[-66.1335724,0.616666799999925],[-66.1365957,0.614776000000208],[-66.1387629,0.62915909999995],[-66.152716,0.637277900000038],[-66.1619958,0.63643369999989],[-66.1666787,0.646319699999932],[-66.1698608,0.645169499999821],[-66.1660858,0.65190310000012],[-66.1904511,0.661769],[-66.1994482,0.672468300000248],[-66.2090953,0.671377999999884],[-66.22597210000002,0.6825106],[-66.2264985,0.678473200000176],[-66.2323741,0.681968100000253],[-66.2351004,0.689717500000232],[-66.2431687,0.692262400000087],[-66.2463173,0.701404399999772],[-66.2553306,0.704870399999823],[-66.2551112,0.712143300000122],[-66.2591527,0.715314],[-66.2738001,0.71014220000008],[-66.2824444,0.718839199999959],[-66.2906146,0.718655499999838],[-66.2951629,0.727160099999948],[-66.3049924,0.728885000000231],[-66.3087887,0.7364797],[-66.3164795,0.736142099999766],[-66.3184951,0.752026200000092],[-66.3105714,0.745010300000065],[-66.1963357,0.781898599999825],[-66.1843313,0.779276399999955],[-66.1792332,0.762769799999806],[-66.1697086,0.763827400000165],[-66.1459756,0.747502099999948],[-66.12289220000001,0.747445499999824],[-66.1081293,0.765291200000231],[-66.0980344,0.766234600000201],[-66.0900422,0.759001],[-66.0778065,0.761217400000178],[-66.0757792,0.788171900000083],[-66.0661165,0.806877699999783],[-66.0352213,0.816519900000101],[-66.023393,0.807561200000069],[-66.0067606,0.804747500000094],[-65.9991682,0.814476999999806],[-65.9803868,0.822361300000023],[-65.96701,0.813867699999869],[-65.9671505,0.834853700000073],[-65.9532422,0.85140339999997],[-65.9544676,0.859023600000203],[-65.9397744,0.863919399999833],[-65.940863,0.891045200000028],[-65.9152779,0.897231799999899],[-65.9154504,0.889248699999981],[-65.9100668,0.889111900000192],[-65.8982112,0.902877099999833],[-65.8900199,0.902960399999939],[-65.8822212,0.919919999999823],[-65.8920845,0.920859099999822],[-65.8883596,0.928674900000164],[-65.8933718,0.934360100000123],[-65.881415,0.939849600000146],[-65.8787881,0.934902699999816],[-65.8546148,0.935311900000135],[-65.8279426,0.947212100000186],[-65.8211469,0.955790699999984],[-65.8161416,0.950740299999887],[-65.8128056,0.956712800000056],[-65.7995068,0.955799099999989],[-65.7964587,0.963579900000153],[-65.7919485,0.960434],[-65.7849752,0.965546200000108],[-65.7722953,0.958476],[-65.7703108,0.970761099999815],[-65.7644716,0.968905200000177],[-65.7641219,0.97840629999985],[-65.7549783,0.980962800000023],[-65.7427703,1.001008999999872],[-65.7187239,0.996800300000084],[-65.7137758,1.00182010000009],[-65.7058745,0.999052300000161],[-65.696438,1.002998800000072],[-65.6862992,0.984176799999852],[-65.6767704,1.000512300000109],[-65.6685946,1.000079199999971],[-65.6582979,1.011624400000012],[-65.6433418,1.004630500000113],[-65.6281432,0.988400099999924],[-65.62528,0.991639000000188],[-65.632123,0.999000800000078],[-65.6320335,1.005268899999884],[-65.6272888,1.01416810000006],[-65.6225161,1.0094784],[-65.6136421,1.011795400000117],[-65.6076297,1.001804400000058],[-65.5999028,0.998903900000059],[-65.5931356,0.998761100000116],[-65.5885217,1.004158100000135],[-65.5837119,0.990958100000063],[-65.5857222,0.981347099999933],[-65.5739141,0.985951299999968],[-65.5711055,0.995847900000046],[-65.5634532,0.992657000000174],[-65.559114,0.984212],[-65.564568,0.977988800000107],[-65.5644557,0.970815599999936],[-65.5574177,0.96673399999986],[-65.5430933,0.970505399999826],[-65.5462996,0.956442799999983],[-65.5336707,0.952427500000014],[-65.5368472,0.939507000000157],[-65.5299694,0.938647700000155],[-65.5228453,0.922093800000046],[-65.5140225,0.920184300000097],[-65.51236020000002,0.9077231],[-65.5080666,0.904536899999958],[-65.5117132,0.89230650000005],[-65.5026318,0.880892499999894],[-65.497478,0.880456799999914],[-65.4965798,0.874210700000155],[-65.5052827,0.860380100000091],[-65.5016897,0.852295899999987],[-65.5043963,0.835419600000157],[-65.5260316,0.827026],[-65.5318909,0.803772699999851],[-65.5412982,0.80248899999979],[-65.5428686,0.79505319999992],[-65.5457511,0.79759179999983],[-65.5507718,0.79463540000023],[-65.5422783,0.787639699999912],[-65.5457511,0.779730399999952],[-65.5519508,0.774218099999843],[-65.5645381,0.772999300000092],[-65.5688569,0.7646771],[-65.5748889,0.76325],[-65.5758063,0.744666599999767],[-65.5913674,0.721611],[-65.5763675,0.711586299999913],[-65.5710909,0.69270059999979],[-65.5727058,0.683268999999764],[-65.56835630000002,0.680774199999845],[-65.5665606,0.669523099999763],[-65.5563357,0.669170200000248],[-65.55570350000002,0.653380800000217],[-65.5428022,0.646587800000216],[-65.5295944,0.668646],[-65.505788,0.667596999999795],[-65.4985425,0.677983300000102],[-65.4856637,0.680136699999764],[-65.484236,0.685538099999836],[-65.473108,0.682392300000024],[-65.45602,0.684538199999937],[-65.4524009,0.690013399999859],[-65.44588490000001,0.68824879999995],[-65.4413716,0.70067910000007],[-65.4259479,0.703907099999942],[-65.4253268,0.721981400000014],[-65.4199945,0.722888],[-65.4228927,0.733645599999892],[-65.4166466,0.734330799999935],[-65.4101721,0.742190199999855],[-65.4169963,0.743782100000199],[-65.4178173,0.752712199999771],[-65.3998071,0.75125599999978],[-65.3989791,0.758144500000169],[-65.3908556,0.759022499999934],[-65.4005811,0.7666012],[-65.40076180000001,0.772595200000075],[-65.3953383,0.774345099999956],[-65.4018271,0.779713099999926],[-65.4009531,0.789910199999878],[-65.3968604,0.792188599999937],[-65.4118494,0.81228559999981],[-65.4085888,0.815734499999815],[-65.41192,0.823919899999782],[-65.4014599,0.81965589999994],[-65.3965804,0.821629700000186],[-65.3960355,0.840265600000079],[-65.3826536,0.845478300000139],[-65.3830627,0.850287900000062],[-65.3792841,0.846956699999984],[-65.3751724,0.849126799999963],[-65.3778374,0.855437100000088],[-65.3717079,0.864750300000048],[-65.3561213,0.86494129999994],[-65.3531386,0.873925499999893],[-65.3578839,0.880173200000157],[-65.3553658,0.885851400000098],[-65.3518335,0.883967499999849],[-65.3455803,0.890220700000066],[-65.3327312,0.923295200000031],[-65.3177215,0.920525499999964],[-65.3194919,0.928511],[-65.3043276,0.941337699999951],[-65.2879688,0.94067480000016],[-65.2906147,0.936058600000123],[-65.2857665,0.9335137],[-65.2712756,0.940380800000102],[-65.267861,0.931143799999845],[-65.2712879,0.924247200000035],[-65.2630796,0.92109660000013],[-65.2594358,0.924335199999813],[-65.2509158,0.917451700000011],[-65.2328081,0.9280759],[-65.2205367,0.929656600000093],[-65.2121974,0.925984400000024],[-65.2126733,0.902572499999989],[-65.2028573,0.9078548],[-65.1745246,0.94135569999995],[-65.1697479,0.972407700000097],[-65.16147920000002,0.981324699999929],[-65.1617338,0.997041099999938],[-65.1492609,1.00248279999985],[-65.1521853,1.011254699999979],[-65.16293390000001,1.0062567],[-65.1752936,1.015759400000041],[-65.1727059,1.023498599999859],[-65.1648002,1.028358700000105],[-65.1605645,1.047053300000079],[-65.156359,1.050446],[-65.1552578,1.073193700000023],[-65.1595052,1.084059500000115],[-65.1549987,1.085188099999967],[-65.1518369,1.108744699999927],[-65.1552158,1.116520600000034],[-65.1602673,1.117068099999911],[-65.1594143,1.123321300000118],[-65.1439775,1.126911899999904],[-65.1312467,1.1212],[-65.1216429,1.144292399999977],[-65.1174083,1.143761299999928],[-65.1054308,1.155912899999882],[-65.0876852,1.140996],[-65.0724204,1.152329500000064],[-65.0697488,1.144368700000135],[-65.0621402,1.142904200000064],[-65.0595427,1.130764099999892],[-65.0661629,1.11857490000014],[-65.0625806,1.11108409999993],[-65.0523513,1.117481299999844],[-65.0476828,1.1142833],[-65.0315358,1.117952399999901],[-65.0216249,1.106081499999913],[-65.0127203,1.109107],[-65.0055474,1.129576700000101],[-64.991662,1.13838960000004],[-64.9848184,1.15692280000013],[-64.9767511,1.160543200000147],[-64.9673056,1.179546400000048],[-64.9739188,1.192692799999861],[-64.9652669,1.197353699999911],[-64.9638109,1.206650799999976],[-64.9559537,1.215977199999844],[-64.9465074,1.222036300000136],[-64.9389459,1.212616599999898],[-64.9279338,1.210942700000087],[-64.925758,1.217381],[-64.9148534,1.22198789999987],[-64.9132315,1.2336776],[-64.9062646,1.235585099999946],[-64.9039537,1.2513471],[-64.8889976,1.246655700000128],[-64.8814309,1.224312599999859],[-64.8724617,1.223016799999939],[-64.8627045,1.23147480000013],[-64.8581384,1.252165300000116],[-64.8437394,1.26364140000013],[-64.84343540000002,1.27895580000007],[-64.8196054,1.294656100000083],[-64.8230306,1.278469400000012],[-64.8416582,1.250167900000138],[-64.8426929,1.237318600000094],[-64.845904,1.237638700000058],[-64.8451392,1.232701600000069],[-64.8511313,1.234352699999914],[-64.858796,1.217317299999936],[-64.8635853,1.192890900000024],[-64.8470499,1.178715799999935],[-64.83962,1.181375599999947],[-64.8261992,1.177212800000083],[-64.8284794,1.170399699999921],[-64.8201051,1.162286399999958],[-64.8234051,1.157217599999879],[-64.8177904,1.150465599999921],[-64.804659,1.142698299999878],[-64.8070045,1.141120299999953],[-64.8006429,1.137751100000116],[-64.8004419,1.1318275],[-64.7956988,1.134403399999983],[-64.7830953,1.119087399999849],[-64.7785456,1.123827299999944],[-64.7774295,1.116254799999886],[-64.77388,1.115851300000097],[-64.7751615,1.109181800000134],[-64.7715989,1.109413499999983],[-64.7708087,1.101740899999934],[-64.75988810000001,1.095965400000153],[-64.7600922,1.091472199999852],[-64.7515542,1.088301899999898],[-64.7469892,1.081397099999904],[-64.7429727,1.082643500000124],[-64.7432654,1.078339500000011],[-64.7286348,1.077392799999929],[-64.7179194,1.056838],[-64.6988981,1.042507200000172],[-64.701956,1.035517900000153],[-64.6978904,1.030444400000076],[-64.6718438,1.042467100000132],[-64.6544966,1.029398300000026],[-64.6455071,1.028253],[-64.6394152,1.040751499999979],[-64.623863,1.030721299999839],[-64.6185795,1.014085799999884],[-64.6080377,1.006205],[-64.6093622,0.995434499999967],[-64.6032684,0.989174900000112],[-64.5955684,0.98884539999988],[-64.5953259,0.985163000000149],[-64.5872785,0.985630900000133],[-64.589689,0.979085900000166],[-64.5863542,0.97948769999986],[-64.57810210000001,0.965740200000021],[-64.5764355,0.943841]]]}},{"type":"Feature","properties":{"CD_MUN":"1300631","NM_MUN":"Beruri","SIGLA_UF":"AM","CodigoIBGE":"1300631","SubRegiaoNumero":7,"CalhaSubRegiao":"Região do Rio Negro/Solimões"},"geometry":{"type":"Polygon","coordinates":[[[-61.4105011,-3.622147500000037],[-61.3323234,-3.696200699999977],[-61.1468885,-3.700795800000046],[-61.1466213,-3.728648499999955],[-61.1608202,-3.750683300000028],[-61.1439604,-3.754247299999951],[-61.1386239,-3.765577500000034],[-61.1471011,-3.7695454],[-61.1448715,-3.778364899999985],[-61.1532123,-3.784210300000031],[-61.145893,-3.790121],[-61.1286485,-3.787366],[-61.12546,-3.7940763],[-61.1138523,-3.796619],[-61.0867084,-3.792661099999961],[-61.0621479,-3.794854499999968],[-61.0447363,-3.821456899999962],[-61.0506526,-3.865229699999964],[-61.0750978,-3.90703220000004],[-61.0876526,-3.918020599999974],[-61.1102581,-3.926930799999955],[-61.1367576,-3.958574],[-61.1636533,-3.974907899999959],[-61.1637082,-4.140704099999985],[-61.1578952,-4.140510899999952],[-61.1608024,-4.136619899999987],[-61.1552087,-4.129987599999954],[-61.1406914,-4.124643699999977],[-61.1370046,-4.128685199999975],[-61.1324206,-4.125146899999961],[-61.1271076,-4.130870799999967],[-61.1187147,-4.129756],[-61.1151189,-4.1344955],[-61.0976699,-4.132706899999985],[-61.0970302,-4.136734900000014],[-61.0933664,-4.13606180000003],[-61.0937515,-4.1277451],[-61.0795863,-4.1267731],[-61.0733488,-4.1192207],[-61.0548509,-4.129685200000051],[-61.0398258,-4.102330199999976],[-61.0328162,-4.100276500000035],[-61.0341243,-4.094224],[-61.0270094,-4.08151710000001],[-61.014847,-4.079062300000018],[-61.0094905,-4.080622099999965],[-61.0101126,-4.085954099999954],[-61.0060259,-4.08349159999997],[-61.0057764,-4.091878900000034],[-60.9994587,-4.093569700000021],[-60.9967647,-4.103048],[-60.9778326,-4.0974923],[-60.9667162,-4.106331199999984],[-60.9659707,-4.1203604],[-60.9730749,-4.127585199999964],[-60.9667878,-4.129156],[-60.9650831,-4.134511100000037],[-60.9548955,-4.129828400000032],[-60.9550431,-4.132975],[-60.950076,-4.131598099999988],[-60.9435838,-4.136747400000012],[-60.9390164,-4.124966100000016],[-60.9272185,-4.1285507],[-60.9171,-4.147986199999973],[-60.90390330000001,-4.1488287],[-60.9002341,-4.152756299999965],[-60.897733,-4.163159600000034],[-60.9012171,-4.166817799999957],[-60.8939025,-4.16720529999997],[-60.894327,-4.170422200000026],[-60.8896855,-4.170367500000022],[-60.88318360000001,-4.16188790000001],[-60.8705217,-4.159081699999981],[-60.8712663,-4.156068],[-60.857679,-4.16189],[-60.855587,-4.1700872],[-60.8491504,-4.172117500000025],[-60.8377832,-4.152572899999973],[-60.8269137,-4.159433800000036],[-60.8297499,-4.1671866],[-60.8182959,-4.1623977],[-60.8102738,-4.167047100000035],[-60.8160844,-4.170033199999958],[-60.8079948,-4.1767537],[-60.8122983,-4.1799496],[-60.8070978,-4.181597],[-60.8258102,-4.233504100000025],[-60.8489643,-4.282191500000036],[-61.0093905,-4.4234954],[-61.1678288,-4.544239],[-61.2486071,-4.62765],[-61.2714876,-4.662467499999986],[-61.3085997,-4.749319400000011],[-61.3187055,-4.76305630000003],[-61.4191927,-4.8545975],[-61.443789,-4.89148],[-61.48994660000001,-4.91611029999996],[-61.5247099,-4.940186199999964],[-61.7839175,-5.167168600000031],[-61.8608713,-5.215544400000014],[-61.942076,-5.2945065],[-62.0102512,-5.3213873],[-62.0811621,-5.41560379999997],[-62.1028197,-5.459931500000016],[-62.5771848,-5.000684599999974],[-62.6501086,-4.900466700000035],[-62.6744717,-4.909489600000016],[-62.6936585,-4.962427200000016],[-62.7179082,-4.97412],[-62.7331579,-4.9688129],[-62.73747010000001,-4.960721200000016],[-62.7366043,-4.944351799999986],[-62.7304618,-4.936010199999973],[-62.7013284,-4.916682],[-62.6951271,-4.901034899999967],[-62.7061608,-4.8507949],[-62.7189148,-4.837945],[-62.7267757,-4.835779699999974],[-62.7570887,-4.844595500000012],[-62.7632139,-4.839872899999986],[-62.7695742,-4.840823900000022],[-62.7857169,-4.82403039999997],[-62.7997545,-4.8002027],[-62.8260188,-4.791552700000015],[-62.83396110000001,-4.79571940000002],[-62.8549375,-4.7933385],[-62.8589705,-4.797358400000025],[-62.8761095,-4.798168299999976],[-62.8823456,-4.803296100000028],[-62.8937709,-4.797640699999984],[-62.9012787,-4.787614600000026],[-62.9204491,-4.785673199999988],[-62.9322349,-4.7934358],[-62.9451949,-4.821016799999974],[-62.9631335,-4.816972499999969],[-62.9687403,-4.805924500000037],[-62.99988050000001,-4.79187490000003],[-62.9632206,-4.7539814],[-62.9548463,-4.734890400000022],[-62.9540765,-4.698692],[-62.9481448,-4.686846799999987],[-62.9454385,-4.662094099999988],[-62.9312727,-4.649341800000022],[-62.9082281,-4.647983900000027],[-62.884895,-4.657320499999989],[-62.8747924,-4.668012100000011],[-62.8364274,-4.673870900000014],[-62.8304541,-4.678354099999984],[-62.7951205,-4.674324799999984],[-62.7687702,-4.655745700000041],[-62.6846624,-4.623155100000038],[-62.6575812,-4.625585899999966],[-62.6400789,-4.638270599999971],[-62.6291054,-4.640112199999964],[-62.59735520000001,-4.635120500000027],[-62.5390738,-4.616148],[-62.4940724,-4.6116093],[-62.4401554,-4.59240330000003],[-62.396076,-4.587807099999963],[-62.3765742,-4.5818417],[-62.3274368,-4.562917599999973],[-62.31454690000001,-4.5508566],[-62.3075734,-4.533958900000029],[-62.302766,-4.49817710000001],[-62.2917987,-4.48236],[-62.2766831,-4.470777],[-62.25870290000001,-4.4689613],[-62.2299591,-4.490597299999963],[-62.22198620000001,-4.493096],[-62.2126887,-4.4900846],[-62.1884206,-4.475834],[-62.17777310000001,-4.453003600000032],[-62.1433967,-4.43423520000001],[-62.1275656,-4.412750399999984],[-62.0871661,-4.39320890000001],[-62.0808443,-4.400124599999962],[-62.0682954,-4.388195900000036],[-62.0586129,-4.370613899999953],[-62.0621449,-4.358647099999966],[-62.0567719,-4.3563624],[-62.0643606,-4.345487599999979],[-62.0631774,-4.340330199999975],[-62.0574131,-4.340428],[-62.0593373,-4.332480800000031],[-62.0547797,-4.3306601],[-62.0570254,-4.319000100000023],[-62.05314880000001,-4.311369399999967],[-62.0390314,-4.309844400000017],[-62.0073773,-4.284377299999984],[-61.9658355,-4.283433599999968],[-61.9579166,-4.277454799999965],[-61.9629168,-4.269886399999969],[-61.9577149,-4.263415700000025],[-61.9469272,-4.272402100000028],[-61.9444555,-4.26304369999997],[-61.9327954,-4.257184700000033],[-61.90898510000001,-4.262166299999988],[-61.9010285,-4.248076599999984],[-61.887788,-4.245906099999983],[-61.8845263,-4.238294100000029],[-61.8798515,-4.249060799999979],[-61.8679815,-4.247931],[-61.8645512,-4.262156400000011],[-61.858966,-4.2650473],[-61.8522217,-4.261386],[-61.8533671,-4.2722745],[-61.8428914,-4.270733099999963],[-61.8393526,-4.275254],[-61.7953735,-4.273320100000038],[-61.7700566,-4.2515735],[-61.7422019,-4.241222099999961],[-61.7252575,-4.242671599999969],[-61.6967691,-4.2538669],[-61.6782662,-4.251590199999955],[-61.6433247,-4.211756],[-61.5898933,-4.139031],[-61.5678384,-4.0710089],[-61.5035471,-4.00299749999997],[-61.4840097,-3.9876342],[-61.4311261,-3.919076699999957],[-61.4149469,-3.907812599999972],[-61.3926819,-3.9022644],[-61.3721659,-3.883963200000041],[-61.3721264,-3.871032500000028],[-61.4012142,-3.836317200000026],[-61.4227819,-3.8011815],[-61.4343159,-3.758704499999961],[-61.4792396,-3.684902299999984],[-61.4512326,-3.655453500000014],[-61.4105011,-3.622147500000037]]]}},{"type":"Feature","properties":{"CD_MUN":"1300607","NM_MUN":"Benjamin Constant","SIGLA_UF":"AM","CodigoIBGE":"1300607","SubRegiaoNumero":1,"CalhaSubRegiao":"Região do Alto Solimões"},"geometry":{"type":"Polygon","coordinates":[[[-70.03575320901494,-4.355842855811126],[-70.01185486883861,-4.331386094158673],[-69.99856119385333,-4.328004131579006],[-69.9950313785613,-4.322453389364659],[-69.98436342639388,-4.324025959509742],[-69.98388702503195,-4.333587752546075],[-69.99057440706633,-4.342990998547193],[-69.98100011599985,-4.344288226999948],[-69.94969219147697,-4.31816431145853],[-69.93808346747642,-4.295097626116342],[-69.94676670023057,-4.272294321147931],[-69.9316523,-4.291831],[-69.9128145,-4.29330369999997],[-69.8513119,-4.339618900000028],[-69.7856618,-4.372292499999955],[-69.7095793,-4.35067959999997],[-69.6481479,-4.314165299999982],[-69.56497429999999,-4.307147299999966],[-69.5347456,-4.284671900000014],[-69.5331002,-4.27907520000003],[-69.5160855,-4.3193757],[-69.490414,-4.341010200000023],[-69.4490721,-4.356565899999979],[-69.4371851,-4.384486],[-69.4380279,-4.399176699999964],[-69.4478599,-4.423725299999967],[-69.4701878,-4.418100299999979],[-69.5034943,-4.4294882],[-69.5240555,-4.445729899999981],[-69.5484448,-4.502649099999981],[-69.5898591,-4.506711600000036],[-69.6103334,-4.514399400000032],[-69.6198595,-4.5337036],[-69.6146656,-4.573981900000015],[-69.6232223,-4.580955700000015],[-69.6824674,-4.5772545],[-69.7098335,-4.588131500000021],[-69.7640253,-4.653744400000037],[-69.79494090000001,-4.673650799999966],[-69.8321943,-4.707720899999975],[-69.8696613,-4.721186199999969],[-69.8853314,-4.733595],[-69.900387,-4.797797200000026],[-69.9336089,-4.856006399999974],[-69.9566055,-4.878778099999973],[-69.9727779,-4.906299600000021],[-69.9718059,-4.929625],[-69.9503575,-4.9717663],[-69.9483869,-5.0007438],[-69.9576084,-5.011431300000028],[-69.973669,-5.003981600000011],[-69.9988907,-5.016745699999978],[-70.0212252,-5.06020110000003],[-70.0438874,-5.09303920000001],[-70.0920831,-5.1336071],[-70.1066685,-5.17751659999998],[-70.1508575,-5.222620100000028],[-70.1561388,-5.245912200000014],[-70.1504222,-5.290371399999979],[-70.1764458,-5.330061900000029],[-70.1879172,-5.3569063],[-70.1803082,-5.410390100000035],[-70.1948074,-5.4697148],[-70.1977556,-5.509684899999983],[-70.2109963,-5.542195100000022],[-70.2371705,-5.563104799999977],[-70.2415564,-5.57200040000003],[-70.2356682,-5.5799491],[-70.24858550000002,-5.612006899999966],[-70.2538673,-5.618686200000012],[-70.2729223,-5.6165472],[-70.2864158,-5.6283602],[-70.2883383,-5.6516599],[-70.2811176,-5.666527],[-70.2581446,-5.680020299999973],[-70.2536974,-5.69244670000002],[-70.2643677,-5.711694499999973],[-70.2589787,-5.752128199999987],[-70.2741734,-5.795694300000023],[-70.2678094,-5.8185532],[-70.269528,-5.829943099999984],[-70.2982583,-5.855669],[-70.3035373,-5.905596600000012],[-70.32348029999999,-5.934520199999973],[-70.3231992,-5.944614600000015],[-70.310197,-5.9607413],[-70.3076951,-6.011808900000013],[-70.3139749,-6.018549600000015],[-70.3413391,-6.021536199999979],[-70.3586175,-6.032470899999988],[-70.3943712,-6.0882033],[-70.4255645,-6.1209743],[-70.4303944,-6.148114900000017],[-70.4338705,-6.155381400000026],[-70.442698,-6.157865699999983],[-70.444978,-6.1656476],[-70.4454496,-6.177680599999981],[-70.4360326,-6.193987499999981],[-70.4180082,-6.19313920000002],[-70.4111991,-6.196777600000024],[-70.4078692,-6.18986189999998],[-70.3989492,-6.186795699999982],[-70.3920273,-6.19175780000001],[-70.3807847,-6.21712930000001],[-70.3667246,-6.229903],[-70.3723682,-6.2475318],[-70.3683652,-6.256598600000019],[-70.3530607,-6.263533399999972],[-70.3475293,-6.280568900000022],[-70.3489565,-6.2903087],[-70.3652811,-6.293344800000023],[-70.38015669999999,-6.30419059999997],[-70.3853289,-6.3136685],[-70.3854912,-6.33428540000001],[-70.40225850000002,-6.3577105],[-70.4044208,-6.375465700000024],[-70.4217105,-6.371560900000016],[-70.45471569999998,-6.380429500000032],[-70.4625081,-6.385327399999969],[-70.4702292,-6.4013825],[-70.5005102,-6.409399399999972],[-70.5088081,-6.416105200000027],[-70.5257878,-6.4494541],[-70.56475,-6.48473],[-70.5718696,-6.5049845],[-70.5718988,-6.534523],[-70.5867657,-6.5597184],[-70.600008,-6.6015255],[-70.6173384,-6.606946],[-70.65359689999998,-6.59509939999997],[-70.6809798,-6.6092463],[-70.7019817,-6.6365333],[-70.7177919,-6.642782399999986],[-70.730842,-6.654107099999981],[-70.7569542,-6.6484445],[-70.7656238,-6.65119590000001],[-70.77690339999998,-6.664183799999988],[-70.7823112,-6.7016222],[-70.7904324,-6.7072229],[-70.81686989999999,-6.711759899999977],[-70.834758,-6.719379300000015],[-70.854244,-6.7156734],[-70.8642023,-6.7263799],[-70.9007262,-6.705715100000011],[-70.9064578,-6.721522099999986],[-70.9152868,-6.720873299999978],[-70.9299872,-6.697012899999987],[-70.9315349,-6.671897],[-70.949651,-6.677372800000013],[-70.9754849,-6.65098],[-70.9934701,-6.646794899999983],[-71.0071492,-6.6563013],[-71.02426350000002,-6.6533081],[-71.0907638,-6.6605219],[-71.1042898,-6.675731],[-71.1032093,-6.7025671],[-71.1066227,-6.7096888],[-71.1290923,-6.6939465],[-71.1371371,-6.696600899999979],[-71.1434888,-6.706274799999978],[-71.1714831,-6.705379099999988],[-71.1804814,-6.708983799999984],[-71.1895121,-6.726939799999985],[-71.2353409,-6.720659],[-71.2472561,-6.731947200000021],[-71.27259510000002,-6.725224699999979],[-71.2932319,-6.7065338],[-71.3000903,-6.69080710000003],[-71.3433284,-6.681320700000025],[-71.34139879999998,-6.6715353],[-71.334316,-6.6685454],[-71.3022392,-6.678104700000021],[-71.2803662,-6.6638033],[-71.2572698,-6.634481799999967],[-71.2439888,-6.626462299999979],[-71.2433222,-6.620341700000022],[-71.2316727,-6.61571689999997],[-71.2180878,-6.622034099999969],[-71.205667,-6.619766500000019],[-71.19233,-6.625347699999985],[-71.18352659999998,-6.6167143],[-71.172622,-6.622473500000019],[-71.148607,-6.6150938],[-71.141138,-6.6190727],[-71.136789,-6.6146658],[-71.12626880000002,-6.614921099999983],[-71.1228941,-6.609857799999978],[-71.1118281,-6.612850899999987],[-71.0970848,-6.603840700000011],[-71.08654,-6.608038599999975],[-71.0793565,-6.590376599999987],[-71.0661557,-6.57994220000002],[-71.0645385,-6.569333499999982],[-71.0592409,-6.5673655],[-71.0450795,-6.541948200000024],[-71.040408,-6.544283100000028],[-71.0265182,-6.540376100000023],[-71.0278816,-6.537720199999987],[-71.0228256,-6.539925],[-71.0163655,-6.531541399999977],[-71.0113316,-6.532983099999981],[-71.01152,-6.5371618],[-71.005209,-6.5328249],[-70.9890404,-6.534447099999987],[-70.9783363,-6.52042960000001],[-70.9603938,-6.516322799999973],[-70.9514625,-6.5176513],[-70.951911,-6.5247123],[-70.9425756,-6.523598299999984],[-70.9421033,-6.52823],[-70.9398422,-6.5255465],[-70.9363981,-6.529187199999987],[-70.916871,-6.5137672],[-70.9142093,-6.5152545],[-70.9125973,-6.5090812],[-70.9080477,-6.509165],[-70.9057155,-6.503696599999973],[-70.9091456,-6.5008793],[-70.9018584,-6.4924136],[-70.8817236,-6.487890699999971],[-70.8804256,-6.492548900000013],[-70.8695849,-6.493455599999979],[-70.86831419999999,-6.497375800000022],[-70.853392,-6.493847],[-70.8533587,-6.490025300000016],[-70.8363064,-6.4771613],[-70.8346266,-6.470167800000014],[-70.8275151,-6.468075500000021],[-70.8274165,-6.461839600000022],[-70.823032,-6.4642032],[-70.8177071,-6.4612266],[-70.8135551,-6.443062],[-70.8049669,-6.439981899999986],[-70.8080316,-6.4329417],[-70.8058024,-6.42960270000002],[-70.8036817,-6.431727399999982],[-70.8037333,-6.42609850000002],[-70.7981502,-6.4255534],[-70.7987109,-6.417138199999989],[-70.7915691,-6.414631600000012],[-70.7858333,-6.405379400000016],[-70.78359650000002,-6.409735800000014],[-70.7828016,-6.405606200000014],[-70.7785773,-6.409070600000011],[-70.773424,-6.405972800000029],[-70.7758094,-6.3929198],[-70.7611987,-6.3863484],[-70.756806,-6.376216699999974],[-70.7462778,-6.377804400000024],[-70.73282610000001,-6.371778200000018],[-70.7329769,-6.3652464],[-70.7269894,-6.3629998],[-70.73017790000002,-6.360838499999987],[-70.7201269,-6.354730200000011],[-70.7213467,-6.346337199999986],[-70.7109797,-6.342360799999982],[-70.7128153,-6.3370213],[-70.7046995,-6.334988899999978],[-70.705981,-6.330569900000023],[-70.6983093,-6.3274657],[-70.6968613,-6.311738299999979],[-70.6859768,-6.313197],[-70.6801894,-6.302558900000028],[-70.6743808,-6.3057314],[-70.6687003,-6.30086770000001],[-70.6654414,-6.303584400000021],[-70.6586389,-6.28882630000001],[-70.6552449,-6.291485499999986],[-70.6537035,-6.286288700000028],[-70.6451872,-6.2842836],[-70.6446484,-6.278829],[-70.6426499,-6.282467],[-70.6329878,-6.277278800000015],[-70.6319835,-6.268381499999984],[-70.6279556,-6.269084800000011],[-70.6235841,-6.2596654],[-70.6171546,-6.253401199999971],[-70.614452,-6.255351799999983],[-70.6153989,-6.248648899999987],[-70.6074368,-6.242383599999978],[-70.6050875,-6.244377700000021],[-70.5985233,-6.236208399999983],[-70.5988746,-6.232547099999987],[-70.6015179,-6.2342114],[-70.5965075,-6.229861599999972],[-70.5974117,-6.216978],[-70.5849417,-6.21176139999997],[-70.589036,-6.2039361],[-70.5848604,-6.199577399999981],[-70.5948113,-6.1887205],[-70.59165440000001,-6.1816215],[-70.5889039,-6.182744599999975],[-70.5907212,-6.168075600000016],[-70.5783281,-6.154440500000012],[-70.5858013,-6.153725900000016],[-70.5852858,-6.149446900000034],[-70.5913451,-6.147093499999983],[-70.5897872,-6.141611699999985],[-70.5927869,-6.14382520000001],[-70.5967382,-6.13896850000001],[-70.5945644,-6.133877599999982],[-70.5979575,-6.133923699999984],[-70.598523,-6.12887],[-70.5925826,-6.1251245],[-70.5976622,-6.120189500000013],[-70.58648709999999,-6.1146255],[-70.5938608,-6.107144800000013],[-70.5916642,-6.0952459],[-70.5966997,-6.0950616],[-70.5956059,-6.085770899999988],[-70.591723,-6.08770589999998],[-70.5927557,-6.0808701],[-70.5985567,-6.085147600000025],[-70.6027328,-6.078872800000021],[-70.6085788,-6.079570099999983],[-70.6063215,-6.073434900000025],[-70.6114211,-6.075122799999983],[-70.6114739,-6.067818699999981],[-70.6073694,-6.063496],[-70.6119,-6.061854600000018],[-70.6080779,-6.0564608],[-70.6142024,-6.053915100000011],[-70.6097905,-6.05091190000003],[-70.613931,-6.0478832],[-70.6098525,-6.0439467],[-70.6210691,-6.04001],[-70.6191272,-6.035619900000017],[-70.6236171,-6.0357314],[-70.6264468,-6.027704399999988],[-70.6234343,-6.0244829],[-70.630048,-6.024579600000014],[-70.6323901,-6.0204432],[-70.6302672,-6.012880299999983],[-70.6207609,-6.013193700000025],[-70.6101619,-6.004815700000028],[-70.6173279,-5.994538],[-70.6156712,-5.989003499999976],[-70.623812,-5.9824988],[-70.6212974,-5.977051],[-70.6068305,-5.968868],[-70.61213119999998,-5.963553900000026],[-70.60800070000002,-5.959625900000024],[-70.6139729,-5.957296500000012],[-70.6136821,-5.9522184],[-70.6168691,-5.958286800000013],[-70.6179463,-5.9509659],[-70.6089091,-5.9480446],[-70.6072659,-5.95218469999998],[-70.599604,-5.952685800000017],[-70.6039341,-5.945639400000014],[-70.59765290000001,-5.946199300000021],[-70.5914763,-5.937315300000011],[-70.5830171,-5.938944400000028],[-70.5887454,-5.928226099999985],[-70.5782705,-5.9342886],[-70.57395550000001,-5.9182113],[-70.5791131,-5.91749539999998],[-70.5730043,-5.9126372],[-70.57977560000002,-5.907150899999985],[-70.5715163,-5.907571900000015],[-70.569129,-5.895718499999969],[-70.5643863,-5.8964509],[-70.5643091,-5.889862799999979],[-70.5573758,-5.8842053],[-70.5622002,-5.881830600000028],[-70.5600925,-5.8760151],[-70.56589159999999,-5.878494200000028],[-70.5616594,-5.8700713],[-70.5545562,-5.867079800000011],[-70.5497388,-5.8727857],[-70.549923,-5.8665467],[-70.5554447,-5.862102600000033],[-70.5428101,-5.864933099999968],[-70.54059350000001,-5.855984300000024],[-70.53248519999998,-5.860226599999987],[-70.5367282,-5.852325099999977],[-70.5339756,-5.846240200000019],[-70.520264,-5.839657499999979],[-70.5149437,-5.8410436],[-70.5153681,-5.831698599999979],[-70.5108084,-5.8298992],[-70.5138372,-5.825749099999974],[-70.5106798,-5.820877299999967],[-70.5184753,-5.8227201],[-70.5164758,-5.81692],[-70.519972,-5.8139459],[-70.5133309,-5.8114973],[-70.5106092,-5.801790600000027],[-70.5031988,-5.7994357],[-70.5051674,-5.804418],[-70.5002127,-5.808333600000029],[-70.501133,-5.798637699999983],[-70.4940323,-5.795715600000021],[-70.49072810000001,-5.799201300000011],[-70.4925371,-5.791355799999974],[-70.4993714,-5.785884300000021],[-70.4974396,-5.783341899999967],[-70.4904609,-5.786638299999971],[-70.4935934,-5.7781297],[-70.4988172,-5.781799499999963],[-70.50066560000002,-5.778510199999978],[-70.4943779,-5.770220299999985],[-70.4888295,-5.77089930000002],[-70.4792798,-5.752190899999979],[-70.483842,-5.748401899999975],[-70.4795615,-5.738572],[-70.4841994,-5.7318555],[-70.4878409,-5.735867],[-70.490296,-5.731570399999976],[-70.47325,-5.7162628],[-70.472248,-5.7099525],[-70.4654529,-5.712533399999982],[-70.4665274,-5.7064401],[-70.47307429999998,-5.7077481],[-70.4651661,-5.69860859999998],[-70.4723062,-5.698935700000026],[-70.4713057,-5.693408800000012],[-70.4631257,-5.692295600000024],[-70.4701583,-5.682735499999986],[-70.4636695,-5.678109899999977],[-70.45911560000002,-5.681097100000017],[-70.4648553,-5.675417],[-70.4641577,-5.667892899999972],[-70.4552775,-5.66618140000002],[-70.4544613,-5.6704903],[-70.452563,-5.667673600000012],[-70.4544975,-5.663196],[-70.4639355,-5.660476300000032],[-70.4536673,-5.653339800000026],[-70.4601496,-5.637540299999971],[-70.4530217,-5.636086400000027],[-70.4544417,-5.631348900000014],[-70.4493636,-5.63258970000002],[-70.4485433,-5.627209],[-70.45518120000001,-5.617086699999977],[-70.4478365,-5.6098641],[-70.4542783,-5.600372299999971],[-70.4607833,-5.6004507],[-70.4516488,-5.587233],[-70.4590075,-5.58266460000001],[-70.4550082,-5.571330900000028],[-70.45860420000001,-5.5663939],[-70.4492869,-5.5669775],[-70.4514337,-5.559484900000019],[-70.4457503,-5.5526547],[-70.443868,-5.539526200000022],[-70.4516777,-5.5270951],[-70.4489784,-5.517414],[-70.453737,-5.519159600000032],[-70.4549995,-5.515739399999987],[-70.4481933,-5.5140497],[-70.44491869999999,-5.505833199999964],[-70.4361286,-5.508309799999989],[-70.4354443,-5.5037608],[-70.4441756,-5.5032758],[-70.4458647,-5.498431799999989],[-70.42803390000002,-5.492672900000014],[-70.4277324,-5.4840823],[-70.4148574,-5.48844419999997],[-70.4084121,-5.469464500000014],[-70.3966276,-5.462775],[-70.3973653,-5.451994200000013],[-70.4042943,-5.450870599999972],[-70.394824,-5.448471799999989],[-70.3973844,-5.438162800000017],[-70.3928007,-5.434649200000012],[-70.388234,-5.44031940000001],[-70.3862306,-5.428628799999987],[-70.4021839,-5.432611899999984],[-70.3966631,-5.419206700000022],[-70.389824,-5.416519699999979],[-70.3825555,-5.4205586],[-70.3897321,-5.412322899999986],[-70.3865607,-5.409778900000024],[-70.3702443,-5.4119606],[-70.37455140000002,-5.4003962],[-70.3634276,-5.405276799999975],[-70.3698407,-5.390542300000028],[-70.365764,-5.381709],[-70.370561,-5.3771143],[-70.3609071,-5.3811658],[-70.3529421,-5.3795597],[-70.3563072,-5.371967100000025],[-70.3669599,-5.3701698],[-70.3675923,-5.3647919],[-70.3520263,-5.36431690000002],[-70.3475058,-5.3403341],[-70.3323966,-5.332278899999981],[-70.3383822,-5.324375600000025],[-70.3376288,-5.316523],[-70.3457133,-5.314898200000028],[-70.342516,-5.3076301],[-70.3350499,-5.308683299999982],[-70.3306731,-5.281689099999988],[-70.3256632,-5.273804899999962],[-70.3194889,-5.2736072],[-70.3287147,-5.264410200000023],[-70.3046366,-5.2495406],[-70.30432709999998,-5.242052],[-70.3096517,-5.2353624],[-70.2997654,-5.2328288],[-70.2914952,-5.237885800000011],[-70.2939494,-5.225303599999986],[-70.3018851,-5.2236391],[-70.292683,-5.2182904],[-70.3014791,-5.21708190000003],[-70.301738,-5.2134413],[-70.2944156,-5.207788800000011],[-70.2872254,-5.2102012],[-70.28985360000001,-5.200140900000013],[-70.2794153,-5.196834],[-70.2826975,-5.187735800000032],[-70.2732145,-5.183122900000027],[-70.2705244,-5.1853688],[-70.2756437,-5.196041900000026],[-70.2701386,-5.1976475],[-70.2670443,-5.184632200000024],[-70.270903,-5.178225199999966],[-70.2575473,-5.173636],[-70.2494848,-5.1631685],[-70.2594425,-5.1525298],[-70.2500012,-5.151609100000021],[-70.24404170000001,-5.158817899999973],[-70.2381295,-5.1584373],[-70.2379032,-5.1540815],[-70.2493906,-5.1439599],[-70.2442363,-5.135117099999983],[-70.2486302,-5.1294891],[-70.2388053,-5.130448900000023],[-70.2363306,-5.1221865],[-70.2285772,-5.116153800000034],[-70.2216821,-5.119447],[-70.2263682,-5.110383799999973],[-70.2184733,-5.115951899999977],[-70.2116543,-5.113399299999984],[-70.2090526,-5.122044899999985],[-70.19824619999999,-5.118730699999983],[-70.19758219999999,-5.112958899999983],[-70.2071809,-5.108371399999989],[-70.208187,-5.093503900000019],[-70.2037386,-5.091693699999983],[-70.1947024,-5.099967199999971],[-70.1923453,-5.094108200000011],[-70.2006654,-5.08916680000001],[-70.2006706,-5.084998099999974],[-70.1953978,-5.082900799999979],[-70.1870869,-5.086955099999962],[-70.1760726,-5.080554700000015],[-70.1764946,-5.075789],[-70.1701423,-5.075064400000031],[-70.1713174,-5.069346200000011],[-70.16244,-5.060477399999963],[-70.1728566,-5.050187],[-70.1730177,-5.059032299999974],[-70.1772137,-5.059278],[-70.1795903,-5.050634500000027],[-70.1679496,-5.042801799999975],[-70.178474,-5.0392008],[-70.1797131,-5.033911399999988],[-70.16776480000001,-5.030533499999963],[-70.1697904,-5.0203462],[-70.165833,-5.014522700000039],[-70.1749054,-5.009752699999982],[-70.1703525,-4.998513200000037],[-70.1597571,-4.998147300000023],[-70.1650331,-5.003001899999981],[-70.1630679,-5.005983500000019],[-70.1525703,-5.0029238],[-70.1558736,-4.98783640000002],[-70.150843,-4.972527699999981],[-70.15672,-4.959951699999984],[-70.1474204,-4.9508323],[-70.1431076,-4.934088300000026],[-70.1466819,-4.9322494],[-70.14987650000002,-4.9421354],[-70.1550037,-4.941549200000021],[-70.1601237,-4.9278013],[-70.1566366,-4.918697299999964],[-70.1648202,-4.913417399999976],[-70.1614414,-4.894630499999969],[-70.1541928,-4.893084799999969],[-70.1492325,-4.8779949],[-70.1458247,-4.880391],[-70.1472163,-4.889944600000041],[-70.1436903,-4.8905737],[-70.1403273,-4.8828526],[-70.1443609,-4.876227199999963],[-70.127217,-4.8678891],[-70.125318,-4.8622897],[-70.1278226,-4.857322],[-70.1394215,-4.8579554],[-70.1428205,-4.8485966],[-70.1503966,-4.849102],[-70.1564776,-4.8427329],[-70.1410526,-4.839759900000028],[-70.1549207,-4.8254169],[-70.1473945,-4.8231621],[-70.1432691,-4.83364189999998],[-70.137746,-4.832634700000012],[-70.1383497,-4.8168123],[-70.1478693,-4.82004590000002],[-70.1494986,-4.8170096],[-70.1374082,-4.808076599999964],[-70.1435259,-4.8067124],[-70.1488974,-4.810582599999973],[-70.1560846,-4.803104600000011],[-70.1474683,-4.790833500000023],[-70.1693227,-4.7869932],[-70.1706459,-4.778236199999967],[-70.1615991,-4.779014300000018],[-70.1680128,-4.766485900000016],[-70.1797906,-4.769757500000024],[-70.1769948,-4.757013500000017],[-70.1905478,-4.754289800000014],[-70.1945541,-4.75716490000003],[-70.1948243,-4.765197699999986],[-70.1870524,-4.760203400000011],[-70.1829877,-4.76182140000002],[-70.1866967,-4.7707],[-70.1980808,-4.76522970000002],[-70.1983718,-4.751808500000017],[-70.1911541,-4.745139300000011],[-70.2009904,-4.738358],[-70.1946904,-4.730592899999959],[-70.2047197,-4.727769699999984],[-70.2085707,-4.73412439999997],[-70.218516,-4.718983],[-70.2192704,-4.7084142],[-70.2134498,-4.705042800000029],[-70.2114949,-4.694165899999984],[-70.222949,-4.690895199999966],[-70.2231239,-4.699411299999984],[-70.2281245,-4.697169100000024],[-70.2272794,-4.684805900000012],[-70.2177471,-4.6806351],[-70.2319815,-4.671951799999969],[-70.2333238,-4.6814051],[-70.2428512,-4.67523539999998],[-70.2355549,-4.6697252],[-70.2347945,-4.663346399999987],[-70.2262999,-4.665505600000036],[-70.2261265,-4.660221900000029],[-70.2394079,-4.656881099999985],[-70.2415582,-4.648892099999963],[-70.25087439999999,-4.654268],[-70.2534887,-4.649185100000016],[-70.2594296,-4.650240199999972],[-70.1241154,-4.501113200000013],[-70.1336111,-4.487119],[-70.136749,-4.381489099999974],[-70.1453355,-4.364737199999965],[-70.1363213,-4.329471800000038],[-70.1401578,-4.299258499999986],[-70.1328195,-4.281944300000028],[-70.1235343,-4.286337099999985],[-70.1153736,-4.281188100000023],[-70.1130905,-4.256462900000034],[-70.1069214,-4.255928600000016],[-70.1012866,-4.262389199999962],[-70.0996836,-4.283908300000028],[-70.0958461,-4.2887173],[-70.0752014,-4.285657],[-70.0592685,-4.294983600000018],[-70.040081,-4.29401210000001],[-70.0466873,-4.304844500000037],[-70.0732583,-4.304115899999979],[-70.0796703,-4.313879599999962],[-70.0743756,-4.321554599999962],[-70.0507677,-4.325635],[-70.0420726,-4.332775600000017],[-70.0394477,-4.3482589],[-70.05132209999998,-4.362315100000028],[-70.048285,-4.3704816],[-70.04057637139022,-4.375360170477694],[-70.02688824615495,-4.370501454682415],[-70.03575320901494,-4.355842855811126]]]}},{"type":"Feature","properties":{"CD_MUN":"1301951","NM_MUN":"Itamarati","SIGLA_UF":"AM","CodigoIBGE":"1301951","SubRegiaoNumero":4,"CalhaSubRegiao":"Região do Juruá"},"geometry":{"type":"Polygon","coordinates":[[[-68.6885538,-7.1022177],[-68.7036961,-7.1057997],[-68.7140885,-7.117929899999988],[-68.7297829,-7.122079599999977],[-68.8065549,-7.099504300000019],[-68.8293057,-7.1069801],[-68.8342221,-7.113561199999987],[-68.8405608,-7.1085551],[-68.8638889,-7.1035968],[-68.8794499,-7.1085135],[-68.8955838,-7.107269599999989],[-68.9030302,-7.105119299999973],[-68.9104435,-7.0917861],[-68.9171103,-7.0959466],[-68.9240567,-7.0912405],[-68.9314207,-7.076683200000017],[-68.9453058,-7.0841637],[-68.9573659,-7.0720259],[-68.9628029,-7.07842019999998],[-68.9712233,-7.07703990000003],[-68.9700286,-7.0693396],[-68.9752219,-7.062834],[-68.9888924,-7.055608599999983],[-69.0171437,-7.0757833],[-69.02544370000001,-7.076189099999978],[-69.0327254,-7.0729182],[-69.0341643,-7.064970800000014],[-69.0263615,-7.05188029999998],[-69.0137777,-7.0428917],[-69.0126945,-7.0347895],[-69.0175004,-7.0286203],[-69.0252769,-7.0260766],[-69.0400872,-7.0290054],[-69.0586157,-7.055057899999988],[-69.0650838,-7.051041500000017],[-69.0695249,-7.035526599999979],[-69.0770896,-7.036174499999988],[-69.0875553,-7.048478199999976],[-69.09372089999998,-7.0262447],[-69.109368,-7.0291847],[-69.1193919,-7.017416],[-69.1270046,-7.01591],[-69.1339727,-6.992500799999985],[-69.132638,-6.961498500000027],[-69.1390855,-6.956560600000026],[-69.1654739,-6.9608764],[-69.1728639,-6.950434],[-69.1826393,-6.944861299999989],[-69.1928086,-6.944946899999984],[-69.2175617,-6.9778972],[-69.25045379999999,-7.000106599999978],[-69.25958929999999,-7.003454399999971],[-69.2661412,-6.996779099999978],[-69.2863925,-7.01215430000002],[-69.3090599,-7.0081566],[-69.3241141,-7.0153277],[-69.3400259,-7.0115941],[-69.3553943,-7.017581700000015],[-69.3610575,-7.012564],[-69.39006009999999,-7.026513600000015],[-69.3920902,-7.035159399999982],[-69.40442229999998,-7.045317799999978],[-69.4026126,-7.053368099999979],[-69.4152512,-7.062101899999977],[-69.4138663,-7.0746364],[-69.4218693,-7.076947300000024],[-69.4265917,-7.083740199999982],[-69.4423905,-7.0859761],[-69.4619731,-7.100340700000021],[-69.4865335,-7.105838199999969],[-69.4829784,-7.1288891],[-69.4543881,-7.1461628],[-69.4564151,-7.170541],[-69.4695337,-7.17897],[-69.4849243,-7.180791600000011],[-69.485536,-7.196854899999986],[-69.4910373,-7.20315290000002],[-69.5211158,-7.183435299999983],[-69.5186965,-7.1599161],[-69.5237819,-7.1367108],[-69.5160893,-7.114505900000011],[-69.5171481,-7.106368400000015],[-69.530508,-7.08734130000001],[-69.5290887,-7.0710813],[-69.5381464,-7.0597253],[-69.5347148,-7.049075899999968],[-69.5043831,-7.029511],[-69.4978168,-7.030712],[-69.4948901,-7.026511],[-69.4830037,-7.02624],[-69.478169,-7.021904299999977],[-69.4685136,-7.023670600000021],[-69.4591968,-7.0176682],[-69.4448702,-7.0035629],[-69.4386474,-6.987111100000024],[-69.4408375,-6.9841643],[-69.4337555,-6.980077499999983],[-69.4335185,-6.9711916],[-69.4246116,-6.9627571],[-69.4202117,-6.949137100000024],[-69.4033776,-6.929107799999985],[-69.3901695,-6.924581299999989],[-69.3781804,-6.9141325],[-69.3667609,-6.8908179],[-69.3718685,-6.8738625],[-69.3668315,-6.856986300000023],[-69.3702789,-6.830137500000014],[-69.3767132,-6.818560600000017],[-69.373328,-6.807498400000023],[-69.3768905,-6.80568740000001],[-69.3687846,-6.782824],[-69.370696,-6.7788209],[-69.3652366,-6.7780936],[-69.3667224,-6.7697349],[-69.3582101,-6.763648800000027],[-69.3595308,-6.752178],[-69.3529382,-6.7438655],[-69.3561601,-6.723172199999978],[-69.3451712,-6.715819899999976],[-69.3381495,-6.686466100000021],[-69.335022,-6.6862448],[-69.3291854,-6.6544089],[-69.3339868,-6.650563499999982],[-69.33024,-6.6384156],[-69.3327748,-6.627727599999974],[-69.3213116,-6.6156797],[-69.3351476,-6.593807499999984],[-69.3335298,-6.361347099999986],[-69.3238864,-6.3486418],[-69.3118689,-6.3066022],[-69.2984675,-6.292749300000013],[-69.2836118,-6.283609899999981],[-69.2681157,-6.2842148],[-69.215755,-6.33520329999998],[-69.2104756,-6.3451855],[-69.2165565,-6.3804729],[-69.2370249,-6.413169399999973],[-69.2340025,-6.4285336],[-69.2255781,-6.431642599999986],[-69.2099479,-6.428578499999978],[-69.1808882,-6.405239099999986],[-69.1576648,-6.418056900000026],[-69.1496697,-6.4141143],[-69.1184206,-6.376968700000019],[-69.1017504,-6.370463900000011],[-69.0694983,-6.378414700000023],[-69.0628085,-6.38691329999998],[-69.044698,-6.396391500000016],[-69.0279438,-6.3964097],[-68.9947491,-6.35942],[-68.9552179,-6.374066500000017],[-68.94747590000001,-6.375569],[-68.9452164,-6.368272399999979],[-68.9314695,-6.3767789],[-68.9236383,-6.377041199999989],[-68.9169197,-6.371533],[-68.9176652,-6.3612196],[-68.9023341,-6.362321499999974],[-68.8868842,-6.391217499999983],[-68.8727737,-6.402773499999972],[-68.8793901,-6.4169516],[-68.8736346,-6.424739],[-68.8640815,-6.420665900000032],[-68.8383034,-6.420504299999989],[-68.8233572,-6.42455660000001],[-68.810772,-6.4118005],[-68.8149132,-6.396441699999969],[-68.8092465,-6.389139199999975],[-68.777136,-6.395331500000022],[-68.7691915,-6.401324200000013],[-68.7525029,-6.398643699999981],[-68.75522,-6.4154799],[-68.7503348,-6.422149300000028],[-68.7406394,-6.4254938],[-68.7151387,-6.416883899999985],[-68.7033917,-6.4070319],[-68.6723905,-6.409100199999985],[-68.6635509,-6.404912],[-68.6660247,-6.371208800000011],[-68.6805784,-6.3632391],[-68.6825537,-6.354993099999986],[-68.6738299,-6.329081099999984],[-68.677026,-6.321425500000029],[-68.6866696,-6.32221220000003],[-68.6860271,-6.313407599999978],[-68.6639726,-6.2906157],[-68.6487264,-6.287965199999983],[-68.630555,-6.2689259],[-68.6226975,-6.2717328],[-68.609442,-6.263098599999984],[-68.5968001,-6.2284997],[-68.586687,-6.229796],[-68.5730266,-6.208564700000021],[-68.5547448,-6.208692700000022],[-68.5357783,-6.1921316],[-68.5107703,-6.193845899999969],[-68.4876968,-6.178965599999984],[-68.4637193,-6.175809600000011],[-68.4508882,-6.16417860000003],[-68.4326609,-6.164586299999987],[-68.4186074,-6.1432845],[-68.3889081,-6.117168400000013],[-68.3727468,-6.109158799999989],[-68.3686924,-6.1019398],[-68.3686658,-6.084352300000011],[-68.3444387,-6.081643500000018],[-68.3229429,-6.0666756],[-68.3135292,-6.067067],[-68.306607,-6.061382],[-68.3054956,-6.050925099999986],[-67.6692396,-6.043590500000013],[-67.67616,-6.0724765],[-67.6689599,-6.0963861],[-67.6783961,-6.141487600000024],[-67.6657735,-6.165523100000023],[-67.6449916,-6.178216500000027],[-67.6215507,-6.239460399999975],[-67.6264629,-6.2478446],[-67.6496609,-6.24489490000001],[-67.6664957,-6.254523799999979],[-67.676103,-6.284489399999978],[-67.696854,-6.3012283],[-67.6961036,-6.319808299999971],[-67.70071360000001,-6.329884400000023],[-67.7336073,-6.352135800000021],[-67.74599,-6.36831390000003],[-67.781104,-6.456393],[-67.7744658,-6.471465099999975],[-67.7762197,-6.4805736],[-67.7888584,-6.4945387],[-67.79719380000002,-6.5197188],[-67.757716,-6.509002499999985],[-67.7414121,-6.509441699999978],[-67.7104142,-6.548487299999988],[-67.6949086,-6.553613400000022],[-67.6864082,-6.552062],[-67.6727191,-6.5610819],[-67.652575,-6.549263800000029],[-67.6405272,-6.569218800000017],[-67.6329135,-6.569931599999988],[-67.6031278,-6.560486899999984],[-67.5913286,-6.5491534],[-67.5844956,-6.553312600000019],[-67.56888,-6.5512049],[-67.55643889999999,-6.540557],[-67.5321379,-6.536292099999983],[-67.5093278,-6.5425742],[-67.4545058,-6.5026046],[-67.444961,-6.502352899999979],[-67.4348206,-6.5174909],[-67.4268028,-6.5194371],[-67.4023923,-6.4969845],[-67.3732636,-6.4926073],[-67.3677746,-6.483242],[-67.3629993,-6.4823158],[-67.3505486,-6.45138010000001],[-67.3362215,-6.44096760000002],[-67.3310185,-6.441827],[-67.3151862,-6.4260606],[-67.3020944,-6.4207852],[-67.2966651,-6.423038900000019],[-67.2857176,-6.415104399999965],[-67.2604326,-6.419743599999988],[-67.2545183,-6.413525799999971],[-67.2456644,-6.413710499999984],[-67.2414799,-6.4087455],[-67.2434922,-6.394113700000024],[-67.236384,-6.383016499999981],[-67.23768330000001,-6.376295300000017],[-67.2300965,-6.369274700000013],[-67.2299573,-6.356415],[-67.2225082,-6.343446800000013],[-67.2118458,-6.340806499999972],[-67.208187,-6.3329845],[-67.1780929,-6.342244800000016],[-67.1711359,-6.336618099999981],[-67.16236,-6.339145699999969],[-67.1582675,-6.3339061],[-67.1402028,-6.34418930000002],[-67.137412,-6.338940699999986],[-67.133972,-6.342517699999988],[-67.1228993,-6.339964299999986],[-67.1191739,-6.330288100000017],[-67.1077758,-6.326828799999971],[-67.0914741,-6.3327424],[-67.0928055,-6.3384722],[-67.0840749,-6.3397806],[-67.07920239999999,-6.35107],[-67.0691579,-6.353748],[-67.0656149,-6.368137399999982],[-67.0507494,-6.378288900000012],[-67.0518182,-6.383693200000021],[-67.0465986,-6.3868728],[-67.0239073,-6.386369],[-67.0173233,-6.381548200000025],[-67.01859390000001,-6.3847915],[-67.0100136,-6.383784799999989],[-67.0034117,-6.376473200000018],[-66.9890586,-6.3756334],[-66.9809418,-6.3836653],[-66.9850703,-6.3854775],[-66.983733,-6.389466399999976],[-66.9672166,-6.3855826],[-66.9655576,-6.393819499999982],[-66.9580814,-6.385340599999988],[-66.9451929,-6.3840052],[-66.9464978,-6.3871361],[-66.9298847,-6.400430900000011],[-66.92204980000001,-6.4023921],[-66.9111991,-6.39689430000001],[-66.90720650000002,-6.40092839999997],[-66.90342,-6.3970956],[-66.8914813,-6.409382900000017],[-66.8858269,-6.405867900000024],[-66.8748677,-6.412066199999978],[-66.8633213,-6.407417200000019],[-66.8479132,-6.4219331],[-66.8498119,-6.426851200000013],[-66.8402973,-6.424703199999974],[-66.8290508,-6.438297099999988],[-66.8183349,-6.443061899999982],[-66.821322,-6.447158700000031],[-66.8116914,-6.455611399999982],[-66.80799,-6.471752600000023],[-66.80199360000002,-6.47112339999998],[-66.8017776,-6.476831500000023],[-66.79425910000002,-6.4723151],[-66.7877319,-6.4862733],[-66.7826422,-6.4851822],[-66.7926203,-6.498994200000021],[-66.7916324,-6.5037205],[-66.7792448,-6.4965251],[-66.7631636,-6.4969751],[-66.7614506,-6.508657099999964],[-66.7571515,-6.503015400000015],[-66.7551535,-6.508601],[-66.7529985,-6.501925799999977],[-66.7469795,-6.50010039999998],[-66.7360894,-6.5018817],[-66.7245166,-6.511388],[-66.7170225,-6.5079091],[-66.7113164,-6.515605],[-66.7055183,-6.508731599999968],[-66.6991672,-6.525437800000014],[-66.6945575,-6.526985499999988],[-66.6867893,-6.526537099999985],[-66.6789317,-6.5188641],[-66.6694133,-6.5194947],[-66.6674118,-6.524529400000015],[-66.6484062,-6.525509899999973],[-66.6473715,-6.533479699999981],[-66.6380372,-6.5397188],[-66.6386162,-6.543135599999967],[-66.6303941,-6.5347506],[-66.624774,-6.545514],[-66.6274425,-6.549766],[-66.6141925,-6.551089200000015],[-66.6122971,-6.5453365],[-66.61219359999998,-6.55410189999996],[-66.6098821,-6.552004600000015],[-66.609297,-6.555934399999984],[-66.6030234,-6.556741599999987],[-66.5949371,-6.553969299999965],[-66.59087860000001,-6.567689399999969],[-66.5785242,-6.571160100000025],[-66.5736956,-6.5620678],[-66.5570088,-6.565107499999972],[-66.5529738,-6.5618423],[-66.5487775,-6.565505399999982],[-66.5484591,-6.5614238],[-66.543185,-6.5666107],[-66.53665590000001,-6.565486],[-66.5371177,-6.561085899999989],[-66.5235686,-6.577706499999985],[-66.5104605,-6.571341799999971],[-66.5090126,-6.565727599999978],[-66.480477,-6.569066],[-66.4758203,-6.565100599999978],[-66.4747867,-6.569997],[-66.4677371,-6.567147499999971],[-66.4697841,-6.57758089999996],[-66.4581753,-6.586169400000012],[-66.4580044,-6.591645800000016],[-66.4506428,-6.5874514],[-66.4537643,-6.599819500000012],[-66.4484004,-6.600844100000019],[-66.4483294,-6.606284800000023],[-66.4314771,-6.597150400000011],[-66.4326806,-6.6031797],[-66.4394551,-6.606708],[-66.4283873,-6.606472699999977],[-66.4229205,-6.6164309],[-66.4366611,-6.6195077],[-66.4251806,-6.621274699999981],[-66.4248544,-6.629704399999972],[-66.4123385,-6.61974],[-66.4054008,-6.623400199999976],[-66.4051793,-6.6334089],[-66.3982776,-6.63664],[-66.3884197,-6.633961499999965],[-66.3874674,-6.628749499999963],[-66.3825464,-6.630394100000017],[-66.3798471,-6.6185086],[-66.373764,-6.6252788],[-66.3715123,-6.620047799999988],[-66.367273,-6.624172],[-66.3592047,-6.620109299999987],[-66.35390990000002,-6.6298717],[-66.3620316,-6.636267300000019],[-66.3639042,-6.647363100000019],[-66.3681821,-6.643726499999976],[-66.3746048,-6.647636699999964],[-66.3793563,-6.637785899999982],[-66.3786865,-6.652209799999982],[-66.3833081,-6.6515132],[-66.3875942,-6.6417267],[-66.3997577,-6.650440800000014],[-66.4010074,-6.6560015],[-66.3924466,-6.656602],[-66.38935470000001,-6.6610566],[-66.405248,-6.662983799999973],[-66.408986,-6.677901799999989],[-66.419501,-6.6788114],[-66.4203385,-6.690994400000019],[-66.4153533,-6.695792199999977],[-66.4177104,-6.706239],[-66.4237865,-6.708774100000023],[-66.422889,-6.715871099999979],[-66.44714,-6.72047],[-66.446965,-6.728226599999964],[-66.4554017,-6.7310552],[-66.4573986,-6.742519399999977],[-66.4694952,-6.7404277],[-66.463057,-6.735430099999985],[-66.4700778,-6.726337699999983],[-66.4757074,-6.7387679],[-66.4853658,-6.739608499999975],[-66.4854323,-6.7246945],[-66.4932578,-6.728231899999982],[-66.4904577,-6.732542199999986],[-66.4983999,-6.740189700000012],[-66.5046751,-6.735450199999971],[-66.5048309,-6.7287934],[-66.521243,-6.7365812],[-66.5302733,-6.73255779999997],[-66.52964,-6.7372464],[-66.5348518,-6.734754599999985],[-66.5377601,-6.741898],[-66.5550239,-6.7368317],[-66.559948,-6.740881300000012],[-66.5609398,-6.7332634],[-66.5716856,-6.730192699999987],[-66.5763406,-6.738722200000013],[-66.578164,-6.730301399999976],[-66.5828014,-6.74310690000001],[-66.5903486,-6.733776499999988],[-66.5894496,-6.7443725],[-66.593981,-6.744164099999976],[-66.5943696,-6.750530099999975],[-66.6047124,-6.755886199999961],[-66.6081326,-6.762915499999966],[-66.6150674,-6.763176599999983],[-66.621869,-6.772375],[-66.6250779,-6.7573801],[-66.6412373,-6.7583032],[-66.6414086,-6.7663418],[-66.6496453,-6.7668842],[-66.6535513,-6.7786225],[-66.6639638,-6.773979399999977],[-66.6702255,-6.78547829999998],[-66.678868,-6.7808825],[-66.688219,-6.7946404],[-66.7001896,-6.7845348],[-66.7088211,-6.7846394],[-66.701088,-6.7950587],[-66.7046073,-6.799992799999988],[-66.7098383,-6.792678599999964],[-66.7167383,-6.79183],[-66.7285292,-6.7931134],[-66.7341331,-6.8014153],[-66.7395539,-6.802383599999989],[-66.7538241,-6.790342599999979],[-66.7563625,-6.780900800000026],[-66.765376,-6.792706200000014],[-66.7651619,-6.798574200000017],[-66.769439,-6.792063],[-66.7845403,-6.793301799999989],[-66.7824881,-6.802230499999975],[-66.7899614,-6.80173030000001],[-66.7892821,-6.8097936],[-66.8071893,-6.814572400000018],[-66.8094125,-6.8082352],[-66.8152575,-6.816824],[-66.8239472,-6.810983399999989],[-66.8178941,-6.8051827],[-66.8193433,-6.802004899999983],[-66.8254446,-6.801295],[-66.8280543,-6.805933500000021],[-66.831215,-6.7965609],[-66.8320899,-6.805306],[-66.8386634,-6.798464900000026],[-66.8440595,-6.804907200000019],[-66.8525794,-6.803208700000018],[-66.8479888,-6.7992711],[-66.8569568,-6.79154670000001],[-66.8625108,-6.8022111],[-66.869542,-6.8008249],[-66.8753626,-6.808566100000022],[-66.8808951,-6.799587300000024],[-66.8910806,-6.800319],[-66.89966930000001,-6.791252300000016],[-66.9219525,-6.8127285],[-66.9293429,-6.810124099999984],[-66.9205805,-6.8039831],[-66.9294267,-6.781403800000027],[-66.9325092,-6.790391499999971],[-66.9444877,-6.7937362],[-66.950377,-6.777830100000013],[-66.960625,-6.7873282],[-66.9633625,-6.779818599999984],[-66.971007,-6.78019580000002],[-66.9776887,-6.775023200000028],[-66.9789274,-6.764428400000013],[-66.986313,-6.7666464],[-66.98941880000001,-6.760081699999985],[-67.0026835,-6.760971499999975],[-67.0212886,-6.745633400000019],[-67.0272993,-6.754956199999982],[-67.0342151,-6.7566872],[-67.0344898,-6.767778600000031],[-67.0412256,-6.7606788],[-67.043241,-6.771402700000014],[-67.0495176,-6.775004799999988],[-67.0548564,-6.764112],[-67.0650756,-6.762841399999978],[-67.0592873,-6.776394700000011],[-67.0734301,-6.776027099999975],[-67.0733952,-6.7849218],[-67.0856819,-6.77812349999998],[-67.0887565,-6.791422],[-67.0993694,-6.7913229],[-67.10121039999999,-6.779366499999989],[-67.0900201,-6.7755764],[-67.0959184,-6.7687906],[-67.1026338,-6.771744500000027],[-67.1082736,-6.7821629],[-67.1128177,-6.770125600000023],[-67.117616,-6.779917800000026],[-67.129447,-6.7751706],[-67.13886230000001,-6.785861399999975],[-67.142731,-6.798079400000014],[-67.158227,-6.7852219],[-67.1637943,-6.792963800000015],[-67.1711544,-6.7896709],[-67.1721298,-6.796740600000018],[-67.1634782,-6.802322600000022],[-67.1764721,-6.8111318],[-67.1762849,-6.818257],[-67.1681983,-6.8242093],[-67.1761284,-6.8311761],[-67.1784259,-6.8245563],[-67.185013,-6.824158500000029],[-67.1901745,-6.8344323],[-67.1985501,-6.8313547],[-67.1984369,-6.824631599999976],[-67.2169151,-6.831044700000014],[-67.2131401,-6.837616],[-67.225043,-6.831615],[-67.2576503,-6.838148800000023],[-67.2631749,-6.833037],[-67.2567937,-6.8327004],[-67.2593683,-6.819224300000022],[-67.2710878,-6.8123065],[-67.2766463,-6.815229699999983],[-67.268094,-6.823660200000023],[-67.2698666,-6.826278300000014],[-67.2848928,-6.825458599999985],[-67.2959313,-6.814898700000017],[-67.30138820000002,-6.824228799999984],[-67.3221873,-6.82608350000001],[-67.3243558,-6.8190198],[-67.3339807,-6.827109199999971],[-67.3326592,-6.820619100000013],[-67.3418755,-6.811916099999982],[-67.3488094,-6.813123400000027],[-67.3495028,-6.818762100000016],[-67.3420659,-6.826313500000013],[-67.3488408,-6.8319738],[-67.3544822,-6.829195399999968],[-67.3589639,-6.8378927],[-67.3616423,-6.832654900000018],[-67.35655,-6.827890500000017],[-67.3601636,-6.823145],[-67.3711797,-6.823764200000031],[-67.3655259,-6.811742200000021],[-67.3772126,-6.8119465],[-67.3797506,-6.824141399999984],[-67.3743442,-6.831795900000016],[-67.3913849,-6.839015400000011],[-67.3709223,-6.8581012],[-67.3846993,-6.8666652],[-67.380465,-6.853819200000026],[-67.3934852,-6.86088440000001],[-67.3992124,-6.8592615],[-67.4021959,-6.8642848],[-67.39818020000001,-6.867864299999973],[-67.4042469,-6.875544900000016],[-67.405023,-6.869303299999986],[-67.416596,-6.873860600000014],[-67.4121976,-6.881440400000014],[-67.4058776,-6.8823145],[-67.4070044,-6.886375299999971],[-67.4162844,-6.889144499999988],[-67.4128698,-6.9026986],[-67.4187312,-6.903275899999967],[-67.4299282,-6.894081399999982],[-67.4296195,-6.900563500000025],[-67.416002,-6.91065520000002],[-67.4226165,-6.9173125],[-67.4219335,-6.926963899999981],[-67.4174458,-6.9309175],[-67.4195746,-6.9365841],[-67.4137314,-6.939758499999975],[-67.4177674,-6.944403800000023],[-67.4130448,-6.947885100000012],[-67.416469,-6.9519815],[-67.4133027,-6.9544762],[-67.4424054,-6.982778300000029],[-67.5005522,-7.206631799999979],[-67.5009906,-7.261525799999987],[-67.497025,-7.2684903],[-67.5031945,-7.292251500000014],[-67.5156077,-7.302983099999983],[-67.5229085,-7.3253608],[-67.5651375,-7.349317199999982],[-67.5764652,-7.3791762],[-67.6124659,-7.410814899999984],[-67.6259473,-7.4008469],[-67.6417787,-7.3993804],[-67.6446382,-7.3841779],[-67.6517185,-7.380211],[-67.6547232,-7.37254390000001],[-67.6550255,-7.356634299999977],[-67.6684414,-7.3379093],[-67.6756953,-7.341566699999981],[-67.6924386,-7.3377607],[-67.6980477,-7.3313746],[-67.6918265,-7.309334399999979],[-67.7084452,-7.284273400000018],[-67.7092167,-7.268501499999982],[-67.7302781,-7.2567107],[-67.7536939,-7.2613069],[-67.7580568,-7.2679084],[-67.7791901,-7.25731079999997],[-67.7959394,-7.2572904],[-67.8092768,-7.248895200000027],[-67.8320582,-7.2558022],[-67.8394117,-7.25225039999998],[-67.8625819,-7.2610791],[-67.8778573,-7.2570818],[-67.8845835,-7.271138899999979],[-67.9035086,-7.2603057],[-67.8763279,-7.240555200000021],[-67.882302,-7.2262057],[-67.8821662,-7.2095679],[-67.89541,-7.200536799999984],[-67.8973023,-7.193208900000014],[-67.8918875,-7.187717099999975],[-67.9017213,-7.165636100000028],[-67.9145763,-7.1549544],[-67.9363627,-7.163817499999987],[-67.9473039,-7.151816399999988],[-67.9551891,-7.1496229],[-67.9631626,-7.151506100000012],[-67.9783884,-7.145678900000012],[-68.0005241,-7.150666599999984],[-68.0105782,-7.1384031],[-68.0190268,-7.138673199999987],[-68.0282494,-7.125626900000013],[-68.0415469,-7.117230900000029],[-68.0642761,-7.122964500000028],[-68.0772238,-7.1440687],[-68.08422080000001,-7.147444],[-68.1148069,-7.1465375],[-68.1306337,-7.163684],[-68.1447429,-7.155850700000026],[-68.1560564,-7.1676739],[-68.1725273,-7.1686309],[-68.1782747,-7.163066899999985],[-68.177659,-7.1469659],[-68.1822783,-7.1408918],[-68.1972497,-7.136020099999973],[-68.2094951,-7.145803],[-68.2332795,-7.1523945],[-68.2543837,-7.163839799999979],[-68.2655305,-7.175485100000027],[-68.2731419,-7.177793],[-68.3196051,-7.158926],[-68.3250593,-7.164659],[-68.3332206,-7.1632453],[-68.3454721,-7.1744742],[-68.3606669,-7.1780135],[-68.3766077,-7.175424],[-68.387244,-7.1794443],[-68.3945592,-7.1686249],[-68.40660689999999,-7.176829899999974],[-68.4188047,-7.167108199999975],[-68.4326406,-7.174571399999975],[-68.4343908,-7.166492699999982],[-68.4571373,-7.1575209],[-68.46219779999998,-7.1419564],[-68.48760980000002,-7.161556200000015],[-68.4848353,-7.177163],[-68.491195,-7.191498399999976],[-68.4767239,-7.220417099999973],[-68.4986924,-7.2537662],[-68.5080829,-7.251993799999981],[-68.5193935,-7.241672700000012],[-68.5341662,-7.2470215],[-68.54289,-7.223762199999974],[-68.5750047,-7.21957819999998],[-68.5739454,-7.2118348],[-68.5667778,-7.208998699999978],[-68.5664722,-7.2007136],[-68.5846977,-7.1837764],[-68.5989142,-7.178893499999988],[-68.5934168,-7.1616266],[-68.6055353,-7.142069199999984],[-68.6565303,-7.1039263],[-68.6885538,-7.1022177]]]}},{"type":"Feature","properties":{"CD_MUN":"1304104","NM_MUN":"Tapauá","SIGLA_UF":"AM","CodigoIBGE":"1304104","SubRegiaoNumero":3,"CalhaSubRegiao":"Região do Purus"},"geometry":{"type":"Polygon","coordinates":[[[-62.5771848,-5.000684599999974],[-62.1028197,-5.459931500000016],[-62.1253804,-5.505265800000029],[-62.1600769,-5.550728],[-62.3320663,-5.817835300000022],[-62.4431799,-5.934990099999969],[-62.4926292,-5.972635700000025],[-62.5674638,-6.095050400000028],[-62.6449857,-6.188106099999975],[-62.7415454,-6.2751299],[-62.7918467,-6.355750799999983],[-62.8472023,-6.407330200000015],[-62.881161,-6.453816099999986],[-62.8949128,-6.486540499999984],[-62.9264589,-6.5201662],[-62.9416137,-6.544458399999982],[-62.9701949,-6.688116900000013],[-63.0102678,-6.783328],[-63.0497677,-6.8444891],[-63.1650283,-6.845984299999976],[-63.1786293,-6.8423112],[-64.2734762,-5.9387433],[-64.3630433,-5.915137199999974],[-64.3885016,-5.92672],[-64.3876941,-6.096621500000016],[-64.4304759,-6.1001853],[-64.4418976,-6.107139700000022],[-64.4523662,-6.130910099999973],[-64.4565879,-6.1597985],[-64.4629494,-6.1702728],[-64.4780093,-6.185944300000013],[-64.5005109,-6.1944992],[-64.5152555,-6.207770300000012],[-64.5229491,-6.233160700000028],[-64.5271137,-6.2688292],[-64.539918,-6.304619599999976],[-64.5544231,-6.318607400000024],[-64.56412360000002,-6.335340200000012],[-64.5821969,-6.34515330000002],[-64.6290838,-6.385963799999989],[-64.6351724,-6.4114924],[-64.63353080000002,-6.4406063],[-64.6372557,-6.461595699999982],[-64.6680893,-6.49563140000001],[-64.675256,-6.521721700000016],[-64.6800875,-6.570972],[-64.6904147,-6.5867241],[-64.7283417,-6.6152415],[-64.734505,-6.626581099999988],[-64.7365865,-6.6715832],[-64.7418445,-6.6819336],[-64.759728,-6.694145599999969],[-64.7677886,-6.725495300000023],[-64.7970657,-6.7364423],[-64.8146809,-6.733207499999987],[-64.8455363,-6.743038],[-64.8849214,-6.7491357],[-64.913709,-6.747481100000019],[-64.9213407,-6.7405344],[-64.9177855,-6.7309194],[-64.8995904,-6.726830400000013],[-64.8989261,-6.711001899999988],[-64.8888188,-6.6993206],[-64.8902341,-6.688124500000019],[-64.8988489,-6.676892],[-64.91895040000001,-6.6769969],[-64.9326979,-6.6841166],[-64.9458985,-6.702973900000023],[-64.9647331,-6.747193],[-65.0060385,-6.7975229],[-65.004927,-6.8061474],[-64.9868417,-6.836931799999983],[-64.9918479,-6.8705734],[-64.9822619,-6.8902978],[-64.9942903,-6.919784499999976],[-65.0171793,-6.95014],[-64.9973217,-6.9767076],[-64.9786178,-6.9869359],[-64.974567,-7.013963400000026],[-64.9841756,-7.033889300000012],[-65.001875,-7.035836800000011],[-65.0099005,-7.0436367],[-65.0237379,-7.047118],[-65.0340377,-7.054996199999975],[-65.0391755,-7.073236599999983],[-65.0951237,-7.1047459],[-65.10942770000001,-7.1351158],[-65.117928,-7.143562500000023],[-65.1355392,-7.1435192],[-65.1456558,-7.1531353],[-65.1962925,-7.176813199999983],[-65.2150678,-7.181255299999989],[-65.2221266,-7.1887009],[-65.2332028,-7.1868823],[-65.2524007,-7.1933786],[-65.2607328,-7.2092871],[-65.2771604,-7.213875499999979],[-65.2977337,-7.234296600000014],[-65.3086818,-7.226648],[-65.3228439,-7.232247500000011],[-65.3405391,-7.2464393],[-65.3576778,-7.2450961],[-65.3988991,-7.2759883],[-65.4412598,-7.2838749],[-65.4588745,-7.282930499999983],[-65.4778223,-7.276208899999983],[-65.4792315,-7.264402299999969],[-65.4922901,-7.2470757],[-65.5010394,-7.246735499999982],[-65.5082622,-7.2562757],[-65.5160927,-7.2589365],[-65.5775765,-7.2404399],[-65.5913996,-7.24278480000001],[-65.6243172,-7.259522400000019],[-65.6364043,-7.2582962],[-65.6595951,-7.2448188],[-65.6939341,-7.235463199999971],[-65.6988444,-7.227621500000015],[-65.7305127,-7.2193447],[-65.7700094,-7.234456399999972],[-65.7721554,-7.2533279],[-65.8094748,-7.280477299999984],[-65.8276293,-7.281116],[-65.87260120000002,-7.2659692],[-65.8931874,-7.2771652],[-65.915599,-7.275785300000029],[-65.9327397,-7.284493600000022],[-65.9542629,-7.287867099999983],[-65.9776862,-7.3089248],[-65.9893489,-7.3116875],[-66.0083745,-7.308702399999988],[-66.0115555,-7.315660200000021],[-66.0394306,-7.331017],[-66.0471521,-7.328777799999982],[-66.0544109,-7.3328628],[-66.0762626,-7.3228778],[-66.0915994,-7.3218298],[-66.0986577,-7.3258322],[-66.1004302,-7.333980700000015],[-66.1233194,-7.3456168],[-66.1403486,-7.335653100000021],[-66.1476471,-7.339229599999981],[-66.1551871,-7.3349254],[-66.1735223,-7.318127300000014],[-66.1919884,-7.292161699999975],[-66.2000443,-7.293199100000015],[-66.2009589,-7.308629599999989],[-66.2233473,-7.307099],[-66.2284076,-7.31312],[-66.2452673,-7.31641579999998],[-66.2578208,-7.326785399999975],[-66.2649874,-7.3241444],[-66.2815458,-7.306110599999987],[-66.297826,-7.3025905],[-66.3093244,-7.281394100000012],[-66.3171007,-7.280542600000025],[-66.3234857,-7.285059500000011],[-66.3475474,-7.2661493],[-66.3700735,-7.2699869],[-66.3792934,-7.25647829999997],[-66.4369885,-7.2585267],[-66.4588826,-7.247475299999989],[-66.4701035,-7.235049499999977],[-66.4785475,-7.234106800000018],[-66.49631530000002,-7.2604261],[-66.5081585,-7.2642273],[-66.5151867,-7.26095209999997],[-66.5471329,-7.2230765],[-66.5752922,-7.2068574],[-66.5829101,-7.206518400000018],[-66.5893264,-7.212161600000014],[-66.6014654,-7.242781299999985],[-66.6125778,-7.2542392],[-66.636711,-7.25078430000002],[-66.6615488,-7.2529886],[-66.6838008,-7.246467399999974],[-66.6886817,-7.24029129999998],[-66.6894319,-7.232640699999973],[-66.6799112,-7.210835799999985],[-66.6847385,-7.196072499999975],[-66.7028863,-7.179234899999957],[-66.7347947,-7.1741432],[-66.7492379,-7.167700599999974],[-66.7638229,-7.1757846],[-66.7816627,-7.177285700000015],[-66.8046013,-7.166650800000022],[-66.8304064,-7.135760599999985],[-66.8455533,-7.141643399999986],[-66.8574141,-7.1536397],[-66.8676895,-7.152610500000012],[-66.8810498,-7.12308740000002],[-66.9016043,-7.112117],[-66.89993170000001,-7.098510700000025],[-66.9229068,-7.093441099999983],[-66.9234073,-7.085157400000015],[-66.9163026,-7.070589099999976],[-66.9243281,-7.0565804],[-66.936265,-7.0457667],[-66.9671589,-7.034600699999976],[-66.9761573,-7.013608699999985],[-66.9842435,-7.01303609999998],[-66.9870192,-6.99749],[-67.0051355,-6.981687199999977],[-67.0339912,-6.967629399999979],[-67.0440507,-6.9805513],[-67.0516064,-6.9820258],[-67.0548539,-6.96650359999998],[-67.0711088,-6.97081870000001],[-67.0835523,-6.960095599999986],[-67.1074372,-6.9570432],[-67.1208518,-6.948613],[-67.1338003,-6.958976699999979],[-67.1489903,-6.963457299999987],[-67.1891388,-6.96442330000002],[-67.2139073,-6.960241799999983],[-67.2183002,-6.967277700000013],[-67.22196190000001,-7.000398199999985],[-67.2703574,-7.003307400000021],[-67.281603,-7.014673799999986],[-67.2856288,-7.029922299999982],[-67.305546,-7.019854800000018],[-67.3387419,-7.042724500000014],[-67.343407,-7.0496334],[-67.3422683,-7.0733283],[-67.3476938,-7.079536199999981],[-67.3599731,-7.090629199999976],[-67.3744956,-7.095189300000021],[-67.3781607,-7.1018783],[-67.3944171,-7.103755499999976],[-67.4056943,-7.1151614],[-67.4079942,-7.146979],[-67.4151456,-7.151588600000015],[-67.4232912,-7.149022],[-67.4451942,-7.1717272],[-67.4679922,-7.163292600000019],[-67.4794923,-7.173161400000012],[-67.4906835,-7.171311499999985],[-67.4424054,-6.982778300000029],[-67.4135953,-6.9559413],[-67.416469,-6.9519815],[-67.4130448,-6.947885100000012],[-67.4177674,-6.944403800000023],[-67.4137314,-6.939758499999975],[-67.4195746,-6.9365841],[-67.4174458,-6.9309175],[-67.4219335,-6.926963899999981],[-67.4226165,-6.9173125],[-67.416002,-6.91065520000002],[-67.4296195,-6.900563500000025],[-67.4299282,-6.894081399999982],[-67.4187312,-6.903275899999967],[-67.4128698,-6.9026986],[-67.4162844,-6.889144499999988],[-67.4070044,-6.886375299999971],[-67.4058776,-6.8823145],[-67.4121976,-6.881440400000014],[-67.416596,-6.873860600000014],[-67.405023,-6.869303299999986],[-67.4042469,-6.875544900000016],[-67.39818020000001,-6.867864299999973],[-67.4021959,-6.8642848],[-67.3992124,-6.8592615],[-67.3934852,-6.86088440000001],[-67.380465,-6.853819200000026],[-67.3846993,-6.8666652],[-67.3709223,-6.8581012],[-67.3913849,-6.839015400000011],[-67.3743442,-6.831795900000016],[-67.3797506,-6.824141399999984],[-67.3768996,-6.811753200000026],[-67.3655259,-6.811742200000021],[-67.3711797,-6.823764200000031],[-67.3601636,-6.823145],[-67.35655,-6.827890500000017],[-67.3616423,-6.832654900000018],[-67.3589639,-6.8378927],[-67.3544822,-6.829195399999968],[-67.3488408,-6.8319738],[-67.3420659,-6.826313500000013],[-67.3495028,-6.818762100000016],[-67.3488094,-6.813123400000027],[-67.3418755,-6.811916099999982],[-67.3326592,-6.820619100000013],[-67.3339807,-6.827109199999971],[-67.3243558,-6.8190198],[-67.3221873,-6.82608350000001],[-67.30138820000002,-6.824228799999984],[-67.2959313,-6.814898700000017],[-67.2848928,-6.825458599999985],[-67.2698666,-6.826278300000014],[-67.268094,-6.823660200000023],[-67.2766463,-6.815229699999983],[-67.2710878,-6.8123065],[-67.2593683,-6.819224300000022],[-67.2567937,-6.8327004],[-67.2631749,-6.833037],[-67.2576503,-6.838148800000023],[-67.225043,-6.831615],[-67.2131401,-6.837616],[-67.2169151,-6.831044700000014],[-67.1984369,-6.824631599999976],[-67.1985501,-6.8313547],[-67.1901745,-6.8344323],[-67.185013,-6.824158500000029],[-67.1784259,-6.8245563],[-67.1761284,-6.8311761],[-67.1681983,-6.8242093],[-67.1762849,-6.818257],[-67.1764721,-6.8111318],[-67.1634782,-6.802322600000022],[-67.1721298,-6.796740600000018],[-67.1711544,-6.7896709],[-67.1637943,-6.792963800000015],[-67.158227,-6.7852219],[-67.142731,-6.798079400000014],[-67.13886230000001,-6.785861399999975],[-67.129447,-6.7751706],[-67.117616,-6.779917800000026],[-67.1128177,-6.770125600000023],[-67.1082736,-6.7821629],[-67.1026338,-6.771744500000027],[-67.0959184,-6.7687906],[-67.0900201,-6.7755764],[-67.10121039999999,-6.779366499999989],[-67.0993694,-6.7913229],[-67.0887565,-6.791422],[-67.0856819,-6.77812349999998],[-67.0733952,-6.7849218],[-67.0734301,-6.776027099999975],[-67.0592873,-6.776394700000011],[-67.0650756,-6.762841399999978],[-67.0548564,-6.764112],[-67.0495176,-6.775004799999988],[-67.043241,-6.771402700000014],[-67.0412256,-6.7606788],[-67.0344898,-6.767778600000031],[-67.0342151,-6.7566872],[-67.0272993,-6.754956199999982],[-67.0212886,-6.745633400000019],[-67.0026835,-6.760971499999975],[-66.98941880000001,-6.760081699999985],[-66.986313,-6.7666464],[-66.9789274,-6.764428400000013],[-66.9776887,-6.775023200000028],[-66.971007,-6.78019580000002],[-66.9633625,-6.779818599999984],[-66.960625,-6.7873282],[-66.950377,-6.777830100000013],[-66.9444877,-6.7937362],[-66.9325092,-6.790391499999971],[-66.9294267,-6.781403800000027],[-66.9205805,-6.8039831],[-66.9293429,-6.810124099999984],[-66.9219525,-6.8127285],[-66.89966930000001,-6.791252300000016],[-66.8910806,-6.800319],[-66.8808951,-6.799587300000024],[-66.8753626,-6.808566100000022],[-66.869542,-6.8008249],[-66.8625108,-6.8022111],[-66.8569568,-6.79154670000001],[-66.8479888,-6.7992711],[-66.8525794,-6.803208700000018],[-66.8440595,-6.804907200000019],[-66.8386634,-6.798464900000026],[-66.8320899,-6.805306],[-66.831215,-6.7965609],[-66.8280543,-6.805933500000021],[-66.8254446,-6.801295],[-66.8193433,-6.802004899999983],[-66.8178941,-6.8051827],[-66.8239472,-6.810983399999989],[-66.8152575,-6.816824],[-66.8094125,-6.8082352],[-66.8071893,-6.814572400000018],[-66.7892821,-6.8097936],[-66.7899614,-6.80173030000001],[-66.7824881,-6.802230499999975],[-66.7845403,-6.793301799999989],[-66.769439,-6.792063],[-66.7651619,-6.798574200000017],[-66.765376,-6.792706200000014],[-66.7563625,-6.780900800000026],[-66.7538241,-6.790342599999979],[-66.7395539,-6.802383599999989],[-66.7341331,-6.8014153],[-66.7285292,-6.7931134],[-66.7167383,-6.79183],[-66.7098383,-6.792678599999964],[-66.7046073,-6.799992799999988],[-66.701088,-6.7950587],[-66.7088211,-6.7846394],[-66.7001896,-6.7845348],[-66.688219,-6.7946404],[-66.678868,-6.7808825],[-66.6702255,-6.78547829999998],[-66.6639638,-6.773979399999977],[-66.6535513,-6.7786225],[-66.6496453,-6.7668842],[-66.6414086,-6.7663418],[-66.6412373,-6.7583032],[-66.6250779,-6.7573801],[-66.621869,-6.772375],[-66.6150674,-6.763176599999983],[-66.6081326,-6.762915499999966],[-66.6047124,-6.755886199999961],[-66.5943696,-6.750530099999975],[-66.593981,-6.744164099999976],[-66.5894496,-6.7443725],[-66.5903486,-6.733776499999988],[-66.5828014,-6.74310690000001],[-66.578164,-6.730301399999976],[-66.5763406,-6.738722200000013],[-66.5716856,-6.730192699999987],[-66.5609398,-6.7332634],[-66.559948,-6.740881300000012],[-66.5550239,-6.7368317],[-66.5377601,-6.741898],[-66.5348518,-6.734754599999985],[-66.52964,-6.7372464],[-66.5302733,-6.73255779999997],[-66.521243,-6.7365812],[-66.5048309,-6.7287934],[-66.5046751,-6.735450199999971],[-66.4983999,-6.740189700000012],[-66.4904577,-6.732542199999986],[-66.4932578,-6.728231899999982],[-66.4854323,-6.7246945],[-66.4853658,-6.739608499999975],[-66.4757074,-6.7387679],[-66.4700778,-6.726337699999983],[-66.463057,-6.735430099999985],[-66.4694952,-6.7404277],[-66.4573986,-6.742519399999977],[-66.4554017,-6.7310552],[-66.446965,-6.728226599999964],[-66.44714,-6.72047],[-66.422889,-6.715871099999979],[-66.4237865,-6.708774100000023],[-66.4177104,-6.706239],[-66.4153533,-6.695792199999977],[-66.4203385,-6.690994400000019],[-66.419501,-6.6788114],[-66.408986,-6.677901799999989],[-66.405248,-6.662983799999973],[-66.38935470000001,-6.6610566],[-66.3924466,-6.656602],[-66.4010074,-6.6560015],[-66.3997577,-6.650440800000014],[-66.3875942,-6.6417267],[-66.3833081,-6.6515132],[-66.3786865,-6.652209799999982],[-66.3793563,-6.637785899999982],[-66.3746048,-6.647636699999964],[-66.3681821,-6.643726499999976],[-66.3633871,-6.647092599999966],[-66.3620316,-6.636267300000019],[-66.353883,-6.63173289999997],[-66.3561858,-6.6244145],[-66.3592047,-6.620109299999987],[-66.367273,-6.624172],[-66.3715123,-6.620047799999988],[-66.373764,-6.6252788],[-66.3798471,-6.6185086],[-66.3825464,-6.630394100000017],[-66.3874674,-6.628749499999963],[-66.3884197,-6.633961499999965],[-66.3996483,-6.6365386],[-66.4051793,-6.6334089],[-66.4056432,-6.622984799999966],[-66.4124821,-6.619731699999986],[-66.4248544,-6.629704399999972],[-66.4251806,-6.621274699999981],[-66.4366611,-6.6195077],[-66.4229205,-6.6164309],[-66.4283873,-6.606472699999977],[-66.4394551,-6.606708],[-66.4326806,-6.6031797],[-66.4314771,-6.597150400000011],[-66.4483294,-6.606284800000023],[-66.4484004,-6.600844100000019],[-66.4537643,-6.599819500000012],[-66.4506428,-6.5874514],[-66.4580044,-6.591645800000016],[-66.4581753,-6.586169400000012],[-66.4697841,-6.57758089999996],[-66.4677371,-6.567147499999971],[-66.4747867,-6.569997],[-66.4758203,-6.565100599999978],[-66.480477,-6.569066],[-66.5090126,-6.565727599999978],[-66.5104605,-6.571341799999971],[-66.5235686,-6.577706499999985],[-66.5371177,-6.561085899999989],[-66.53665590000001,-6.565486],[-66.543185,-6.5666107],[-66.5484591,-6.5614238],[-66.5487775,-6.565505399999982],[-66.5529738,-6.5618423],[-66.5570088,-6.565107499999972],[-66.5736956,-6.5620678],[-66.5785242,-6.571160100000025],[-66.59087860000001,-6.567689399999969],[-66.5949371,-6.553969299999965],[-66.6030234,-6.556741599999987],[-66.609297,-6.555934399999984],[-66.6098821,-6.552004600000015],[-66.61219359999998,-6.55410189999996],[-66.6122971,-6.5453365],[-66.6141925,-6.551089200000015],[-66.6274425,-6.549766],[-66.624774,-6.545514],[-66.6303941,-6.5347506],[-66.6386162,-6.543135599999967],[-66.6380372,-6.5397188],[-66.6473715,-6.533479699999981],[-66.6484062,-6.525509899999973],[-66.6674118,-6.524529400000015],[-66.6694133,-6.5194947],[-66.6789317,-6.5188641],[-66.6867893,-6.526537099999985],[-66.6945575,-6.526985499999988],[-66.6991672,-6.525437800000014],[-66.7055183,-6.508731599999968],[-66.7113164,-6.515605],[-66.7170225,-6.5079091],[-66.7245166,-6.511388],[-66.7360894,-6.5018817],[-66.7469795,-6.50010039999998],[-66.7529985,-6.501925799999977],[-66.7551535,-6.508601],[-66.7571515,-6.503015400000015],[-66.7614506,-6.508657099999964],[-66.7631636,-6.4969751],[-66.7792448,-6.4965251],[-66.7916324,-6.5037205],[-66.7926203,-6.498994200000021],[-66.7826422,-6.4851822],[-66.7877319,-6.4862733],[-66.79425910000002,-6.4723151],[-66.8017776,-6.476831500000023],[-66.80199360000002,-6.47112339999998],[-66.80799,-6.471752600000023],[-66.8116914,-6.455611399999982],[-66.821322,-6.447158700000031],[-66.8183349,-6.443061899999982],[-66.8290508,-6.438297099999988],[-66.8402973,-6.424703199999974],[-66.8498119,-6.426851200000013],[-66.8479132,-6.4219331],[-66.8633213,-6.407417200000019],[-66.8748677,-6.412066199999978],[-66.8858269,-6.405867900000024],[-66.8914813,-6.409382900000017],[-66.90342,-6.3970956],[-66.90720650000002,-6.40092839999997],[-66.9111991,-6.39689430000001],[-66.92204980000001,-6.4023921],[-66.9298847,-6.400430900000011],[-66.9464978,-6.3871361],[-66.9451929,-6.3840052],[-66.9580814,-6.385340599999988],[-66.9655576,-6.393819499999982],[-66.9672166,-6.3855826],[-66.983733,-6.389466399999976],[-66.9850703,-6.3854775],[-66.9809418,-6.3836653],[-66.9890586,-6.3756334],[-67.0034117,-6.376473200000018],[-67.0100136,-6.383784799999989],[-67.01859390000001,-6.3847915],[-67.0173233,-6.381548200000025],[-67.0239073,-6.386369],[-67.0465986,-6.3868728],[-67.0518182,-6.383693200000021],[-67.0507494,-6.378288900000012],[-67.0656149,-6.368137399999982],[-67.0691579,-6.353748],[-67.07920239999999,-6.35107],[-67.0840749,-6.3397806],[-67.0928055,-6.3384722],[-67.0914741,-6.3327424],[-67.1077758,-6.326828799999971],[-67.1191739,-6.330288100000017],[-67.1228993,-6.339964299999986],[-67.133972,-6.342517699999988],[-67.137412,-6.338940699999986],[-67.1402028,-6.34418930000002],[-67.1582675,-6.3339061],[-67.16236,-6.339145699999969],[-67.1711359,-6.336618099999981],[-67.1780929,-6.342244800000016],[-67.208187,-6.3329845],[-67.2118458,-6.340806499999972],[-67.2225082,-6.343446800000013],[-67.2299573,-6.356415],[-67.2300965,-6.369274700000013],[-67.23768330000001,-6.376295300000017],[-67.236384,-6.383016499999981],[-67.2434922,-6.394113700000024],[-67.2414799,-6.4087455],[-67.2456644,-6.413710499999984],[-67.2545183,-6.413525799999971],[-67.2604326,-6.419743599999988],[-67.2857176,-6.415104399999965],[-67.2966651,-6.423038900000019],[-67.3020944,-6.4207852],[-67.3151862,-6.4260606],[-67.3310185,-6.441827],[-67.3362215,-6.44096760000002],[-67.3505486,-6.45138010000001],[-67.3629993,-6.4823158],[-67.3677746,-6.483242],[-67.3732636,-6.4926073],[-67.4023923,-6.4969845],[-67.4268028,-6.5194371],[-67.4348206,-6.5174909],[-67.444961,-6.502352899999979],[-67.4545058,-6.5026046],[-67.5093278,-6.5425742],[-67.5321379,-6.536292099999983],[-67.55643889999999,-6.540557],[-67.56888,-6.5512049],[-67.5844956,-6.553312600000019],[-67.5913286,-6.5491534],[-67.6031278,-6.560486899999984],[-67.6329135,-6.569931599999988],[-67.6405272,-6.569218800000017],[-67.652575,-6.549263800000029],[-67.6727191,-6.5610819],[-67.6864082,-6.552062],[-67.6949086,-6.553613400000022],[-67.7104142,-6.548487299999988],[-67.7414121,-6.509441699999978],[-67.757716,-6.509002499999985],[-67.79719380000002,-6.5197188],[-67.7888584,-6.4945387],[-67.7762197,-6.4805736],[-67.7744658,-6.471465099999975],[-67.781104,-6.456393],[-67.74599,-6.36831390000003],[-67.7336073,-6.352135800000021],[-67.70071360000001,-6.329884400000023],[-67.6961036,-6.319808299999971],[-67.696854,-6.3012283],[-67.676103,-6.284489399999978],[-67.6664957,-6.254523799999979],[-67.6496609,-6.24489490000001],[-67.6264629,-6.2478446],[-67.6215507,-6.239460399999975],[-67.6449916,-6.178216500000027],[-67.6657735,-6.165523100000023],[-67.6783961,-6.141487600000024],[-67.6689599,-6.0963861],[-67.67616,-6.0724765],[-67.6692396,-6.043590500000013],[-67.6710211,-6.034099799999987],[-67.6778279,-6.028162500000033],[-67.6854925,-6.0304126],[-67.6921861,-6.02475190000001],[-67.7028278,-5.997664299999976],[-67.7049673,-5.9619741],[-67.6993256,-5.945310099999976],[-67.6746925,-5.94439250000002],[-67.6594966,-5.9353792],[-67.6511594,-5.937585900000021],[-67.6296065,-5.951335199999988],[-67.6141838,-5.971035],[-67.5882969,-5.991078099999986],[-67.5726265,-5.992759],[-67.565848,-5.988678899999976],[-67.568988,-5.9709511],[-67.5621866,-5.944202299999983],[-67.5449942,-5.912577099999986],[-67.5292178,-5.911657500000017],[-67.50057490000002,-5.892292599999989],[-67.4479386,-5.890819700000018],[-67.4442674,-5.898406800000012],[-67.445822,-5.914992899999984],[-67.4405247,-5.922154],[-67.4329657,-5.922647499999984],[-67.4011601,-5.908725899999988],[-67.3660212,-5.900961499999974],[-67.3559668,-5.886136599999976],[-67.35796,-5.8778284],[-67.3763533,-5.860360699999989],[-67.3887376,-5.8332213],[-67.3887766,-5.824730699999973],[-67.3743256,-5.814189899999984],[-67.3323756,-5.798077800000031],[-67.3160201,-5.799993100000022],[-67.3095783,-5.806253699999984],[-67.3046903,-5.840605],[-67.293301,-5.8518646],[-67.2652959,-5.818791600000015],[-67.2234077,-5.75047],[-67.17999,-5.7165126],[-67.1815465,-5.7081586],[-67.2029058,-5.694287],[-67.2057125,-5.68636329999998],[-67.2059093,-5.660970299999972],[-67.1974877,-5.6474182],[-67.1824929,-5.6373051],[-67.1655176,-5.63213590000002],[-67.1660413,-5.623461100000015],[-67.121154,-5.6255649],[-67.1186879,-5.588076199999981],[-67.1110164,-5.573837799999972],[-67.0876016,-5.561948900000027],[-67.0390711,-5.522339799999969],[-67.021826,-5.49932180000003],[-67.00568,-5.505194299999985],[-66.9912647,-5.499477599999985],[-66.9837928,-5.475321],[-66.9772674,-5.46842979999997],[-66.9796,-5.452477799999976],[-66.976625,-5.444409],[-66.9581868,-5.419878800000011],[-66.9413505,-5.4251422],[-66.9227612,-5.440729599999971],[-66.9075465,-5.44409],[-66.9034052,-5.452479600000014],[-66.9032367,-5.496911400000027],[-66.891935,-5.507189299999987],[-66.8857951,-5.502617400000022],[-66.8776846,-5.5048793],[-66.8576258,-5.520028899999978],[-66.8537925,-5.5279547],[-66.8097629,-5.530648500000019],[-66.7961827,-5.522999500000028],[-66.7831272,-5.531156100000021],[-66.7856524,-5.547158900000016],[-66.7804018,-5.553905899999982],[-66.7226535,-5.544810499999969],[-66.7150401,-5.545809799999976],[-66.7055132,-5.55980750000002],[-66.6935691,-5.561427800000033],[-66.6790928,-5.554119799999969],[-66.6642102,-5.5233674],[-66.6565686,-5.520170099999966],[-66.6487418,-5.523954],[-66.6421005,-5.520294900000015],[-66.6393184,-5.502647399999988],[-66.6305392,-5.487171900000022],[-66.5840392,-5.466938800000011],[-66.5816554,-5.449805],[-66.57358920000001,-5.435265],[-66.572129,-5.409298399999967],[-66.5647885,-5.393581300000033],[-66.57646,-5.380352199999969],[-66.5758784,-5.372368700000028],[-66.5699053,-5.3671733],[-66.5552671,-5.3710879],[-66.5441,-5.395129100000013],[-66.5519341,-5.4120274],[-66.5377394,-5.421158799999985],[-66.5324909,-5.438950599999982],[-66.5178208,-5.4447883],[-66.4949033,-5.433509199999974],[-66.4789473,-5.438339600000025],[-66.4707394,-5.433794900000012],[-66.4285382,-5.4320824],[-66.3890439,-5.4141915],[-66.3602042,-5.3859299],[-66.3521549,-5.3819958],[-66.3368763,-5.385914899999984],[-66.2853783,-5.357680900000027],[-66.1661509,-5.367554899999986],[-66.1577604,-5.369859],[-66.1512626,-5.386068700000016],[-66.14407,-5.3904562],[-66.1276249,-5.382717399999985],[-66.1160552,-5.370059100000019],[-66.0993733,-5.370800199999968],[-66.08454240000002,-5.37912169999998],[-66.094064,-5.402578],[-66.0897279,-5.409991400000022],[-66.0577925,-5.422237899999982],[-65.997871,-5.417025600000013],[-65.9648746,-5.3983945],[-65.9482884,-5.402534699999971],[-65.9129014,-5.438341500000021],[-65.90412030000002,-5.443798],[-65.9005917,-5.4369759],[-65.8756511,-5.448164299999974],[-65.8518977,-5.484843900000011],[-65.8374602,-5.4954243],[-65.8212335,-5.497793],[-65.7854867,-5.491656100000013],[-65.7717886,-5.480068499999967],[-65.7530981,-5.451458500000035],[-65.7369532,-5.442365800000033],[-65.729985,-5.445910399999978],[-65.710176,-5.514132599999984],[-65.6946518,-5.54051],[-65.6813115,-5.551437400000019],[-65.6652815,-5.552935],[-65.6260097,-5.522549200000015],[-65.6157007,-5.521186],[-65.6096824,-5.527205],[-65.6028468,-5.564874],[-65.5947902,-5.582854],[-65.5692643,-5.613434500000015],[-65.5294547,-5.6425071],[-65.4450674,-5.6751276],[-65.4276477,-5.669088700000015],[-65.398647,-5.64490140000002],[-65.3713478,-5.637256100000023],[-65.3566223,-5.645936900000017],[-65.3366494,-5.676520299999978],[-65.3237069,-5.6867605],[-65.28973079999999,-5.691335199999986],[-65.2654188,-5.7016167],[-65.2343429,-5.745912299999988],[-65.223176,-5.746118800000025],[-65.1968162,-5.734626499999977],[-65.1544487,-5.701019299999972],[-65.1464791,-5.696466800000027],[-65.1356438,-5.6970009],[-65.1111134,-5.708635300000034],[-65.0692887,-5.7521652],[-65.0508688,-5.7544],[-64.9982304,-5.744569800000026],[-64.9613795,-5.74536190000002],[-64.9068975,-5.759253599999977],[-64.8558113,-5.784423800000032],[-64.812894,-5.787005200000024],[-64.7637586,-5.8048393],[-64.7313911,-5.80525],[-64.7166169,-5.797691899999981],[-64.7050881,-5.7854428],[-64.6702264,-5.768625900000016],[-64.6516979,-5.746114800000019],[-64.6300013,-5.7288156],[-64.6248396,-5.7130731],[-64.6037818,-5.698407599999966],[-64.5506479,-5.6838034],[-64.5423915,-5.683976600000027],[-64.5322218,-5.697680499999971],[-64.5244257,-5.699759700000016],[-64.4927547,-5.689670300000035],[-64.4766662,-5.670341200000032],[-64.4739464,-5.6345543],[-64.4522226,-5.600247299999986],[-64.4471984,-5.571242],[-64.4374759,-5.5575384],[-64.3971991,-5.544766700000028],[-64.3672774,-5.5218068],[-64.2986679,-5.480566],[-64.2323588,-5.473851],[-64.2085625,-5.458713400000023],[-64.1883327,-5.437769599999972],[-64.1643412,-5.4257812],[-64.1278927,-5.426419899999974],[-64.10372260000001,-5.418818799999975],[-64.09022310000002,-5.4048171],[-64.0821752,-5.366444],[-64.06855590000002,-5.35537920000001],[-64.0490875,-5.3255309],[-64.0372535,-5.28089570000003],[-64.0257248,-5.2671542],[-63.9449769,-5.2361211],[-63.92680020000001,-5.210188499999971],[-63.88300550000001,-5.193757200000018],[-63.8549457,-5.169785499999978],[-63.8251963,-5.152422],[-63.7978113,-5.147177799999972],[-63.7660586,-5.127858],[-63.7022788,-5.1100188],[-63.6468355,-5.140485900000013],[-63.6291389,-5.14347060000001],[-63.5944141,-5.1370559],[-63.5619967,-5.153351699999988],[-63.545304,-5.1571502],[-63.450609,-5.153014700000035],[-63.3721324,-5.121777699999978],[-63.3594986,-5.1084468],[-63.3518335,-5.075764099999962],[-63.3419692,-5.0541528],[-63.34091140000001,-5.0006374],[-63.3360285,-4.990246199999981],[-63.3026901,-4.96295840000002],[-63.2782484,-4.926642799999964],[-63.248439,-4.9066421],[-63.2380829,-4.883418300000014],[-63.224415,-4.824923799999954],[-63.2068531,-4.789889100000035],[-63.1778591,-4.768180800000025],[-63.1292502,-4.760639],[-63.093775,-4.7344864],[-63.0519399,-4.7243093],[-63.0311476,-4.70516859999997],[-63.0169503,-4.717370100000015],[-63.0108101,-4.732948600000018],[-62.9901756,-4.744063900000032],[-63.0001905,-4.764091500000029],[-62.99988050000001,-4.79187490000003],[-62.9687403,-4.805924500000037],[-62.9631335,-4.816972499999969],[-62.9438743,-4.820956700000019],[-62.9322349,-4.7934358],[-62.9147383,-4.784358400000023],[-62.899676,-4.7884669],[-62.8937709,-4.797640699999984],[-62.8823456,-4.803296100000028],[-62.8761095,-4.798168299999976],[-62.8589705,-4.797358400000025],[-62.8549375,-4.7933385],[-62.83396110000001,-4.79571940000002],[-62.8260188,-4.791552700000015],[-62.7997545,-4.8002027],[-62.7857169,-4.82403039999997],[-62.7695742,-4.840823900000022],[-62.7632139,-4.839872899999986],[-62.7567566,-4.844567599999987],[-62.7267757,-4.835779699999974],[-62.7111021,-4.843847700000039],[-62.69821730000001,-4.874473900000032],[-62.6951271,-4.901034899999967],[-62.7013284,-4.916682],[-62.7304618,-4.936010199999973],[-62.7366043,-4.944351799999986],[-62.73747010000001,-4.960721200000016],[-62.7331579,-4.9688129],[-62.7179082,-4.97412],[-62.6936585,-4.962427200000016],[-62.6744717,-4.909489600000016],[-62.6501086,-4.900466700000035],[-62.5771848,-5.000684599999974]]]}},{"type":"Feature","properties":{"CD_MUN":"1300680","NM_MUN":"Boa Vista do Ramos","SIGLA_UF":"AM","CodigoIBGE":"1300680","SubRegiaoNumero":9,"CalhaSubRegiao":"Região do Baixo Amazonas"},"geometry":{"type":"Polygon","coordinates":[[[-57.616154,-3.13371489999994],[-57.7958893,-3.133591800000058],[-57.7942834,-3.16659890000004],[-57.8057211,-3.189883600000035],[-57.8093346,-3.224920099999954],[-57.8256069,-3.245441200000045],[-57.8349717,-3.277719500000011],[-57.84349910000001,-3.284347600000017],[-57.85061480000001,-3.27897670000002],[-57.8621702,-3.281883500000057],[-57.8779977,-3.293328],[-57.9006394,-3.284313499999951],[-57.9099226,-3.2903231],[-57.9133154,-3.301959400000024],[-57.9247289,-3.311883900000012],[-57.941342,-3.339660900000036],[-57.9508183,-3.34416890000005],[-58.0291431,-3.340938],[-58.0424556,-3.3488947],[-58.0622945,-3.339258700000042],[-58.0745216,-3.29008],[-58.0648169,-3.275755900000042],[-58.0658519,-3.21512990000004],[-58.0430698,-3.2105747],[-58.0419911,-3.201667199999962],[-58.0209618,-3.17524209999998],[-58.013149,-3.14910170000004],[-57.9928734,-3.1338323],[-57.8904332,-2.952876800000012],[-57.8855364,-2.949380699999961],[-57.8820951,-2.959745299999943],[-57.8718956,-2.965134100000045],[-57.8343494,-2.96300280000003],[-57.8175782,-2.955205900000033],[-57.7959126,-2.973548399999982],[-57.792505,-2.984965899999958],[-57.7768184,-2.9916394],[-57.7578253,-2.98281],[-57.7438807,-2.956658099999967],[-57.7393626,-2.9616574],[-57.7169258,-2.9609428],[-57.7124084,-2.964651899999945],[-57.7081623,-2.952946600000032],[-57.7039458,-2.956245300000036],[-57.6980413,-2.947981599999978],[-57.6947313,-2.950036299999969],[-57.6774546,-2.943416700000014],[-57.6758299,-2.937731299999989],[-57.6644425,-2.943605800000016],[-57.6453032,-2.941118399999989],[-57.6310091,-2.9135615],[-57.6012181,-2.889885099999983],[-57.5759228,-2.837039299999984],[-57.5553312,-2.824247700000025],[-57.53684959999999,-2.831025499999977],[-57.5190888,-2.811663599999962],[-57.487635,-2.806811600000046],[-57.436466,-2.843843399999989],[-57.4744035,-2.857005399999947],[-57.473382,-2.862760200000016],[-57.4823641,-2.870996799999966],[-57.4659345,-2.950460600000011],[-57.4567529,-2.950953699999951],[-57.426752,-2.939469899999955],[-57.4160019,-2.9447397],[-57.3947248,-2.915393099999976],[-57.3844695,-2.914408899999941],[-57.3827789,-2.9216856],[-57.3785204,-2.922386600000011],[-57.3716991,-2.913613100000063],[-57.3541579,-2.9113903],[-57.3516368,-2.91434910000004],[-57.3568983,-2.94533049999994],[-57.3789926,-2.965904699999988],[-57.3842986,-2.981278900000054],[-57.4067152,-2.994392],[-57.4023995,-3.003035200000033],[-57.4119649,-3.0184056],[-57.4256109,-3.014388699999979],[-57.4304221,-3.004698400000015],[-57.4641885,-3.027138700000061],[-57.4594848,-3.034447599999984],[-57.4560792,-3.266397599999972],[-57.4226634,-3.288622],[-57.4037703,-3.276373200000037],[-57.3939656,-3.295861899999949],[-57.3953848,-3.316811],[-57.3920818,-3.323738400000039],[-57.3739324,-3.332736400000011],[-57.3712702,-3.362061400000037],[-57.36454830000001,-3.3696672],[-57.3629339,-3.379849899999981],[-57.3665721,-3.413603099999983],[-57.3586316,-3.4386842],[-57.3597127,-3.452106700000047],[-57.3717111,-3.478100200000027],[-57.370184,-3.513920599999988],[-57.434966,-3.500289600000027],[-57.4653345,-3.461186899999954],[-57.4874505,-3.44336190000003],[-57.4980623,-3.417818400000022],[-57.5012242,-3.386329400000033],[-57.5096177,-3.370114500000034],[-57.51052760000001,-3.350286399999954],[-57.5176459,-3.332758599999985],[-57.5159421,-3.3245236],[-57.5287591,-3.316902899999959],[-57.5489835,-3.315909799999973],[-57.56747759999999,-3.32145],[-57.5793121,-3.3393757],[-57.5894213,-3.339964199999987],[-57.60201210000001,-3.315511100000054],[-57.621846,-3.30614239999998],[-57.6286743,-3.290413400000057],[-57.6226491,-3.278898200000024],[-57.6254591,-3.257108899999949],[-57.6366471,-3.248170499999945],[-57.6384531,-3.211870900000032],[-57.6335675,-3.178890099999961],[-57.627541,-3.1692632],[-57.6185946,-3.173438200000058],[-57.6097056,-3.168486299999954],[-57.6152596,-3.158692299999982],[-57.616154,-3.13371489999994]]]}},{"type":"Feature","properties":{"CD_MUN":"1302405","NM_MUN":"Lábrea","SIGLA_UF":"AM","CodigoIBGE":"1302405","SubRegiaoNumero":3,"CalhaSubRegiao":"Região do Purus"},"geometry":{"type":"Polygon","coordinates":[[[-65.0951237,-7.1047459],[-65.0391755,-7.073236599999983],[-64.5714014,-7.0752284],[-64.5803469,-7.090131700000015],[-64.5722879,-7.09255430000002],[-64.5780164,-7.094969199999979],[-64.5699071,-7.102729400000011],[-64.5800767,-7.114546500000023],[-64.5771657,-7.115084599999983],[-64.5787481,-7.121090199999982],[-64.5740862,-7.1192799],[-64.5735295,-7.12214990000001],[-64.5780806,-7.124935700000028],[-64.5765231,-7.132118099999985],[-64.5786735,-7.130030099999987],[-64.5837808,-7.1356726],[-64.5792136,-7.1387023],[-64.578276,-7.160099499999986],[-64.5744922,-7.1628905],[-64.5792969,-7.1656048],[-64.5773784,-7.172576],[-64.5829132,-7.1707591],[-64.5778273,-7.1815333],[-64.5668594,-7.1880324],[-64.5649006,-7.191874100000025],[-64.5701706,-7.1936295],[-64.55624440000001,-7.210874600000017],[-64.5556625,-7.216873900000015],[-64.5618997,-7.223497799999986],[-64.5510639,-7.247891099999982],[-64.5582476,-7.2638427],[-64.55157970000002,-7.2677165],[-64.5459922,-7.299938099999983],[-64.5549908,-7.30334],[-64.5533959,-7.3079876],[-64.5576053,-7.306245],[-64.5546048,-7.310239],[-64.559301,-7.321469099999988],[-64.5520947,-7.32566910000001],[-64.555723,-7.330881299999984],[-64.5491636,-7.3391173],[-64.5393762,-7.330703300000017],[-64.5434586,-7.3482953],[-64.5344161,-7.342071899999979],[-64.5352054,-7.3464997],[-64.5305606,-7.34883],[-64.5358416,-7.361736799999982],[-64.5409762,-7.363936899999986],[-64.5295403,-7.379443500000025],[-64.54432180000002,-7.390638400000029],[-64.5355124,-7.3997138],[-64.5397827,-7.406016400000016],[-64.5324565,-7.401782200000018],[-64.531138,-7.4128595],[-64.5382556,-7.4122035],[-64.5389391,-7.422494],[-64.5254491,-7.431508100000015],[-64.5140259,-7.4307305],[-64.4959499,-7.454258500000011],[-64.499602,-7.4785677],[-64.4922894,-7.4910883],[-64.5066016,-7.499019300000012],[-64.5019253,-7.5071134],[-64.5061081,-7.510855300000011],[-64.5013511,-7.514039699999989],[-64.5075627,-7.532913],[-64.5041676,-7.555224],[-64.4892739,-7.564159899999982],[-64.4846829,-7.57432330000001],[-64.4749324,-7.570338099999984],[-64.4642197,-7.5742866],[-64.4490035,-7.571187399999983],[-64.4511815,-7.584178900000015],[-64.4468469,-7.5860188],[-64.4470212,-7.591039],[-64.4383568,-7.593275600000013],[-64.435866,-7.598136300000016],[-64.4296988,-7.5973572],[-64.4288304,-7.603814499999971],[-64.4207497,-7.604964],[-64.4213285,-7.610433699999983],[-64.4061088,-7.6275806],[-64.4175662,-7.65758690000001],[-64.4110349,-7.6618179],[-64.4062767,-7.678587800000011],[-64.3968113,-7.6925162],[-64.4005054,-7.710617199999982],[-64.4125367,-7.7230665],[-64.4149181,-7.7398493],[-64.4227103,-7.747742499999982],[-64.42022019999999,-7.7520628],[-64.4272188,-7.766072300000014],[-64.4147959,-7.785652800000013],[-64.4130355,-7.7997093],[-64.4355432,-7.829924099999982],[-64.4382773,-7.8741443],[-64.4465256,-7.8867754],[-64.4344282,-7.912846800000021],[-64.4210356,-7.928069399999985],[-64.419207,-7.969596899999979],[-64.4141759,-7.9771534],[-64.4075103,-8.023634199999986],[-64.3994809,-8.0427333],[-64.4043166,-8.0774751],[-64.3936754,-8.0962264],[-64.402181,-8.134297199999988],[-64.3938195,-8.163454499999984],[-64.3952029,-8.1750782],[-64.401013,-8.18029],[-64.4069482,-8.207213699999983],[-64.4214869,-8.222438],[-64.4427389,-8.235779],[-64.4662319,-8.266403899999977],[-64.4705405,-8.2862709],[-64.4844017,-8.313560199999982],[-64.5042366,-8.32404380000001],[-64.5083971,-8.3308587],[-64.5062077,-8.3743831],[-64.512507,-8.3930274],[-64.5148712,-8.4230858],[-64.5307354,-8.4435409],[-64.5410683,-8.4780193],[-64.5355428,-8.493774799999983],[-64.5242902,-8.506119099999985],[-64.502872,-8.514547099999985],[-64.492481,-8.5262751],[-64.4860141,-8.566784100000016],[-64.5029242,-8.5945697],[-64.4730446,-8.6174489],[-64.4517907,-8.641122],[-64.4492855,-8.649108],[-64.4421783,-8.6524253],[-64.411598,-8.644361699999987],[-64.3975694,-8.6527662],[-64.3838504,-8.6902704],[-64.3597097,-8.7227342],[-64.3327098,-8.742616900000018],[-64.3299065,-8.7506975],[-64.3328449,-8.7579009],[-64.3510374,-8.767674500000018],[-64.375322,-8.769959099999983],[-64.3894853,-8.7776404],[-64.4010431,-8.8092821],[-64.4225428,-8.8328438],[-64.4817632,-8.8067121],[-64.5058721,-8.808470700000019],[-64.5161551,-8.847794],[-64.535703,-8.873207],[-64.5374346,-8.881115799999986],[-64.5257987,-8.9023893],[-64.5316523,-8.925552100000017],[-64.5817697,-8.95072620000001],[-64.5731,-8.9647237],[-64.5735139,-8.973209],[-64.5794041,-9.001253300000013],[-64.587961,-9.0095099],[-64.611074,-9.016451800000016],[-64.641538,-9.006646],[-64.6577069,-9.008213],[-64.6713762,-9.0147962],[-64.6833507,-8.993616899999981],[-64.6992671,-8.988262],[-64.7136811,-8.993862899999986],[-64.7380191,-9.016465499999985],[-64.7611805,-9.020583400000016],[-64.7839641,-8.9892699],[-64.80782420000001,-8.9855518],[-64.8393242,-8.994111399999985],[-64.8705663,-9.012193599999978],[-64.8872336,-9.0292104],[-64.8940991,-9.043701799999978],[-64.9015415,-9.0466866],[-64.9172668,-9.0431411],[-64.9156801,-9.0746143],[-64.9334658,-9.120342],[-64.9399298,-9.1245658],[-64.9393148,-9.148304200000016],[-64.933625,-9.154400300000011],[-64.9289918,-9.1776366],[-64.9319033,-9.1849271],[-64.9237369,-9.1981379],[-64.9265418,-9.2054645],[-64.9196828,-9.220280299999983],[-64.921489,-9.228289800000015],[-64.9328252,-9.2405885],[-64.9360779,-9.255811199999988],[-64.9536531,-9.271271499999987],[-64.9539389,-9.2789248],[-64.9628795,-9.2927766],[-64.9861829,-9.291931],[-65.0005153,-9.3046138],[-65.0018558,-9.317900900000026],[-65.0127072,-9.3286775],[-65.0058467,-9.343529400000014],[-65.0220195,-9.3460052],[-65.024412,-9.353891],[-65.0393083,-9.3595813],[-65.0356802,-9.37481680000001],[-65.053546,-9.40214229999998],[-65.0779285,-9.4009814],[-65.0860783,-9.40479059999998],[-65.0922916,-9.4093867],[-65.0889104,-9.425080400000015],[-65.09785,-9.432515799999988],[-65.1137182,-9.4327783],[-65.1428806,-9.446812299999982],[-65.1773242,-9.4266362],[-65.1854632,-9.4270317],[-65.1868227,-9.4150261],[-65.1735439,-9.3854485],[-65.1961582,-9.3752629],[-65.1969892,-9.36743990000001],[-65.1883246,-9.344852500000012],[-65.2089565,-9.3096433],[-65.2080252,-9.285633199999985],[-65.2117718,-9.2789934],[-65.2466614,-9.257663599999983],[-65.2841828,-9.2702683],[-65.3004353,-9.2870736],[-65.3426895,-9.309460899999982],[-65.3512411,-9.3231093],[-65.3775134,-9.324426099999988],[-65.3852109,-9.3380311],[-65.3935223,-9.339597],[-65.4167964,-9.3195363],[-65.4402184,-9.31174529999999],[-65.4470184,-9.316376399999971],[-65.4491016,-9.3245798],[-65.4436283,-9.330351900000013],[-65.4476908,-9.345786],[-65.4461298,-9.3706882],[-65.4566002,-9.401208699999984],[-65.4433302,-9.4201472],[-65.4320983,-9.458635],[-65.4347158,-9.466333],[-65.4426745,-9.4647005],[-65.4566578,-9.470519400000022],[-65.4678803,-9.459291300000016],[-65.4769664,-9.4726636],[-65.4928012,-9.473663799999983],[-65.5031633,-9.469975400000017],[-65.5065502,-9.447698],[-65.5224118,-9.446904499999976],[-65.5556338,-9.422455199999986],[-65.59677550000002,-9.4138652],[-65.6416338,-9.433467399999989],[-65.64988429999998,-9.447271299999983],[-65.6727768,-9.446349600000017],[-65.6794352,-9.4513929],[-65.6809976,-9.50040750000001],[-65.6960809,-9.5076713],[-65.7235481,-9.559056599999979],[-65.7299672,-9.5630727],[-65.7427767,-9.5529671],[-65.7503267,-9.5536231],[-65.7565486,-9.5689552],[-65.7707144,-9.565356099999981],[-65.7769944,-9.5765633],[-65.791522,-9.5856444],[-65.8000217,-9.5850225],[-65.80538330000002,-9.5705123],[-65.8180266,-9.5622559],[-65.8250771,-9.5300912],[-65.8482485,-9.5323243],[-65.8466077,-9.516411299999977],[-65.8525504,-9.5107013],[-65.8603533,-9.510768800000015],[-65.8809081,-9.4874649],[-65.8980216,-9.4890484],[-65.91263440000002,-9.4837503],[-65.9318805,-9.4475944],[-65.9516373,-9.436262599999987],[-65.953161,-9.428761699999988],[-65.9670521,-9.420105],[-65.9703006,-9.413160099999981],[-65.9864438,-9.4131282],[-66.0025757,-9.404257400000017],[-66.02663409999998,-9.400841699999983],[-66.0424116,-9.402372399999978],[-66.0597396,-9.4182176],[-66.1238908,-9.4087794],[-66.1543596,-9.420473399999981],[-66.1736328,-9.434418700000013],[-66.2047463,-9.42597370000001],[-66.2434147,-9.429387099999984],[-66.2596688,-9.4109965],[-66.267804,-9.4097634],[-66.2904394,-9.4124947],[-66.2841858,-9.4321636],[-66.3074975,-9.4368453],[-66.3148576,-9.4338147],[-66.3136049,-9.4260733],[-66.3189162,-9.4199636],[-66.3332144,-9.427667],[-66.3416104,-9.427016700000012],[-66.3533063,-9.4166195],[-66.3747764,-9.4263661],[-66.4088584,-9.406946599999978],[-66.4147219,-9.421948799999987],[-66.3961089,-9.4375201],[-66.3900523,-9.4556297],[-66.39241429999998,-9.500480099999981],[-66.4235776,-9.5257876],[-66.4389348,-9.55439],[-66.4674699,-9.582212],[-66.4949168,-9.6015832],[-66.5006134,-9.63356419999998],[-66.5368884,-9.6435496],[-66.5517207,-9.65806],[-66.5863066,-9.673558900000014],[-66.6094487,-9.664898499999977],[-66.6241659,-9.6808192],[-66.6849453,-9.7146456],[-66.691803,-9.7338899],[-66.7253897,-9.756072499999977],[-66.7584708,-9.760359800000012],[-66.7753636,-9.7530913],[-66.7821409,-9.758572],[-66.7772527,-9.7686562],[-66.7805792,-9.7913933],[-66.8102531,-9.8180459],[-67.3260491,-9.5923437],[-67.3061175,-9.5649258],[-67.2945278,-9.5272118],[-67.2836146,-9.512532399999975],[-67.2858621,-9.4745583],[-67.2949419,-9.443173399999985],[-67.2853974,-9.4290216],[-67.2828388,-9.4037874],[-67.27650330000002,-9.389843899999981],[-67.2868028,-9.367162],[-67.2736711,-9.358973900000018],[-67.2774993,-9.334749799999988],[-67.2940866,-9.332840299999987],[-67.3126693,-9.3158818],[-67.3124164,-9.307852299999984],[-67.2969181,-9.28853730000001],[-67.2985309,-9.272646500000011],[-67.2852065,-9.249621399999969],[-67.2857766,-9.2297916],[-67.292191,-9.219839599999979],[-67.2815937,-9.1971026],[-67.281512,-9.1865535],[-67.2944011,-9.1666192],[-67.2927089,-9.15038909999999],[-67.2769675,-9.122106],[-67.2569054,-9.1134579],[-67.2491533,-9.10418180000001],[-67.2503765,-9.092507600000019],[-67.2395661,-9.062079199999985],[-67.2077408,-9.06147480000002],[-67.2089144,-9.051621500000014],[-67.1975046,-9.0298627],[-67.1742806,-9.024000199999984],[-67.1707204,-9.017023100000019],[-67.194526,-9.000478799999978],[-67.1989399,-8.984240499999988],[-67.1928383,-8.9781036],[-67.1706717,-8.970674],[-67.1686911,-8.9561121],[-67.1399177,-8.971978],[-67.1293073,-8.95004849999998],[-67.1141648,-8.9422278],[-67.1084666,-8.9279483],[-67.0965271,-8.93809830000002],[-67.087666,-8.935643299999983],[-67.0862489,-8.9274072],[-67.0938643,-8.9131564],[-67.0820556,-8.8839648],[-67.0985274,-8.8667099],[-67.0990263,-8.8495192],[-67.1052719,-8.8451252],[-67.1053568,-8.83734279999998],[-67.0873628,-8.8203479],[-67.0860297,-8.8041094],[-67.11584989999999,-8.771951399999988],[-67.1346378,-8.7355599],[-67.1424968,-8.7328427],[-67.1468352,-8.7259224],[-67.1459703,-8.709047],[-67.138943,-8.6937077],[-67.12272020000002,-8.676657399999986],[-67.1186075,-8.65158810000001],[-67.1129118,-8.645542],[-67.0947174,-8.642838799999973],[-67.0875845,-8.637239099999977],[-67.0855564,-8.621878600000015],[-67.0968325,-8.6004561],[-67.0981091,-8.583622099999987],[-67.0926362,-8.5765778],[-67.0768862,-8.569573499999981],[-67.0608293,-8.547396600000017],[-67.05775329999999,-8.505171399999984],[-66.9503325,-8.46946319999999],[-66.9259349,-8.454223100000013],[-66.9313741,-8.4339154],[-66.9269576,-8.420013599999987],[-66.911362,-8.402931699999982],[-66.9096692,-8.392876900000024],[-66.916699,-8.3782894],[-66.9143389,-8.369934],[-66.9231141,-8.334699400000014],[-66.9321728,-8.32917169999999],[-66.93688630000001,-8.319609],[-66.9369448,-8.3017958],[-66.9252864,-8.2724904],[-66.9086969,-8.257729100000015],[-66.9059978,-8.233322900000024],[-66.8930094,-8.2172071],[-66.8770771,-8.2167343],[-66.8592709,-8.1907206],[-66.8629972,-8.1689994],[-66.8864904,-8.1482795],[-66.8824915,-8.1114438],[-66.8616365,-8.0917398],[-66.8609508,-8.0811844],[-66.8692513,-8.0628607],[-66.8673153,-8.043606799999983],[-66.8739001,-8.0307715],[-66.8796471,-8.030080600000018],[-66.8775178,-8.0272645],[-66.8840966,-8.022887800000017],[-66.884701,-8.011989199999983],[-66.8759677,-7.992410100000019],[-66.8778914,-7.977806700000021],[-66.8670234,-7.963536600000016],[-66.8611405,-7.946661100000017],[-66.867233,-7.9400613],[-66.8658017,-7.936119699999987],[-66.8706804,-7.9346619],[-66.8641187,-7.9341194],[-66.8606321,-7.9259984],[-66.8558162,-7.931604300000024],[-66.8571818,-7.925516499999981],[-66.8519871,-7.9220633],[-66.8543026,-7.917312799999983],[-66.844413,-7.9105079],[-66.8493197,-7.9051134],[-66.8335514,-7.8958492],[-66.8367052,-7.894320299999976],[-66.8309226,-7.890746800000012],[-66.8319127,-7.8852438],[-66.8260262,-7.8894311],[-66.831179,-7.879930799999984],[-66.8225225,-7.886303899999971],[-66.8227018,-7.8705245],[-66.8141636,-7.8691872],[-66.81650260000002,-7.8548187],[-66.8132383,-7.848428700000015],[-66.8164272,-7.844331900000014],[-66.8129013,-7.8372106],[-66.8186792,-7.8319844],[-66.8237742,-7.834691099999985],[-66.8319436,-7.821790299999987],[-66.8274398,-7.815402299999976],[-66.8233691,-7.817699],[-66.817939,-7.814448400000013],[-66.815308,-7.807209299999989],[-66.7916393,-7.802440300000023],[-66.7900209,-7.7902584],[-66.7848415,-7.792636699999987],[-66.7837007,-7.788906],[-66.7603616,-7.782891],[-66.7596493,-7.775845100000025],[-66.7519092,-7.773134100000018],[-66.749157,-7.766580600000028],[-66.7441154,-7.76638069999998],[-66.74463240000001,-7.760469199999987],[-66.737179,-7.759888],[-66.7356034,-7.755836700000022],[-66.7390342,-7.753065500000025],[-66.7374423,-7.747686099999984],[-66.7442099,-7.745222899999971],[-66.7450053,-7.7305751],[-66.7291289,-7.725496699999982],[-66.7285549,-7.732478600000011],[-66.7161954,-7.7366759],[-66.708604,-7.728591600000023],[-66.7121523,-7.722920800000017],[-66.70845620000001,-7.7169959],[-66.7100192,-7.702389199999976],[-66.6732721,-7.695416599999973],[-66.6699588,-7.706926],[-66.6586659,-7.7096111],[-66.6460415,-7.6835915],[-66.63683039999998,-7.676229699999989],[-66.62330630000001,-7.676678899999987],[-66.6125043,-7.6846684],[-66.6072132,-7.6828063],[-66.6068682,-7.6743335],[-66.628415,-7.665905],[-66.63421709999999,-7.657753799999966],[-66.6267808,-7.647819799999973],[-66.6083473,-7.6415856],[-66.6098762,-7.629747299999979],[-66.6206702,-7.621488600000013],[-66.6181143,-7.615062499999969],[-66.6079922,-7.618522500000012],[-66.5920831,-7.6420933],[-66.5813608,-7.646200899999986],[-66.5592497,-7.627468599999975],[-66.5557889,-7.6032219],[-66.5494584,-7.598864299999989],[-66.5361402,-7.6008367],[-66.528342,-7.6108769],[-66.5275902,-7.628391599999983],[-66.5062461,-7.63580480000001],[-66.5064232,-7.648038299999978],[-66.5154619,-7.6616003],[-66.5118694,-7.666323499999974],[-66.5033081,-7.6664191],[-66.4927225,-7.648065399999978],[-66.5062782,-7.620798],[-66.500318,-7.595643899999972],[-66.4922678,-7.5889954],[-66.4715053,-7.58241639999997],[-66.4688814,-7.566354],[-66.436502,-7.5654055],[-66.4085469,-7.5719422],[-66.3730436,-7.56097459999997],[-66.3648071,-7.542721],[-66.3728202,-7.523738],[-66.3721431,-7.514472699999988],[-66.3665311,-7.5104398],[-66.3503374,-7.5129963],[-66.3385027,-7.496925299999982],[-66.3599493,-7.504791899999974],[-66.3720436,-7.503169],[-66.3759224,-7.4883198],[-66.3898539,-7.483567900000019],[-66.3898227,-7.488080699999985],[-66.4074112,-7.481503899999989],[-66.4297557,-7.490768199999982],[-66.4268812,-7.5016315],[-66.4499974,-7.5137174],[-66.4546178,-7.509207400000012],[-66.45165190000002,-7.500120099999973],[-66.458247,-7.4996325],[-66.4605048,-7.5053078],[-66.4699969,-7.5059741],[-66.4702332,-7.5117984],[-66.4755848,-7.5059132],[-66.4803473,-7.5069239],[-66.4805571,-7.512629],[-66.4852088,-7.508907399999983],[-66.4848877,-7.517744],[-66.4877734,-7.5196818],[-66.4942823,-7.511567099999986],[-66.4998214,-7.5151136],[-66.5009926,-7.506256],[-66.5081085,-7.505533],[-66.5087808,-7.5003563],[-66.5266505,-7.501146799999961],[-66.5266423,-7.496287399999987],[-66.5344194,-7.497557600000015],[-66.5295271,-7.494118599999982],[-66.5336142,-7.4922364],[-66.5374015,-7.4998557],[-66.5448203,-7.487961199999969],[-66.5571356,-7.488619400000016],[-66.5601543,-7.495052800000013],[-66.5746658,-7.494349799999988],[-66.5771989,-7.500524],[-66.5785464,-7.487463599999976],[-66.5854876,-7.4926586],[-66.58106250000002,-7.5016454],[-66.588599,-7.499441699999972],[-66.5892865,-7.503205699999985],[-66.5913005,-7.492786],[-66.5970738,-7.4920019],[-66.5869648,-7.4897468],[-66.5933931,-7.485013399999983],[-66.5923667,-7.4788762],[-66.6027798,-7.482370599999975],[-66.598247,-7.487736399999979],[-66.6131487,-7.4918364],[-66.619106,-7.486446599999969],[-66.6088902,-7.485731100000021],[-66.6158401,-7.4764918],[-66.6115744,-7.4754551],[-66.6171942,-7.4708287],[-66.6155657,-7.467541499999975],[-66.6207561,-7.471959499999987],[-66.6333282,-7.469549299999988],[-66.6352657,-7.4605914],[-66.6476552,-7.4543735],[-66.6537666,-7.458691699999981],[-66.6653598,-7.4507309],[-66.6663276,-7.445221400000011],[-66.675127,-7.4459449],[-66.6744236,-7.435029899999978],[-66.6686172,-7.433909800000013],[-66.6810828,-7.427735899999967],[-66.6829428,-7.419487499999974],[-66.6894104,-7.42002770000002],[-66.6890581,-7.4148592],[-66.6917166,-7.41726],[-66.7026257,-7.4093279],[-66.7011656,-7.4025088],[-66.7092024,-7.401200699999985],[-66.7122964,-7.404535400000023],[-66.713993,-7.4004815],[-66.7046104,-7.388699],[-66.7169843,-7.39586590000002],[-66.7203737,-7.371434],[-66.7267982,-7.375118799999986],[-66.7326865,-7.370004199999984],[-66.73838,-7.3792758],[-66.7423834,-7.36968580000002],[-66.7371178,-7.371415900000018],[-66.7360158,-7.365560800000011],[-66.7441818,-7.36547469999998],[-66.7449625,-7.358015699999988],[-66.751599,-7.35710090000002],[-66.7545266,-7.3496031],[-66.7578196,-7.352087300000027],[-66.7567736,-7.346037400000019],[-66.7640429,-7.347499],[-66.7651873,-7.352881700000026],[-66.7672152,-7.346797500000013],[-66.7776702,-7.350123],[-66.7784289,-7.3452679],[-66.7888039,-7.345286700000025],[-66.7822614,-7.340299199999984],[-66.7881123,-7.3403273],[-66.7914786,-7.3358874],[-66.7891002,-7.3314349],[-66.7951114,-7.331912299999983],[-66.7928881,-7.3268461],[-66.796622,-7.324250399999983],[-66.7876772,-7.324140099999985],[-66.7967225,-7.3196196],[-66.8079927,-7.324650599999976],[-66.8088168,-7.313891300000019],[-66.8116723,-7.3200993],[-66.8214148,-7.3219791],[-66.8207334,-7.316253500000023],[-66.8241719,-7.317021],[-66.8279553,-7.30803],[-66.8329389,-7.310929],[-66.8377139,-7.3024541],[-66.8469822,-7.3022199],[-66.8453591,-7.297145299999985],[-66.8510296,-7.3022426],[-66.854775,-7.3001155],[-66.8522987,-7.289929],[-66.8590853,-7.285436300000016],[-66.86076,-7.275942800000025],[-66.8726363,-7.283240599999984],[-66.8780346,-7.273283400000013],[-66.8904807,-7.273216],[-66.8806535,-7.267629299999977],[-66.8850731,-7.264725],[-66.893628,-7.267861799999982],[-66.89241380000001,-7.264877700000012],[-66.8972064,-7.2656887],[-66.8937268,-7.261662299999988],[-66.9043995,-7.260521300000012],[-66.9072308,-7.253057899999986],[-66.9148767,-7.2579218],[-66.9202404,-7.249347],[-66.9241553,-7.256555799999989],[-66.9280199,-7.249339299999972],[-66.9380312,-7.253196499999987],[-66.9437597,-7.243534499999984],[-66.9484526,-7.244667],[-66.949172,-7.241916],[-66.9378308,-7.2400572],[-66.9465088,-7.2365925],[-66.9449586,-7.225277199999979],[-66.953673,-7.2308159],[-66.9528815,-7.226561099999975],[-66.95845710000002,-7.223096900000019],[-66.9528466,-7.2192788],[-66.9592056,-7.2151916],[-66.95153230000001,-7.210325],[-66.9445559,-7.214981800000019],[-66.953088,-7.206481],[-66.9487254,-7.205042600000023],[-66.9411678,-7.1877637],[-66.9502133,-7.16760080000001],[-66.9574333,-7.1647759],[-66.9607958,-7.15761139999998],[-66.9636655,-7.1331115],[-66.984237,-7.126169100000019],[-66.9902745,-7.119626599999966],[-66.9995002,-7.120024200000015],[-66.9961482,-7.1121353],[-66.9987712,-7.09264],[-67.0059532,-7.08725],[-67.0299153,-7.090257799999988],[-67.0355128,-7.062026299999989],[-67.0397239,-7.062530300000026],[-67.0339751,-7.0455679],[-67.0419755,-7.0340926],[-67.0523014,-7.034006],[-67.0487777,-7.031186400000013],[-67.0521105,-7.025869],[-67.0582942,-7.024945299999982],[-67.059764,-7.028454700000013],[-67.0583095,-7.020763700000014],[-67.0686166,-7.020681400000023],[-67.06556449999998,-7.011993600000022],[-67.0715445,-7.0083051],[-67.0774585,-7.010987900000011],[-67.07625690000002,-7.006392199999973],[-67.0880898,-7.013260100000016],[-67.0944336,-7.003208399999985],[-67.1042421,-7.0115104],[-67.0953024,-7.015150499999975],[-67.1056733,-7.018898300000021],[-67.1126004,-7.015843499999972],[-67.1128007,-7.011556700000019],[-67.1146015,-7.024051799999975],[-67.1269389,-7.024425500000021],[-67.1340231,-7.034344799999973],[-67.1392746,-7.052808],[-67.1433526,-7.051054700000011],[-67.1453745,-7.054452699999983],[-67.1467147,-7.049392299999979],[-67.1548978,-7.0466912],[-67.16764960000002,-7.064602],[-67.17624890000002,-7.058042299999985],[-67.2069956,-7.058649900000021],[-67.2180557,-7.067802499999981],[-67.2354625,-7.067672399999979],[-67.2403859,-7.076926900000019],[-67.2636698,-7.075461099999985],[-67.266194,-7.0902717],[-67.274748,-7.0936723],[-67.27817,-7.1035632],[-67.2942624,-7.109175899999981],[-67.2963712,-7.122406100000017],[-67.304007,-7.121139900000022],[-67.3058091,-7.1301466],[-67.3217603,-7.1410986],[-67.3225428,-7.14868540000001],[-67.3283046,-7.1493291],[-67.3262733,-7.1562324],[-67.3403466,-7.16166510000002],[-67.347987,-7.171772],[-67.3487753,-7.185568500000018],[-67.340976,-7.2040075],[-67.34419420000002,-7.225076300000023],[-67.3375921,-7.2540337],[-67.3391749,-7.2667037],[-67.3530053,-7.278009800000019],[-67.3839514,-7.287055499999984],[-67.4028619,-7.288584199999989],[-67.4246283,-7.2824932],[-67.4422161,-7.287283400000011],[-67.4557999,-7.2796607],[-67.4689394,-7.260321],[-67.5005554,-7.2471868],[-67.5005522,-7.206631799999979],[-67.4906835,-7.171311499999985],[-67.4794923,-7.173161400000012],[-67.4679922,-7.163292600000019],[-67.4451942,-7.1717272],[-67.4232912,-7.149022],[-67.4151456,-7.151588600000015],[-67.4079942,-7.146979],[-67.4056943,-7.1151614],[-67.3944171,-7.103755499999976],[-67.3781607,-7.1018783],[-67.3744956,-7.095189300000021],[-67.3599731,-7.090629199999976],[-67.3476938,-7.079536199999981],[-67.3422683,-7.0733283],[-67.343407,-7.0496334],[-67.3387419,-7.042724500000014],[-67.305546,-7.019854800000018],[-67.2856288,-7.029922299999982],[-67.281603,-7.014673799999986],[-67.2703574,-7.003307400000021],[-67.22196190000001,-7.000398199999985],[-67.2183002,-6.967277700000013],[-67.2139073,-6.960241799999983],[-67.1891388,-6.96442330000002],[-67.1489903,-6.963457299999987],[-67.1338003,-6.958976699999979],[-67.1208518,-6.948613],[-67.1074372,-6.9570432],[-67.0835523,-6.960095599999986],[-67.0711088,-6.97081870000001],[-67.0548539,-6.96650359999998],[-67.0516064,-6.9820258],[-67.0440507,-6.9805513],[-67.0339912,-6.967629399999979],[-67.0051355,-6.981687199999977],[-66.9870192,-6.99749],[-66.9842435,-7.01303609999998],[-66.9761573,-7.013608699999985],[-66.9671589,-7.034600699999976],[-66.936265,-7.0457667],[-66.9243281,-7.0565804],[-66.9163026,-7.070589099999976],[-66.9234073,-7.085157400000015],[-66.9229068,-7.093441099999983],[-66.89993170000001,-7.098510700000025],[-66.9016043,-7.112117],[-66.8810498,-7.12308740000002],[-66.8676895,-7.152610500000012],[-66.8574141,-7.1536397],[-66.8455533,-7.141643399999986],[-66.8304064,-7.135760599999985],[-66.8046013,-7.166650800000022],[-66.7816627,-7.177285700000015],[-66.7638229,-7.1757846],[-66.7492379,-7.167700599999974],[-66.7347947,-7.1741432],[-66.7028863,-7.179234899999957],[-66.69015290000002,-7.189583499999972],[-66.6818493,-7.2031362],[-66.6813828,-7.218383899999989],[-66.6894319,-7.232640699999973],[-66.6838008,-7.246467399999974],[-66.6615488,-7.2529886],[-66.636711,-7.25078430000002],[-66.6125778,-7.2542392],[-66.6014654,-7.242781299999985],[-66.5893264,-7.212161600000014],[-66.5829101,-7.206518400000018],[-66.5752922,-7.2068574],[-66.5471329,-7.2230765],[-66.5151867,-7.26095209999997],[-66.5081585,-7.2642273],[-66.49631530000002,-7.2604261],[-66.4785475,-7.234106800000018],[-66.4701035,-7.235049499999977],[-66.4588826,-7.247475299999989],[-66.4369885,-7.2585267],[-66.3792934,-7.25647829999997],[-66.3700735,-7.2699869],[-66.3475474,-7.2661493],[-66.3234857,-7.285059500000011],[-66.3171007,-7.280542600000025],[-66.3093244,-7.281394100000012],[-66.297826,-7.3025905],[-66.2815458,-7.306110599999987],[-66.2649874,-7.3241444],[-66.2578208,-7.326785399999975],[-66.2452673,-7.31641579999998],[-66.2284076,-7.31312],[-66.2233473,-7.307099],[-66.2009589,-7.308629599999989],[-66.2000443,-7.293199100000015],[-66.1919884,-7.292161699999975],[-66.1735223,-7.318127300000014],[-66.1551871,-7.3349254],[-66.1476471,-7.339229599999981],[-66.1403486,-7.335653100000021],[-66.1233194,-7.3456168],[-66.1004302,-7.333980700000015],[-66.0986577,-7.3258322],[-66.0915994,-7.3218298],[-66.0762626,-7.3228778],[-66.0544109,-7.3328628],[-66.0471521,-7.328777799999982],[-66.0394306,-7.331017],[-66.0115555,-7.315660200000021],[-66.0083745,-7.308702399999988],[-65.9893489,-7.3116875],[-65.9776862,-7.3089248],[-65.9542629,-7.287867099999983],[-65.9327397,-7.284493600000022],[-65.915599,-7.275785300000029],[-65.8931874,-7.2771652],[-65.87260120000002,-7.2659692],[-65.8276293,-7.281116],[-65.8094748,-7.280477299999984],[-65.7721554,-7.2533279],[-65.7700094,-7.234456399999972],[-65.7305127,-7.2193447],[-65.6988444,-7.227621500000015],[-65.6939341,-7.235463199999971],[-65.6595951,-7.2448188],[-65.6364043,-7.2582962],[-65.6243172,-7.259522400000019],[-65.5913996,-7.24278480000001],[-65.5775765,-7.2404399],[-65.5160927,-7.2589365],[-65.5082622,-7.2562757],[-65.5010394,-7.246735499999982],[-65.4922901,-7.2470757],[-65.4792315,-7.264402299999969],[-65.4778223,-7.276208899999983],[-65.4588745,-7.282930499999983],[-65.4412598,-7.2838749],[-65.3988991,-7.2759883],[-65.3576778,-7.2450961],[-65.3405391,-7.2464393],[-65.3228439,-7.232247500000011],[-65.3086818,-7.226648],[-65.2977337,-7.234296600000014],[-65.2771604,-7.213875499999979],[-65.2607328,-7.2092871],[-65.2524007,-7.1933786],[-65.2332028,-7.1868823],[-65.2221266,-7.1887009],[-65.2150678,-7.181255299999989],[-65.1962925,-7.176813199999983],[-65.1456558,-7.1531353],[-65.1355392,-7.1435192],[-65.117928,-7.143562500000023],[-65.10942770000001,-7.1351158],[-65.0951237,-7.1047459]]]}},{"type":"Feature","properties":{"CD_MUN":"1301100","NM_MUN":"Careiro","SIGLA_UF":"AM","CodigoIBGE":"1301100","SubRegiaoNumero":7,"CalhaSubRegiao":"Região do Rio Negro/Solimões"},"geometry":{"type":"Polygon","coordinates":[[[-60.2512019,-3.396860499999961],[-60.2193402,-3.381058199999975],[-60.2136904,-3.368058799999953],[-60.2064699,-3.364803900000013],[-60.194467,-3.371359100000029],[-60.1917812,-3.360728099999954],[-60.1854195,-3.358630600000018],[-60.1859155,-3.361395900000022],[-60.05206170000001,-3.361448200000061],[-60.0277212,-3.379782599999971],[-59.9523483,-3.30509580000001],[-59.9363165,-3.296335900000022],[-59.9271825,-3.301075],[-59.9224593,-3.296381],[-59.917245,-3.299366600000042],[-59.9095485,-3.294058],[-59.9025429,-3.295675899999966],[-59.9001017,-3.278147],[-59.8941875,-3.273026500000032],[-59.8832229,-3.2878423],[-59.8641097,-3.28428749999996],[-59.8786279,-3.2982525],[-59.8784006,-3.344027399999968],[-59.8707941,-3.349858400000032],[-59.8613552,-3.353423400000015],[-59.8280864,-3.352679],[-59.7984337,-3.344212900000044],[-59.7727854,-3.345799099999974],[-59.7514011,-3.336064500000017],[-59.7196121,-3.356008800000024],[-59.711923,-3.353574500000037],[-59.706984,-3.345738399999966],[-59.6927669,-3.343356100000029],[-59.6892671,-3.3527948],[-59.671711,-3.353142300000024],[-59.6598452,-3.365259399999971],[-59.6567216,-3.372679699999987],[-59.6795676,-3.391617799999952],[-59.6930718,-3.427823400000029],[-59.6915835,-3.43528339999996],[-59.6973208,-3.441521499999966],[-59.7069562,-3.441167],[-59.7212587,-3.433276],[-59.7319292,-3.4470769],[-59.7480219,-3.457793900000039],[-59.7582177,-3.457216599999974],[-59.77500830000001,-3.4636003],[-59.7872409,-3.500378700000012],[-59.8110871,-3.695472099999968],[-59.821614,-3.704022900000041],[-59.8198322,-3.715746899999975],[-59.8271686,-3.728206100000024],[-59.826513,-3.737671399999958],[-59.8202551,-3.737813699999961],[-59.8189587,-3.742768199999948],[-59.8290913,-3.745480800000047],[-59.8335446,-3.7519465],[-59.8356929,-3.788835199999955],[-59.8338706,-3.80083480000004],[-59.8304141,-3.801537500000026],[-59.8358625,-3.8074011],[-59.8363657,-3.803828800000039],[-59.8441919,-3.8049584],[-59.8428492,-3.815052],[-59.8398983,-3.810022400000024],[-59.8336507,-3.812425499999987],[-59.8280063,-3.838398499999947],[-59.8343219,-3.848082099999989],[-59.8384005,-3.845889],[-59.8437055,-3.8500275],[-59.8452614,-3.85743639999996],[-59.8551512,-3.865762599999973],[-59.8594443,-3.887043699999977],[-59.8700156,-3.8899087],[-59.8699924,-3.907334600000029],[-59.88845640000001,-3.9103905],[-59.8968174,-3.919415],[-59.8974303,-3.930252299999971],[-59.8927984,-3.932468600000013],[-59.9035184,-3.9385418],[-59.9035532,-3.942485699999972],[-59.9072779,-3.940306800000021],[-59.9071163,-3.949036199999974],[-59.9101092,-3.949460099999975],[-59.9061844,-3.953579200000031],[-59.9097906,-3.954569300000022],[-59.9043223,-3.953867599999981],[-59.904434,-3.9589173],[-59.9096064,-3.96484220000003],[-59.91373810000001,-3.963801299999981],[-59.910126,-3.969137699999986],[-59.9044252,-3.96814579999998],[-59.9037782,-3.975400600000024],[-59.9101356,-3.9839195],[-59.9237359,-3.988187800000024],[-59.93073540000001,-3.976114799999957],[-59.9453892,-3.976750800000031],[-59.9537643,-3.961578500000045],[-59.9843573,-3.962468],[-60.0005486,-3.9492689],[-60.018994,-3.962692400000025],[-60.0406949,-3.957268900000019],[-60.0411912,-3.96268379999996],[-60.046778,-3.959949800000013],[-60.0490274,-3.964106099999971],[-60.0538015,-3.958992099999982],[-60.0582351,-3.9658516],[-60.0646161,-3.961681500000017],[-60.0664196,-3.9690293],[-60.0716578,-3.968233],[-60.0716855,-3.9732698],[-60.0780959,-3.977953900000014],[-60.0725303,-3.981174],[-60.0782836,-3.989912599999961],[-60.0826427,-3.9881648],[-60.0842442,-3.991501900000022],[-60.0796586,-3.995305500000014],[-60.0848497,-4.002144],[-60.095693,-4.003962800000036],[-60.0980033,-3.996765699999971],[-60.1042015,-3.99896470000004],[-60.1088848,-4.0113702],[-60.1072389,-4.020231400000036],[-60.1175585,-4.0194739],[-60.1186632,-4.023042799999987],[-60.114249,-4.035997400000031],[-60.1196464,-4.0917531],[-60.1000981,-4.127254599999985],[-60.09823140000001,-4.143857300000022],[-60.0998941,-4.151826299999978],[-60.131261,-4.192826800000019],[-60.1453327,-4.18701150000003],[-60.1490114,-4.165232799999982],[-60.1626912,-4.157245300000039],[-60.1731488,-4.137313799999983],[-60.1807289,-4.135571799999967],[-60.1881485,-4.137413099999981],[-60.1998422,-4.149879500000021],[-60.2153621,-4.147603],[-60.2289168,-4.15644840000004],[-60.2446242,-4.156000200000021],[-60.2672315,-4.16301610000003],[-60.3037817,-4.16211680000004],[-60.3077866,-4.168069100000035],[-60.2994015,-4.178107900000027],[-60.3176705,-4.190109799999965],[-60.3301849,-4.181672299999981],[-60.3483243,-4.1862131],[-60.3574386,-4.184790599999963],[-60.3619999,-4.178664600000044],[-60.3710581,-4.180633199999954],[-60.36747350000001,-4.190196500000017],[-60.3805609,-4.180027699999973],[-60.3900035,-4.183212],[-60.3831571,-4.175012500000015],[-60.3768905,-4.178115700000014],[-60.3767575,-4.172419300000044],[-60.3901675,-4.1721096],[-60.3956072,-4.1624171],[-60.3885078,-4.161704],[-60.3971008,-4.161034399999962],[-60.4003045,-4.156030700000017],[-60.4038209,-4.164145899999983],[-60.4176567,-4.174624499999966],[-60.4357237,-4.164363100000028],[-60.4415231,-4.167433900000034],[-60.4417809,-4.1734088],[-60.4497384,-4.173064800000041],[-60.4579947,-4.16341910000001],[-60.4525353,-4.1533269],[-60.4781463,-4.1397089],[-60.4755557,-4.130134700000037],[-60.4884364,-4.138952700000044],[-60.4935723,-4.128806800000015],[-60.493074,-4.149572899999979],[-60.50337170000001,-4.1390766],[-60.5122067,-4.154809300000012],[-60.5159842,-4.141192699999968],[-60.5241453,-4.148417699999967],[-60.522563,-4.1544891],[-60.5276848,-4.159362799999977],[-60.5224465,-4.165858700000037],[-60.5244389,-4.169422499999976],[-60.5381169,-4.1500002],[-60.5495016,-4.149209400000043],[-60.5500407,-4.152903099999969],[-60.543932,-4.155348899999967],[-60.5450045,-4.164856],[-60.5606652,-4.153750800000036],[-60.56475,-4.164905800000015],[-60.5721573,-4.163488700000014],[-60.5744365,-4.174931],[-60.5863391,-4.184249599999978],[-60.586263,-4.177654300000015],[-60.5919551,-4.173953],[-60.6006166,-4.174439],[-60.6044047,-4.186522800000022],[-60.6102068,-4.1755773],[-60.6179394,-4.174389],[-60.6262068,-4.18267509999998],[-60.6234597,-4.201244599999975],[-60.6284014,-4.198934399999964],[-60.6295426,-4.18937040000003],[-60.6382104,-4.1864195],[-60.6391995,-4.200818600000033],[-60.6538279,-4.2029721],[-60.6551139,-4.213000100000046],[-60.6630031,-4.205085699999959],[-60.6727927,-4.205544300000015],[-60.6714604,-4.2139962],[-60.6751216,-4.218014399999967],[-60.6838053,-4.20565730000001],[-60.6895314,-4.222841699999975],[-60.7073054,-4.209111499999963],[-60.6965725,-4.202462500000014],[-60.7006079,-4.195935600000032],[-60.7117934,-4.1958748],[-60.7022891,-4.187137199999953],[-60.7047417,-4.1847028],[-60.7115541,-4.186200400000023],[-60.72,-4.1992059],[-60.7343939,-4.1942167],[-60.7445079,-4.1984691],[-60.7443279,-4.193085500000023],[-60.7480794,-4.196650599999971],[-60.7498292,-4.190502599999983],[-60.761967,-4.193798100000038],[-60.7548285,-4.196185100000039],[-60.7545244,-4.202432599999988],[-60.7572326,-4.198593600000036],[-60.7585737,-4.202153199999956],[-60.7694757,-4.197755899999986],[-60.7643724,-4.195629799999978],[-60.7675634,-4.191119499999963],[-60.7587046,-4.187446900000019],[-60.7688265,-4.186701],[-60.7765497,-4.180951699999989],[-60.7778761,-4.190950500000011],[-60.7959202,-4.180899299999981],[-60.8033296,-4.1859137],[-60.8070978,-4.181597],[-60.7980699,-4.168098],[-60.6050699,-4.0254139],[-60.6059285,-3.981159299999971],[-60.5935055,-3.959165900000023],[-60.5958989,-3.919085799999946],[-60.5916733,-3.901427700000037],[-60.5748694,-3.873148599999974],[-60.5757591,-3.847410800000028],[-60.5715039,-3.8303894],[-60.5400067,-3.81920080000002],[-60.5241188,-3.8005394],[-60.4872584,-3.777434199999983],[-60.4756991,-3.765362099999987],[-60.4486207,-3.7175437],[-60.4245964,-3.7118239],[-60.4234262,-3.704256300000042],[-60.4343723,-3.681915100000037],[-60.4505078,-3.677375699999978],[-60.444621,-3.652499199999986],[-60.454456,-3.63032850000004],[-60.4478691,-3.6166979],[-60.4303738,-3.600688500000034],[-60.4093403,-3.590689700000033],[-60.3275381,-3.657678799999963],[-60.3087884,-3.643362200000024],[-60.3052604,-3.607974],[-60.31344270000001,-3.598610700000025],[-60.3144459,-3.590441399999968],[-60.2953434,-3.5619308],[-60.2922658,-3.547276],[-60.2965126,-3.52771639999997],[-60.2904704,-3.520331300000027],[-60.2816589,-3.519985200000031],[-60.2693106,-3.512569200000019],[-60.2636185,-3.501445699999946],[-60.2764447,-3.479733600000013],[-60.28796,-3.47170749999996],[-60.3017956,-3.438824],[-60.2869541,-3.430467399999954],[-60.2847425,-3.423133],[-60.2709944,-3.423066500000016],[-60.2567511,-3.410158200000028],[-60.2512019,-3.396860499999961]]]}},{"type":"Feature","properties":{"CD_MUN":"1302801","NM_MUN":"Maraã","SIGLA_UF":"AM","CodigoIBGE":"1302801","SubRegiaoNumero":2,"CalhaSubRegiao":"Região do Triângulo Jutaí/Solimões/Juruá"},"geometry":{"type":"Polygon","coordinates":[[[-64.5088633,-3.351246599999974],[-64.5220188,-3.32699859999997],[-64.5438736,-3.311768399999955],[-64.6206099,-3.288716800000049],[-64.6754685,-3.263215099999937],[-64.7031678,-3.2218687],[-64.7282812,-3.207685899999942],[-64.7545393,-3.183178399999963],[-64.7790076,-3.1685425],[-64.7874351,-3.1541645],[-64.7825422,-3.138426699999943],[-64.751308,-3.127015699999949],[-64.7260286,-3.123341599999952],[-64.7190136,-3.119453099999978],[-64.7136484,-3.108977200000016],[-64.7349958,-3.084638699999948],[-64.7580327,-3.075279399999944],[-64.7921713,-3.035587199999952],[-64.8038294,-3.014575400000016],[-64.8106116,-2.947243200000044],[-64.816752,-2.936838800000023],[-64.8572584,-2.907663700000022],[-64.8924568,-2.875001099999947],[-64.8958824,-2.865214899999971],[-64.8915998,-2.8431677],[-64.8771006,-2.812536700000026],[-64.8663941,-2.7354179],[-64.8796581,-2.716038299999964],[-64.89371230000002,-2.7112625],[-64.9167406,-2.710482699999986],[-64.9726635,-2.72278879999993],[-64.9855433,-2.721832599999964],[-65.00129290000001,-2.71339840000004],[-65.0036087,-2.703221800000035],[-64.9936496,-2.640176499999973],[-64.98077540000001,-2.597929300000032],[-64.9863581,-2.5771996],[-64.998094,-2.560305499999979],[-65.0558362,-2.507017400000021],[-65.0979417,-2.421992200000039],[-65.1163551,-2.394968799999941],[-65.1390395,-2.337397599999922],[-65.151295,-2.3258036],[-65.1757495,-2.3256194],[-65.1863582,-2.3189926],[-65.1932057,-2.283566],[-65.2098968,-2.2792077],[-65.2186067,-2.286037299999944],[-65.2122503,-2.364891800000015],[-65.216029,-2.380429],[-65.2294875,-2.3880113],[-65.2478814,-2.386499300000057],[-65.2728722,-2.370191600000056],[-65.280169,-2.316698],[-65.291449,-2.308006100000012],[-65.3028813,-2.311737600000046],[-65.3091616,-2.336014],[-65.3278987,-2.351318700000017],[-65.3447274,-2.341866500000018],[-65.3468387,-2.336231400000043],[-65.3416321,-2.3282483],[-65.3494755,-2.329968],[-65.3542841,-2.34333090000001],[-65.3702325,-2.32775230000006],[-65.3701682,-2.350269500000019],[-65.3783576,-2.358932899999964],[-65.3954897,-2.349120100000052],[-65.4158022,-2.351477700000078],[-65.4300898,-2.364875],[-65.4226213,-2.381266499999973],[-65.4267564,-2.3924979],[-65.4508417,-2.3980758],[-65.4603392,-2.406419300000025],[-65.4721036,-2.400848],[-65.4778426,-2.380281700000053],[-65.4717746,-2.359913200000067],[-65.4554428,-2.345609799999985],[-65.4549192,-2.334782499999926],[-65.4596084,-2.328148699999975],[-65.4886961,-2.319871199999976],[-65.5140845,-2.320806],[-65.5193496,-2.328239899999927],[-65.5155676,-2.348011],[-65.4956518,-2.345115599999979],[-65.4859327,-2.350978100000067],[-65.486402,-2.3596845],[-65.5007626,-2.387622799999974],[-65.5234914,-2.384558700000053],[-65.5445547,-2.356908200000017],[-65.5605146,-2.360604300000036],[-65.5910836,-2.386359099999955],[-65.5995176,-2.38760609999997],[-65.6088964,-2.383157599999973],[-65.6158475,-2.359514400000067],[-65.6056548,-2.3410045],[-65.60313,-2.32701610000005],[-65.5947762,-2.31642],[-65.6204758,-2.305757599999975],[-65.6283837,-2.291253200000031],[-65.6250228,-2.286396900000045],[-65.6053564,-2.284290500000064],[-65.5861983,-2.261868800000041],[-65.5873864,-2.251056500000012],[-65.6036921,-2.238666400000084],[-65.6160852,-2.237514699999969],[-65.6501997,-2.249600600000079],[-65.6603039,-2.27340030000003],[-65.6849754,-2.278377299999927],[-65.69032,-2.275703399999963],[-65.6900161,-2.269464500000042],[-65.6983312,-2.26005269999994],[-65.7054819,-2.256654500000043],[-65.7075762,-2.2625118],[-65.7153761,-2.255759599999981],[-65.7374689,-2.264301700000043],[-65.763447,-2.255906599999943],[-65.7999782,-2.25250049999993],[-65.81140630000002,-2.267819400000026],[-65.8282429,-2.251778399999979],[-65.8501357,-2.24783810000007],[-65.8550012,-2.252723699999963],[-65.8586869,-2.277678900000041],[-65.8659731,-2.292718600000016],[-65.8962064,-2.305403],[-65.9034455,-2.292389600000064],[-65.9015558,-2.260212599999949],[-65.9227135,-2.26087490000007],[-65.9385696,-2.254857599999967],[-65.9470561,-2.2335658],[-65.94792,-2.209424500000043],[-65.9574588,-2.163773099999956],[-65.9721504,-2.150615599999969],[-66.0013638,-2.144831299999939],[-66.0015598,-1.413727699999927],[-65.9819241,-1.417100800000046],[-65.9422011,-1.412534200000019],[-65.9236143,-1.417026199999948],[-65.8939235,-1.4325451],[-65.876502,-1.460113],[-65.860505,-1.471598799999922],[-65.8177857,-1.473195399999938],[-65.7832565,-1.49420519999998],[-65.7590863,-1.50307380000004],[-65.6995067,-1.498064499999902],[-65.6623369,-1.515801799999969],[-65.6480074,-1.533333],[-65.6395361,-1.556671900000069],[-65.6397251,-1.576012799999924],[-65.6479724,-1.605613499999939],[-65.64095180000001,-1.63617679999991],[-65.6171189,-1.657543800000076],[-65.6048932,-1.662915099999965],[-65.5597522,-1.660054899999914],[-65.5424518,-1.667928100000077],[-65.5250053,-1.697578800000092],[-65.5238866,-1.775927900000046],[-65.5140636,-1.792989900000038],[-65.5056416,-1.797155],[-65.4959516,-1.798385299999972],[-65.4886097,-1.79429110000003],[-65.4796983,-1.76039210000004],[-65.4667814,-1.744043200000067],[-65.4389451,-1.733533700000078],[-65.4205058,-1.735479700000035],[-65.3718406,-1.762726199999934],[-65.3286701,-1.770543400000096],[-65.290891,-1.785773600000056],[-65.2291403,-1.775949799999914],[-65.2093404,-1.781803],[-65.1935336,-1.798155],[-65.1797007,-1.832848599999981],[-65.1768897,-1.871443],[-65.1831423,-1.9370638],[-65.17144680000001,-1.959746],[-65.1363669,-1.974708599999949],[-65.1105556,-1.971311799999928],[-65.0849466,-1.961847199999924],[-65.0580607,-1.969658400000024],[-65.0415573,-1.9533678],[-65.0352747,-1.932907899999939],[-65.0108897,-1.905508400000027],[-64.9735805,-1.887088399999965],[-64.9437227,-1.887087700000066],[-64.934338,-1.899687],[-64.9513644,-1.992325],[-64.9496113,-2.000339],[-64.9246918,-2.034583900000017],[-64.9359453,-2.094254900000051],[-64.9306711,-2.110066199999954],[-64.8867251,-2.100172499999953],[-64.85814290000002,-2.0761597],[-64.837059,-2.074260200000027],[-64.8125314,-2.078628399999964],[-64.8028934,-2.073307500000055],[-64.78692,-2.04682079999996],[-64.7504901,-2.0361304],[-64.7129745,-2.01557129999997],[-64.7044449,-2.019644899999956],[-64.6918065,-2.037234200000031],[-64.6879694,-2.05768029999994],[-64.6947756,-2.08966],[-64.7083063,-2.119744600000055],[-64.7118641,-2.142474500000044],[-64.7010586,-2.163001300000071],[-64.6659175,-2.194687899999928],[-64.6633349,-2.214200700000045],[-64.6368884,-2.214512899999928],[-64.6300566,-2.2208306],[-64.6232532,-2.2384727],[-64.6160819,-2.241333399999913],[-64.6061937,-2.225248900000047],[-64.5986127,-2.221310699999965],[-64.5621954,-2.240100200000033],[-64.5335003,-2.245311],[-64.5209485,-2.242624900000055],[-64.5117998,-2.235488],[-64.5039708,-2.191729200000033],[-64.4965036,-2.180565899999924],[-64.4625579,-2.185452500000043],[-64.4338303,-2.200285],[-64.4076328,-2.207857900000064],[-64.4007831,-2.21421120000008],[-64.3673937,-2.253497599999948],[-64.3672163,-2.265118900000019],[-64.4029432,-2.271352],[-64.417198,-2.284417499999978],[-64.4275834,-2.285960200000066],[-64.4432212,-2.280013399999976],[-64.450331,-2.283717],[-64.4480571,-2.323971800000061],[-64.4523444,-2.328087500000018],[-64.4676736,-2.322008299999943],[-64.497186,-2.3201187],[-64.5154466,-2.310721500000049],[-64.5271161,-2.325602],[-64.5293301,-2.336790700000071],[-64.5181379,-2.377260400000036],[-64.4918861,-2.430070099999987],[-64.490335,-2.460287899999941],[-64.4857508,-2.468336300000037],[-64.4781135,-2.471312299999989],[-64.4613309,-2.470813300000035],[-64.4576946,-2.480447300000047],[-64.46499760000002,-2.522394800000034],[-64.4561078,-2.537142200000041],[-64.4347014,-2.552128800000022],[-64.4373498,-2.573084799999944],[-64.4200359,-2.607746599999974],[-64.4288437,-2.621403499999986],[-64.4276381,-2.635328300000054],[-64.415878,-2.643388200000017],[-64.358779,-2.649578],[-64.3577047,-2.6552534],[-64.3495562,-2.658860199999971],[-64.3371532,-2.67629130000004],[-64.33956,-2.697014900000024],[-64.3531129,-2.707186799999942],[-64.3511982,-2.710299099999974],[-64.3578467,-2.720926099999983],[-64.3839046,-2.715261699999942],[-64.382197,-2.717984],[-64.388849,-2.718698299999958],[-64.3894114,-2.722299600000053],[-64.4050446,-2.7150731],[-64.4105053,-2.720077499999989],[-64.4186374,-2.718179300000061],[-64.4189955,-2.723893500000033],[-64.4325709,-2.739220500000043],[-64.44444510000001,-2.744092699999978],[-64.4542998,-2.738798],[-64.5099446,-2.7410063],[-64.4999836,-2.762420299999976],[-64.5023354,-2.778837599999968],[-64.4958236,-2.785211500000021],[-64.4960461,-2.795360700000069],[-64.4762194,-2.799703799999985],[-64.4760729,-2.813111699999945],[-64.4643332,-2.822998199999963],[-64.4565528,-2.8459193],[-64.442001,-2.850512199999977],[-64.4488343,-2.864186599999964],[-64.4522798,-2.888358800000032],[-64.4428633,-2.9174214],[-64.4483911,-2.927269499999987],[-64.4359228,-2.947867300000014],[-64.4232556,-2.957839500000043],[-64.4063134,-2.95998889999997],[-64.4052219,-2.973983400000026],[-64.3730548,-2.992797699999979],[-64.3692534,-3.0075516],[-64.333701,-3.022329400000044],[-64.3308504,-3.0308403],[-64.34020350000002,-3.0403207],[-64.32891460000002,-3.057799],[-64.3304425,-3.076286600000026],[-64.3247806,-3.082437299999961],[-64.3276369,-3.090356600000039],[-64.3212432,-3.0961756],[-64.2934954,-3.100555799999988],[-64.2871709,-3.095872],[-64.2881109,-3.08633829999996],[-64.270807,-3.081884400000053],[-64.2637229,-3.0862251],[-64.2708869,-3.091977499999972],[-64.2688116,-3.098277099999946],[-64.255686,-3.0892384],[-64.2476853,-3.097068600000036],[-64.2454603,-3.102687100000013],[-64.2511842,-3.10793489999995],[-64.2567271,-3.108907],[-64.2619522,-3.098693],[-64.2693049,-3.107835300000021],[-64.2726781,-3.121455400000049],[-64.2695868,-3.13690720000005],[-64.2873761,-3.133592600000017],[-64.2854891,-3.1420493],[-64.2913828,-3.151763],[-64.2903171,-3.1588745],[-64.2559744,-3.168802899999984],[-64.2508818,-3.1858707],[-64.2365875,-3.188528],[-64.2374189,-3.20338239999998],[-64.2270029,-3.209937700000058],[-64.2170001,-3.209699099999979],[-64.2249543,-3.219162],[-64.2175,-3.2275841],[-64.2060303,-3.228021],[-64.1922188,-3.253637799999964],[-64.1837851,-3.2457985],[-64.1838255,-3.231794699999983],[-64.1736575,-3.246623800000036],[-64.1684951,-3.247017700000031],[-64.1629514,-3.237597699999956],[-64.1498808,-3.267169899999983],[-64.1627999,-3.2808459],[-64.1546553,-3.2942655],[-64.1498285,-3.298046199999983],[-64.1432262,-3.29601560000004],[-64.1455891,-3.281762900000036],[-64.1377604,-3.266492399999953],[-64.1330337,-3.288791899999973],[-64.1157554,-3.286991499999989],[-64.1175655,-3.297694300000046],[-64.1078779,-3.301919400000048],[-64.1111095,-3.309086900000019],[-64.1086562,-3.325936700000049],[-64.0997855,-3.315051],[-64.08744,-3.330316600000052],[-64.0837908,-3.360148399999966],[-64.1016906,-3.360826500000016],[-64.1100954,-3.368248],[-64.1275143,-3.363439],[-64.1336142,-3.3781662],[-64.1311974,-3.390586499999961],[-64.1510244,-3.418470599999977],[-64.1517832,-3.441506500000018],[-64.1466017,-3.448523200000032],[-64.13596,-3.450809400000014],[-64.1591843,-3.479653199999986],[-64.1583617,-3.511220599999971],[-64.1194654,-3.520720600000037],[-64.1071928,-3.540655900000016],[-64.0972249,-3.5306843],[-64.08731,-3.5292914],[-64.0625985,-3.543609],[-64.0554812,-3.557164],[-64.0723429,-3.5574242],[-64.078271,-3.5614483],[-64.0785594,-3.567860800000019],[-64.0701742,-3.5751354],[-64.0532475,-3.571565600000026],[-64.0374455,-3.579611100000041],[-64.0222561,-3.60151],[-64.0172051,-3.6282036],[-63.9936887,-3.606126500000017],[-63.9805305,-3.6026556],[-63.9722904,-3.611517600000039],[-63.971529,-3.631395700000021],[-63.9630084,-3.633208399999983],[-63.9521085,-3.617157300000012],[-63.9498704,-3.599452400000041],[-63.9454911,-3.600675],[-63.9377796,-3.616588199999955],[-63.9413139,-3.637510900000029],[-63.9353864,-3.642239800000028],[-63.9292029,-3.641403100000022],[-63.9102353,-3.66339049999997],[-63.9200134,-3.669902400000012],[-63.9247277,-3.659752800000019],[-63.941798,-3.656485600000013],[-63.94770650000002,-3.659933],[-63.9363698,-3.666431899999977],[-63.941481,-3.674473299999953],[-63.9267421,-3.682125900000016],[-63.9197465,-3.692591299999985],[-63.9184539,-3.715041099999962],[-63.9255644,-3.742906599999979],[-63.917215,-3.75626170000003],[-63.9107977,-3.755106199999973],[-63.9017311,-3.764126799999955],[-63.8954206,-3.779017699999953],[-63.8815927,-3.792038199999989],[-63.8501709,-3.7995466],[-63.8381007,-3.7947557],[-63.8315798,-3.7801996],[-63.8025865,-3.783035899999968],[-63.7890422,-3.7797084],[-63.7705179,-3.78730449999997],[-63.7594365,-3.798890299999967],[-63.8670227,-3.811190300000049],[-63.942111,-3.81286950000001],[-63.9551322,-3.802260500000028],[-63.977743,-3.764504700000034],[-63.9739167,-3.745580700000017],[-63.9824731,-3.720646],[-63.98094050000001,-3.7115766],[-63.9878083,-3.706787500000039],[-64.0115018,-3.701239],[-64.0173884,-3.70654709999996],[-64.071599,-3.7043105],[-64.1296407,-3.6877362],[-64.1773806,-3.662553],[-64.2157973,-3.624588600000043],[-64.2915463,-3.570549599999947],[-64.3549691,-3.536764300000036],[-64.3870631,-3.5034261],[-64.4381328,-3.473988100000044],[-64.4628827,-3.413914100000027],[-64.5088633,-3.351246599999974]]]}},{"type":"Feature","properties":{"CD_MUN":"1303007","NM_MUN":"Nhamundá","SIGLA_UF":"AM","CodigoIBGE":"1303007","SubRegiaoNumero":9,"CalhaSubRegiao":"Região do Baixo Amazonas"},"geometry":{"type":"Polygon","coordinates":[[[-56.13848511518627,-2.037720483573126],[-56.0986505,-2.026944599999951],[-56.0937406,-1.998433499999912],[-56.097558,-2.037133199999983],[-56.1024163,-2.048018],[-56.1811805,-2.160565],[-56.2202971,-2.195842800000077],[-56.3072364,-2.24245409999997],[-56.3748706,-2.264360200000038],[-56.3892493,-2.27852339999993],[-56.4102329,-2.274921],[-56.4030881,-2.2641014],[-56.4050842,-2.26110960000004],[-56.4197751,-2.277703199999935],[-56.4287401,-2.275240199999986],[-56.4478623,-2.279950400000049],[-56.4692935,-2.25956170000001],[-56.4819442,-2.267235900000015],[-56.4913534,-2.265723700000078],[-56.4951167,-2.2497291],[-56.5169195,-2.242535799999942],[-56.5401749,-2.261695],[-56.5339089,-2.285510799999959],[-56.5906158,-2.324989899999928],[-56.6097394,-2.319102299999975],[-56.6236867,-2.320537399999956],[-56.6432835,-2.356997800000053],[-56.6775741,-2.371522399999979],[-56.6741076,-2.385205099999983],[-56.7173456,-2.371914500000016],[-56.7358604,-2.379175800000017],[-56.7804424,-2.385350700000017],[-56.7707351,-2.408595400000047],[-56.7731814,-2.420098400000057],[-56.8324492,-2.406795599999935],[-56.8413569,-2.409880900000023],[-56.8487469,-2.420945100000022],[-56.8606682,-2.422981699999988],[-56.8651856,-2.418316099999961],[-56.8642961,-2.404743300000017],[-56.8759934,-2.400468600000065],[-56.8814068,-2.402784599999985],[-56.8779345,-2.416999500000049],[-56.8828829,-2.424999599999954],[-56.9486512,-2.4255834],[-56.9457717,-2.417982400000072],[-56.9270633,-2.411605400000018],[-56.9308045,-2.397855800000013],[-56.9359533,-2.393917300000064],[-56.926812,-2.368356500000012],[-56.9373864,-2.377251099999968],[-56.9470619,-2.367842199999974],[-56.9536038,-2.367209599999927],[-56.9694205,-2.380779599999972],[-56.978815,-2.382292299999976],[-56.9939009,-2.382020699999986],[-57.0044412,-2.376729],[-57.0363581,-2.379120799999923],[-57.0577664,-2.355916100000026],[-57.087254,-2.34537060000001],[-57.1032639,-2.33397],[-57.1140433,-2.3326133],[-57.1434295,-2.336421499999982],[-57.1719916,-2.331937899999986],[-57.180592,-2.3391277],[-57.1911074,-2.3647945],[-57.2051193,-2.370959],[-57.2178193,-2.39165250000001],[-57.2387244,-2.380205700000058],[-57.2633656,-2.349765299999941],[-57.4061543,-2.380724500000065],[-57.4200501,-2.35818459999995],[-57.4248023,-2.341460399999977],[-57.4425861,-2.341933100000071],[-57.4537255,-2.3301523],[-57.4604474,-2.336239800000043],[-57.4774221,-2.332052600000011],[-57.4963661,-2.345788400000075],[-57.5080594,-2.348323500000034],[-57.5145644,-2.332166699999922],[-57.5272029,-2.320039600000032],[-57.5527036,-2.317148599999954],[-57.5492014,-2.30069449999996],[-57.5606765,-2.287180900000028],[-57.5709629,-2.288497399999955],[-57.5870057,-2.282900899999974],[-57.5979563,-2.270768200000029],[-57.60632,-2.275124699999979],[-57.6141819,-2.265708499999953],[-57.62343160000001,-2.276425599999926],[-57.630764,-2.273881799999961],[-57.6513516,-2.277419900000036],[-57.657541,-2.268714800000041],[-57.6582418,-2.246291900000058],[-57.6639084,-2.2405458],[-57.713802,-2.22440119999998],[-57.7175194,-2.2150884],[-57.7263843,-2.211842499999925],[-57.7303873,-2.2052907],[-57.752883,-2.209781200000058],[-57.7716612,-2.194508299999942],[-57.8058039,-2.153843200000024],[-57.82285790000001,-2.124843299999957],[-57.8244173,-2.109000700000072],[-57.8205265,-2.101528899999931],[-57.8308373,-2.086434600000068],[-57.8414996,-2.090631400000059],[-57.8571409,-2.082966599999934],[-57.859979,-2.066753299999978],[-57.8740846,-2.04932269999996],[-57.9079797,-2.058444900000048],[-57.9230905,-2.036037600000059],[-57.9324315,-2.031884400000016],[-57.9405169,-2.035940900000087],[-57.9479242,-2.0302586],[-57.9512044,-2.0229165],[-57.9471242,-2.015743100000059],[-57.9488769,-2.00825859999998],[-57.9580629,-2.008074800000089],[-57.9613988,-2.000703899999963],[-57.9510965,-1.984685799999924],[-57.95651130000001,-1.933074100000041],[-57.9597346,-1.92343830000002],[-57.9790147,-1.911918599999961],[-57.9804854,-1.902242],[-57.9869587,-1.89521810000001],[-57.9862942,-1.87218629999997],[-57.9798138,-1.864197],[-57.98009230000001,-1.847696500000015],[-57.97551,-1.836624400000046],[-57.9952855,-1.829998],[-57.9979605,-1.819516200000017],[-57.99332,-1.805550199999987],[-57.9949516,-1.79620919999996],[-58.0060167,-1.783644200000019],[-58.0077097,-1.747461700000058],[-58.0197107,-1.693540800000021],[-58.0361597,-1.689139299999989],[-58.0529642,-1.67547269999997],[-58.0490218,-1.663718400000082],[-58.0521321,-1.654889500000027],[-58.0694951,-1.6541222],[-58.0888489,-1.644239999999886],[-58.0924597,-1.6291574],[-58.1069948,-1.61748430000002],[-58.1287459,-1.613740900000071],[-58.140214,-1.61868749999996],[-58.1533051,-1.607647399999892],[-58.1600002,-1.590268900000014],[-58.1759965,-1.575976600000057],[-58.1865303,-1.559140399999912],[-58.1949184,-1.5555808],[-58.2267259,-1.556852],[-58.2362813,-1.540137],[-58.2514205,-1.543192099999879],[-58.25056090000001,-1.5265902999999],[-58.2737581,-1.486445500000056],[-58.2743363,-1.4782431],[-58.2673954,-1.471169700000109],[-58.2655904,-1.458043099999934],[-58.2909747,-1.437746],[-58.2853069,-1.4245097],[-58.2953675,-1.413765600000071],[-58.2797575,-1.387739599999967],[-58.2791713,-1.371533699999907],[-58.28364280000001,-1.364519399999882],[-58.295532,-1.364118400000137],[-58.3052011,-1.3542885000001],[-58.32145580000001,-1.348983099999925],[-58.3338947,-1.31980660000014],[-58.3416212,-1.318115800000089],[-58.3490589,-1.321951499999956],[-58.3517613,-1.304588900000087],[-58.3638204,-1.289182600000084],[-58.3579264,-1.283638799999988],[-58.360815,-1.276059300000036],[-58.3688403,-1.277380199999977],[-58.37606190000001,-1.269953900000091],[-58.3713994,-1.259801100000124],[-58.3729582,-1.25103189999997],[-58.3658424,-1.242133799999948],[-58.364895,-1.227643500000119],[-58.3703964,-1.212484599999876],[-58.3639547,-1.207796000000112],[-58.3689004,-1.192756199999873],[-58.3777063,-1.193625800000056],[-58.3866767,-1.183747700000066],[-58.3864543,-1.173683199999891],[-58.3980659,-1.169193400000049],[-58.4053436,-1.174273700000072],[-58.4184886,-1.173587499999889],[-58.4246823,-1.187375799999919],[-58.4349864,-1.185680399999928],[-58.4337297,-1.169991900000052],[-58.4404897,-1.164673200000099],[-58.4537663,-1.174497],[-58.483848,-1.172645600000049],[-58.5025443,-1.16661110000015],[-58.5065141,-1.14105260000001],[-58.514794,-1.133169],[-58.5226222,-1.112526700000094],[-58.5157672,-1.106299399999944],[-58.5250211,-1.075305699999906],[-58.5161874,-1.068666200000086],[-58.5201038,-1.061276800000134],[-58.5184592,-1.048521399999924],[-58.5274338,-1.028852100000072],[-58.5391907,-1.019045799999841],[-58.5349353,-1.008494],[-58.5503598,-0.992082000000174],[-58.5757687,-1.006822100000128],[-58.6079661,-0.997464800000055],[-58.6177478,-0.988536000000141],[-58.6003334,-0.939338500000168],[-58.623248,-0.928959099999808],[-58.6362195,-0.905872499999813],[-58.6672235,-0.904559800000179],[-58.6791425,-0.873602199999913],[-58.6956932,-0.86113239999994],[-58.6979463,-0.852253400000057],[-58.71680880000001,-0.832264699999872],[-58.7417214,-0.830477300000019],[-58.7475597,-0.822476099999956],[-58.7228938,-0.811752199999955],[-58.7435633,-0.792097499999853],[-58.7390837,-0.772013400000069],[-58.755335,-0.728975100000217],[-58.7722015,-0.72303619999982],[-58.7610068,-0.704924],[-58.7426129,-0.701813700000089],[-58.7558872,-0.6890926],[-58.7529703,-0.664381400000167],[-58.784617,-0.631391799999914],[-58.7883364,-0.621691400000136],[-58.8013061,-0.608514199999876],[-58.8024503,-0.601031500000233],[-58.8178088,-0.585516100000102],[-58.8211771,-0.563353700000201],[-58.8352605,-0.547697300000124],[-58.84376970000001,-0.498449100000039],[-58.8530305,-0.500479600000028],[-58.85353580000001,-0.49134099999975],[-58.8478415,-0.481756299999928],[-58.8813717,-0.457411299999702],[-58.8956795,-0.453256600000329],[-58.9070074,-0.455518700000391],[-58.9180628,-0.448104700000391],[-58.9336213,-0.431803900000203],[-58.9414861,-0.410145100000199],[-58.9488784,-0.405483300000381],[-58.9461179,-0.389086000000104],[-58.9583742,-0.378626599999853],[-58.9426484,-0.354973599999925],[-58.9110925,-0.326444600000546],[-58.9158949,-0.31876459999983],[-58.8956802,-0.294084300000354],[-58.9355684,-0.274387799999697],[-58.94512370000001,-0.264832400000451],[-58.9384315,-0.242074799999655],[-58.94468,-0.233684299999307],[-58.924622,-0.214470700000625],[-58.9310155,-0.206144200000311],[-58.9283443,-0.198566599999419],[-58.9330677,-0.189338000000156],[-58.9277329,-0.155794600000467],[-58.9167918,-0.165085900000558],[-58.907207,-0.162861799999123],[-58.897507,-0.170424000000291],[-58.8890937,-0.160774800001045],[-58.8860645,-0.093345500001595],[-58.8937091,-0.086524299999286],[-58.9020683,-0.064761000001917],[-58.9125706,-0.055785599999846],[-58.9121837,-0.04803579999966],[-58.9018701,-0.047685100003665],[-58.8991467,-0.037493500000207],[-58.9012935,-0.006568299976809],[-58.9129258,0.000378799674992],[-58.94540270000001,0.001824799954812],[-58.9715188,0.015749100008984],[-58.9815169,0.003814000003786],[-58.9945696,0.017105299998316],[-58.9931865,0.025784900006044],[-59.0012363,0.042692099996171],[-59.00901660000001,0.041878899996295],[-59.01401890000001,0.048570500000971],[-59.0226258,0.050739199998133],[-59.0387432,0.047665999998062],[-59.0465161,0.081299700000303],[-59.0309589,0.086814099999483],[-59.0301237,0.094951800000243],[-59.0456839,0.103812200001108],[-59.0490226,0.12714189999866],[-59.0656847,0.122708299999728],[-59.0695768,0.130481699998933],[-59.0779046,0.132381599998707],[-59.0923493,0.126322600001409],[-59.099573,0.132379800000206],[-59.0956848,0.13988509999933],[-59.097628,0.148291699999402],[-59.1101338,0.157148699999077],[-59.1267993,0.192680699999102],[-59.1337432,0.189335100000569],[-59.13791169999999,0.196296400000607],[-59.1267943,0.21103509999931],[-59.1270763,0.219082200000808],[-59.1343002,0.222968200000094],[-59.1801354,0.225491999999476],[-59.1898587,0.232453199999349],[-59.1851364,0.242668500000353],[-59.1937448,0.246555900000135],[-59.1922774,0.263529200000056],[-58.8954648,0.263510300000076],[-58.8950359,-0.010962900010491],[-58.8983284,-0.017913600010021],[-58.8867237,-0.034321499994774],[-58.8865816,-0.059183899997826],[-58.8805652,-0.064501700002434],[-58.8720851,-0.064492599998571],[-58.8638839,-0.078029800000583],[-58.863391,-0.087085000001962],[-58.8668112,-0.137882299999228],[-58.8630972,-0.160936000000751],[-58.881038,-0.196579399999673],[-58.8793146,-0.22933689999961],[-58.8717622,-0.261086800000298],[-58.8653947,-0.265548799999467],[-58.8749835,-0.295823400000481],[-58.8730952,-0.343721100000466],[-58.8433372,-0.37020480000013],[-58.82423150000001,-0.374797900000116],[-58.8174883,-0.381638599999536],[-58.8126996,-0.377289900000304],[-58.7965746,-0.38999420000001],[-58.793203,-0.3852056000002],[-58.7834791,-0.388967999999525],[-58.7780064,-0.396981499999906],[-58.7719473,-0.396834900000224],[-58.7739995,-0.399668900000351],[-58.76207680000001,-0.412764099999809],[-58.7536233,-0.418334400000012],[-58.751229,-0.414572],[-58.7421404,-0.41852990000031],[-58.7400881,-0.431576100000351],[-58.7304131,-0.432797699999866],[-58.7252824,-0.438319100000273],[-58.7254778,-0.452538099999849],[-58.736521,-0.471740899999897],[-58.725429,-0.499592199999859],[-58.709988,-0.517035899999865],[-58.7090596,-0.533404600000036],[-58.7123823,-0.537215800000093],[-58.7090107,-0.545864299999742],[-58.7107698,-0.550066399999679],[-58.7155585,-0.548747099999902],[-58.7223505,-0.562623800000101],[-58.7297778,-0.563552099999989],[-58.7318301,-0.57918779999985],[-58.7266505,-0.59062129999972],[-58.7309017,-0.593992699999919],[-58.7305108,-0.601566199999764],[-58.7269926,-0.60166390000019],[-58.7306085,-0.604791],[-58.7256733,-0.608406699999982],[-58.7347131,-0.611338399999941],[-58.7310972,-0.6162245],[-58.7378403,-0.617836899999829],[-58.7292403,-0.6196447],[-58.7329051,-0.62257640000007],[-58.7292892,-0.62311390000029],[-58.7319767,-0.6291237],[-58.7289471,-0.635426800000156],[-58.71814830000001,-0.636110799999757],[-58.7172687,-0.647690799999983],[-58.7126755,-0.644612600000126],[-58.7081312,-0.651990499999901],[-58.7138482,-0.652576900000108],[-58.7065187,-0.660492299999884],[-58.7086198,-0.6703132000002],[-58.7029516,-0.673342600000042],[-58.7075937,-0.6784729],[-58.7017789,-0.684189599999757],[-58.6936675,-0.681893100000165],[-58.6924459,-0.6878541],[-58.6885857,-0.686046299999739],[-58.6744641,-0.69503649999977],[-58.67490380000001,-0.700655500000191],[-58.6656197,-0.705541499999788],[-58.663714,-0.717609899999876],[-58.6447549,-0.714922599999953],[-58.6340537,-0.719173400000256],[-58.627848,-0.73368480000021],[-58.6213492,-0.736665200000028],[-58.6233526,-0.745753100000242],[-58.6147037,-0.749368700000167],[-58.6128469,-0.75831],[-58.5974548,-0.762902800000056],[-58.60136390000001,-0.76544349999984],[-58.592715,-0.764954900000121],[-58.5875843,-0.772381499999945],[-58.5899298,-0.77668110000018],[-58.584115,-0.776974300000069],[-58.5805968,-0.786697299999851],[-58.5730718,-0.7818114],[-58.57390250000001,-0.795638499999818],[-58.5690161,-0.792658100000222],[-58.5602206,-0.797739400000137],[-58.5559695,-0.813716299999853],[-58.5513274,-0.808048699999901],[-58.5531354,-0.81229939999992],[-58.5440467,-0.809465600000074],[-58.5431672,-0.814644599999916],[-58.5337364,-0.816647800000215],[-58.5337853,-0.830328299999819],[-58.5200057,-0.826761599999959],[-58.5222535,-0.8314031000002],[-58.5159012,-0.834579000000172],[-58.5194194,-0.83624010000021],[-58.5112591,-0.84127259999993],[-58.5096466,-0.832380299999791],[-58.5057864,-0.83785249999985],[-58.5027568,-0.83106109999985],[-58.4996295,-0.838683099999954],[-58.4983102,-0.833650600000135],[-58.4895147,-0.832673500000177],[-58.4936682,-0.840784],[-58.4887818,-0.839855699999912],[-58.4895636,-0.843959799999813],[-58.4955739,-0.844985800000034],[-58.4948409,-0.849725100000103],[-58.4877068,-0.851386300000093],[-58.489075,-0.859789900000184],[-58.48155,-0.856662999999877],[-58.4706045,-0.872688499999938],[-58.4664511,-0.869952399999936],[-58.4669397,-0.86418710000017],[-58.4605874,-0.862868],[-58.4400035,-0.8742031],[-58.4428865,-0.878356],[-58.4352149,-0.884072400000139],[-58.4349706,-0.893892799999889],[-58.4546627,-0.899462600000044],[-58.4530013,-0.903566600000023],[-58.444157,-0.902882599999963],[-58.4501183,-0.911237299999976],[-58.4490433,-0.935421699999901],[-58.4389774,-0.940747100000088],[-58.4266637,-0.961511400000079],[-58.413666,-0.96888880000014],[-58.410441,-0.980516600000063],[-58.424074,-0.990971899999954],[-58.4261751,-1.007119],[-58.4198228,-1.012542],[-58.4258819,-1.013861100000047],[-58.4289115,-1.028615599999896],[-58.4119558,-1.047767100000045],[-58.4060921,-1.039999000000126],[-58.3994466,-1.044151700000168],[-58.3910909,-1.041367],[-58.3893318,-1.049770099999924],[-58.3637272,-1.071119900000156],[-58.3653397,-1.085141400000051],[-58.3604045,-1.095694],[-58.3541011,-1.096866499999876],[-58.3583034,-1.107712299999878],[-58.3355817,-1.115675600000054],[-58.3325033,-1.130429600000051],[-58.3195544,-1.134191400000155],[-58.3212646,-1.14562319999985],[-58.3167203,-1.147675100000095],[-58.2929725,-1.13883249999988],[-58.2742088,-1.141568299999913],[-58.26771,-1.133995899999861],[-58.2558849,-1.130820400000118],[-58.2419588,-1.144743799999845],[-58.2429849,-1.157543600000032],[-58.2349712,-1.152511599999897],[-58.231844,-1.160230499999886],[-58.219286,-1.16868220000002],[-58.2052132,-1.169317299999913],[-58.2061905,-1.186367199999952],[-58.2023302,-1.18622059999997],[-58.2028677,-1.180700200000147],[-58.1979814,-1.18079789999989],[-58.195587,-1.195747],[-58.1895279,-1.203319199999941],[-58.177312,-1.208009099999865],[-58.17482,-1.212405799999859],[-58.1786802,-1.214457600000035],[-58.1630438,-1.230139300000089],[-58.154004,-1.232679699999875],[-58.1450131,-1.208644200000037],[-58.1376346,-1.205029],[-58.1322108,-1.194721099999898],[-58.1259073,-1.19628429999991],[-58.1262005,-1.191496699999904],[-58.1181869,-1.188272400000159],[-58.1236107,-1.164138799999985],[-58.0997164,-1.15832519999997],[-58.0928266,-1.161598399999898],[-58.0788027,-1.145867500000123],[-58.0795845,-1.126619],[-58.0747958,-1.126570099999854],[-58.0586708,-1.106539799999885],[-58.0504617,-1.110643599999983],[-58.0333105,-1.097990199999896],[-58.0299878,-1.10233830000009],[-58.0173321,-1.103608499999899],[-58.0095139,-1.115968700000137],[-58.0141071,-1.131064700000146],[-58.011615,-1.136438699999931],[-58.0012559,-1.148114799999977],[-57.9761888,-1.153830699999858],[-57.9657808,-1.1693173],[-57.975749,-1.1929135],[-57.9647058,-1.201951299999948],[-57.9641683,-1.215288100000127],[-57.9586956,-1.2225183],[-57.9650479,-1.231653799999883],[-57.9719865,-1.22906459999986],[-57.9751627,-1.239812099999932],[-57.9723286,-1.245820899999892],[-57.9831274,-1.281727099999925],[-57.9948547,-1.291350799999932],[-57.9869877,-1.304174199999934],[-57.998715,-1.3312865],[-57.9891377,-1.353464499999921],[-57.9689081,-1.358642600000065],[-57.9735501,-1.364895399999973],[-57.973257,-1.374763100000013],[-57.95431,-1.379770199999899],[-57.9533816,-1.385827499999935],[-57.9597339,-1.396867500000104],[-57.9578771,-1.40346209999993],[-57.9495703,-1.405611500000037],[-57.9372566,-1.398577199999914],[-57.9114565,-1.404732199999879],[-57.9088668,-1.41034979999998],[-57.9163918,-1.42109649999997],[-57.9096486,-1.428619199999959],[-57.9021724,-1.42568829999991],[-57.8862428,-1.434139099999961],[-57.8771053,-1.42334360000012],[-57.8651826,-1.429303099999919],[-57.85795070000001,-1.426225699999925],[-57.8445621,-1.430426600000026],[-57.8386984,-1.437314300000045],[-57.8228177,-1.438682],[-57.8194949,-1.450747499999947],[-57.8103574,-1.453825],[-57.8108705,-1.467355800000057],[-57.8019284,-1.471263599999956],[-57.7953318,-1.487236800000088],[-57.7881488,-1.490680499999976],[-57.7761772,-1.484428],[-57.771584,-1.486968099999987],[-57.7785227,-1.493367100000036],[-57.77998860000001,-1.510023900000014],[-57.7704602,-1.509730799999956],[-57.7580488,-1.502208400000014],[-57.7498397,-1.509242400000096],[-57.7418749,-1.50220839999997],[-57.7287305,-1.513638599999888],[-57.7176873,-1.503283],[-57.712068,-1.503331900000122],[-57.7097714,-1.5353264],[-57.697702,-1.5585282],[-57.7061555,-1.572449199999989],[-57.7036146,-1.577040600000031],[-57.6924736,-1.576308],[-57.6888088,-1.587005100000045],[-57.6804043,-1.589447300000087],[-57.6784009,-1.594673700000062],[-57.6634974,-1.589838100000033],[-57.6592463,-1.580508700000077],[-57.6503531,-1.590033399999945],[-57.6346189,-1.589789200000046],[-57.6288041,-1.584220900000029],[-57.6219144,-1.589154199999937],[-57.6094541,-1.5838790000001],[-57.6081348,-1.572888800000048],[-57.6007075,-1.572156099999903],[-57.5880518,-1.580606300000035],[-57.5977268,-1.595943700000098],[-57.5950882,-1.600193200000083],[-57.5849734,-1.596774],[-57.5794518,-1.60439379999998],[-57.570021,-1.602195799999894],[-57.5633756,-1.6068849],[-57.5531631,-1.606787200000069],[-57.5440744,-1.611134299999889],[-57.5393835,-1.62603180000009],[-57.5218414,-1.62920670000011],[-57.521988,-1.63731479999996],[-57.5288289,-1.647767300000065],[-57.5258971,-1.655338100000046],[-57.5193493,-1.655240399999968],[-57.5179323,-1.649525700000046],[-57.5060095,-1.641906099999958],[-57.4991686,-1.65470310000006],[-57.4898845,-1.659294400000019],[-57.4781572,-1.658268699999986],[-57.4795254,-1.665350900000074],[-57.4730754,-1.678880400000034],[-57.4396525,-1.665057900000085],[-57.4341309,-1.675412599999911],[-57.4405321,-1.687086],[-57.4356457,-1.691188800000037],[-57.4236252,-1.692605200000049],[-57.417615,-1.674289200000083],[-57.4024672,-1.676633699999912],[-57.4003172,-1.6922633],[-57.3857558,-1.6976848],[-57.3907644,-1.708723099999899],[-57.3990223,-1.713851599999937],[-57.3923769,-1.724792100000027],[-57.3729291,-1.714242299999914],[-57.351429,-1.736709399999972],[-57.3429267,-1.7268923],[-57.3445881,-1.715023800000073],[-57.3319324,-1.7156587],[-57.3048619,-1.732753300000031],[-57.292255,-1.708283599999962],[-57.2743709,-1.711946700000016],[-57.2704129,-1.720835899999975],[-57.2636209,-1.722203499999984],[-57.2581481,-1.711702499999987],[-57.2613731,-1.701836399999989],[-57.2586368,-1.696854500000106],[-57.2430492,-1.703252799999949],[-57.2471538,-1.720835899999892],[-57.2308333,-1.727527200000107],[-57.2040071,-1.711214100000073],[-57.1996094,-1.722740800000051],[-57.2006844,-1.735293],[-57.1880286,-1.7195172],[-57.1736627,-1.731727599999957],[-57.1708286,-1.720396399999907],[-57.1667729,-1.718833399999903],[-57.1587104,-1.733388199999962],[-57.1616911,-1.740323699999972],[-57.17234340000001,-1.745598500000081],[-57.1711218,-1.750873400000015],[-57.159199,-1.758053],[-57.164232,-1.768504799999926],[-57.1268512,-1.766013999999897],[-57.11917960000001,-1.7796893],[-57.1190086,-1.78884679999994],[-57.1142199,-1.792558600000057],[-57.1083563,-1.790946899999941],[-57.1008313,-1.780299800000049],[-57.084804,-1.780495100000057],[-57.0792824,-1.802570799999916],[-57.0688255,-1.80442669999992],[-57.0648676,-1.813168899999963],[-57.0609585,-1.8108735],[-57.0597857,-1.818932],[-57.0710732,-1.829578900000062],[-57.0725392,-1.838565200000081],[-57.0658937,-1.848284],[-57.0666755,-1.857123700000039],[-57.0512834,-1.872800699999947],[-57.0447357,-1.8855961],[-57.0464948,-1.8907729],[-57.0407289,-1.893410099999917],[-57.0380902,-1.906693700000058],[-57.0284152,-1.918023799999947],[-56.9883509,-1.907160299999941],[-56.9802092,-1.923664],[-56.9663249,-1.934953199999958],[-56.9611252,-1.952972],[-56.9527706,-1.960230099999962],[-56.9236786,-1.964308700000063],[-56.8973748,-1.976223699999959],[-56.8762985,-1.992348599999936],[-56.85904450000001,-2.015926],[-56.8499562,-2.020171799999966],[-56.7932082,-2.020995300000068],[-56.7669924,-2.008697600000068],[-56.7478836,-2.011502300000048],[-56.738967,-2.017009500000033],[-56.7266021,-2.030960699999936],[-56.7213822,-2.059174399999913],[-56.7327642,-2.091739700000032],[-56.75324229999999,-2.111675100000077],[-56.76942970000001,-2.140672900000058],[-56.7685392,-2.165752],[-56.760959,-2.174058200000041],[-56.7434633,-2.178469499999966],[-56.727723,-2.176804500000012],[-56.7077679,-2.183902],[-56.7025689,-2.201754400000029],[-56.6898514,-2.208940299999979],[-56.6705027,-2.212534600000037],[-56.6354265,-2.203598800000062],[-56.6129132,-2.210171299999939],[-56.6075174,-2.204978],[-56.5977918,-2.174955199999932],[-56.5804098,-2.179405700000048],[-56.569591,-2.1747589],[-56.5270653,-2.139195200000079],[-56.5076277,-2.1437004],[-56.4778933,-2.170376399999961],[-56.4610414,-2.157555899999958],[-56.4441803,-2.153925700000025],[-56.4138828,-2.175949599999947],[-56.3750627,-2.1387777],[-56.367785,-2.137076699999954],[-56.3511484,-2.148869899999986],[-56.3435469,-2.149471699999917],[-56.3167613,-2.140126],[-56.2974569,-2.100807500000034],[-56.2561526,-2.088316100000041],[-56.2283772,-2.0562204],[-56.2076422,-2.059980699999987],[-56.1970688,-2.05692280000009],[-56.1867034,-2.042821299999951],[-56.13848511518627,-2.037720483573126]]]}},{"type":"Feature","properties":{"CD_MUN":"1300086","NM_MUN":"Anamã","SIGLA_UF":"AM","CodigoIBGE":"1300086","SubRegiaoNumero":7,"CalhaSubRegiao":"Região do Rio Negro/Solimões"},"geometry":{"type":"Polygon","coordinates":[[[-61.5632721,-3.670881900000035],[-61.5866772,-3.658490599999947],[-61.6132667,-3.658203699999966],[-61.6220695,-3.660219799999983],[-61.6351278,-3.6715552],[-61.6608485,-3.674887600000023],[-61.6931525,-3.646232899999963],[-61.7396611,-3.645828300000053],[-61.762824,-3.632653199999957],[-61.7731827,-3.6313728],[-61.7909605,-3.636588],[-61.8234865,-3.661818900000023],[-61.8795444,-3.666552799999957],[-61.8964305,-3.6602782],[-61.943355,-3.61812290000003],[-62.0122377,-3.594215699999977],[-62.0221235,-3.587340100000046],[-62.0332415,-3.572035899999985],[-62.0348202,-3.544665200000022],[-62.0264362,-3.50451089999998],[-62.03920560000001,-3.470702299999967],[-62.0382381,-3.45192219999997],[-62.06976250000001,-3.432825199999971],[-62.08016,-3.418256899999986],[-62.0856559,-3.400811799999966],[-62.0769894,-3.301555799999968],[-62.087993,-3.278102700000049],[-62.0774594,-3.276271],[-62.0615758,-3.262463699999986],[-62.0451555,-3.272696699999985],[-62.0410421,-3.298334300000049],[-62.0474062,-3.347074],[-62.037904,-3.36124720000001],[-62.021459,-3.369611],[-62.0043766,-3.3671185],[-61.9872112,-3.355579399999989],[-61.9529574,-3.3112738],[-61.9257645,-3.288951],[-61.9074039,-3.283856300000032],[-61.8376855,-3.282476300000026],[-61.8221822,-3.289426399999986],[-61.78615460000001,-3.318253699999971],[-61.7623786,-3.363634399999986],[-61.7256588,-3.382003399999958],[-61.6830712,-3.418882200000044],[-61.6653531,-3.426849],[-61.656568,-3.4266509],[-61.64942520000001,-3.42033370000004],[-61.6383739,-3.394228299999988],[-61.6182089,-3.381897699999976],[-61.5825155,-3.405459600000041],[-61.5646844,-3.400417099999958],[-61.5467891,-3.406572499999985],[-61.5338188,-3.416724399999973],[-61.5179344,-3.416651],[-61.5051185,-3.425736100000037],[-61.4960741,-3.4427195],[-61.4667944,-3.44323429999997],[-61.4700168,-3.4538623],[-61.3270402,-3.454389199999952],[-61.3195036,-3.4532141],[-61.3140653,-3.4439082],[-61.2830779,-3.437632800000019],[-61.279099,-3.449988200000019],[-61.2866107,-3.461464],[-61.297493,-3.460347100000051],[-61.3066034,-3.469388099999969],[-61.300068,-3.480018099999986],[-61.3034818,-3.4948284],[-61.2971272,-3.5116231],[-61.3026544,-3.53997479999998],[-61.2962923,-3.537283800000049],[-61.2896517,-3.5493745],[-61.2938725,-3.566955700000012],[-61.2884475,-3.600287300000045],[-61.3270094,-3.604405699999977],[-61.3767198,-3.599351900000028],[-61.4512326,-3.655453500000014],[-61.4792396,-3.684902299999984],[-61.5553783,-3.683850500000021],[-61.5632721,-3.670881900000035]]]}},{"type":"Feature","properties":{"CD_MUN":"1301902","NM_MUN":"Itacoatiara","SIGLA_UF":"AM","CodigoIBGE":"1301902","SubRegiaoNumero":8,"CalhaSubRegiao":"Região do Médio Amazonas"},"geometry":{"type":"Polygon","coordinates":[[[-58.9171926999999,-3.54758410000002],[-58.9010021,-3.510798900000033],[-58.8622756,-3.467318400000043],[-58.8373881,-3.4495179],[-58.8032667,-3.450038100000035],[-58.7844131,-3.3796475],[-58.8207197,-3.3995823],[-58.8499313,-3.4007411],[-58.9030528,-3.362605400000052],[-58.93980830000001,-3.311547],[-58.9406629,-3.295236],[-58.9532735,-3.27776],[-58.9753601,-3.2575079],[-58.9981431,-3.245210900000016],[-59.0337844,-3.248892299999952],[-59.1142692,-3.280939600000034],[-59.1382067,-3.2830085],[-59.17035640000001,-3.272033099999953],[-59.2380022,-3.2378683],[-59.3837361,-3.181003],[-59.3518989,-3.145600100000038],[-59.2648034,-3.153696],[-59.2069989,-3.179743800000024],[-59.1683863,-3.178844499999972],[-59.1599483,-3.168427900000056],[-59.2621154,-3.129017599999971],[-59.3045319,-3.1319016],[-59.3231364,-3.1143276],[-59.3415584,-3.106644699999949],[-59.3738939,-3.0716152],[-59.4051414,-3.054340400000016],[-59.4313407,-3.0484995],[-59.4553311,-3.029749099999942],[-59.4855025,-2.993823100000035],[-59.5004803,-2.988301],[-59.5003077,-2.971895800000033],[-59.4984956,-2.980911399999987],[-59.4863823,-2.964209600000024],[-59.4298682,-2.9264219],[-59.4093808,-2.888566899999945],[-59.405839,-2.874220399999944],[-59.3985516,-2.876571699999952],[-59.374672,-2.867508299999971],[-59.3680652,-2.87338870000002],[-59.3710325,-2.890471500000021],[-59.3675633,-2.894357399999985],[-59.360892,-2.888152299999978],[-59.3528003,-2.844643300000043],[-59.3560705,-2.822855],[-59.3072821,-2.7621596],[-59.2907504,-2.749260699999984],[-59.2663654,-2.742449],[-59.2620862,-2.744478900000064],[-59.26821730000001,-2.738472],[-59.2656913,-2.726702799999951],[-59.2314856,-2.703429099999967],[-59.2282413,-2.649423699999964],[-59.21043980000001,-2.633127400000037],[-59.189187,-2.597666599999945],[-59.2008833,-2.5643103],[-59.1884895,-2.5500583],[-59.1663802,-2.539339199999981],[-59.1558889,-2.517456300000037],[-59.13103610000001,-2.520388200000058],[-59.1232987,-2.535748399999955],[-59.0967015,-2.55610850000003],[-59.0891266,-2.56974320000004],[-59.0824366,-2.575242299999934],[-59.0644414,-2.5775462],[-59.0512665,-2.586993499999965],[-59.0483749,-2.62380549999994],[-59.0310227,-2.631180700000024],[-59.0267079,-2.638541200000062],[-59.0334893,-2.665378500000064],[-59.0235998,-2.690276],[-59.0268749,-2.697226299999956],[-59.011545,-2.702669799999974],[-58.9967111,-2.692864099999952],[-58.9875141,-2.693793699999944],[-58.9839001,-2.700718700000027],[-58.9844004,-2.7108801],[-58.98968210000001,-2.718100899999963],[-58.99014970000001,-2.72681270000002],[-58.9838459,-2.731299399999932],[-58.9899323,-2.746184500000023],[-58.9889346,-2.774083199999936],[-58.9644562,-2.779411799999964],[-58.960065,-2.772420799999955],[-58.9644018,-2.766167],[-58.9384325,-2.75636449999994],[-58.915595,-2.764864799999986],[-58.9049824,-2.7779126],[-58.9153463,-2.800477200000013],[-58.901671,-2.81017570000005],[-58.9001432,-2.819255699999949],[-58.8928723,-2.824602599999988],[-58.87617250000001,-2.8553141],[-58.8610119,-2.856448899999936],[-58.8646993,-2.872970199999971],[-58.8776444,-2.892604399999954],[-58.8706966,-2.908476300000017],[-58.8643382,-2.913080399999977],[-58.816157,-2.934292800000049],[-58.7847485,-2.959790699999975],[-58.7049929,-3.005548099999979],[-58.6842995,-3.01121190000005],[-58.6709444,-3.022675899999944],[-58.6300354,-3.038344900000011],[-58.59611,-3.029128800000036],[-58.5625746,-3.005550300000015],[-58.54620950000001,-3.010795899999979],[-58.5312936,-3.003051299999961],[-58.5041966,-2.998051399999984],[-58.4745076,-2.97696210000003],[-58.4030522,-3.000098800000042],[-58.3997897,-3.00575049999996],[-58.388201,-3.008508499999967],[-58.3878438,-3.017438799999984],[-58.3995573,-3.025818299999986],[-58.4055983,-3.042740600000051],[-58.4126327,-3.04536439999995],[-58.4015006,-3.044957300000041],[-58.4033198,-3.036884200000036],[-58.3951363,-3.033759800000051],[-58.3936893,-3.02612010000005],[-58.3865298,-3.022098900000016],[-58.3778064,-3.034032],[-58.3826222,-3.04540090000005],[-58.3779115,-3.050443900000043],[-58.3793866,-3.0562435],[-58.3723177,-3.061556100000034],[-58.3792144,-3.078412599999982],[-58.3889747,-3.084600499999971],[-58.3849438,-3.091877],[-58.3808558,-3.086975899999948],[-58.3764174,-3.090106400000019],[-58.3807833,-3.104875499999945],[-58.3804501,-3.136672899999981],[-58.3758967,-3.144602699999978],[-58.3176222,-3.1087772],[-58.2453351,-3.082800299999959],[-58.1771352,-3.0352467],[-58.1690449,-3.053589400000012],[-58.1738034,-3.1243416],[-58.1828826,-3.154143400000037],[-58.1929398,-3.169265100000052],[-58.1925546,-3.18793750000005],[-58.0816537,-3.188095300000021],[-58.0658519,-3.21512990000004],[-58.0648169,-3.275755900000042],[-58.0745216,-3.29008],[-58.0704741,-3.306364399999976],[-58.0797395,-3.3162561],[-58.08865990000001,-3.315055600000055],[-58.0916826,-3.325577099999968],[-58.0878256,-3.334886899999972],[-58.0971837,-3.337221200000048],[-58.1081547,-3.3482585],[-58.1168533,-3.34928],[-58.1233241,-3.343251700000022],[-58.1506342,-3.345104599999951],[-58.167797,-3.3538267],[-58.1771078,-3.367749],[-58.17397050000001,-3.4146132],[-58.1796882,-3.438336500000032],[-58.1752407,-3.446385100000039],[-58.1830828,-3.46095390000001],[-58.1813564,-3.4965817],[-58.3703477,-3.500345799999971],[-58.3705354,-3.5101466],[-58.3648373,-3.515323],[-58.3783967,-3.532022200000052],[-58.3856689,-3.55320660000004],[-58.3837569,-3.561881],[-58.3628654,-3.582731699999948],[-58.357618,-3.576857499999967],[-58.3496158,-3.582819099999964],[-58.3563322,-3.58807],[-58.3553058,-3.5996112],[-58.3428882,-3.611073400000052],[-58.36425830000001,-3.6252602],[-58.3720575,-3.637325400000013],[-58.3743768,-3.676303599999986],[-58.3979071,-3.67470929999996],[-58.4039624,-3.692940599999956],[-58.4162946,-3.707332599999988],[-58.4206278,-3.7257736],[-58.4258233,-3.7280977],[-58.4348361,-3.723758699999968],[-58.4464694,-3.705531399999969],[-58.4571412,-3.706753100000016],[-58.4585105,-3.720171],[-58.4687952,-3.7337057],[-58.4645132,-3.752165600000015],[-58.4872255,-3.748227299999948],[-58.509962,-3.7532946],[-58.51519720000001,-3.741599],[-58.5133755,-3.72434070000004],[-58.5204363,-3.709464900000049],[-58.5313851,-3.705548600000027],[-58.5527563,-3.685858700000029],[-58.5612154,-3.67443330000002],[-58.5601389,-3.664132300000036],[-58.5733126,-3.6543324],[-58.5739956,-3.64943359999995],[-58.6105987,-3.638433299999952],[-58.6222797,-3.623930599999989],[-58.6333954,-3.622277800000041],[-58.6464817,-3.628753399999963],[-58.6558154,-3.658278800000046],[-58.6793347,-3.664770400000036],[-58.6845296,-3.6567003],[-58.6934217,-3.657559199999977],[-58.699998,-3.646625599999974],[-58.7063795,-3.611962300000013],[-58.7224936,-3.5973806],[-58.7328719,-3.5974104],[-58.7372441,-3.592437900000041],[-58.7514469,-3.591174],[-58.7752501,-3.602327],[-58.788316,-3.614271500000037],[-58.8718471,-3.6028941],[-58.8998696,-3.618128699999962],[-58.90879910000001,-3.6122791],[-58.91964020000001,-3.6136529],[-58.9215847,-3.5973456],[-58.9084462,-3.586870500000026],[-58.906183,-3.578037899999968],[-58.9171926999999,-3.54758410000002]]]}}]}